"频道名称","粉丝数","简介","邮箱","国家"
"Animal Aid Unlimited, India","7230000","Animal Aid Unlimited is a leading street animal rescue center in India. Our hospital and sanctuary are home to more than 15,000 rescued and recovering animals each year. 

Please share our videos to support street animal rescue! 

Every donation, no matter how small, makes our life-saving rescues possible. Thank you for joining our rescue team.","","India"
"Rocky Kanaka","5630000","Rocky Kanaka Sitting with Dogs highlights some of the best shelter dogs in the world that just need their story told. It doesn't matter if it's a shut down dog, dog that needs to be told they are a good girl or a dog that is growling at Rocky Kanaka he wants to spend time with them to see if he can show them comfort and assure them the situation they are in isn't their fault. 

Rocky Kanaka believes Life's Better with Dogs and has recently started sharing Flip's Farm. The Farm is named after his soul dog Flip Kanaka that helped Rocky foster and rehabilitate rescue dogs in need for over a decade. Flip's Farm is a coffee farm and dog rehabilitation farm that sells Flip Coffee to support the efforts of Rocky's goal of giving dogs a safe space to heal until he finds them their forever home. 


#dogs #dogs #animals","info@madrescueinc.org","United States"
"The Urban Rescue Ranch","3430000","I bought a crackhouse and dump and turned it into a Certified wildlife rehabilitation facility and farm sanctuary for exotic (hunted) livestock in central Texas.","","United States"
"Peepal Farm","2684849","Peepal Farm is a stray animal rescue and an awareness organization, working to help animals heal and heard.
We are located in Village Dhanotu, Distriict Kangra, Himachal Pradesh","","India"
"Howl Of A Dog","1240000","Howl Of A Dog is a nonprofit animal rescue organization - www.HowlOfADog.org.
Our commitment is to rescue abandoned, homeless, neglected and abused dogs (and other animals) from the streets or from local kill-shelters and to find them suitable loving forever homes. At the same time, our efforts aim to build a more compassionate and responsible society, develop education programs for the young generations and support neutering/spaying campaigns in order to reduce dog overpopulation in Romania.

To help us rescue more homeless animals and find them forever homes please visit: http://www.HowlOfADog.org

PayPal: donate@howlofadog.org
Email: contact@howlofadog.org
Website: www.howlofadog.org
Facebook: www.facebook.com/HowlOfADog
Twitter:  twitter.com/HowlOfADog
Instagram: www.instagram.com/howlofadog

Thank you!
Howl Of A Dog Organization - Resita, ROMANIA
Registration Number 33570458","contact@howlofadog.org; donate@howlofadog.org","Romania"
"Paw Squadron","1140000","❤️ We are Paw Squadron and our mission is to rescue change the lives of stray & abandoned animals

❤️ Animal Rescue
❤️ Veterinary Care
❤️ Food & Shelter

❤️ Help us rescue more animals in need
❤️ PayPal https://www.paypal.com/donate/?hosted_button_id=68UVR775K6MVG
❤️ Patreon https://www.patreon.com/pawsquadron
❤️ YouTube Membership https://www.youtube.com/channel/UCxaNGRFsS06rPm5u5VPs_Ug/join
❤️ Super Thanks
-------------------------------------------------------------------------------------
❤️ For Adoptions https://www.pawsquadron.com
-------------------------------------------------------------------------------------
╔═╦╗╔╦╗╔═╦═╦╦╦╦╗╔═╗
║╚╣║║║╚╣╚╣╔╣╔╣║╚╣═╣ 
╠╗║╚╝║║╠╗║╚╣║║║║║═╣
╚═╩══╩═╩═╩═╩╝╚╩═╩═╝
-------------
#PawSquadron #Puppy #Rescue #Dogs #AnimalRescue #Animals","","United States"
"Ali Rescue Pets","1090000","Every animal deserves a chance to live in safety, free from hunger, pain, and neglect. I'm Ali, an animal rescuer and I made it my mission to do everything I can to provide that chance.

Me and my team rescue, shelter, feed, and care for animals that have nowhere else to turn. Many are injured, sick, abandoned, or in urgent need of help. Every rescue is different, but our goal is always the same: to give them the care, protection, and dignity they deserve.

I'm the one who receives the funds which are being spent on the many costs involved in continuing our work, including:

• Animal Care
• Medical Equipment and Treatment
• Rescue Operations and Transports
• Shelter Infrastructure
• Operational Costs
• Volunteer & Staff Support","","Egypt"
"Viktor Larkhill","1030000","We rescue critically injured animals who have run out of options.

I’m Viktor Larkhill, founder of Let’s Adopt International. We specialize in Extreme Rescue: complex cases requiring advanced veterinary medicine, surgery, rehabilitation and long-term care.

On this channel, you will see the entire journey, from rescue and diagnosis to recovery at the Great House and, whenever possible, the extraordinary home waiting at the end.

These are real animals, real medical decisions and real second chances. We document the truth because rescue does not end when the camera stops.

Subscribe and become part of the international community making these rescues possible.

For deeper updates and to help us keep saving lives, join Let’s Adopt on Patreon through the link below.
https://www.patreon.com/LetsAdopt","","United States"
"Dog Rescue Shelter, Serbia","881000","Dog Rescue Shelter established in 2007, is one of few Serbia’s largest non-profit, no-kill animal shelters.  We have placed over 300 dogs and cats, since we opened our doors. We are located in Mladenovac city, just one hour south of Belgrade and easily accessible to all of Serbia. Being open 7 days a week makes the adoption of a pet convenient for the general public and enables us to place all homeless dogs and cats who urgently need help.
Life on the streets is very hard and risky. Some of stray dogs have a luck to live a long life because they have people who take care of them, but some dogs are poisoned or trampled by a car and die.
In our shelter 350 adult dogs, 20 puppies and 20 cats currently residing, rescued from the streets. So many dogs from the streets needed help and safe place in the shelter.
We need YOUR continued dedication and financial support. We are not funded locally or federally, we rely solely on private donations to keep our shelter doors open.","","Serbia"
"Goat Daddys","690000","Goat Daddy's is a Grade A Goat Dairy, 501c3 animal sanctuary, and Airbnb located in central South Carolina. Nubian and Nigerian Dwarf goats make up the herd of nearly 60 goats and their high butterfat and eager browsing habits are what give the cheese its phenomenal taste. In addition to being a farm, Goat Daddy’s has worked with local vets, DNR, and rescues over the years and aided in providing a forever home to a plethora of animal species ranging from avian, camelid, equine, and reptiles.","","United States"
"Love Furry Friends - Rescue Channel","558000","Welcome to our channel! 🐾

We are an animal rescue organization and shelter based in Ukraine.

Our journey began in 2018 with one animal-loving soul. Today, our mission is to rescue stray animals, provide medical care, and help them find loving forever homes.

🏠 About our shelter:
We care for many rescued animals every day. Some of them are waiting for their families, while others, due to age or health conditions, will stay with us for life and receive lifelong care.

💔 As the war in Ukraine began, many animals were left behind.
We continued rescuing those in need, but soon our facility became too small.

🙏 How you can help ⬇️🇺🇦

Please LIKE, SHARE, and SUBSCRIBE if you want to support our mission and see more rescue stories.

Every bit of support helps us continue our work.

To Support Us and Help more RESCUES:
https://www.paypal.me/LoveFurryFriends
Join us on Patreon:
https://www.patreon.com/user?u=69343933
Email:lovefurryfriends1@gmail.com","lovefurryfriends1@gmail.com","United States"
"Cats Of San Bernardino","525761","Cats of San Bernardino was started by Jaina and Ivy Spagis when they moved to San Bernardino in 2016
from Los Angeles. They were shocked that San Bernardino did not offer free spay and neuter
services like LA and realized that the feral situation in their new neighborhood was out of
control. They began trapping and spaying/neutering feral cats at their own expense, but soon
realized the problem was too big to tackle on their own.

They have converted their home into an animal sanctuary, providing space for kittens and their
mommas waiting for adoption, rehabilitation areas for recovering injured cats, play areas for
healthy cats. With the help of foster families in the city of San
Bernardino they have as many as 50 cats in their care at one time.Their dream is to one day
have a large property/facility which will help save thousands of more lives. This new property
would have catios, feral enclosures, a medical room, nursery, rehabilitation area, and adoption
center.","","United States"
"Arthurs Acres Animal Sanctuary","355556","Welcome to Arthur's Acres! Our mission is to rescue animals who have been abused, exploited or discarded, rehabilitate through patience, love, and respect, and to educate humans on cruelty-free life from daily choices. We also celebrate the individuality, personality and soul of each animal at our sanctuary. Meet some of our friends and follow their stories on our videos and lives!","ArthursAcresAnimalSanctuary@gmail.com","United States"
"Robert Cabral","350000","DOG LOVERS...  This is the page for you!

Whether you are a casual dog lover, a seasoned trainer or somewhere in between, my YouTube channel has something for you! This is the best place to find my newest dog training videos, podcasts and more.    

I’ve worked with, trained and evaluated 1000's of dogs.  I have titled and trained obedience & protection dogs as well as pet dogs through my private dog training practice.

Through Bound Angels I instruct animal shelters, SPCA's and humane societies nationwide on canine behavior theory, behavior assessment, dog playgroups and more.   This instruction and knowledge of canine behavior and my rehabilitation techniques have saved countless thousands of dogs from shelters nationwide often giving them their only chance at adoption. 

I want you to have a happy and balanced relationship with your dog.   Let me help you!

My videos are  for all dogs, breeds;  puppies and adults.  

New content constantly added!","info@robertcabral.com","United States"
"Aria_cats_rescue","339000","🐾Aria Cats Rescue! 🐾

🐾 Welcome to our rescue family ❤️

We’re a small team of friends dedicated to rescuing, treating, and giving vulnerable cats a second chance at life. Every rescue has a story, and we do everything we can to help those who have been abandoned, injured, sick, or forgotten.

We rely on donations. Your support helps provide food, medical care, and hope. 🐱❤️

🙏 Help us save more lives and cover our growing veterinary debts. Every donation means another chance.
👇Click link below to donate 🙏🐾","","United States"
"DAR Animal Rescue","338000","Hello, I am Ermioni, and I am from Karditsa, Greece. I rescue animals that are found abandoned, abused, mistreated and starving, and I am trying to offer them a better life. All rescue animals receive the necessary medical care, they are vaccinated, neutered and spayed, and promoted for adoption. The more animals are adopted out, the more I can rescue. 

For adoptions please email me at: ermionirescue@gmail.com","ermionirescue@gmail.com","Greece"
"Dublin Shelter","322000","Hello,

We are a group of animal rescue volunteers who have main jobs but love to spend an extra time trying to do something good. Our goals to share rescue abandoned, homeless, neglected, stray dogs (and other animals) from the streets or from local terrible shelters... treatment and give for them our warm care and love and finally find for them a forever home.

Our headquarter is in Blanchardstown, Dublin but our network/volunteers are around the world. We don't receive donation via our headquarter, but donation please send directly into our volunteers/partners which we always put link and information in the video description.

If you love dogs/animals or have any case need our help. Please contact us at the email below: dublinworkinghard@gmail.com

Thank you so much!","dublinworkinghard@gmail.com","Ireland"
"Pet Adoption Center","316000","We're from Viet Nam!
We are some of the younger members who love animals and pets. 
The place where I live, human life is still difficult, dog meat is considered a popular food, animals are often not paid attention. 
The animals were starved and abandoned.
It is our daily job to find and help them. By getting in touch on social media or by anyone calling us, we will be there.
Everyone, let's love and protect animals, let's live together in peace.
We love you. God will protect us.
Join the group by subscribing to our channel,  and enjoy new videos posted!
Thank you for watching my video.

We are the official, international channel for Asian Pet Rescue Team.
Contact : 
                          - Email: Pet Adoption Center ( adoptapet.asia@gmail.com )
                          - Phone: +84 908 3914 17
                          - DONATE Paypal: https://www.paypal.me/AdoptAPetCenter","adoptapet.asia@gmail.com","United States"
"Animal Shelter","196000","Hello,

Welcome to Animal Shelter channel. 

We are an amateur volunteer team with each individual who rescues animals but does not specialize in uploading videos into YouTube. Then we unite together, share our videos here in order to help rescued videos get discovered and go viral.

Contact us here: info.taiwananimalshelter@gmail.com

-------------------------------------------------------------------------------------
►Subscribe Now! Click Here: https://goo.gl/oqwXTi
►Thanks For Watching! Like, Share & Comment
 -------------------------------------------------------------------------------------
© Copyright by Animal Shelter ☞ Do not Re-up
#AnimalShelter, #PuppyRescue, #RescueDogs","info.taiwananimalshelter@gmail.com","Taiwan"
"Enoch Wildlife Rescue","195000","Enoch Wildlife Rescue

The Southwest Wildlife Foundation of Utah DBA Enoch Wildlife Rescue & Gowildlife, was founded in 1997 in Cedar City Utah, we are a 501c3 non-profit organization dedicated to wildlife rescue, rehabilitation and education.

Enoch Wildlife Rescue provides approximately 100 educational outreach programs, reaching over 30,000 people annually, and is based in the Cedar City area.

Enoch Wildlife Rescue cares for approximately 100 sick, injured and orphaned native wildlife each year. Restoring these animals to health and returning them to the wild is our primary goal.","","United States"
"International Animal Rescue IAR","185000","At International Animal Rescue we not only save animals from suffering, we also rehabilitate and release them back into the wild and work to protect their precious natural habitats. Our work includes cutting free and caring for captive bears in India and Armenia, rescuing and rehabilitating orangutans and other primates in Indonesia and treating injured and orphaned howler monkeys in Costa Rica. Our aim is to return animals to their natural environment wherever possible, but we also provide a permanent home for those that can no longer fend for themselves.","","United Kingdom"
"Agelina Animal Rescue And Sanctuary 🐾","111000","Hello brothers and sisters, I'm Agelina Animals RescueAnd Sanctuary.
We are in a very difficult situation. Right now, we are caring for 99 dogs and 36 cats, and we continue rescuing animals from the streets whenever we can. Some of them are sick, and all of them depend on us for food, clean water, medical treatment, and love.
The expenses have become overwhelming. Rent, daily food, and constant vet bills are more than I can manage alone, and I am struggling to keep up.
That is why I am reaching out for help. We are trying to raise $21,000 to give these dogs and cats a chance at life—to keep them fed, treated, and safe.
If you can spare even a small donation, it would mean so much. If you are unable to donate, please consider sharing our GoFundMe with your friends and family. Every share helps.
Together, we can make a difference and give these innocent lives a second chance 🐾","",""
"Dog Haven","104000","Welcome to dog haven, your go-to source for heartwarming and inspiring dog rescue stories! 🐾 Here, we’re dedicated to rescuing abandoned, abused, and neglected dogs, giving them a second chance at life and showing the world the incredible bond between humans and dogs.

Our channel features real-life rescues, rehabilitation journeys, adoption success stories, and tips for dog lovers on how to make a difference in the lives of animals. Whether you're an animal advocate or simply a dog lover, you'll find touching stories, educational content, and behind-the-scenes footage of the incredible transformations of these beautiful animals.

Join us on our mission to spread compassion, save lives, and raise awareness about animal welfare. Every like, share, and subscription helps us continue our work in giving these lovable dogs the happy, safe homes they deserve!

Together, we can make the world a better place for our furry friends.","","United States"
"Galgos del Sol Animal Rescue","98300","www.galgosdelsol.org 
Follow us on Facebook https://www.facebook.com/pages/Galgos-del-Sol/175718192447988?fref=ts

Galgos del Sol was founded by Tina Solera & is a registered charity (G30856736) based in Murcia, Spain. 

Recently we have been accepted as a registered USA 501c charity & a UK non profit!

We rescue and rehabilitate abandoned and injured Galgos for placement in forever homes in the UK, Europe, and US. Bred solely for hunting, thousands of Galgos are abandoned or killed annually at the end of each short hunting season. 

Galgos are not typically considered as pets in Spain and their lives end in less than humane ways either in perreras (kill stations) or abandoned to a life of persecution on the streets. 

GDS is passionately committed to the welfare of galgos and works tirelessly to educate the public about their plight & are currently raising funds to build an education & rescue centre. You can find out more about the Centre on our webpage www.galgosdelsol.org","",""
"Scotty's Animals","93600","Scotty's Animals channel is about animal rescue. I am an animal rescue volunteer in Los Angeles. I volunteer at the Los Angeles Guinea Pig Rescue.  My channel aims to help people care for animals. https://www.scottysanimals.com I have been volunteering with different animal rescues in California for a number of years now. Rescues like: The Feral Cat Foundation, Reptile and Amphibian Rescue Network, Wee Companions, Orange County Cavy Haven, Rabbit Rescue Inc, Los Angeles Guinea Pig Rescue, and others.  Caring for animals requires adult supervision. This information is intended for adults. Only adults can make the decision about adopting animals, and taking home new pets.","","United States"
"A Safefurr Place Animal Rescue","92400","A Safefurr Place is a non-profit animal rescue organization in Bakersfield California that also serves the surrounding areas of Kern County.

Our animal rescue channel features the stories of the abandoned, homeless, and neglected dogs and cats we have saved from the streets and rural areas of Kern County. There is nothing more rewarding than seeing these discarded pets transform back into the healthy and happy dogs and cats they once were, and helping them find the loving, forever homes they deserve.

PayPal donations  - http://www.paypal.com (Our account is @asafefurrplace)
Venmo donations - http://www.venmo.com (Our account is @ASP-Rescue)
Cash App donations - https://cash.app/$asafefurrplace","","United States"
"GOOD LUCK ANIMAL SHELTER 🐾","87100","Hello brothers and sisters, I'm Patricia FROM GOOD LUCK Animal shelter And Sanctuary.

We are in a very difficult situation. Right now, we are caring for 25 dogs and 20 cats, and we continue rescuing animals from the streets whenever we can.

Some of them are sick, and all of them depend on us for food, clean water, medical treatment, and love.

The expenses have become overwhelming. Rent, daily food, and constant vet bills are more than I can manage alone, and I am struggling to keep up. That is why I am reaching out for help. We are trying to raise  ( $25,000 ) to give these dogs and cats a chance at life-to keep them fed, treated, and safe.

If you can spare even a small donation, it would mean so much. If you are unable to donate, please consider sharing our GoFundMe with your friends and family. Every share helps.

Together, we can make a difference and give these innocent lives a second chance🙏

CONTACT ME VIA EMAIL 👇👇👇

👉📧 promotelove300@gmail.com","promotelove300@gmail.com","United States"
"Hertfordshire Zoo","76200","Hertfordshire Zoo (www.hertfordshirezoo.com) is a registered conservation and education charity that supports projects around the world. We have a very knowledgeable and passionate team to care for our animals and raise funds to support wildlife conservation projects both in the UK and around the globe. Our sister site is The Big Cat Sanctuary based in Smarden, Kent.","info@hertfordshirezoo.com","United Kingdom"
"Life With Pigs Farm Animal Sanctuary","73100","Live at 9pm ET nightly.  Life with Pigs Farm Animal Sanctuary provides forever homes to farm animals in need and compassion-filled educational experiences to the public.  We are home to pigs, cows, turkeys, chickens, sheep, a rabbit, a parrot, and three dogs. 

Life with Pigs is dedicated to educating people about the injustices faced by animals and how we can better coexist with our fellow earthlings. We operate under the guiding principle that animals are our equals and deserve equal consideration for their needs and desires.

Please subscribe to our channel for regular videos!","","United States"
"Reagan Animals care","71700","Help us Feed, Shelter and Heal Rescued Dogs.Hello friends, my name is MATOVU REAGAN and I run (Reagan Animals Care) at Kassanda Bukuya.

Our mission is simple but urgent: to rescue, feed, shelter and rehabilitate abandoned, abused and starving animals giving them a second chance of life.

Many rescued dogs are found emaciated,sick or injured left to survive on their own. We provide them with food, medical care,safe shelter, and love they have been at denied for too long.

BUT WE ARE FACING SERIOUS CHALLENGES;

1): Daily food costs for our animals.Feeding one dog

costs about $. Every day is a struggle.

2): Medical expenses for vaccinations, deworming, emergency treatment and spraying external parasites (ticks and fleas).

The Truth is, without your help, we can not continue to give these innocent souls the care they desperately need.","","Uganda"
"Sadies Dog Rescue","71400","Sadies Dog Rescue is a European non-profit organisation, registered in UK and run solely by volunteers & via donations.
We seek to change the fortunes of animals in and around Bacau, Romania through Rescue, Rehabilitation, Sterilisation and Education.","","United States"
"Jacobs Ridge Animal Sanctuary","70000","Jacobs Ridge is a private animal sanctuary in Murcia, Spain offering a forever home to 140+ animals. This includes: horses, pigs, donkeys, goats, sheep, cats and dogs, many of which have been neglected, abused or abandoned. 
We offer all-inclusive volunteer experience breaks, making us not just a sanctuary for animals, but a sanctuary for people too. 

Our mission is to be completely self-sustainable and not rely on hand-outs or donations. However, the pandemic had a massive impact on our funding model and so we have had to turn to other fundraising methods.

We promote a vegan lifestyle because we believe that every being has a right to life and a Life Without Fear.

Donate to our current fundraiser: https://www.gofundme.com/f/jacobs-ridge-infirmary
.","","United Kingdom"
"The Moons Farm","63300","Welcome to Legacy of Legends, our real-life animal rescue and sanctuary based at The Magical Moon Farm in rural France 🌿

Here, once-forgotten horses, donkeys, and other animals find safety, kindness, and a second chance at life. We care for retired elite sport horses, elderly equines, and endangered Poitou donkeys — giving them the dignity, comfort, and love they deserve.

Every video shares a true story: from the rescue of an elderly horse to the first steps of a tiny newborn donkey. We believe every life matters, and every legend deserves a beautiful ending 🌙💫

Join our worldwide family of animal lovers, follow the daily lives of our rescued souls, and be part of something magical — a place where hope and compassion truly live.

🩶 Subscribe to follow their journeys and help us continue our mission of rescue, rehabilitation, and love.","","France"
"ACC NYC","60400","Welcome to the official Animal Care Centers of NYC (ACC) YouTube channel!  Individuals from all over New York City come to Animal Care Centers every day of the week for reasons as diverse as surrendering pets, reclaiming lost cats and dogs, and adopting new furry family members. We strive to find loving homes for homeless and abandoned cats, dogs, and rabbits, both by adopting animals directly to the public and by partnering with more than 300 dedicated animal placement organizations (our New Hope partners). Our field services division responds to calls from the public to help keep NYC communities safe and rescue animals in need, and we have facilities in all five boroughs.","info@nycacc.org; adopt@nycacc.org; CommunityCats@nycacc.org; donate@nycacc.org; foil@nycacc.org; foster@nycacc.org; hr@nycacc.org; media@nycacc.org; volunteerinfo@nycacc.org","United States"
"Best Friends Animal Society","57700","Best Friends Animal Society is a leading animal welfare organization dedicated to saving the lives of dogs and cats in America's shelters and making the entire country no-kill. Founded in 1984, Best Friends runs lifesaving facilities and programs nationwide in partnership with more than 6,000 shelters and rescue organizations. From our headquarters in Kanab, Utah, we also operate the nation's largest no-kill animal sanctuary — a destination that brings our mission to life for thousands of visitors each year. We maintain the most comprehensive animal sheltering data in the country and make it accessible to the public — empowering communities with critical insights into the needs of their local shelters and how they can help. We believe every dog and cat deserves a home. And we believe that, by working together, we can Save Them All®.
Sub goals
57,000 ✅ we appreciate you, tysm! 🧡
75,000 🙏 let's do this! 💪
📣100K 🐐 GOALS","informacion@bestfriends.org","United States"
"Rescue Cat Sanctuary","56800","We’re a small sanctuary based in Lahore, Pakistan, dedicated to rescuing and caring for cats, dogs, kittens, and puppies.
Watch, support, and be part of their journey.","","Pakistan"
"Flip Flops Animal Sanctuary","56400","Flip Flops Animal Sanctuary is a vegan operated 501 (c)3 certified nonprofit organization. We specialize in helping neglected or abused farm animals live their best life on sanctuary. We currently care for approximately 70 rescued animals on our small sanctuary in Southern Maryland.","","United States"
"FOFRescueCenter","54200","Friends of Felines Rescue Center - FFRC is a cage-free, no-kill rescue center for cats located in Defiance, OH. FFRC is run by Megan Fischer and numerous volunteers.","","United States"
"Farm Sanctuary","37600","Farm Sanctuary was founded in 1986 to combat the abuses of factory farming and to encourage a new awareness and understanding about ""farm animals."" At Farm Sanctuary, these animals are our friends, not our food.

Over the years, we have rescued thousands of animals, and educated millions of people about their plight. People are shocked to learn about the intolerable conditions that are commonplace on today's industrialized farms.

Our rescue and education work continues, as we advocate for laws and policies to prevent suffering and promote compassion. We are reaching out to legislators and businesses, and working to bring about institutional reforms.

Please visit www.farmsanctuary.org for more information.","info@farmsanctuary.org; mturner-smith@farmsanctuary.org; shelter@farmsanctuary.org; volunteer@farmsanctuary.org","United States"
"Kabugo Animal Shelter Zigoti","35900","Welcome to Kabugo Sadick's Animal Rescue Channel!

Hi, I’m Kabugo Sadick from Uganda, and I’m passionate about rescuing and caring for dogs and cats in need. Through this channel, I share the inspiring stories of the animals we save and the efforts we make to provide them with love, care, and a second chance at life.

Your support means the world to us! Please subscribe, like, comment, and share our videos to help spread the word. Together, we can make a difference for these amazing animals.

Want to go a step further? Support our shelter by donating or sharing our mission. Every little bit helps!

Thank you for being part of this journey to rescue and protect our furry friends. 

MOBILE WALLET TRANSFER 
Names: Kabugo Sadick
City: Kampala
Country: Uganda 
Receive method: Mobile Money
Mobile money partner: MTN
Phone no: +256790242736

#AnimalRescue #SupportShelterAnimals #rescuedogs #shelterdogs","","Uganda"
"Tenerife Animal Sanctuary","35800","Tenerife Animal Sanctuary - sustainable centre for rescued animals in Tenerife, Canary Island, Spain. 

Previously known as Tenerife Horse Rescue

Registered charity (NGO) created by a couple with a dream to help animals in need. Self funded and run by a big community of volunteers.

Rescuing animals and giving them a voice. Horses, cats, dogs, goats, chickens, tortoises, turkeys, ducks, guinea pigs, pigs and more ... All living happily in our little hand built finca. Created around the basis of recycle, reuse and reduce. 

We invite you to join our sustainable and animal full journey and witness honest and raw videos with so much emotion, chaos, animals, knowledge and honesty.

Subscribe and follow us to help save the lives of hundreds of animals in need. By watching our videos you are helping us fund the sanctuary. 

Join the finca family for the ride!

You can also donate via paypal: donations@tenerifehorserescue or visit our website to help futher www.tenerifeanimalsanctuary.org","","Spain"
"RH Farm Rescue and Stables","34400","Follow along as we save equines in need! We show the journeys of horses rescued from unfavorable circumstances, the retraining process and how we rehabilitate the mind and body. 

RH Farm Rescue is a registered 501 (c)(3) Nonprofit charity dedicated to the rescue, care and rehabilitation of abused, neglected and at-risk horses. We accept surrenders, pull from auction and other avenues of rescue. We work very hard to find them a forever home, and a better future. 

We are always in need of financial help, we care for these horses as long as they need us and our donors support this vital mission. With your donation we can save more horses from slaughter, rehabilitate neglected ponies and help equines in need find the love they deserve. 

To Donate: https://donorbox.org/rhfarmrescue
https://rh-farm.com/donations","",""
"Happy Paws Adoption","33600","Happy Paws Adoption is a channel dedicated to the love, rescue, and happiness of dogs around the world. 🐶❤️

Here you’ll find heartwarming dog rescue stories, adorable puppy moments, funny dog videos, and inspiring adoption journeys that show how amazing our four-legged friends truly are.

Our mission is simple — to spread kindness, encourage dog adoption, and share the joy that dogs bring into our lives. Every rescued dog deserves a second chance, a safe home, and a loving family.

From emotional rescue stories to hilarious dog moments that will make you smile, Happy Paws Adoption celebrates the beautiful bond between humans and dogs.

Whether you love cute puppies, rescue transformations, or funny dog behavior — this channel is for every dog lover.

🎬 Videos on this channel may include storytelling and AI-assisted visuals created for awareness, inspiration, and entertainment.

💛 If you love dogs, rescue stories, and heartwarming animal moments — subscribe and join our community!","","United States"
"Turpentine Creek Wildlife Refuge","29600","Turpentine Creek Wildlife Refuge is striving to see the end of the big cat and bear trade, within our lifetime. Allowing these magnificent animals to enjoy life without fear, abuse, abandonment, or neglect; letting them be the wild animals they were truly meant to be. Through education, advocacy, and quality care for our current rescues, we are making strides in changing the mindset of a nation. As a 501(c)3 nonprofit organization, our mission is to provide lifetime refuge for abused and neglected “Big Cats” with emphasis on tigers, lions, leopards, and cougars. We have created a place that these animals can finally get the care and piece of freedom that they deserve. With your help, we will be able to expand our public educational outreach, education programming, and continue to rescue animals in need.","marketing@tcwr.org","United States"
"The Animal Rescue Center Of California","29600","THE ANIMAL RESCUE CENTER OF CALIFORNIA is a non-profit 501c3 dedicated to rescuing stray and unwanted animals and ensuring they find loving forever homes.","",""
"Zamora Animal Rescue","29300","🐾 600+ Dogs Rescued | Saving Dogs from High-Kill Shelters Every Day. DONATE 👇👇 to Give a Dog a Second Chance ❤️

We are a foster-based, volunteer-run rescue helping abandoned, neglected, and abused dogs.

❤️ Help save lives:
• Adopt
• Foster
• Donate
• Subscribe & share

Every donation matters:
🐶 $5 – Feeds a hungry dog
💉 $10 – Antibiotics & wound care
🚐 $25 – Transport & parasite treatment
🏥 $50 – Emergency vet care
❤️ $100 – Ongoing medical care
🩸 $200 – Advanced treatment
🚑 $300 – Hospitalization
🦴 $400 – Emergency surgery
🐾 $500 – Can completely save a life

We have no corporate sponsors—every rescue depends on your support.

🙏 Thank you for standing with us and giving these dogs the future they deserve.

📍 8464 Beach Blvd, Jacksonville, FL 32216, USA
📧 Donations & Partnerships:
zamoraanimalrescue@gmail.com

📧 General Inquiries:
rescueanimalcare@gmail.com","rescueanimalcare@gmail.com; zamoraanimalrescue@gmail.com","United States"
"Dog Rescue","24500","Welcome to Dog Rescue Channel!

We will upload stories of rescued animals and we hope all videos will be inspirational stories, we always try to help animals from wild, homeless, abandoned, abused or from difficult situations to give them a better life and love.

God bless all rescuers and all those who always save animals from any situation.","","Vietnam"
"ManyPaws Animal Rescue","22500","We are a foster based rescue Located in UT. You can find more info at: manypaws.org
Amazon wishlist for our foster animals:
https://www.amazon.com/hz/wishlist/ls/3B5TV7BBKZKFV?ref_=wl_share","",""
"Easy Horse Care Rescue Centre","22300","Our mission is to rescue and rehabilitate abused, neglected and abandoned horses, ponies and donkeys, while campaigning for the better treatment of animals across Spain. We are a no-kill foundation and provide each rescued animal with a safe and loving sanctuary – either here at our centre or via rehoming – for the rest of their lives.","","Spain"
"P’Nuts Freedom Farm Animal Sanctuary INC","20400","P'nuts Freedom Farm Animal Sanctuary is a place where hope, healing, and second chances flourish. We rescue animals from situations of neglect, abuse, and abandonment, offering them a safe, loving environment to recover and rebuild their lives. Our dedicated team provides personalized care to help each animal heal physically and emotionally, giving them the opportunity to trust again. Beyond rescue, we are passionate about raising awareness and advocating for a world where all animals are treated with kindness and compassion.

At P’nuts Freedom Farm, every animal’s story is worth telling, and every second chance is a chance to thrive","",""
"OPH Rescue","19300","Operation Paws for Homes is a 501(c)3 nonprofit organization devoted to the rescue, rehabilitation and placement of dogs and cats who have overcome great odds and deserve wonderful, caring forever homes. These dogs and cats are rescued from overcrowded shelters in the southern region of the United States, primarily shelters in South and North Carolina, as well as Virginia. We partner with local shelters as needed. We also rescue a few international dogs partnering with shelters and rescues in India who rescue dogs from dangerous and deplorable conditions. Our organization is volunteer-powered by a dedicated group of animal lovers who have seen the horrors and sad fate of animals who find themselves abandoned and left to fend for themselves in the world.","","United States"
"Arctic Fox Daily Wildlife Rescue, Inc.","17400","I'm Kim, President and Founder of Arctic Fox Daily. At our unique, home-based sanctuary, we provide a forever home to unwanted, neglected, abandoned, or confiscated captive-bred and non-releasable wildlife, specializing in foxes and wolfdogs.

I also volunteer my time raising orphaned and/or injured New York-native wildlife, with the ultimate goal being release back into nature - where they belong.

I rescued wildlife as a licensed individual for over a decade, and then officially founded Arctic Fox Daily Wildlife Rescue, Inc. in 2020, a 501(c)(3) nonprofit organization. We rely fully on contributions from our amazing supporters. The more support we receive, the more animals we can help. Follow @arcticfoxdaily on our other platforms, and visit www.arcticfoxdaily.org to learn more or to see the different ways you can show support.

I'm making my childhood dreams of rescue come true, while raising two babies of my own, Ella and Clay. Thanks for tagging along on our rescue journey!","","United States"
"New Life Animal Rescue","16200","🐾 New Life Animal Rescue 🐾

Every animal deserves love, care, and a safe forever home. ❤️

At New Life Animal Rescue, our mission is to rescue abandoned, injured, and homeless animals, provide them with medical care and rehabilitation, and help them find loving families through adoption.

✨ Rescue • Care • Rehome • Repeat

Join us in giving every rescued animal a second chance at life.

📩 Contact us for adoption, fostering, volunteering, or donations.

Adopt, Don't Shop. 🐶🐱❤️","",""
"Mutual Rescue","16200","Official Mutual Rescue™ YouTube Channel 🎥 Creators of Eric & Peety 🧡 We are a global nonprofit initiative dedicated to saving lives and telling stores about the human-animal bond.

Read about our mission and how we work with animal shelters in the links below👇","","United States"
"Payton Christian","13700","We share updates about horse rescue and rehabilitation work supported by voluntary contributions from individual supporters. Funds received are used exclusively for operational rescue expenses and animal care.","","United States"
"Jutta Shelter","13500","Jutta Shelter is a non-profit animal shelter in Ierapetra Crete. We rescue and take care of stray animals. We  give these animals a better future by offering them for adoption. The backbone of our ethics is to defend animal's rights and their freedom. We are also against unnecessary euthanasia of healthy animals. We receive NO government funding and rely entirely on donations.","","Greece"
"The Wild Animal Sanctuary","13100","Established in 1980, The Wild Animal Sanctuary is a state and federally licensed zoological facility and a 501(c)(3) nonprofit organization. We currently operate three accredited facilities within the United States and travel the world to rescue captive exotic and endangered large carnivores that have been abused, abandoned, exploited or illegally kept. Once the rescued animals arrive at our state of the art facility, they are rehabilitated and provided with veterinary care. Thereafter, we provide our rescued animals with a forever home and place them in large natural habitats. We operate two facilities within Colorado, and one in Texas, totaling more than 40,000-acres, and currently care for more than 950 Lions, Tigers, Bears, Wolves and other rescued animals! We are the largest and oldest network of sanctuary facilities in the World.","information@wildanimalsanctuary.org","United States"
"Foster Tales","12900","If you love dogs and want to support animal rescue, then welcome to our YouTube home. We are Foster Tales Rescue, a 501c3 nonprofit dog rescue in Bakersfield California. We save dogs from over-crowded animal shelters where they are at risk of euthanasia. Follow our True Rescue Stories series to get the whole story from a shelter dog's freedom moment, to their veterinary care if needed and then life with their foster family and hopefully their adoption to their forever home. Our stories are original, when you support this channel you are supporting true animal lovers who are working to save dogs every day. We actually place homeless dogs in their forever homes! Join us for every episode True Rescue Stories for heartwarming tales about these beautiful and resiliant dogs. Your views, likes, and shares help us save more dogs and keep us making new episodes.","","United States"
"Gouves Animal Shelter","11600","Gouves Animal Shelter provides care for injured strays and abandoned pets. We are located in Gouves, Crete and take care of 200 dogs and 200 cats every day.","gouvesshelter@gmail.com","Greece"
"Rescue Cats and Stuff","10700","Mainly cat rescue and care with other interesting stuff, too.

We are a cat rescue and sanctuary affiliated with a local charity and work in conjunction with other local and regional cat rescues and charities to re-habilitate and re-home local strays, surrenders and rescues.
Although many of our cats find forever homes, we have a few holdouts, a few strays that periodically return and new cats arriving frequently.
We also have friendly dogs who join the cats in just about everything.
They all form the channel's recurring cast and special guests found throughout our videos.

We're not the fanciest rescue channel but we're sincere, authentic and committed to providing for whoever is in need.
Join and watch as we help the cats (and a few dogs 😉) of Cyprus live the healthy, well-fed, well-loved lives they deserve.","","Cyprus"
"Ziggy's Refuge Farm Sanctuary","9830","Welcome to Ziggy’s Refuge, where love knows no limits! We are a 501c3 farm animal sanctuary dedicated to rescuing the most neglected, abused, and disabled farm animals, giving them the second chance they deserve. From heartwarming transformations to everyday moments of joy, our channel takes you inside the lives of these incredible animals as they heal, thrive, and experience unconditional love.

We have 87 permanent residents, 30 of them living with special needs. Here, we believe that just because an animal is disabled or deemed “unwanted” doesn’t mean they don’t deserve to live a happy, fulfilling life. Every day, we prove that with compassion and dedication, even the most vulnerable souls can flourish.

Subscribe to follow our journey, meet our amazing residents, and be part of a movement that values every life. Together, we can change the world—one rescue at a time! ❤️","info@ziggysrefuge.org; kristin.hartness@gmail.com","United States"
"Dumaguete Animal Sanctuary Inc.","8260","Welcome to Dumaguete Animal Sanctuary (DAS), a nonprofit no-kill animal shelter in the Philippines.

We rescue, rehabilitate, and care for animals in vulnerable situations while working toward long-term solutions to animal welfare. Alongside caring for hundreds of rescued animals, we run an ongoing sterilisation, vaccination, and microchipping programme for both owned and stray dogs and cats, helping reduce suffering at its source.

Alongside our community programmes, we care for hundreds of rescued animals and are building a new 2.8-hectare sanctuary that will provide veterinary services, rehabilitation facilities, and lifelong care for animals with nowhere else to go.

On this channel you’ll find new content daily:
🐾 Rescue stories
🐾 Weekly updates
🐾 Meet our dogs
🐾 Shelter life
🐾 Adoption journeys
🐾 Behind-the-scenes animal welfare work in the Philippines

Subscribe to follow the stories of the animals, staff, and volunteers creating a better future for animals in the Philippines.","","Philippines"
"Fox Run Environmental Education Center","8140","Organic Gardening, Wildlife Conservation, and Environmental Education. 
I am Ame Vanorio, master gardener, wildlife rehabilitator, author, licensed science teacher, & environmental educator.
1. I help beginner gardeners go from growing a few vegetables to having a productive garden to provide nutritious organic food for their family/friends. I share things that have worked (and some that didn't) for me. 

2. I help wildlife lovers and rehabilitators learn more about wildlife rescue, building backyard wildlife habitat, and humane ways to protect your garden. 

3. I teach ways to connect with nature, explore wild areas, and support local eco-systems. Teacher support & lesson plans. 

We are a Safe Community. Rudeness/Trolls not tolerated. Proudly science-backed and science-positive.
Fox Run EEC is a 501c3 non-profit. A portion of the proceeds from our books, YouTube content, and affiliates is put back into our programs and used to purchase supplies for licensed wildlife rehabilitators.","","United States"
"Noah's Ark Animal Sanctuary","7760","Noah's Ark Animal Sanctuary is a 501(c)3 Non-Profit Organization. Open Tuesday through Sunday. Home to several hundred animals including different species.","email@example.com; noah@noahs-ark.org","United States"
"Gentle Giants Draft Horse Rescue","7360","Gentle Giants Draft Horse Rescue is a 501c(3) Equine Welfare Organization committed to saving draft and draft cross horses from slaughter, abuse, and neglect. We’ve rescued over 2,000 horses since we were founded in 2005. 

For those less likely to be adopted, we offer lifetime sanctuary at our 300+ acre facility in Maryland. We house over 200 horses at a time and bring over 350 horses to safety each year. Gentle Giants continues to be one of the loudest national voices fighting to permanently end the slaughter of U.S. horses for human consumption. 

We are located in Mount Airy, Maryland, USA and are open for tours by appointment. Please email tours@gentlegiants.org to visit the farm and meet your favorite gentle giant(s)!","tours@gentlegiants.org","United States"
"Kent County Animal Rescue","7220","Welcome to our Animal Rescue channel ❤️🐾 — where every life matters and every rescue has a story. We are dedicated to saving abandoned dogs, stray cats, injured wildlife, and neglected pets, giving them a second chance at love and a forever home. From emotional rescue missions and inspiring before-and-after transformations to adoption success stories, our videos show the true meaning of compassion.

Whether it’s pulling a scared puppy from the streets, helping a kitten find a new family, or rehabilitating wildlife back into nature, we share every step of the journey. Our mission is simple: rescue, heal, and inspire.

Join our growing community of animal lovers, foster families, and rescue supporters who believe that kindness can change the world — one paw at a time. 🐶🐱🦉🐴🐾

👉 Subscribe and be part of the rescue family. Together, we can give hope, save lives, and spread unconditional love

animal rescue, dog rescue, cat rescue, wildlife rescue, rescue animals, adopt don’t shop,","","Canada"
"Woodstock Farm Sanctuary","6910","🐮501(c)(3) Nonprofit Animal Sanctuary
📍High Falls, NY
✌️#whywoodstock
💕 donations are tax deductible 
🐷Public Education tours and events at Woodstock sanctuary.org/visit","AnimalHelp@woodstocksanctuary.org; info@woodstocksanctuary.org; interns@woodstocksanctuary.org; visit@woodstocksanctuary.org; volunteer@woodstocksanctuary.org; Donations@woodstocksanctuary.org","United States"
"KSTR Wildlife Rescue","6660","Kids Saving the Rainforest (KSTR) is a 501 (c)(3) non-profit organization founded in 1999 in Manuel Antonio, Costa Rica dedicated to the preservation of rainforest and its inhabitants. Our mission is to educate children about the rainforest, reforest local land, rehabilitate and provide sanctuary for wildlife in need, and ensure the survival of the Titi monkey.","","Costa Rica"
"Ontario SPCA and Humane Society","6260","The Ontario SPCA and Humane Society is a registered charity, established in 1873. The Society and its network of animal welfare communities facilitate and provide for province-wide leadership on matters relating to the prevention of cruelty to animals and the promotion of animal well-being. Offering a variety of mission-based programs, including community-based sheltering, animal wellness services, provincial animal transfers, shelter health & wellness, high-volume spay/neuter services, animal rescue, animal advocacy, Indigenous partnership programs and humane education, the Ontario SPCA is Ontario’s animal welfare charity.","","Canada"
"Little Buckets Farm Sanctuary","5860","Little Buckets Farm Sanctuary is a nonprofit registered 501(c)(3) animal rescue, striving to give as many animals a safe and loving home they all so deserve. We offer a forever sanctuary to horses, goats, cows, donkeys, pigs, dogs, and cats who all need a place to call home. 
In 2017, I created a bucket list to save a life at a livestock auction and that life was a little baby calf who I named Bucket. He is now 8 years old, best friends with my dog, Colton and his pal, Bailey who was also saved in 2017. Saving Bucket's life inspired me to move to a new state to start this sanctuary. We hope you decide to follow Little Buckets gang. I promise you will laugh, smile, and love a lot, and sometimes cry.  
All donations are tax-deductible and help with the daily care, hay, and feed of all the animals as well as allow us to save more lives. We want as many precious souls to have a happy, long life here at Little Buckets. We hope you see our gang is no different than your dog or cat.","","United States"
"Volunteer dog videos, Harbor shelter, San Pedro CA","5570","Showing shelter dogs on walks outside their kennels. Most of these dogs only get walked 1-2x/wk due to overcrowding and underfunded conditions. The shelter dog situation in SoCal is dire and good dogs are being euthanized daily. Please visit LA Animal services website to see videos & description of each dog. Harbor Animal shelter is an LA City shelter located in San Pedro, CA.","",""
"A.A.R.F. Volunteers","5490","A.A.R.F. (All About Rescue and Fixin’ Inc.) is small group of volunteers with a passion for animals. Check out some of our adoptable pets and alumni videos here! It is our goal to save as many lives as we can from needless death.  We are a foster based animal rescue organization based in the beautiful Upper Cumberland region of Tennessee.  We pull animals from high risk situations, such as local animal shelters and local strays from counties who do not have the luxury of having an animal shelter. 

A.A.R.F. is operated out of our volunteers’ homes. We are ALWAYS in need of foster parents to help save more lives.  To become an A.A.R.F. foster parent, the only true requirement is that you love animals as much as we do, and that you would treat your foster animals as if they were your own.","","United States"
"PurebredCatRescue","5270","Specialty Purebred Cat Rescue is a foster-based cat rescue located in the Midwest that specializes in finding homes for abandoned and surrendered purebred cats as well as special needs domestic cats.  We are the only all breed purebred rescue in the Midwest.  On our channel we feature videos on how to care for purebred cats, showcase adoptable kitties and provide sneak peaks of cats which will soon be available for adoption.","adoptions@purebredcatrescue.org; purebredcatrescue@gmail.com","United States"
"Dharamsala Animal Rescue","5050","Dharamsala Animal Rescue
Our mission is to end the human/street dog conflict by creating a humane and sustainable environment for animals with direct benefits to the people of Dharamsala, India.
What do we do?
We provide several key programs to achieve our goals: spay/neuter, rabies vaccination, rescue and adoption, street animal feeding, and community education for rabies safety and compassion.","","United States"
"Vatika Animal Sanctuary","4990","We are a stray Animal Rescue organisation based in Raipur CG. We run our Shelter with the name Vatika Animal Sanctuary. We help animals by giving them treatment and care. We have rescued 10K+ animals till now and currently nour shelter takes care of 250+ paralysed, blind, sick animals. 
Make a Donation for the animals please 😊👇

DONATION DETAILS :

Paytm 7225888800
UPI ID 7225888800.ibz@icici

BANK DETAILS
PEOPLE FOR ANIMALS RAIPUR 
A/C No: 658101700056
ICICI BANK, SADAR BAZAR, RAIPUR 
IFSC Code:ICIC0006581 

Donation Link:
https://pages.razorpay.com/donateforvatika","","India"
"Harmony Fund   (International animal charity)","4750","Welcome to the Youtube channel of the Harmony Fund international animal rescue charity.  We are a USA-based charity throwing a lifeline to underdog animal rescue squads all over the planet.  We help feed homeless animals on the street, sponsor care in shelters, host spay/neuter campaigns, provide emergency veterinary care, protect wildlife in their habitat and fight cruelty internationally.","","United States"
"Arizona Humane Society (AZ Humane)","4220","Every pet deserves a good life. With a vision to end animal suffering, we rescue, heal, adopt and advocate for sick, injured and abused animals.

Visit us at azhumane.org","","United States"
"Owl Adventures","4220","Owl Adventures is a mobile falconry business based in North Yorkshire, England, providing flying shows, static displays, school visits and we wild bird rescue, rehabilitation and release.","","United Kingdom"
"Tracy’s Paws Rescue","3960","Welcome to Tracy's Paws Rescue where every rescue has a story, and every dog deserves a second chance. ❤️🐾

We rescue abandoned, neglected, abused, and homeless dogs throughout Texas, providing the medical care, rehabilitation, and love they need before helping them find safe, forever homes.

On this channel, you'll discover:

🐶 Rescue dog transformations
🐾 Rescue puppies and newborn litters
❤️ Adoption success stories
🏡 Dogs available for adoption
🚑 Medical rescue journeys and recoveries
🎥 Behind-the-scenes rescue missions
📚 Dog care, rescue education, and advocacy

Every like, comment, share, and subscription helps us reach more people, find more forever families, and save even more lives.

Whether you're looking to adopt, foster, volunteer, donate, or simply follow inspiring rescue stories, you're part of this mission.

❤️ Subscribe today and help us give every dog the loving home they deserve.

🏡 Adopt • Foster • Volunteer • Donate

Because every dog deserves a second chance.","",""
"Kittenfoster64","3880","Channel Description for KittenFoster64:

Welcome to KittenFoster64! 🐾 Here, we are passionate about saving and nurturing animals in need, especially our furry friends - kittens! Join us on this heartwarming journey as we rescue, foster, and rehabilitate these adorable little ones. From heart-melting rescue stories to helpful tips on animal care, our channel is dedicated to creating awareness about animal welfare and the importance of rescue.

Every view and subscription helps us continue our mission to give these animals the love and care they deserve.

🐱What to Expect:
- Inspiring rescue stories 
- Kitten care tips 
- Updates on our foster kitties and their journeys to loving homes.

Thank you for being a part of our community! Let's spread kindness and compassion for animals together. 

#KittenFoster64 #AnimalRescue #Kittens #FosterCare #CatLovers #RescueAnimals

---

Feel free to modify any part of this description to better fit your style or the specific content you plan to create!","","Bangladesh"
"FureverHome Romania Cat Rescue","3810","We rescue cats from the streets in Romania, Carei and surrounding towns. We spay/neuter them and try to find them a forever home with responsible and loving owners.
A bit about us, we are a brother and sister that have had cats since we were little, and 3 years ago we started to rescue  abandoned cats from our city and from neighboring villages. We spay/neuter all our cats and many more too, over +200 cats and +30 dogs in the last 3 years, all from our own money but right now we've reached a point where it's impossible for us to help these animals from what we earn, that's why we've started this non-profit organization. We mostly need help with cat food as right now we have 188 cats, some very sick, some with dietary restrictions. We also cook for them but the food that we buy we try to get the best quality as medicine and treatments for the sick cost much more then good food that would prevent them from getting ill. Any help with cat food or small donations would be very welcome.","",""
"Marin Humane","3390","Founded in 1907, The Marin Humane Society is a progressive, award-winning animal shelter, offering refuge and rehabilitation to nearly 8,000 animals each year through myriad community services, including adoptions, foster care, behavior and training, humane education, lost-and-found pet services, low-cost clinics, and more.","","United States"
"Soper Creek Wildlife Rescue","3310","🐾 Welcome to Soper Creek Wildlife Rescue’s YouTube Channel! 🌿

Get ready to meet the incredible animals of Soper Creek Wildlife Rescue, where every critter is a native Canadian species! From heartwarming rescues to fascinating wildlife facts, we’re here to connect you with Ontario’s amazing wildlife.

Located in Clarington, just an hour outside of Toronto, SCWR is proud to be Durham Region's ONLY Wildlife Rehabilitation Hospital. Our mission is to RESCUE, REHABILITATE, and RELEASE Ontario’s wildlife while educating communities about their importance

✨ What You’ll Find on Our Channel:

Weekly videos every #WildlifeWednesday featuring animal ambassadors and rescue stories.
Behind-the-scenes looks at wildlife rehabilitation in action.
Subscribe today to join us on our journey to protect and celebrate Canada’s wildlife!

🌐 Learn more about us:
www.sopercreekwildlife.com
📷 Follow us on Instagram: @sopercreekwildlife
📘 Like us on Facebook: Soper Creek Wildlife Rescue

💚 Be kind to animals!","","Canada"
"Mama's Cradle Animal Sanctuary - Carina Suarez","3240","WE ARE A HOME FOR THE ABUSED, ABANDONED, AND NEGLECTED DOGS AND CATS. WE ARE ALSO A HOME FOR WORLD CLASS POMERANIANS THAT MADE A MARK IN THE PHILIPPINES. 

This page is dedicated to Mama's Cradle, our sanctuary by the lake, and our rescued dogs and cats we rescue, treat, medicate, rehabilitate, rehome and foster.
We are a small group who rescue severe and critical cases of animal abuse, cruelty and neglect.
I am also a dog show exhibitor of pomeranians, successful in producing local Philippine born poms winning Best in Shows, Hall of Famers, Grand Champions, Champions and Award of Merit poms.","",""
"head start animal rescue","3090","head start animal rescue is a 501(c)3 nonprofit animal rescue organization 

learn more at www.headstartanimalrescue.org","amandacarney@headstartanimalrescue.org",""
"Funny Farm Rescue & Sanctuary","3030","Voted one of the TOP 10 places to visit with your family in NJ, we are located in Mays Landing, NJ. Admission and parking are FREE. We are open year round on Sundays and Tuesdays only from 8-4pm. 

We are a Family-Friendly Animal Rescue & Sanctuary with over 500 rescued animals, most roam free. We have 3 of a planned 10 anti-bullying children’s books that we take to schools with some of the friendly animals at the Funny Farm. We teach kids that despite our differences, we can all get along like the animals of the Funny Farm. 

Please check us out on Facebook for true and inspirational stories of the Funny Farm animals under...

“Funny Farm Rescue”

We are also on Instagram. 

No appointment is necessary. Anyone can volunteer at any age. If you are under 15, just bring an adult with you. You can volunteer any Sunday or Tuesday any time between 8-4pm. 

We have hayrides!!!

We hope you will come see us very soon!","","United States"
"Unitedpaw Network","3020",">Nonprofit dog rescue 🐾🐾
>Adopt . Foster . Volunteer 🤝 
> Welcome to United Paw Network – a global community of animal lovers. We post videos about animal rescue, pet care, kindness to animals, and inspiring stories. Subscribe and become part of a movement that speaks for animals who cannot speak for themselves.","",""
"Kelly Animal Shelter","2850","Writing


🐾 Hi, I'm Kellyanimalcare. I rescue and care for 75 abandoned dogs. Every donation helps provide food, shelter, and life-saving medical care. Subscribe and support our mission to give every dog a second chance. ❤️
Donate using link below 👇 👇","",""
"North Clwyd Animal Rescue","2770","This channel showcases some of our dogs, who are looking for forever homes, by showing them as we at the rescue see them. We also have videos showing some of the training and behavioural work we do with our dogs as we help them through any issues they might have. Through this work we can guide and teach these dogs thus increasing their chances of being adopted into a forever home!
We also put a lot of work into socialising the dogs to increase their social skills, plus it's great fun for them (and us!).

North Clwyd Animal Rescue (NCAR) is a registered charity (No: 515195) founded in 1978 by Anne Owen and is largest animal welfare charity in the North Wales. From one thin little Lurcher, we now care for over 1500 domestic pets a year. 
We have grown to meet these new demands and with the current economic situation these services are vital for the wider community.

supported by;
www.K999.com & @6csocial","","United Kingdom"
"Dog Rescue Station","2730","Welcome to Dog Rescue Station — a channel dedicated to the emotional rescue journeys of abandoned and homeless dogs, brought to life through powerful AI driven storytelling.

We recreate authentic rescue scenarios inspired by real life events — from puppies left alone in freezing rain, injured strays struggling to survive, to loyal dogs abandoned in their old age.

The heartbreaking reality faced by abandoned dogs.
Life changing encounters that rebuild trust between dogs and humans.
Moments where compassion, patience, and care bring a broken dog back to life.

Our mission is to raise awareness about responsible dog ownership and promote the message adopt, don’t abandon. We believe that even a small act of kindness can completely change the destiny of a helpless dog.

Behind the scenes, our dedicated team transforms real rescue stories into deeply emotional and visually immersive experiences. Let Dog Rescue Station take you to the moments where love, compassion, and action save a life.","","United States"
"Goldy's Farm Live (www.GoldysFarm.com)","2670","OUR MISSION is to improve the welfare of community seniors and veterans by interacting with our rescued and rehabilitated sanctuary animals.  

www.GoldysFarm.com

Goldy's Farm offers free visits to senior centers and veterans centers on the North Shore of Boston, Massachusetts.  Our farm in Ipswich, Massachusetts is also open for schedule visits from seniors and veterans.  
Goldy's Farm is a positively fun and adventurous atmosphere.  We excel at the joy and humor of animals.  Follow us on Facebook, enjoy the Livestream cameras, or meet others online who enjoy our animals virtually.","","United States"
"Vafa Animal Shelter","2480","Vafa is the first animal shelter in Iran that was founded in 2003 by Fatemeh Motamedi to take care of dogs who were sick or needed care. Before that, there was sadly no such institution in Iran. 
Vafa is a charitable NGO, run by grassroots donations. It runs two animal shelters in Hashtgerd and Qazvin, housing more than 1800 dogs.
As a non-for-profit charity, Vafa has no links to any political or religious organization.
We aim to build a better world where humans and animals co-exist.
Cultural and awareness work, aimed at gathering support for animals, is our main method.","info@vafashelter.com","Canada"
"The Great Projects","2410","Have you ever considered volunteering abroad with endangered animals? With The Great Projects, you can volunteer responsibly across 4 different continents with an array of endangered wildlife, with their conservation at the forefront of our ethos. 

Here you can discover all you need to know about our Great Projects, from what projects we have to offer, to animal rescues and releases, right through to adorable videos of what daily life looks like for animals on our projects.","",""
"SASHAFarmAnimalSanctuary","2370","SASHA Farm Animal Sanctuary is located in Manchester, Michigan and we are the Midwest's largest farm animal sanctuary.  At our shelter, not only do we provide food, water, shelter, and veterinary care, we also give the animal residents affection, social interaction with others of their own species, and a sense of security.  The sanctuary currently shelters over 200 animals, each with its own story to tell.  Some were dumped and discarded, some were left to die.  They have come from unhappy circumstances, often mistreated or neglected, but now have a safe, permanent home at SASHA Farm.","office@sashafarm.org; donations@sashafarm.org","United States"
"Palm Springs Animal Shelter","2300","The Palm Springs Animal Shelter is the only municipal, open admissions shelter operating under the no-kill model in the Coachella Valley. Visit our website at: www.psanimalshelter.org","info@psanimalshelter.org; media@psanimalshelter.org; adoption@psanimalshelter.org; careers@psanimalshelter.org; donate@psanimalshelter.org; foster@psanimalshelter.org; intake@psanimalshelter.org; licensing@psanimalshelter.org; tnr@psanimalshelter.org; volunteer@psanimalshelter.org; customerservice@psanimalshelter.org","United States"
"eastwoodranch","2120","Our goal is to not only rescue animals from high kill shelters, but to help reduce pet overpopulation and increase pet adoptions through campaigns, events, education, spay/neuter programs and rescue partnerships. We believe that by developing strategic alliances with other non-profits and rescue groups, together we can make a greater impact on animal welfare and save more lives. Eastwood Ranch Foundation is a 501(c)(3) non-for-profit organization. Visit our Rescue & Adoption Center in Agoura Hills, Ca.","",""
"Many Tears Rescue, Carmarthenshire","2100","Many Tears Animal Rescue is a small Not For Profit rescue based in Wales. We primarily take ex-breeding dogs but also take in a number of dogs from the pounds, public hand-ins and some from rescues abroad too. We are always busy and have around 250 fosterers who look after dogs in their homes, as well as our kennels in Carmarthenshire. We rely on donations and kindness to keep going

We rehome approximately 3,000 dogs per year and many of the dogs come to us having never lived in a home before. They often arrive needing veterinary care and our on site vet and volunteer vets spay and neuter all the adult dogs as well as carrying out other procedures such as treating ear/eye infections along with much bigger problems like orthopaedic surgeries, heart operations and cataract surgery. The costs of these can be vast but can transform the lives of the dogs

Please help us to keep going, things are particularly difficult at the moment and we are very worried but together we can save them all","","United Kingdom"
"VHAS Hazlehurst","2080","Voices of the Hazlehurst Animal Shelter (VHAS) is a small but dedicated group of volunteers focused on caring for shelter dogs and those in the area community of Hazlehurst,Georgia. We appreciate your kindness in checking out our dogs and helping us  continue saving lives.

Videos are primarily to help potential rescues to get to know our current dogs. 

Additional information on dogs featured and whether they are or are not still be available for adoption or rescue, inquires can be made on our Facebook page. Adoption application is required for all adoptions. Send an email to VHAS.ga@gmail.com for all inquiries","VHAS.ga@gmail.com",""
"ColoradoHorseRescue","2050","We are Colorado Horse Rescue, and we are building a better future for horses. We see it. We believe in it. And we are here to make it happen. As a 501(c)(3) impact organization operating in Colorado since 1986, we work to continuously reimagine what’s possible and create a reality where safe solutions exist for every horse.

On this channel we showcase our horses and offer the community more information about horses in transition.","",""
"KFR - Animal Shelter","1980","Assalamu alaikum! I'm Fizza 👋🏻, an animal lover who can't bear to see them in pain. I've helped 3500+ animals and now I'm sharing my journey with you. 🌟

Welcome to K.F.R Animal Shelter! 🐈🐕 You can support our cause by donating (details in Instagram bio). On this channel, you'll find:

🐾 Animal-related content
📹 Pet vlogs
📝 Daily vlogs
🐶 Pet information
🎁 Free giveaways
📅 Event visits
📚 Rescue stories

Let's help Them together! ✨
Subscribe now
1 subscribe = Save a Life❤️‍🩹🐕🐈🐇🐦🪿🦜","","Pakistan"
"Odessa Animal Sanctuary          501c3 non-profit","1920","Odessa Animal Sanctuary, Inc. is a 501(c)3 Animal Rescue that has devoted its energy to passionately bettering the lives of Animals that can no longer be cared for by others, to provide the Best Forever Homes we can.
Odessa Animal Sanctuary, Inc.
​813-792-5454
MAILING ADDRESS: 7853 GUNN HWY # 390 TAMPA FL 33626
​PHYSICAL ADDRESS: 18404 RUSTIC WOODS TRL ODESSA FL 33556

We appreciate Donations greatly as 100% goes to help feed our 450+ Animals.

Website OdessaAnimalSanctuary.org 

DONATE HERE https://www.paypal.com/donate/?hosted_button_id=38M22VPPXU5CN","","United States"
"Humane Animal Rescue of Pittsburgh","1880","The Western PA Humane Society and the Animal Rescue League each had rich histories of helping animals in our community. In 2017, our two organizations merged to form one of the largest animal welfare associations in Pennsylvania, tasked with providing enhanced services to domestic and wild animals alike. Humane Animal Rescue continues the legacies of the Animal Rescue League & Western Pennsylvania Humane Society, bringing greater efficiency in animal care processes, staff training, and cutting-edge practices to one cohesive organization.

We operate two domestic animal shelters across the City of Pittsburgh along with our Certified Wildlife Rehabilitation Center in Verona, Pennsylvania. Join us in celebrating our combined two-century legacy of giving our region's animals the care they need and the love they deserve. Visit us online at humaneanimalrescue.org or call us at 412-345-7300 to learn more about our programs and adoptable pets.","","United States"
"Santa Fe Animal Shelter","1840","Since 1939, the Santa Fe Animal Shelter has been dedicated to its mission to reduce animal suffering by curbing overpopulation, teaching compassion, and supporting healthy relationships between people and animals.","","United States"
"Happy's Place Senior Dog Rescue","1820","Happy's Place
Old Dogs Make Our Hearts Whole
In home based senior dog rescue for dogs who are at a higher risk of euthanasia due to age or other reason. Building relationships between people & old dogs to promote wellness, happiness, and living your best life.

Our Mission:
We rescue senior dogs by request who are still able to lead a quality life but who are also at a higher risk of euthanasia or unable to find forever adopted homes due to old age, medical needs such as chronic illness or special need, or other factors, including cases where dog guardians can no longer care for their senior dog due to their own health or other reason.","","Canada"
"Fabled Farm Rescue & Sanctuary","1790","Meet April & Bryan:
When I met Bryan in 2014, he worked in insurance and had never had a pet! I owned my photography business of 20 years and lived in East Nashville. By the time we got married in 2016, we had 5 dogs and a cat and knew we were ready to get out of the city. Moving to the country and starting a nonprofit rescue farm and animal sanctuary soon became a dream for both of us. Join us on this rescue journey, and together we can make a difference!

Fabled Farm Rescue & Sanctuary is a Middle TN based 501(c)3 committed to accepting and placing unwanted equines, farm animals, and kittens in qualified, loving forever homes, while continuing care for the unadoptable animals with medical or behavioral issues through our sanctuary program. In only a few short years Fabled Farm has helped over 500 animals and continues to expand its community outreach and programs.","","United States"
"Greek Animal Rescue","1750","Greek Animal Rescue is a UK registered charity, founded in 1989. We help abandoned, abused and neglected animals across Greece by supporting the local rescuers on the ground who step in when no one else will.

We’re entirely volunteer-run - no offices, no salaries and no overheads - so every penny you give goes directly to helping animals in need. From UK adoptions, emergency vet care and medication, to life-saving neutering campaigns and practical feed support, we focus on the unglamorous work that prevents suffering and changes lives long-term.

Please subscribe to follow rescue stories, see where your support goes and meet the dogs and cats you’re helping every day. 🐾

All enquiries and requests for assistance, please email: info@greekanimalrescue.com. For UK adoption enquiries please telephone our volunteer homing co-ordinator, Gillian, on 07795 170222.","info@greekanimalrescue.com.for","United Kingdom"
"Rachel at the Shelter","1700","Making animal shelter and bully breed education patronizing but palatable.

Now offering freelance services to animal rescue organizations
🌐 www.linktr.ee/rachelattheshelter","","United States"
"PetAngelAdopt","1660","We never meant to start Pet Angel Adoption. We didn't wake up one day and say ""Let's start a cat rescue!"" It started with two litter of kittens in Nancy and Jim Engel's backyard in little Frankenmuth, Michigan. When that two litter of kittens became cages of cats in the Engel Family's garage, Nancy and Jim realized what they had gotten into. They couldn't just stop saving kitties lives and finding them forever homes, so they rented out a building on List Street in Frankenmuth, moved the cats to the new location, and Pet Angel was born. 

Today, Pet Angel Adoption and Rescue is a volunteer-based, non-profit, no-kill cat shelter in that same building on List Street. We specialize in more than just the saving and rehoming of homeless, helpless and injured kitties, but we also offer awesome programs to the public in the Frankenmuth.","","United States"
"Wildheart Animal Sanctuary","1660","The Wildheart Animal Sanctuary is a registered UK charity. We specialise in rescued and threatened wildlife and aim to put the Isle of Wight at the frontline for the protection of endangered species.","","United Kingdom"
"ARL BerksCo","1620","The Animal Rescue League of Berks County is a charitable 501c3 organization caring for nearly 5,000 animals each year to help them find second chances in a new home, or to help reunite them with their grateful owners. For more than 65 years, we’ve worked tirelessly to care for the sick, treat the injured, comfort the unwanted and protect the abused. Whether helping people in need keep their pets through surrender prevention programs, offering low-cost veterinary services and clinics, as well as outreach and education events throughout the county, our work goes far beyond the walls of the shelter.","info@berksarl.org; abudock@berksarl.org; admissions@berksarl.org; adoption@berksarl.org; animalprotection@berksarl.org; foster@berksarl.org; medical@berksarl.org; volunteer@berksarl.org","United States"
"Living Free Animal Sanctuary","1580","Living Free is a nonprofit animal sanctuary whose primary mission is to rescue dogs and cats whose time is up at public shelters. We are also home to War Horse Creek, an immersive transition training program using rescued wild mustangs to assist veterans as they adjust to civilian life. War Horse Creek will be launching publicly later this year.","",""
"Animal Welfare Association","1540","Animal Welfare Association (AWA), a private, non-profit, 501(c)3 animal welfare organization, operates the oldest and largest low-cost spay/neuter clinic, adoption center and no-kill animal shelter in South Jersey. We do not receive funds from the government or national groups. We rely upon local donations to fund our life-saving programs. Through a variety of innovative programs including adoptions, veterinary services, pet therapy, trap-neuter-return and humane education, we strive to ensure that animal companionship is accessible to all.","","United States"
"Dog Shelter Volunteers","1530","We are volunteers at Benton County Canine Shelter in Kennewick, WA. This channel will feature adoptable shelter dogs. We're a couple of moms new to YouTube - please be nice! 😉","",""
"Farm Sanctuary","1490","Welcome to our animal rescue farm, where every rescued life gets a second chance. We care for abandoned, injured, and neglected animals with love and compassion. Your support helps provide food, shelter, and medical care. Please donate to help us save more lives. Every kindness makes a difference.","",""
"Eden Farmed Animal Sanctuary","1440","Eden Farmed Animal Sanctuary, the first vegan sanctuary in Ireland, opened in 2008. It is home to more than two hundred courageous, unique, special beings, all of whom have been rescued from human use. You can connect with them and their lives through these videos. They are no different to the billions of animals used and killed every year by humans every year. The only difference between the animals at Eden and those who are exploited and killed by us is that the rescued animals' rights are respected and they have someone to tell their story. Go Vegan.","",""
"Layla Rose Ranch Equine Rescue","1420","Layla Rose Ranch is a nonprofit organization  5013c. 
It all started with Cletus my heart horse and because of him I have found my calling. We rescue horses and help them trust again so they can have forever homes. It breaks my heart seeing these horses come in in poor shape, non trusting and depressed. They count on us to help them because they don’t have a voice so we have to be a voice for them. Please follow us and share and help us help them. Donations can be made on our website Laylaroseranch.org 

We can also be found on Facebook and Tik Tok","","United States"
"Castoff Pet Rescue - Blairsville Georgia","1420","Castoff Pet Rescue is a nonprofit, no-kill organization serving Union and Towns Counties in Georgia, Clay and Cherokee Counties in North Carolina, and anywhere else our help is needed. We are a 501(c)(3) licensed by the Georgia Department of Agriculture, and we receive no public funding.

Every life we save depends on the generosity of donors, adopters, volunteers, and the community that stands with us. Since our beginnings in 2006, when a handful of volunteers fostered in their homes and later transformed an old boarding kennel into our first shelter,  thousands of animals have found safety, love, and forever homes through Castoff.","","United States"
"Radha Madhav Sewa Kunj - Animal rescue center Una","1400","Welcome to our channel, where every view supports a life saved! 

Our animal rescue center serves as a sanctuary for animals like cow, bull, dog, cats and any other stray in need, providing them with shelter, medical care, and love. In any emergency our helpline number is +91 93175-50543.

Join us on a journey of compassion and hope as we document our team's efforts in rescuing and rehabilitating animals in need. From heartwarming rescue missions to heart wrenching rehabilitation stories, our channel offers a window into the incredible work being done to give animals a second chance at life. Through engaging videos, you'll witness the transformative power of love and dedication, as we strive to make the world a better place for all creatures great and small. Subscribe today and become a part of our community of animal lovers making a difference, one rescue at a time.","radhamadhavsewakunj@gmail.com","India"
"Okie Pet Rescue","1350","Okie Pet Rescue is a 501(c)3 non-profit organization. We are a foster based animal rescue and are located in Oklahoma. We strive to be the difference we wish to see in our community. You can help us on our mission to save neglected, abused, stray, homeless, and unwanted animals by donating and by spaying and neutering your pets.
Listed below are links to make a Venmo donation, make a PayPal donation, our adoption application, and our Amazon Wish List. You can also check out our Facebook page and website to see all of our adoptable pets. Please share this channel so more people can see our adoptable pets. Thank you in advance!
Our email is: okiepetrescue@gmail.com","okiepetrescue@gmail.com","United States"
"Lions Tigers & Bears Sanctuary","1350","Lions Tigers & Bears is a 501(c)(3) non-profit exotic animal sanctuary dedicated to providing a safe haven to abused and abandoned exotic animals while inspiring an educational forum to stop the exotic animal trade. Learn more at: www.LionsTigersandBears.org

New video every Monday, Wednesday, and Friday!","","United States"
"Goodheart Animal Sanctuaries","1330","With the help of our valued supporters, we’re working towards a better future for farm animals through compassion, education, and advocacy. We care for over 300 rescued animals at our flagship site, Goodheart Farm Animal Sanctuary based in Worcestershire. As part of our dedicated Education Programme, we facilitate meaningful connections between visitors and our residents, helping to reshape perceptions of “so-called” farm animals and raise awareness of their suffering. Alongside this, we back national campaigns to prevent animal cruelty and inspire people of all generations to make compassionate lifestyle changes.","","United Kingdom"
"Bradshaw Animal Shelter Cats","1330","Videos of adoptable cats located at the Bradshaw Animal Shelter, 3839 Bradshaw Rd, Sacramento, CA 95827.","",""
"Enrich Your Dog's Life","1310","Hello beautiful dog people! 👋🐾

I'm Stephanie, a dog trainer specialising in rescue dogs, dogs adopted from abroad and bully breeds — and guardian to four rescue dogs of my own.

This channel is about understanding the dog in front of you: their behaviour, individual needs, experiences and the context around what they're doing.

You'll find practical videos about rescue dog life, behaviour and training, decompression, enrichment, confidence, living with dogs and all the messy bits that don't always fit neatly into a training tutorial.

I don't believe every dog needs the same recipe. I want to help you understand your dog, make informed decisions and build a life that works for both of you.

You'll also meet my own rescue dogs along the way — usually demonstrating that real life with dogs doesn't happen in a perfectly controlled training setup. 😅

New videos about rescue dogs, behaviour, training, enrichment and the humans living alongside them.

Welcome — I'm glad you're here. ❤️","dogtrainingforbullies@gmail.com","United Kingdom"
"Ventura County Animal Services","1290","Ventura County Animal Services (VCAS) offers a wide array of programs and services to the residents and animals of Ventura County. These services include animal sheltering, pet adoptions, lost & found, field services, cruelty investigations, pet licensing, TNR surgical services, low-cost vaccination clinics, volunteer/foster opportunities and emergency disaster response.

VCAS operates two open admission, life-saving, municipal animal shelters in the County of Ventura. The Camarillo Animal Shelter and the Simi Valley Animal Shelter.  VCAS provides contract services to the residents of Camarillo, Fillmore, Moorpark, Ojai, Oxnard, Port Hueneme, Simi Valley, Ventura, and all unincorporated areas of Ventura County. VCAS is dedicated to improving the lives of the animals in their care, and to safeguard the community through rabies suppression and the sheltering of stray animals.","",""
"Lockwood Animal Rescue Center","1220","The Lockwood Animal Rescue Center (LARC) is a unique animal welfare and veterans’ rehabilitation center. We rescue and provide sanctuary for wolves, wolfdogs and other animals who have been bred to live in a domestic environment and protect wolves in the wild. We also offer a therapeutic environment for combat veterans suffering from trauma through employment, job skill development, sobriety maintenance, and coordination of care. Most of LARC’s facility caregivers are former military personnel.

LARC’s main program is Wolves and Warriors. In this program, veterans suffering from post-traumatic stress disorder (PTSD) and other traumas care for the wolves and wolfdogs at LARC. Our Wolves and Warriors veterans participate in rescue missions across the country, saving wolves and wolfdogs from pelting operations, roadside zoos, and cases of abuse and neglect.","rescue@wolfsanctuary.net; bird@parrotcare.org; doclindner@lockwoodarc.org","United States"
"Peggy Adams Animal Rescue","1180","Welcome to the Peggy Adams Animal Rescue League's YouTube page! We are also known as the Humane Society of the Palm Beaches.

On this channel you will see videos of facility, staff, volunteers and special events. We will also share videos of loving dogs and cats that are in search of finding their forever homes. Please share these videos!.

About us: Peggy Adams Animal Rescue League's mission is to provide shelter to lost, homeless, and unwanted dogs and cats; to furnish medical and other services for the care of companion animals; to care for, protect, and find quality homes for homeless and neglected animals; to advocate animal welfare; and community involvement and education to further the bond between people and animals, for the mutual benefit of both. The vision of the League is to create a community where 100% of all adoptable animals find loving homes and no animals will be euthanized because of pet overpopulation.","",""
"Animal Rescue Mission","1160","Welcome to Animal Rescue Mission. 🐾

We bring abandoned dogs and cats back to life through powerful, cinematic rescue stories inspired by real-world events. Using advanced AI storytelling, we shine a light on the voiceless.

On this channel, you will witness: 💔 The heartbreak of pets left behind in the rain, cold, and silence. ❤️‍🩹 The turning point where compassion meets action. 🏡 The beautiful journey from loneliness to a forever home.

Our Mission: To reveal the raw reality of abandonment and the healing power of a second chance. Every video is designed to make you feel, reflect, and believe in kindness.

Your takeaway is clear: Adopt, don’t abandon. Care changes destinies.

🔔 Subscribe to join our mission. If you believe every animal deserves dignity and love, you belong here.

#AnimalRescue #DogRescue #CatRescue #AdoptDontShop #EmotionalStories","","United States"
"ANIMAL RESCUE KOCHI","1080","Animal Rescue Kochi is a registered non-profit animal welfare organization based in Kochi, Kerala, dedicated to rescuing, treating, rehabilitating, and rehoming injured, abandoned, and neglected animals.

Through our rescue centre,we provide emergency medical care, shelter, sterilization, vaccinations, and lifelong care for animals in need. In collaboration with Mission Rabies India, we also work to create safer communities through free anti-rabies vaccination programs, rabies response, and public awareness initiatives.
On this channel, you’ll find:
• Animal rescue stories
• Medical treatments and rehabilitation
• Happy adoption journeys
• Community animal welfare initiatives
• Rabies awareness and prevention
• Sterilisation & Responsible ownership

Every rescue is made possible by the kindness and support of people like you. Subscribe to follow our journey, share our mission, and help us give vulnerable animals a second chance at life.Together, we can build a kinder world for animals.","","India"
"New Hope Animal Rescue NFP","1060","We are foster -based, nonprofit animal rescue in Austin Texas.  Our  mission is to save animals who are at risk of being killed, whether they have been abandoned on a roadside with trucks zooming by or are facing euthanasia at a kill shelter. We are also passionate about reducing the over pet population by working to educate the public on the importance of spay/neuter, tagging and microchipping, and not supporting breeders [adopt don't shop!]


If you are interested in supporting our mission, here are some ways  you can help:   

Donations accepted via PayPal: 
http://nhanimalrescue.org/donation/
Want to foster with us? 
http://nhanimalrescue.org/foster-information/
Ready to adopt? 
http://nhanimalrescue.org/foster-information/
Want to inquire about other volunteer opportunities? 
Email NHgivelife@gmail.com","NHgivelife@gmail.com","United States"
"Noah's Ark Dog Rescue","1050","We are a  small, non profit rescue saving the lives of stray dogs and keeping them safe until adoption/foster. 
Supporting spay and neuter campaigns 🐾
We couldn't do this work without your support! Together we are stronger 💪 🐾

""Dogs are our best friends, they are always loyal and love us unconditionally.
Whether we are rich or poor, strong or weak, sad or happy, they will be with us until the very end.""

The less time we have to spend on fundraising for these animals, the more time we have to actually go out there and get them off the streets.  Vet bills are extremely expensive, and you are making it all possible when you support our efforts! If you would like to donate then our Paypal is - paypal.me/Noahsarkdogrescue

Please follow our social media for regular updates on rescues & adoptions.

Facebook - https://www.facebook.com/NARR4Paws
Twitter - https://twitter.com/NoahArkrr
Donate - http://paypal.me/Noahsarkdogrescue

Thank you

Noah's Ark Team","","United Kingdom"
"De souza animal sanctuary","1050","My name is Colin and English man living in Brazil 

I run an animal sanctuary in Brazil where rescued dogs, cats, and other animals find safety, love, and a second chance. 💚 Every day I care for them, making sure they are fed, healthy, and know what it feels like to be safe. My biggest challenge is covering the cost of food and care each month — but with your support, we can keep every paw protected. Even the smallest donation makes a huge difference. Together, we can turn compassion into action 

https://gofund.me/4725597f2","",""
"A.E.R.O. Animal Education and Rescue Organziation","1000","Welcome to A Day in the Life of a Rehabber!

Join us behind the scenes at A.E.R.O., where we rescue, rehabilitate, and release injured and orphaned wildlife in northern Virginia. Our video blog takes you into the daily routines, challenges, and heartwarming moments of wildlife rehab. From animal intake and medical care to release day, we’re here to educate, inspire, and share the incredible stories of the animals we help. Subscribe to learn about the vital work of wildlife rescue and discover how you can make a difference for our native wildlife!","",""
"Riverdale Animal Shelter","991","These video's are of pets looking to find their forever home at Adams County Animal Shelter in Brighton, Colorado. More information can be found at http://animalshelter.adcogov.org/","","United States"
"horse rescue sanctuary","965","Our horse rescue sanctuary is a safe haven for horses who have been abandoned, abused, or neglected. We are dedicated to rescuing these beautiful and gentle animals, giving them medical care, proper nutrition, and a peaceful place where they can heal and live with dignity.
Every horse that arrives at our sanctuary has a story of hardship, but with love, patience, and care, we help them find trust again. Our mission is to protect horses, give them a second chance at life, and ensure they are never forgotten.
With the support of kind people like you, we can continue rescuing horses in need and giving them the freedom and compassion they deserve. 🐎💚","",""
"Luvin Arms Animal Sanctuary","962","Rescued Farmed Animal Sanctuary, Erie Colorado (30 minutes from Denver)
1091 animals rescued from abuse and neglect since 2015
Currently home to 27 Pigs, 13 Sheep, 10 Cows, 9 Goats, 3 Donkeys, 2 Horses, 56 Chickens, 24 Ducks, 5 Turkeys, 2 Peacocks

Founded on Karuna, Ahimsa, and Jivdaya
Volunteer-built, Non-profit, Community-funded

VISIT
Cow Cuddles
Family Tours
School Tours

LEARN
Middle- and High-School Animal Welfare Fellowship [Humane, compassionate education alternative to FFA 4H.]
High-School and College Internships
Corporate and Family Volunteering
Young Jain Professionals' Retreat

ENJOY
Luvin Arms Weddings
Spring Fest
Fall Fest
Music Fest
Gala
Turkey Trot

SUPPORT
Sponsor a Rescued Animal
Sponsor Food, Bedding, and Other Supplies","","United States"
"Animal Rescue Karachi","923","We rescue animals and have a small shelter in Pakistan. To report a rescue WhatsApp ( 03242627051)

for donating 
gofund me : https://gofund.me/30c99fa4
easypaisa/Jazzcash: 03242627051","",""
"Desert Haven Animal Rescue","856","We are a no-kill 501(c)(3) animal rescue in Sierra County NM specializing in compassion, care plans & adoption for our rescues plus spay/neuter aid for our community.❤️🧡🩵

“Meows” and “Woofs” from an animal rescue in the Chihuahuan Desert in southern New Mexico looking for their forever homes.🏜 

Come visit us! Adopt us! Share our videos! Thank you in advance!🐾

Location: Desert Haven Animal Rescue is in Williamsburg, NM (right outside of Truth or Consequences, NM)

*This channel is maintained and kept up to date*","info@deserthavenanimalrescue.org; dhanimalrescue@gmail.com","United States"
"Angels Among Us Pet Rescue","846","Angels Among Us Pet Rescue, Inc. is a 501(c)(3), non-profit, volunteer-based organization dedicated to rescuing dogs and cats from high-kill shelters in North Georgia. It was created in February 2009 by a group of people in the Atlanta area who wanted to do more to save the many adoptable dogs and cats who found themselves on death row in Georgia animal control facilities. Our motto is “Rescue One Until There are None.” As of May 12, 2021 we have rescued more than 18,000 dogs and cats. Most of these animals came into our program from high-kill animal control facilities throughout Georgia.  If you want to make a difference and help animal rescue in Georgia, you can donate, adopt a pet, foster a pet, or volunteer your time to advocate for animal welfare policies in Georgia, like low cost spay neuter, anti-tethering and protections for K9 officers and dogs in hot cars.","","United States"
"Barb's Dog Rescue","829","Barb's Dog Rescue of Puerto Peñasco, Mexico
👉🏻Donations can be made at: www.barbsdogrescue.org

Barb's Dog Rescue is a 501C3 nonprofit organization (your donations are tax-deductible in the USA).

For these dogs in Puerto Penasco, Mexico, also known as Rocky Point, Barb's Dog Rescue is their only hope.​
Thousands of homeless dogs roam the streets in this community.  Many are injured or caring for young litters of puppies.  
We open our doors to dogs in need and provide them with food, shelter, veterinary care, and a place to call home, for however long they need. 
 
We give them hope. Please join us.","barbsdogrescue@gmail.com","MX"
"Maplelatte Animal Shelter Society","811","Discover ""MAPLELATTE ANIMAL SHELTER SOCIETY"" in Alberta, 🍁

Our mission is to provide compassionate care, protection, and second chances to animals in need. We are a non-profit, volunteer-based organization dedicated to rescuing homeless, abandoned, and neglected animals, offering them safety, medical care, and the love they deserve while they wait to find their forever homes.

Our shelter operates as a community of caring individuals — people who come together out of a shared love for animals and a commitment to making a difference. Every volunteer, foster, and donor plays a vital role in giving these animals a new beginning and a brighter future.
---
To support our rescue efforts, we offer services such as dog boarding, dog daycare, and cat boarding. These services help fund the food and supplies needed to care for our fosters.

Contact Us & E-Transfer
Non-Profit Organization:
📧 maplelatte@mass-care.org","maplelatte@mass-care.org","Canada"
"Rasa Animal Shelter - پناهگاه حیوانات رسا","797","EN:
Rasa Animal Shelter is a street animal rescue NGO near Tehran, founded and managed by Mr. Yashar Asadi, and home to hundreds rescued dogs, cats, donkeys …
Your donation will save animals that otherwise would not survive. Please share our videos and help us to rescue animals in Iran.

DE:
Rasa Animal Shelter ist eine NGO für die Rettung von kranken und verletzten Straßentieren in der Nähe von Tehran, gegründet und geführt durch Hrn. Yashar Asadi. Wir haben derzeit hunderte gerettete Straßentiere: Hunde, Katzen und sogar Eseln.
Wir arbeiten ausschließlich basierend auf Spenden. Ihre Spenden ermöglichen die Rettung und Behandlung von Tieren, die sonst nicht überleben würden. Teilen Sie unsere Videos und helfen Sie uns Straßentiere zu retten.

پناهگاه رسا سازمانی مردم نهاد است  با هدف درمان و نگهداری حیوانات معلول و آسیب دیده در استان تهران که توسط آقای یاشار اسدی تاسیس شده و امروز پذیرای  صدها سگ ،گربه ،الاغ  و …می باشد.","","Austria"
"Kindness Ranch Animal Sanctuary Official","793","All of the animals at Kindness Ranch Animal Sanctuary have previously been used in laboratory research. We have a small but hardworking staff, all of who live on site to provide the animals with the best possible hands-on care.

Some of our experienced staff members live with the dogs and work daily on socialization, crate-training, housebreaking, leash-walking, and basic commands. The cats receive an abundance of play time, trees for climbing, an outdoor space for exploring, and socialization with other cats and visitors.

Our horses and other farm animals also receive daily care and socialization. The horses and cows are free to roam most of our 1,000 acres, and the sheep and pigs have access to open grazing land, as well. These animals are visitor favorites and will likely live out their lives at Kindness Ranch.","info@kindnessranch.org; john@kindnessranch.org.all; lorye@kindnessranch.org","United States"
"🐾FIERCE Animal Rescue🐾","758","Hello we are Fierce animal rescue we foster and rescue cats. You can find more information about us on Facebook and pet finder to help you find your next furry friend. Most of the cats we post on here our cats we currently have in our program but some of them have already been adopted while others are pets of our own. To find out more about what pets are adoptable you can check our pet finder page. Hopefully we can help you find a cute cuddly companion.🐈‍⬛🐈🐱","",""
"Unity Farm Sanctuary","727","Unity Farm Sanctuary is a 501(c)(3) non-profit animal rescue organization founded in December 2016. Stop by to see video updates on our animals and activities! Find us on facebook, twitter, and instagram as well!","info@unityfarmsanctuary.org; kindness@unityfarmsanctuary.org","US"
"Wildlife Images Rehabilitation and Education Center","682","Wildlife Images Rehabilitation and Education Center was founded as a non-profit corporation in 1981 by renowned wildlife rehabilitator J. David Siddon. The facility was created in order to provide for the care and treatment of sick, injured and orphaned wildlife.

Wildlife Images has since expanded to provide educational programs on wildlife, conservation, and the environment to schools, organizations and the general public. The Center, and its programs and activities are a direct outgrowth and continuation of the late Founder J. David Siddon’s personal involvement with wildlife rehabilitation and education for more than 40 years. The center currently operates under the direction of David Siddon Jr., who continues on with his father’s mission.

The organization’s clinic, animal sanctuary, and education center are located on 24 acres of land adjacent to the wild and scenic section of Oregon’s famous Rogue River. Animals treated at Wildlife Images have included everything from baby squir","",""
"Goodwill Animal Shelter - Kalimpong / Darjeeling","663","Darjeeling Animal Shelter is a registered Indian Trust founded in the year, 1995 founded by Dr. Christine Townend. The Trust runs two projects - Kalimpong Animal Shelter (KAS) and Darjeeling Animal Shelter (DAS). Both these sister Shelters focus primarily on the Animal Birth Control Programme on street and community dogs, Anti-Rabies Vaccination camp, Village camps - Where community service is provided to animals, and general plus emergency treatment of animals.","","India"
"Rebel Animal Rescue","662","Rebel Animal Rescue is a Texas Panhandle nonprofit pulling dogs and cats from local kill shelters and urgent situations.
We care for them in our rescue shop with 7 dog kennels and 10 cat areas, plus a small but dedicated network of foster homes—until they’re ready for adoption.

🐾 Want to help save lives?
➡️ Donate or shop our wishlists: https://www.rebelanimalrescue.org/support

➡️ Foster, adopt, or volunteer to make a direct impact.

Real rescue. Real stories. Real second chances.","rebelrescuetx@gmail.com",""
"Big Little Life Animal Rescue","649","Big Little Life Animal Rescue is a volunteer-run 501(c)(3) nonprofit dedicated to giving abandoned, injured, and forgotten dogs a second chance.

Every video on this channel is part of a real rescue story.
Some of these dogs arrive starving, sick, or badly injured. Some have spent years on chains. Some have never known kindness at all. 
We share their journeys exactly as they happen, from emergency rescues and veterinary care to recovery, adoption, and the quiet moments that remind us why we keep going.
Not every story has a happy ending. But every dog deserves someone to fight for them.
If you've ever wondered whether one person can make a difference, you're in the right place.

Thank you for being here, for watching, for sharing these stories, and for helping us change lives, one dog at a time. ❤️","","United States"
"Noelle and Cats","647","Expect loads of adorable kittens meowing and precious cat faces!🐱💕 We help cats and kittens keep clean while they wait to be adopted from the cat shelter!🐾

Here's what you can look forward to on this channel:

🧹 Cat Shelter Cleaning: Get a direct view of the before-and-after magic as we scrub, and sanitize cat rooms—they are so happy after!

😻 Kitten Stories: Meet the incredible cats who have found their temporary homes in shelters and learn about their unique journeys.

🤗 Volunteering: Discover the heartwarming experiences of being a cat caregiver and maybe even be inspired to help out at your local cat or animal shelter.","","United States"
"4 Gus","639","I volunteer at animal shelters in Cyprus and share the sad and happy stories of these poor animals. Join me at the shelter as I give some love to the animals in need. There is a huge problem here in Cyprus with abandoned, abused, and neglected animals. These shelters work to save these animals and to find them their forever homes in nearby countries. I hope to spread the word that adoption is a rewarding choice. 

Some rescue groups I love:

TAKIS SHELTER - A wonderful man in Crete, dedicates his life to rescuing and running a large non-profit shelter. He offers short stay live-in volunteer opportunities if you want to combine a vacation with giving.

ARC - Animal Rescue Corps in Tennessee, called in situations such as puppy mill raids, hoarding, and police involved cruelty cases. Volunteer opportunities.

HOPE FOR PAWS - An angel in California who dedicates his life to rescuing.","","United States"
"Southampton Animal Shelter Foundation","630","The Southampton Animal Shelter Foundation (SASF) is a 501(c)3 non-profit, open-admission, no-kill- shelter that relies on the generosity of our donors and volunteers to care for the homeless animals in our community and place them in loving forever homes.

Our mission is to nurture the bond between humans and companion animals through education, advocacy, and adoption. We enrich the lives of the animals in our care through training, affection, and veterinary services, ultimately placing them in a loving forever home!","donations@sasf.org; grants@sasf.org; info@sasf.org; adoptions@sasf.org; clinic@sasf.org; education@sasf.org; marketing@sasf.org; training@sasf.org; volunteer@sasf.org","United States"
"Wildlife Rescue & Rehabilitation, Inc.","596","Our mission: To rescue, rehabilitate, and release native wildlife and to provide sanctuary, individualized care, and a voice for other animals in need.","",""
"Dove Creek Equine Rescue","593","We rescue, rehabilitate, re-train, and re-home horses in the Texas Panhandle who need a second chance in life. those who have been neglected, abandoned, or surrendered. We also provide compassionate care and connection for humans in need through our Equine-Assisted Learning program, Led By Horses. 

Dove Creek Equine Rescue serves what is referred to as “The Unwanted Horse Population”, horses within the domestic equine population that are no longer needed or useful, or their owners are no longer interested in or capable of providing financial or physical care. According to the Equine Rescue Network there are over 200,000 unwanted horses in the US.","","United States"
"Outlaw Equine Rescue and Rehab","586","As a 501 (C)3 our mission is to end the slaughter pipeline by rescuing, sheltering and treating  horses with love and compassion.  We also do our best to take in surrendered animals that might end up at the auction or their owners are unable to care for them.  We have recently become a Full Circle of Life Shelter.  Commited to do what is best for the animals.

Subscribe to our channel now to see what exciting adventure we get into next. It is only with the support and help of our subscribers we can go out and save more horse, mules, donkeys and other farm animals in need of a safe home. 

We look forward to see you all as we help as many animals as we can.","",""
"United Animal Rescue","581","United Animal Rescue (UAR) is CA non profit organization 501 c (3). UAR saves stray animals in Brazil. Brazil has one of the most largest stray population in the world and weakest legislation in animal sector. We rescue injured, abused, sick animals from street and giving them a chance to start a better life 2.0. We create castrations and vaccinations campaign among poor communities by offering free castration and vaccines for stray animals only and low income families. You can participate by donating to our organization or buy sharing our videos that others can get more familiar with lives of stray animals in Brazil. We believe that world can help Brazil by providing a financial assistance in castration and vaccinations of stray animals. There are 30+ million strays here. Please help these forgotten animals to have a better life. Vaccinations and castrations limit animals struggles. You can donate directly to United Animal rescue through PayPal: donations@unitedanimalrescue.com","donations@unitedanimalrescue.com",""
"WIRES","569","WIRES Wildlife Rescue has been rescuing and caring for native Australian animals for more than 35 years. 
Our mission is to actively rehabilitate and preserve Australian wildlife and inspire others to do the same.

WIRES has over 3500 volunteers in 28 branches involved in the rescue and care of wildlife. Our Rescue Office operates 365 days a year assisting the community to help native animals in distress. WIRES assist tens of thousands of animals every year, receiving over 100,000 requests for rescue advice & assistance in the last financial year.","","Australia"
"Horse Rescue Alliance","564","Welcome to Horse Rescue Alliance 🐎
Where every hoofprint matters.

At Horse Rescue Alliance, we rescue, rehabilitate, and rehome horses in need—giving neglected, abandoned, and slaughter-bound equines a second chance at life. Based in Davie Fl, our mission is to provide safe haven, medical care, training, and love to horses who have suffered abuse, starvation, or abandonment.

We believe every horse deserves a life of dignity, and through our work, we strive to raise awareness about horse slaughter, neglect, and the importance of responsible ownership. On this channel, you’ll find:

✨ Heartwarming rescue stories
🐴 Before-and-after transformations
🏡 Adoption success videos
📚 Horse care tips & educational content
📸 Behind-the-scenes of our daily rescue life

Subscribe to join our herd and help us spread hope, healing, and compassion—one horse at a time.

🌟 Let’s change lives together.
#HorseRescue #AdoptDontShop #EquineWelfare #HorseRehab #HorseRescueAlliance","",""
"Paws2Freedom Dog Rescue Charity","554","We are a Dog Rescue Charity based in Cornwall, in Great Britain. Our channel shows videos about some of the dogs that we have rescued from home and abroad, including those that we look after as Forever Fosters. Even more importantly, here you will find videos of our latest gorgeous dogs, just waiting for their forever homes.","info@paws2freedom.org; woof@paws2freedom.org","United Kingdom"
"Animals In Need Rescue Network","545","Animals In Need Rescue Network is  a 501c3  nonprofit  animal rescue dedicated to rescuing and saving animals and helping the people who want to help animals.  We focus on cats since there are so many millions  of kitties on the street and in shelters that need help and  are so misunderstood.  We also  rescue dogs and horses and any other animals we come across that need our help!  Please support our work  so we can save more  lives and make a tax deductible donation!
www.animalsinneedrescuenetwork.org Please Subscribe!","animalsinneedrescuenetwork@gmail.com; christine@animalsinneedrescuenetwork.org","United States"
"Sarvoham Animal Foundation","529","Sarvoham Animal Foundation is a remarkable dog shelter that has been dedicated to rescuing and caring for stray animals.
In the past 6 years Sarvoham has grown from a small charity and has blossomed into a well-organized animal welfare organization which has rescued more than 3000 street animals and currently homes to more than 200 dogs at its shelter.

Through our YouTube channel, we aim to share heartwarming rescue stories, heart-touching journeys of rehabilitation, and joyful tales of successful adoptions. By watching and subscribing to our channel, you can become a part of our mission and help us spread awareness about the importance of animal welfare and adoption.

Don't forget to hit the subscribe button and click the bell icon to stay updated with our latest rescue missions and adoption success stories. Your support means the world to us and the animals we care for","","India"
"Hopefield Animal Sanctuary","508","Here At Hopefield our mission is to provide a safe and loving home for abused, abandoned and neglected animals. 

We aim to promote humane behaviour towards animals around the world starting right here in Essex by providing appropriate care, protection, treatment, dietary needs and security for animals which are in need of care and attention because of sickness, mistreatment, abuse, poor circumstances or ill usage and to educate the public in matters of animal welfare and the prevention of cruelty and suffering among animals.

We are open to the public which is a vital part of our fundraising to enable the sanctuary to care for our resident animals and allows us to educate and encourage visitors to think about their own animals at home and in the wild.  

Our hope is that Hopefield inspires others to become advocates themselves for better animal welfare so we can continue our work.........Saving Animals Together","","United Kingdom"
"Shropshire Cat Rescue","505","Welcome to Shropshire Cat Rescue.

For 35 years, we've been rescuing and rehoming cats across Shropshire. We're a volunteer-run shelter caring for cats and kittens who need somewhere safe to recover, receive care and, where possible, find a suitable forever home.

Here you'll find the cats behind the rescue: their stories, personalities, progress and journeys to new homes, alongside behind-the-scenes content from life at the shelter.

We'll also share practical cat advice, educational content, fundraising appeals and a look at the people and work that keep the rescue running.

Follow the cats, meet the people behind their care and discover more about the work that happens every day at Shropshire Cat Rescue.

Subscribe, Sponsor and donate to support our work ↓","sponsorship@shropshirecatrescue.org.uk; info@shropshirecatrescue.org.uk; donation@shropshirecatrescue.org.uk; Emaildonation@shropshirecatrescue.org.uk","United Kingdom"
"AnimO - Mina's Animal Sanctuary","493","My name is Mina and I rescue animals in Japan. I have been diagnosed with terminal cancer and I'm using the time I have left to finish building my dream sanctuary so we can keep saving animals long after I'm gone. My sanctuary, AnimO (""Animal Oasis"") is located near Tokyo. It is Japan's first true land-based exotic animal sanctuary. Together with volunteers we usually care for up to 100 unwanted & special needs animals, which otherwise would have stayed in cages or even worse... 

We try to give them the best possible life at the sanctuary, so they can recover from their past and live happily in the present. 

In the future, I hope that I can build an education centre spreading awareness about animal welfare.","",""
"Farm Animal Rescue (Australia)","483","Farm Animal Rescue is a not for profit refuge for animals that have been freed from abusive situations and factory farms.  Once at sanctuary they live blissfully, free roaming in their forever home, receiving the best care to live out their natural lives in safety and harmony.  As well as rescue farmed animals, our mission is to speak up for animals farmed in the agriculture and food industry, exposing institutional cruelty and enabling people to emotionally connect with animals normally consumed for food.  

The farm is open to visitors on a regular basis, so that people can come to meet our residents. Each visitor has the opportunity to rub a pigs belly, pat a sheep, tumble around with a goat, and feed a rooster. During these animal contact sessions, we will tell visitors what the animals endured before they were rescued, and what life is really like for the millions of others on factory farms that we cannot save.","","Australia"
"RSPCA Radcliffe","462","Our mission is to take in unwanted, abandoned, stray and mistreated animals and find them loving, permanent homes. We always make sure that all the animals in our shelter are given all the love and care they need before they are rehomed. We support the RSPCA Inspectors with their case and abandoned animals. We never compromise on animal welfare.

Each year the RSPCA Radcliffe Animal Shelter cares for many hundreds of animals as they are brought in by RSPCA Inspectors or members of the public having been found abandoned, injured or as victims of cruelty and abuse. It costs the shelter over £500,000 a year to help local animals. All of our funds are raised locally from members of the public, companies and other organisations.","education@rspca-radcliffe.org.uk; info@rspca-radcliffe.org.uk","United Kingdom"
"CATHERINE VIOLET HUBBARD ANIMAL SANCTUARY","462","Catherine Violet Hubbard Animal Sanctuary http://www.cvhfoundation.org.","",""
"Forget Me Not Animal Shelter","456","The YouTube video channel for the Forget Me Not Animal Shelter in Republic, WA.","","United States"
"Foothills Animal Shelter","433","Foothills Animal Shelter is an open admissions facility, which means we never turn away an animal. We care for more than 8  ,000 orphaned cats, kittens, dogs, puppies and critters every year with a compassionate team of staff and volunteers. We are a true community resource and offer a variety of services including pet adoption, Jefferson County pet licensing, affordable spaying and neutering, vaccinations, microchipping and lost and found pets. Foothills Animal Shelter is dedicated to providing the best care possible for every animal that enters our doors. We are committed to our important mission and the life-saving work that we do every day of the year.

We encourage candid discussions on our Facebook page, but please be respectful! Any comments that are offensive, obscene, inappropriate or contain spam will be deleted. All service-related questions or comments that require an immediate response should be directed to us at (303) 278-7575.","","United States"
"Lost Dog and Cat Rescue Foundation","431","LDCRF is a Virginia based rescue organization that helps homeless and abandoned animals find permanent, loving homes. We reduce pet overpopulation by spaying or neutering every pet in our care before we put him or her up for adoption. The animals at our rescue are pulled from crowded rural shelters, where their chances of being adopted are very slim. 

Please watch our videos for more information about Lost Dog and Cat Rescue, and check out our website at www.lostdogrescue.org for even more information!","",""
"Open Door Animal Sanctuary","427","Open Door Animal Sanctuary, founded in 1975, is the largest no-kill shelter in the greater St. Louis area and State of Missouri.  Open Door’s Mission is to provide homeless cats and dogs with the highest quality of life and a second chance to find a forever family. We serve the community by taking in stray, abused, neglected and otherwise unwanted cats and dogs and placing them up for adoption. Each day we provide shelter, food, medical care and LOVE to more than 400 animals. Every animal that comes to us has a home and a second chance at life.","Cats@odas.org; Development@odas.org; Dogs@odas.org; Jeanette@odas.org; jeangutch@hotmail.com; Melissa@odas.org; office@odas.org; Tracie@odas.org; volunteer@odas.org",""
"Sleepy Pig Farm Animal Sanctuary","416","It’s a Beautiful Day to Save Animals
501c3 Non Profit Animal Sanctuary
Venmo: sleepypigfarm
Become a monthly patron to support the animals at patreon.com/sleepypigfarm

For more info:
linktr.ee/sleepypigfarm","","United States"
"CrazyKFarm","402","Welcome to Crazy K Farm! 🐔🐱🦆

We're a Texas-based animal sanctuary AND the makers of award-winning pet products trusted by 50,000+ pet owners worldwide

🏡 OUR SANCTUARY (501c3 Nonprofit - EIN 46-2942130)
Caring for 200+ rescued animals including chickens, ducks, geese, cats, dogs, horses, goats, sheep, pigs & parrots in Hempstead, Texas. Featured on CBS Sunday Morning & Animal Planet.

🛒 OUR PRODUCTS (Made in USA)
• Kitty Holster® - #1 rated cat walking harness
• Hen Saver® - Chicken saddles & protection
• Hen Holster® - Bird diapers for chickens, ducks & geese  
• Birdy Bootie® - Bumblefoot treatment & foot protection
• Diapurr® - Cat diapers for special needs cats

Every purchase supports rescued animals! 🐾

📺 Watch how-to videos, animal rescue stories & product tutorials
🎓 20+ patents | Featured on CBS, in Houston Chronicle & Backyard Poultry
👩‍🔬 Founded by Dr. Tobi Kosanke, Ph.D. Geologist turned entrepreneur

#CrazyKFarm #AnimalRescue #BackyardChickens #CatHarness #MadeInUSA","","United States"
"Da Vinci's Dream","400","Welcome to Da Vinci's Dream, a registered 501(c)(3) nonprofit animal rescue based in Kentucky dedicated to saving dogs and cats through foster care, responsible adoption, transport coordination, and community outreach.

Our animals come from high-risk shelters, neglect cases, and urgent rescue situations. Each animal is placed in foster care, where we learn about personality, routine, and ideal home placement before adoption.

Through adoption, transport, and community support, our volunteers work to give vulnerable animals a second chance and connect them with loving forever homes.

If you are interested in adopting, fostering, or supporting our mission, visit davincisdream.org to learn more about our adoption process, available animals, and transport options.

Subscribe to follow rescue stories, available animals, and the daily work behind foster-based rescue in Kentucky.","","United States"
"Lancaster Farm Sanctuary","396","Lancaster Farm Sanctuary is a 501(c)(3) non-profit farmed animal sanctuary.

LFS is an LGBTQ-founded and led organization. It is the mission of LFS to rescue farmed animals and provide them with sanctuary and inspire humans to live with compassion and respect. The purpose of LFS is to reduce animal suffering and lead humanity to a kinder and more sustainable future by connecting the seemingly disparate, but deeply connected issues of animal exploitation, social injustice, failing human healthcare, and environmental degradation. By connecting with individuals, educating the general public, and collaborating with local organizations, LFS models the change necessary to improve the lives of community members, human and nonhuman alike. 

Our core values: Justice, Integrity, Compassion, Responsibility, and Courage","","United States"
"Hold Fast To Dreams Animal Sanctuary & Rescue ODV","389","Welcome to our Italian Farm!🐴🐔🐶 We are an animal rescue, sanctuary, and horse farm here in the countryside of Italy. We started out as two cousins traveling around Europe in a caravan saving all the animals we could safely fit in our van. We’ve re-homed over 200 rescue dogs and now that we have our land to call home, we are a forever home to many of our horses, dogs, cats, goats, donkeys, birds and whatever other wonderful creatures join us along the way. We also open our doors to many van-lifers as a place for them to come spend some time with the animals whether it’s just a stop over on their travels or a place they’d like to spend some time volunteering with the animals and our team. 😅🚐🐶🐱🐰🐴✨

FB: https://www.facebook.com/share/1EVLcZp8r6/?mibextid=LQQJ4d

IG: https://www.instagram.com/holdfasttodreamsitaly

🐴 Donate to bring Liam home:
https://www.gofundme.com/f/donate-to-help-bring-liam-home","",""
"Downtown Dog Rescue","384","Downtown Dog Rescue is an all volunteer run 501C3 nonprofit organization that believes in second chances for both dogs and people. We rescue dogs and provide services for low income pet owners in under served communities in Los Angeles County.
Visit www.downtowndogrescue.org to learn more about our programs and on how to adopt a dog from DDR.","",""
"Alaqua Animal Refuge","382","As the premier no-kill animal shelter and sanctuary in the Southeast, Alaqua Animal Refuge believes that every abused, neglected and homeless animal deserves a second chance. Committed to providing protection, shelter and care to animals in need, this private, 501(c)3 non-profit also offers a full-service adoption center, educational outreach, and community programs that touch a diverse constituency.

 Since its inception in 2007, Alaqua has been pushing the boundaries of animal welfare services, cruelty prevention, and advocacy for all animals and is a recognized leader on these issues in our region, our state, and around the U.S.—all the while rescuing, rehabilitating and finding new homes for animals of all kinds. 

To learn more, visit our website at www.Alaqua.org","","United States"
"Whispering Hearts Horse Rescue, Hagersville Ontario","372","Whispering Hearts Horse Rescue Center is a federally registered non-profit organization with charitable status.

Our mandate is 
To provide care and rehabilitation 
to abused and neglected horses. 
To assist members of the community 
that can no longer care for their horses 
in an attempt to prevent innocent animals 
being subjected to cruelty and neglect.

Our Goals and Objectives are:

Create a volunteer-based, equine welfare organization to ensure quality care and treatment of horses through intervention, education and outreach. 

Create a partnership to provide a reputable facility for the care and rehabilitation of horses under investigation.

Educate the public on equine welfare issues

Establish a program to assist other rescue organizations in Ontario as more facilities are needed to take in the increasing number of abused and neglected horses across the Province.","","Canada"
"Just Paws Animal Rescue","372","Just Paws Animal Rescue is a not for profit animal rescue and rehoming organization, established in 2014. We are a foster based rescue based in the Greater Toronto Area of Ontario, Canada. 


Mission
Our mission is to rescue and rehome unwanted, abandoned, abused and unloved pets that find themselves alone and frightened in shelters. These animals give unconditional love and should receive the same love back. Unfortunately there is a need and while ever there is a need we will be there to help. Our long term goal is to build towards the opening of our own shelter and be able to help with behavioral issues, special needs, and to offer a haven to less adoptable pets.","",""
"Aimee's Farm Animal Sanctuary","372","Standing up for those without a voice, our mission is to rescue, rehabilitate and to spread awareness of farm animals in need. Aimee's Farm Animal Sanctuary is a 501(c)(3) non-profit home to 100+ sentient beings in sunny Queen Creek, Arizona!

Tax Deductible Donation Links:⁣
⁣
❤️PayPal: http://paypal.me/aimeesfarm⁣
❤️Venmo: aimeesfarm 

Please subscribe!","","United States"
"Spirit Keeper Animal Sanctuary","363","Spirit Keeper Animal Sanctuary is a 501(c)(3) nonprofit animal welfare organization dedicated to providing lifelong sanctuary for animals with special medical, behavioral, and welfare needs. We care for horses, snakes, dogs, cats, and other companion animals who have been neglected, abused, relinquished, or require specialized long-term care that makes placement difficult. Our mission extends beyond rescue. Through science-based behavioral husbandry, positive welfare practices, education, and community outreach, we strive to help every animal experience a life well lived while inspiring compassionate, evidence-based care for animals everywhere. Our journey began as a safe haven for horses in need of lifetime sanctuary and has grown into an organization able to offer those same services across species, specializing in unique veterinary, behavioral, and nutritional needs.","SpiritKeeper_Equine@aol.com; SpiritKeeperEquineSanctuary@gmail.com","United States"
"Alturas Wildlife Rescue","361","Alturas Wildlife Sanctuary is a refuge for injured, orphaned, and displaced animals near the coastal town of Dominical in Osa. Since our founding in 2014, we have rescued over 3,500 animals from three different conservation areas, covering 19% of Costa Rica’s land. Our key missions are to rescue, rehabilitate, and release wildlife back into their natural habitats.","tours@alturaswildlifesanctuary.org","Costa Rica"
"Second Chance Animal Services","359","Second Chance Animal Services is a nationally recognized organization that provides innovative programs and services to help animals. Second Chance Animal Services has been helping animals since 1999. We are a non-profit charitable 501c3 organization that operates a no-kill animal shelter, veterinary hospitals that offer subsidized rates, and more. We help over 56,000 pets through adoption, low cost spay/neuter, full service veterinary care with subsidized rates for qualified households, community outreach, educational programs, training, a pet food pantry, and other services.  We strive to keep pets in loving homes whenever possible by providing services to help pets in the community.  We also operate an animal shelter that helps thousands of pets each year.","","United States"
"Friends of Strays Animal Shelter","347","Friends of Strays is a non-profit organization founded in 1978 in St. Petersburg, FL, dedicated to the care and adoption of homeless pets.
We believe that love saves lives – and it takes everyone to make that work happen. As a nonprofit, we rely on the generosity of our community to save the lives of more than 4,000 cats and dogs each year, giving them the refuge, care, and love they deserve. Every animal who comes in our door is treated as an individual, with their own needs and preferences. Through our adoption and trap-neuter-vaccinate-return programs, we seek to humanely reduce the number of homeless animals Pinellas County, Tampa Bay, and the state of Florida.","",""
"Fur Warriors","323","Fur Warriors is a charity organization that helps to rescue, rehabilitate, and find forever homes for survivors of the dog meat trade, high kill shelters, and animal abuse cases world wide.   

We work hard to rescue local stray cats, rehabilitate, and specialize in socializing feral cats to be loving house pets to keep them safe off the streets forever.   

All our animals are rescued, sterilized, vaccinated and rehabilitated to be loving family pets.  We also do feeding, sterilization & vaccination programs to stray animals outside of our rescue.  

Our rescue is as strong as our community support behind us. We rely on donations and community fundraisers to help hundreds of animals in need. 

Our rescue is 100% volunteered based with dedicated individuals who have an extreme love and passion for animals. We are not paid,  but passionate about being a voice for the voiceless. 

. 

To contribute towards our mission, donations can be made via 
WWW.FURWARRIORS.COM/DONATE","",""
"North Mountain Animal Sanctuary","318","North Mountain Animal Sanctuary is a registered charity and farm animal rescue in the Annapolis Valley, Nova Scotia, Canada.  NMAS provided care, comfort, and rehabilitation to abused, neglected, and unwanted farm animals.   At present there are sheep, goats, chickens, pigs, turkeys, rabbits, guinea pigs, hedgehogs, and turtles in care.  For more information or to make a donation, visit our website at www.nmas.ca and follow us on Facebook & Instagram.","",""
"Homeward Trails Animal Rescue","312","Homeward Trails Animal Rescue is a non-profit 501(c)(3) organization that provides pet adoption in Virginia, Washington, DC and Maryland. We find homes for dogs and cats rescued from high-kill animal shelters, whose owners could no longer care for them or those found as strays.  Learn more at http://homewardtrails.org/","spayneuter@homewardtrails.org; info@homewardtrails.org; donate@homewardtrails.org; fosterdog@homewardtrails.org; kelseym@homewardtrails.org; surrendercat@homewardtrails.org; surrenderdog@homewardtrails.org; volunteer@homewardtrails.org",""
"It Takes A Village Dog Rescue","300","It Takes a Village is a Canadian Registered Charity, non-profit organization that focuses on finding homes for Canada's dogs in need. Our organization is foster based and is made up entirely of dedicated volunteers and experienced rescuers who have united to improve the lives of dogs who find themselves without a home. We believe in giving dogs in need a fresh start at a new life.

Our mission is to rescue, rehabilitate, and rehome dogs in need. The happiness and success of the dogs in our rescue community is our priority and the reason we do what we do.

If you share our passion then get involved! We are always looking for committed volunteers to join our team. We welcome new fosters, events volunteers, transportation volunteers, administrative volunteers, and short term dog sitters. We operate out of EASTERN ONTARIO, CANADA and are always eager to welcome new volunteers from the area.","",""
"Beautiful Together Animal Sanctuary","297","We are Beautiful Together Animal Sanctuary, an animal rescue nonprofit located in the Chapel Hill area of North Carolina. Rescuing dogs and cats in need and finding them loving homes is what we do! 🐾  Visit this link to get to know all of our adoptable pets, and to learn how to foster, donate, and volunteer with us: https://linktr.ee/BeautifulTogetherSanctuary

🐶 🐱 #BeautifulTogetherAnimalSanctuary

We Believe:

We believe that no animal should be mistreated, abandoned or neglected.

We believe that patience, kindness and love can change everything for a previously homeless pet.

We believe that animals can offer extraordinary joy, comfort, and companionship to the people who care for them.

And we believe in the collective impact of all who work toward the day when no animal is euthanized for lack of a home.","","United States"
"PACC911","283","PACC911 is a nonprofit 501(c)3  animal welfare coalition of over 140 animal rescue groups in the greater Phoenix area. 

We fulfill four vital community functions. Large-scale pet adoption events (Adoptathons); Education about Animal Welfare (particularly the need to spay and neuter); A Pet Food Pantry, Chuck Waggin'  supporting families in need to feed pets during financial difficulties; And most of all, we fundraise to provide much-needed Medical Assistance funds for our coalition partners. 

Veterinary expenses can be daunting and the biggest challenge to rescuers. Our coalition groups depend on our raised funds to help them save neglected, abused and abandoned animals and ultimately place them in loving homes.  We have fundraised over 8 million dollars since we've started, and in 2023 alone PACC911 partners have saved 36,000 animals in Arizona. 

Please visit PACC911.org to learn more about us.","",""
"Harbin SHS Animal Rescue","270","We're a registered 501c3 non-profit (EIN 83-4274095). 

Founded by 3 girls from Australia, England and Ireland, whilst living in China. We're just trying to save as many animals as we possibly can, and bring greater animal welfare and support to Harbin and the surrounding areas in China. Working with locals and the authorities to make it a safer, kinder and happier place for all species. 

We have been rescuing in China for over 8 years. 

Our Instagram is  @Slaughterhouse_survivors for daily content and live videos.

We have over 1000 animals currently in our care at our Safehouse facility:

Visit our website for more info:
https://linktr.ee/harbinshs

Thank you for your support!

Volunteer email: volunteer@harbinshs 

Support email: support@harbinshs.com

Venmo: @harbinshs 

Paypal: Support@harbinshs.com

Adoptions email: adoptions@harbinshs.com","support@harbinshs.com; adoptions@harbinshs.com","United Kingdom"
"Pasha Adoption & Rehabilitation Center","263","Pasha Adoption and Rehabilitation Center is a non-profit animal rescue established in February 2022. Our Center was founded by members of Vucjak Shelter’s Adoption Team as a pilot project to facilitate the rehabilitation and adoption of special-need animals and provide palliative care for the critically ill ones that would otherwise struggle in a shelter environment.

We offer a spay/neuter program, comprehensive vet care, and adoption services in Serbia and abroad. Thanks to our staff’s skilled handling and training, all our adoptable animals are well socialized and friendly with other dogs, cats, and humans!

As a foster-based rescue, we focus on placing our animals in secure, caring foster homes once they are rehabilitated and ready for adoption. We are dedicated to building a coalition of rescue-minded individuals and organizations across Europe, the U.K., Canada, and the United States so that together, we can save more at-risk stray animals in Serbia.

https://www.PashaARC.co.uk","","United States"
"MidMI CatRescue","256","Mid-Michigan Cat Rescue is a non-profit organization dedicated to finding ""forever homes"" for homeless cats. We pride ourselves on a proven ""matching"" system to successfully bring together adoptive families with the right feline companions!
www.mmcr.petfinder.com","",""
"Animal Rescue","254","🙏 Welcome to the Animal Rescues family!

We’re here to rescue, heal, and protect homeless, injured, and neglected animals.
Every day, we work on the ground to give voiceless animals a second chance at life.

📽️ What you'll find on our channel:

🐶 Real-life animal rescues

✨ Heart-touching before & after transformations

❤️ Emotional rescue stories

📢 Awareness & educational content

🏡 Adoption and foster success stories


We believe every animal deserves love, care, and dignity.","",""
"Kind Animal Sanctuary","254","A shelter of Love, A Home for All We are a sanctuary for rescued and homeless animals in Chiang Dao.","",""
"Roice-Hurst Humane Society","245","Roice-Hurst Humane Society is a shelter, adoption center and community resource focused on our mission - Promoting bonds between pets and their people.","","United States"
"Harmony Farm Sanctuary","244","Harmony Farm Sanctuary (HFS) is a nonprofit vegan farm sanctuary in beautiful Central Oregon. Our mission is two-fold; first, we rescue, rehabilitate and provide an excellent home for retired, unwanted or abused farmed animals. Second, we strive to build compassion for all sentient beings.

Currently, Harmony Farm Sanctuary is home to more than 130 rescued farm animals! They depend 100% on donors like you for all of their care.

501(c)3 Not-for-Profit for Farm Animal Rescue
Federal ID# 47-4073127.","",""
"Rosies Farm Sanctuary","243","Rosie’s Farm Sanctuary is a non-profit farm animal sanctuary in Potomac, Maryland. We give rescued farmed animals the forever home they deserve. We also help animals through advocacy and educating the public about compassionate lifestyles.","",""
"Goatlandia Farm Animal Sanctuary","233","Goatlandia is an animal sanctuary that rescues farm animals and educates the public about the choice for a compassionate lifestyle. In addition to providing a safe and loving forever home to our own feathered and furry family, we also place our rescued animal friends into other loving homes through our adoption program.","",""
"Pawprint - weekly podcast for animal rescue","228","Nancy & Harold Rhee focus on animal rescue, foster, adoption, & training in a shelter, SPCA, or humane society. Be a Paw Print hero - volunteer, adopt a dog, cat, or pet. Stop abuse, and help protection & welfare.

Have you ever wondered what it takes to place a stray dog or cat in a permanent home? Meet the everyday heroes of animal rescue and animal foster who use hard work, dedication, and out-of-the-box ideas to give homeless dogs, cats, and other pets a second chance.

Our website is http://thisispawprint. Look for ""thisispawprint"" on social media.","","United States"
"Freyja's Friends Small Farm Animal Rescue","227","We are a nonprofit (501c3) rescue and sanctuary for small farm animals. Located in Southern California.

We help animals and people, as well. The unwanted and the broken need someone to love them. Repurposing gives purpose to something that was seemingly “useless.” I wanted to feel that I still had purpose, so I give that feeling to others whenever I can. 

Become one of Freyja’s Friends at freyjasfriends.org and inquire how donate time, money, supplies, or advice. Find us on Facebook and Instagram. https://www.facebook.com/jennifer.rescuer?mibextid=wwXIfr is monetized, so like, comment, and share to help for free!

It’s okay to not be okay sometimes. You and other animals don’t have to be thrown away, you still have purpose.","",""
"Andy_AnimalVolunteer","224","Hi! 👋

My names Andrea and I volunteer at my local animal shelter.

Come follow along to meet the animals and see days in life content. Watching and sharing helps the pups get seen and maybe even adopted, together we can all make a difference!

Thank you 
Xoxo
😘","",""
"Friends of Lackota Animal Sanctuary","223","Friends of Lackota Animal Sanctuary | Northern Colorado

Named after a rescued horse saved nearly 30 years ago, Friends of Lackota Animal Sanctuary was founded to give animals a second chance at life. The sanctuary began when a young boy refused to let Lackota go to slaughter—working hard to save him and, in the process, finding a lifelong purpose.

Located in Northern Colorado, we specialize in rescuing horses and donkeys from the slaughter pipeline, but no animal is turned away if we can provide proper care. Many arrive from kill pens or auctions, often neglected, afraid, and broken. Here, they receive love, rehabilitation, and safety—whether they find a forever home or remain at the sanctuary.

Our mission is simple: help animals beat the odds and live the life they deserve.","friendsoflackota@gmail.com","United States"
"Nate's Honor Animal Rescue Center","219","Since 2008, we have been dedicated to helping neglected, abandoned, and mistreated dogs and cats in need of loving homes. We started as a small group of animal lovers working out of a garage until Nathan “Nate” Benderson, a local developer with an affinity for animals, caught wind of the group and joined. Nate provided the necessary vision and leadership to establish what is now known as Nate’s Honor Animal Rescue.

Today, together with a staff of caring volunteers and an incredibly supportive community, we save thousands of homeless and at-risk animals each year at our eight-acre, no-kill shelter and adoption facility on Lorraine Road.

As a 501(c)(3) non-profit animal rescue organization, we are proud to provide a place where homeless cats and dogs can receive the love and care they deserve while they wait to be welcomed into their forever homes.","",""
"Metro Cat Rescue","214","Metro Cat Rescue saves kittens and cats from sickness, starvation and death in the streets. We intervene where a cat is about to die. Metro Cat Rescue also coordinates the volunteer care of many outdoor cats in a number of colonies.

Our dream is to establish a facility to provide care for homeless kittens and cats with easily treated but contagious conditions — those innocents that now elsewhere regularly are made to die.

Anthony Olszewski and friends have been saving kittens and cats for for many years. The Metro Cat Rescue Facebook Page shows just some of the many cats and kittens that we rescued in only the last few years.

To learn more, please visit
http://MetroCatRescue.com","",""
"Denver Animal Shelter","196","Denver Animal Protection (DAP) provides animal care and protection services for all of Denver County. We foster the human-animal bond by protecting the safety and welfare of Denver's animals and citizens. DAP is committed to providing humane care to companion animals; reuniting lost pets with their owners; adopting pets to loving homes; enforcing Denver County animal ordinances; and proactively educating the public about animals, their needs, and DAP's critical role as a community resource.

DAP operates Denver Animal Shelter (DAS), an open-admission shelter that is home to more than 7,500 lost and abandoned pets each year.

Visit us (M-F) from 10:30am-6:30pm or (Sat/Sun) 11:00am-5:00pm at: 
1241 W. Bayaud Ave
Denver, CO  80223","",""
"Back to Nature Wildlife Refuge Official","192","www.BTNwildlife.org/donate 
BTN is a non-profit wildlife rehabilitation and education center located in Orlando, FL. We accept Florida native injured and orphaned wildlife for rehabilitation and release (approx. 3.5k animals annually). We are open to the public for visitation and educate with our sanctuary animals. We house approx. 30 non-releasable wild animals including rescued ring tailed lemurs, impaired owls, bobcats, fox, goats, tortoises, squirrels and more! 
View btnwildlife.org to learn about BTN and plan your visit.","",""
"Cuyahoga County Animal Shelter","192","Cuyahoga County Animal Shelter YouTube highlights.","",""
"Abandoned Animal Rescue","191","AAR’s mission is to work towards ending pet overpopulation that results in the euthanasia of unwanted cats and dogs. We do this by providing a rescue and adoption center, by emphasizing the importance of spaying and neutering and by educating on humane animal ownership. AAR is committed to the emotional, physical, and behavioral well being of each animal in our care. In addition to providing a shelter for abandoned animals, AAR has foster families for special needs animals, litters, and rehabilitation.

AAR is a Cat & Dog Center that includes a limited intake adoption facility, community education outreach, and an affordable wellness and spay/neuter clinic through our partners at Texas Litter Control. Founded in 2002 by dedicated animal lovers Angie Fenton, Barbara Schulz, and James Gordon, AAR is entirely managed and maintained by volunteers.

Follow us here and on our other media for more information about our cause, updates and information on our adoptable animals.","info@aartexas.org; cats@aartexas.org; dogs@aartexas.org; events@aartexas.org; lostandfoundpets@aartexas.org; volunteer@aartexas.org","United States"
"Iron Gait Percherons, Inc. - Draft Horse Rescue & Sanctuary","181","We want to try to save as many of these massive horses as we physically can by going to auctions and purchasing & saving them from slaughter, owner surrenders as well as helping authority seizures across the USA. We refurbish all their medical, emotional & nutritional needs and find them safe, loving forever homes. Many people are not aware of how wonderful a Percheron performs as a riding companion, through our Rescue we hope to inform the public & community of this simple & rewarding new job for these gentle giants.","",""
"A Better Life Animal Sanctuary","178","A Better Life Animal Sanctuary is a forever home based in Perth, Western Australia for farm animals and others who have been rescued or adopted. Sadly many of our animals were saved from abuse or neglect and as a result we hope to educate and raise awareness of living a conscious, ethical life that excludes the exploitation of animals. Oh, and we like cute animal photos just as much as you do!","",""
"Golden Oldies Cat Rescue","177","Golden Oldies Cat Rescue is a 501c3 nonprofit. We are a resource and advocate for cats ages 6 and older residing in Monterey County, CA, whose guardians can no longer care for them or who are at risk in local shelters. When cats are surrendered to us, they live in our volunteer foster homes until we find permanent loving adoptive homes for them. Call us at (831) 200-9232, email us at info@gocatrescue.org or go to our website at www.gocatrescue.org.","info@gocatrescue.org","United States"
"The Herd That Heals: Tecate Horse Rescue","164","Welcome to The Herd That Heals — where rescued horses find new life, and in the process, help humans heal too. 🐴💜

Here you’ll meet incredible rescue stories, learn how horses teach us compassion, resilience, and trust, and see the daily life of running a 100-acre horse rescue and wellness ranch. From before-and-after transformations to inspiring lessons from the herd, each video is a reminder that healing is possible — for horses and humans alike.

Expect:
✨ Heartfelt rescue stories
✨ Equine-assisted therapy insights
✨ Behind-the-scenes ranch life
✨ Live music & storytelling with the herd
✨ Ways you can join our mission

Subscribe and be part of a community that believes in second chances. Together, we rescue, rehabilitate, and reconnect — because when horses heal, humans heal too.","",""
"Shelter to Home Animal Foster and Adoption HK","161","Welcome to Shelter to Home Hong Kong – a channel dedicated to helping rescued dogs find loving homes. 🐾

We work closely with local shelters and fosters to share real stories of adoptable dogs, peaceful moments, and inspiring journeys. From adoption day highlights to relaxing puppy nap videos, every clip is made with heart.

🎥 What you’ll find here:

Relaxing dog sleep videos with calming music

Behind-the-scenes of foster life and adoption events

Life with rescue dogs — hiking, bonding, silly moments, and more

💛 Support us by subscribing and sharing.
Together, we can help more dogs go from shelter to home.

📍 Based in Hong Kong  |  📸 IG: []  |  🌐","","Hong Kong"
"Rural Animal Rescue Effort (RARE)","161","💙 We rescue animals in rural areas to find them safe foster and forever homes 📍 Middle Tennessee","","United States"
"Glendale Animal Rescue Home","150","We are dedicated to rescuing dogs and cats in need, placing them in caring foster or adoptive families.

LINKS—————————————————

Website- www.glendaleanimalrescuehome.org

Instagram - glendaleanimalrescuehome2026

Email - glendaleanimalrescuehome@yahoo.com

Facebook - glendaleanimalrescuehome2026","glendaleanimalrescuehome@yahoo.com",""
"HIdden Pond Farm Equine Rescue","143","Hidden Pond Farm Equine Rescue is a registered 501(c)(3) non-profit organization located in Brentwood, NH. Our mission to save horses in danger of entering the slaughter pipeline, either by buying horses at auction, bailing them out from kill pens, or by assisting owners who can no longer take care of them. We rescue, rehab, and rehome them to safe, loving, forever homes. Learn more at https://hiddenpondequinerescue.org","ediefy@yahoo.com",""
"WILDLIFE RESCUE TEAM","143","WILDLIFE RESCUE TEAM
 We give you the experience of how we rescue fauna
 we rescue animals birds and reptiles , we also feed street animals, we are open for adopting your pets  as well
Since  18/04/2013

WILDLIFE RESCUE TEAM :- Registration no E/20240   

Like, Share, Subscribe !!!

Contact :- Arvind Parmar, 9898828609, 8511002410

For Donation 
IFSC            :-SBIN005305
A/C. No.    :-  33485624932
State Bank of India (SBI), Dharamnagar, Ahmadabad, Gujarat, India.","",""
"Friends of Rescue Animals","142","Friends of Rescue Animals (FRAs) is an all-volunteer 501(c)(3) non-profit organization founded in 2004. Our organization has grown to over 300 volunteers, and with this growth, we now support two municipal shelters -- Rowlett, TX and Garland, TX – and operate our own cat rescue program.  FRAs has helped countless pets avoid euthanasia, find their forever homes and live longer, healthier lives.

Our mission is to provide resources, programs and education to promote adoption and care of homeless pets in our community. FRAs’ vision is a world where every companion animal has a safe and loving forever home. 

Our organizational programs include operating the volunteer program for both shelters, providing funding for heartworm treatments and emergency medical care, accepting cats from the shelter and citizens into our foster-based cat rescue, supporting TNR/SNR efforts for community cats and most recently funding dog transport initiatives.","",""
"Central Virginia Horse Rescue","136","Central Virginia Horse Rescue, Inc (CVHR) is a  501(c)3 non-profit organization dedicated to the compassionate care of equines.  Our mission is to save, protect, and rehabilitate equines in need.  We rescue unwanted, abused, neglected, or abandoned equines; provide them with care and rehabilitation; and finally find them a compatible, loving home.  We believe that education is the long-term solution to improving the lives of equines.

Our goal is to aid abused, neglected, starving, and unwanted horses from surrenders, animal control, or auctions. We provide food, training, and veterinary care for their recovery. Post-recovery, they're evaluated and put up for adoption to approved homes. Economic challenges have led to increased horse sales but fewer buyers, resulting in more horses in danger. Many are abandoned or auctioned. We offer these horses a temporary haven until a permanent, loving home is found.","","United States"
"CAWS - Community Animal Welfare Society","136","CAWS is a no-kill, volunteer and foster-based 501(c)(3) nonprofit organization whose mission is working with the community to help animals. As Utah’s oldest animal rescue group, our ongoing rescue, foster, education and adoption programs help animals whose time is up at shelters, those who are abandoned, and as our resources allow, those whom their owners can no longer keep.

We are committed to saving the animals that are often overlooked and under-appreciated at local shelters; this includes, the sick, injured, senior and neonatal kittens and their mothers. We are dedicated to helping those special needs animals find their forever homes.

Our rescue and adoption process is sustainable, innovative and effective. In 2015, we rescued and adopted out over one thousand dogs and cats from shelters throughout the state of Utah.","","United States"
"CPCAS","136","Cookeville/Putnam County Animal Shelter","",""
"Costa Rica Animal Rescue Center","135","Dedicated to helping wildlife by all means possible. We aim to rescue, rehabilitate and release. Volunteer with us or donate to make a big difference to the lives of our rescued animals:
www.costaricaanimalrescuecenter.org","","Costa Rica"
"Bonaparte's Retreat Dog Rescue","134","Founded in 2004 by Grammy-winning singer-songwriter Emmylou Harris, Bonaparte’s Retreat is named in memory of one of Emmylou’s own beloved dogs. For 10 year, Bonaparte traveled ""on the road"" with her as she performed around the world. When he died suddenly in 2002, Emmylou was heartbroken. But her personal loss became the genesis of something remarkable. Emmylou established Bonaparte’s Retreat, a 501(c)3 nonprofit dog rescue organization in Nashville and dedicated to providing nurturing care for adoptable dogs when their allotted time at a shelter has elapsed. Our mission is to prevent these wonderful animals from being euthanized and to adopt them into permanent, loving homes.","",""
"Animal Rescue Rhode Island","126","ARRI is an animal shelter dedicated to rescuing companion animals in need & to the humane welfare of homeless animals.","info@animalrescueri.org; shelter@animalrescueri.org; events@animalrescueri.org","United States"
"Broome Animal Sanctuary","120","BAS is an animal sanctuary for unwanted farm animals whose lives are threatened. We raise awareness of factory farm atrocities while promoting a happier healthier and more humane way of life between humans, animals and the environment. 501(c)(3)","info@broomeanimalsanctuary.com","United States"
"Horses with Hope Equine Rescue","119","""Helping rescued horses find their human soul mates""

Horses With Hope is a privately funded equine rescue located in Hope, Maine dedicated to rehabilitating and retraining neglected, starved, abused and at-risk equines, and change the stigma surrounding the rescue horse.
HWH Rescue is dedicated to the compassionate care of equines of all shapes, sizes and backgrounds. Our mission is to rescue and rehabilitate abused, neglected, and abandoned equines and match them with compatible and loving homes based on the individual horse's needs. We believe in using true horsemanship to develop a relationship with each horse, and to help each horse reach its full potential. 
Please feel free to contact us if you would like to hear about other horses we may have available for adoption, or if you are interested in learning more about us.
horseswithhopeme.org","",""
"Griffin Pond Animal Shelter","113","Our Mission
Our Mission is to investigate, help prosecute and prevent cruelty to animals while also promote adoption awareness and humane education plus responsible pet ownership. We promote this all while we care for the animals surrendered to our shelter to the best of our ability every day until we find them new loving homes. 

Griffin Pond Animal Shelter was established as the Humane Society of Lackawanna County in 1938 to provide shelter for homeless, unwanted and abused animals. The shelter cares for over 200 animals on a daily basis, which is a considerable cost when you consider how much staff, food, medicine and supplies the shelter requires to operate. We also provide for animals that are sick, elderly and injured that are in our custody due to various reasons such as owner surrender and cruelty case investigations. 

Our shelter is not affiliated with any other organizations and we are completely funded by private donations. Because we do not receive any federal, state or co","",""
"Tri-County Animal Rescue","109","Tri County Humane Society is 100% NO-KILL 501(c)3 non-profit rescue committed to saving the lives of unwanted cats and dogs who would otherwise be euthanized. We are located in Boca Raton, FL. 

Tri-County Animal Rescue  
21287 Boca Rio Rd Boca Raton, FL 33433
(561) 482-8110
tricountyanimalrescue.com
Animal Protection Organization
Tuesday, Thursday-Sunday 9:30 am -- 4:00 pm","",""
"The Ark of San Juan Companion Animal Rescue","108","The Ark of San Juan Companion Animal Rescue is a 100% volunteer organization based in San Juan Capistrano, California. We are a registered 501(c)(3) non-profit group and our Tax ID number is 83-0493818. Our mission is to rescue the lost and forgotten animals and provide much needed food, shelter, medical attention, foster homes and adoption for them using 100% of the money and supplies donated to us for these purposes. Please visit our website for complete information www.ArkofSanJuan.org.","info@arkofsanjuan.org",""
"Manchester Animal Shelter","107","Friends of the Manchester Animal Shelter (FMAS) is a non-profit, NO KILL shelter and pet resource center. We believe that all animals are deserving of life, respect and care. We provide medical care, spay/neuter, vaccinations, and daily care to over 1,500 abused, abandoned and homeless Manchester animals each year, and also aid thousands of pets and their families each year through our free and low-cost spay/neuter programs, community resources, and pet food pantry. 

Over the past 20 years FMAS has provided care and found loving homes for over 20,000 animals. 

Visit us at 490 Dunbarton Rd in Manchester, NH or on the web at www.manchesteranimalshelter.org.","animals@fmasnh.org; felines@fmasnh.org; info@liveoakwealthmanagement.com; info@manchesteranimalshelter.org; miko@fmasnh.org; miko@fmasnh.org.boris; volunteer@fmasnh.org","United States"
"AHS Volunteer","105","These videos of animals that are available for adoption from Asheville Humane Society were taken by volunteers. 
For more info call 828-761-2001 or go to 14 Forever Friend Lane, Asheville NC, during normal adoption center hours. www.ashevillehumane.org","","United States"
"Animal Rescue","102","Welcome to Animal Rescue World, where compassion meets action! 🐾❤️ Our mission is to rescue, rehabilitate, and release animals in need—whether it’s a majestic eagle trapped in the wild, an injured wolf struggling to survive, or a stray puppy searching for a second chance.

🌟 What You’ll Find on Our Channel:
✔️ Ai animal rescue missions 🆘
✔️ Heartwarming before & after transformations ✨
✔️ Homeless pet adoptions & second chances 🏡
✔️ Stray dog & cat rescues from the streets 🐕🐈
✔️ Emotional and inspiring rescue stories ❤️

🐾 Wildlife & Exotic Animal Rescues:
✔️ Wolf rescue stories 🐺
✔️ Camel rescue stories 🐪
✔️ Eagle rescue stories 🦅
✔️ Crocodile rescue stories 🐊
✔️ Anaconda rescue stories 🐍

🔔 Subscribe now for, expert animal care tips, and breathtaking moments in the animal kingdom!
📢 Help us spread awareness by liking, sharing, and supporting our mission to protect animals in need!

#AnimalRescue #WildlifeRescue #SavingAnimals #RescueMission  #HelpStrayAnimals #ProtectWildlife","","India"
"Four Paws Foster Family","101","We are @thebloomees a family of 6 with a passion for animal rescue/foster & adoption. We have our own Sassy sweet and crazy babies. Miss Luna and Mr Buddy, our own rescue cats, and Miss Molly, our 8lb pup. Please like and subscribe & help share in our effort of wanting to help save animals in South Florida. Life is short. Make it count. Save lives ❤️","",""
"Your Average Animal Shelter Volunteer","99","I'm just a volunteer who works with animals waiting for adoption. I'll occasionally sneak in videos of my own cats doing cat things but most of my videos will be of dogs and cats waiting to be adopted!","","United States"
"PAWS Animal Shelter","97","Pioneer Humane Society/Pendleton Animal Welfare Shelter is a local, private, non-profit 501(c)3 animal shelter located in Pendleton, Oregon. Watch to learn more about our shelter and our adoptable pets!","",""
"Nalani Horse Rescue - Heaven for Horses","97","Welcome to Nalani Horse Rescue! Our mission is to provide care and rehabilitation to horses who have suffered abuse, trauma and neglect, bring awareness to the plight of unwanted horses as well as provide education on proper horse care.","info@nalanihr.org","United States"
"Cheyenne Animal Shelter","93","The mission of the Cheyenne Animal Shelter is to enhance the quality of life for people and pets through compassion, education, and respect. You can learn more about the Cheyenne Animal Shelter, our impact, and our services by visiting www.cheyenneanimalshelter.org","hmjohnson@caswyo.org; bjchristensen@caswyo.org","United States"
"Charming Pet Rescue","91","At Charming Pet Rescue, we focus on rescuing family-friendly dogs and cats—pets that are good with people and other animals. Many of our dogs play together in outdoor yards, where visitors can meet them in a relaxed, social environment.
 
Founded in 2015, we’ve grown into a lifesaving team of staff, fosters, and volunteers who help rehome over 1,200 animals every year. About a third of our pets stay at the rescue, while the rest are in loving foster homes. Our facility is equipped with heating, A/C, and high-powered fans to keep animals comfortable during their stay.
 
Thanks to our dedicated team and community support, we’re giving more pets a second chance—and helping families find their perfect match.

We’re located in Boerne, TX and adopt out locally in Bexar county and the surrounding area. Check us out: charmingpetrescue.org","",""
"The Cat Rescue Files","82","Please support our channel and cat efforts!
We take care of several colonies in our Shenandoah Valley community. 100+ cats are fed daily with adequate food and shelter throughout the community.
We trapped, spayed, and neutered, over 750 cats so far.  With over 400 adoptions. ALL of the cats that are spayed and neutered are taken care of or adopted out. 
    We are grateful for our supporters. And our local humane society for supporting our cause with free spay and neuter services!
 Follow us on our journeys and the ups and downs of cat rescue 💜 🐈","",""
"Aiken Equine Rescue","81","Aiken Equine Rescue is the Largest Equine Rescue in SC
Our mission is to rescue unwanted horses who have suffered from abuse and neglect and to ""repurpose"" off-the-track thoroughbreds. 
The Aiken Equine Rescue has placed over 800 horses, donkeys and mules since our founding in 2006. 
By combining our efforts with community programs, donations and our ever-growing group of volunteers, we are able to provide each horse with food, medical attention and personal care until we find an appropriate and responsible placement.
Hope you enjoy our horse videos!
- See more at: http://aikenequinerescue.org","aikenequinerescue@gmail.com; volunteer.aikenequinerescue@gmail.com","United States"
"Southern Pines Animal Shelter","79","Southern Pines’ purpose is to nurture the bond between people and pets through community, compassion, and collaboration to forge a path toward sustainable, responsible, and community-driven lifesaving.

Southern Pines Animal Shelter is a nonprofit animal welfare organization in Hattiesburg, MS. In 2021, Southern Pines Animal Shelter achieved a Lifesaving Rate of over 97.87% thanks to the support of our community and state. Join us as we continue saving more lives than ever before by adopting, fostering, volunteering, and donating.

We're located at: 
1901 N 31st Ave
Hattiesburg, MS 39401

Hours of operation:
Monday - Tuesday:  12pm - 5pm
Wednesday:  CLOSED
Thursday - Sunday:  12pm - 5pm","",""
"Animal Rescue stories","77","welcome to out channel,Animal Rescue Stories is your front-row seat to real-life rescues, remarkable recoveries, and the courage of animals and their human allies. Each week we bring you heartwarming rescues, behind-the-scenes veterinary care, and hopeful journeys of animals finding safe, loving homes. Our storytelling blends urgency with compassion to inform, inspire, and empower viewers to help—whether by volunteering, adopting, donating, or spreading awareness.

What to expect: true rescue stories from start to finish; behind-the-scenes rescue operations, medical care, and rehabilitation; practical tips on animal care and welfare; profiles of rescuers, foster families, and adopters; clear calls to action to volunteer, foster, adopt, donate, or advocate.

This channel is for animal lovers, families, aspiring rescuers, and anyone who believes in second chances. Subscribe and join our community—one rescue at a time.","","United States"
"Hallie Hill Animal Sanctuary","75","Hallie Hill Animal Sanctuary, a 501(c)(3) nonprofit in South Carolina, provides a safe haven for animals who have nowhere else to go. We focus on preparing animals for adoption through respite, rehabilitation, and socialization. For those with reduced chances of adoption due to age, medical needs, or emotional challenges, we offer a loving Forever Home with proper shelter, nutrition, and medical care. We can’t change an animal’s past, but we can rewrite its future.

By working closely with local shelters and rescues, Hallie Hill helps Charleston maintain its status as a No-Kill Community, welcoming dogs and cats that might otherwise be overlooked. Every animal here matters, and every day is a second chance.","info@halliehill.com; mike@halliehill.com; j.middleton@halliehill.com",""
"South West Florida Horse Rescue, Inc.","71","We are a Southwest Florida based Equine Rescue located in Charlotte county Florida.  We strive to be the VOICE for equines that have been mistreated and abused.  We make it a point to ensure that their lives never see pain or suffering again through steady veterinarian advised feeding and medical program attention.  Human interaction is a priority for re-homing potential.  In order to provide a sound future for the equines have and will care for we've developed a thorough foster and adoption screening process.  We ultimately focus on quality not quantity when it comes to adoptions.  

 We ask everyone to thoroughly investigate us as we would you.  Take a look at what we do and see for yourself who we are.  Supporting animal rescues is an important factor in the lively hood of the neglected and abused in your community. We implore people to support legitimate organizations only after you verify that they are in fact legitimate.","","United States"
"USAKARA: LA Animal Rescue Center","70","We provide our animals with a loving home—not just a shelter. In addition, for every rescue we provide essential vet care, vaccines, food, and grooming. USAKARA is a Los Angeles based 501(c)(3) non-profit, and we’ve been proudly rescuing animals since 1994.","",""
"Evanston Animal Shelter","67","We give companion animals the best chance at the life they deserve through rehabilitation, foster care, adoption and community support that keeps pets with the people who love them.

Located in Evanston, Illinois","EASadoptions@gmail.com; EASAfundraising@gmail.com; youthprogramsEASA@gmail.com","United States"
"One Love Animal Rescue","63","The mission of One Love Animal Rescue, Inc. is to help abandoned, neglected, abused and unwanted pets by partnering with shelters, rescue groups and the community to facilitate adoption of these animals into permanent and loving homes. 

Our goal is to save one life at a time by promoting local animal shelter adoptions and raising awareness in our community about responsible pet ownership. We strive to highlight the importance of spaying or neutering pets which will aid in the reduction of overpopulation. We believe that appropriate and positive reinforcement training and socialization of these shelter animals will lead to well-adjusted family pets, thereby decreasing the number of abandoned animals in shelters. 
Our dream is that one day all the shelters will be empty because every pet will have a home.

One Love Animal Rescue, Inc. is a volunteer based organization located in Savannah, Georgia. While we await approval of 501(c)3 status, we operate as a non-profit organization.","adoptme@oneloveanimalrescue.com; foster@oneloveanimalrescue.com; info@oneloveanimalrescue.com; christina@oneloveanimalrescue.com; karrie@oneloveanimalrescue.com; operationpetsolutions@oneloveanimalrescue.com; pam@oneloveanimalrescue.com; rebecca@oneloveanimalrescue.com; volunteer@oneloveanimalrescue.com",""
"HARTT","63","HARTT (Humane Animal Rescue and Trapping Team) is an all-volunteer Arizona nonprofit organization that humanely captures lost pets, homeless dogs, and homeless cats who are severely injured (in other words, we don't do feral cat trapping).  We rescue animals who tend to run away from people and who cannot be easily leashed or picked up, using specialized training and humane capture equipment.  We also support owners with lost pet searches and lost pet consulting.  We are supported solely by donations.","","United States"
"Animal Care","62","Animal Care is a small animal rescue chairty in Lancaster, UK. We have been a registered charity helping animals since 1978. We take unwanted and abandoned animals in from all over the North West and look after them until we can find them loving new homes.  We save predominantly dogs, cats, rabbits, guinea pigs, and rodents. We rehome over 800 animals every year.","reception@animalcare-lancaster.co.uk; rehoming@animalcare-lancaster.co.uk","United Kingdom"
"Thornberry Animal Sanctuary","62","Thornberry Animal Sanctuary is a well established and well-supported animal rescue charity in South Yorkshire. Follow us here for videos from the sanctuary and our events.","info@thornberryanimalsanctuary.org; thefarm@thornberryanimalsanctuary.org; thornberrycafe@gmail.com",""
"Cherry Tree Cat Rescue","60","Cheery Tree Cat Rescue

An Independent Cat And Kitten Charity Based In The United Kingdom Which Specialise In Neonatal Specialist Care
We Are Two Women With Over 30 Years Of Experience In Feline Rescue And Rehabilitation, Specialising In Hand-Rearing And Taking On The Most Challenging Rescues. We Have A Small Army Of Cat Angels (Our Fosterers) Who Have Many Years Experience And Each Is An Expert In Their Own Ways. 

Here You Will Find Stories Past And Present On Our Rescues, Re Homes And Journeys. There Will Be Informative Videos Alongside Some Funny Kitten Ones! 

Please Like, Subscribe And Share Our Page","",""
"Furever Home Animal Rescue DMV","59","Welcome to Furever Home Animal Rescue! www.fureverhome-rescue.org

We’re on a mission to save the underdogs — literally. Based in DC, Maryland & Virginia, we rescue dogs in crisis (with a soft spot for pitties facing breed discrimination) and help them find the loving homes they deserve.

💔 From high-risk shelters → 💕 to forever homes
🐕‍🦺 Fighting breed stereotypes
📣 Spreading the word on responsible pet parent life

Whether you’re here to adopt, foster, or watch some adorable dog videos — you're part of the pack. Let’s build a world where every dog gets their fair shot. #AdoptDontShop #PittiePower #fureverfamily 

If you are a DC, Maryland, or Virginia resident, check out our adoptable dogs here: https://www.fureverhome-rescue.org/","",""
"Stray Paws Rescue - St. Louis, Missouri","55","STRAY PAWS RESCUE

Protect and Improve The Lives of Rescue Dogs
Stray Paws Rescue is a 501 (c) (3)  nonprofit, foster-based rescue. Our organization believes it is our moral responsibility to protect and improve the lives of rescue dogs to place them in loving permanent homes.

Our mission is to save lives, keep our community informed on humane education, training and loving treatment of our companions, and finding the best fit for both the animals in our care and potential forever families!

We are an all-volunteer, foster-based rescue organization we do NOT have a shelter. We have a group of amazing foster parents who open up their homes to provide these babies a safe, loving, and caring environment while find them great forever homes.  Our animals stay in loving foster homes where they are socialized, loved and evaluated to determine the best type of environment for their personalities.","",""
"St. Nicholas Animal Rescue","51","Saint Nicholas Animal Rescue Dominica is the first and only non-profit Animal Rescue organization to provide shelter, and emergency after-hours rescue to animals across the Commonwealth of Dominica.

We also rescue, shelter and rehabilitate sick, injured, abused, handicapped and blind animals. 
We are a recognized and registered official nonprofit organization. All our board members and staff are volunteers dedicated to improving and saving animal lives through quality care and compassionate programs such as the emergency after-hours rescue, rehabilitation and adoption services.","",""
"Sammamish Animal Sanctuary","51","Sammamish Animal Sanctuary is a 501(c)3 non-profit farm animal sanctuary that provides forever homes for abused, neglected, unwanted, and/or homeless barnyard animals. We love sharing videos of the wonderful animals at our sanctuary and spreading the word about our rescued residents.  We are open to the public free of charge so that everyone has the opportunity to enjoy the animals and the peaceful surroundings at our sanctuary.  We operate with nearly 150 volunteers making sure our residents are safe and happy. As we do not receive government funding or large corporate donations, we rely on the generosity of amazing donors to help us pursue our mission.  Please visit our website for donation and volunteer opportunities: sammamishanimalsanctuary.org","christi@sammamishanimalsanctuary.org; diane@sammamishanimalsanctuary.com; jen@sammamishanimalsanctuary.com; jen@sammamishanimalsanctuary.org","United States"
"Mackenzie's Animal Sanctuary","50","Mackenzie’s Animal Sanctuary is Mid West’s largest No-kill facility dedicated to providing ‘A home along the way’ for dogs in transition.

Our MISSION is to find loving homes for abused, abandoned and neglected dogs... to spay/neuter our rescued dogs to stop the cycle of unwanted litters...to assist in public education for the betterment of our local animal community... Maintain the highest standards of care for our animals, including general and extensive veterinary care, behavioral training, housing, love, tenderness and compassion.

This channel shows you everything and anything related to the dogs in our care.","",""
"Cincinnati Animal CARE Foster Team","48","Cincinnati Animal CARE is committed to the safety, care, and protection of all animals in our community. Since our establishment in 2020, we have been a no kill organization that operates as Hamilton County's only animal shelter. 

The Foster Department prioritizes animal's care and wellness by allowing them to spend the time they are in the shelter's care in a home. We are so lucky to have the community we do; a community that has helped us save thousands of lives through fostering!

Learn more at cincinnatianimalcare.org/foster today!","",""
"Rugby Creek Animal Rescue","46","Rugby Creek Animal Rescue, Inc (RCAR) is registered as a Virginia non-profit corporation and is designated by the IRS as a 501(c)3 tax-exempt charitable organization so donations can be tax-deductible and all donations support our rescue program.  RCAR is dedicated to the rescue, rehabilitation, retirement and adoption of at-risk, injured and geriatric animals.

We are reaching out to you to open your heart and help support our rescue so that we can in turn help animals in need.  We believe that as your browse through our website you will feel conected in some way to the animals here at RCAR and that you will feel a calling to assist us in our efforts to save them!  All donations, large or small, are considered generous and greatly appreciated, remember donations are tax-deductible!

www.rugbycreekanimalrescue.org","rugbycreekanimalrescue@gmail.com",""
"Oasis Second Chance Animal Shelter (OSCAS)","43","Oasis Second Chance Animal Shelter Ltd (OSCAS) is a registered charity devoted to caring for over a hundred rescued stray mixed breeds. These dogs are rescued from industrial estates, parks and urbanisation of jungles to save them from being culled by the local authorities. More than a hundred 'Singapore Specials' call OSCAS their home as they wait for their right families to come along.

Stray rescue in Singapore is a long tiring journey and a never-ending issue. OSCAS was founded by two ladies who have been relying on their life savings to support the dogs. Help is needed for the shelter to continue caring for the dogs.

""Lend a Hand, Save a Paw""

www.facebook.com/oscas.sg
www.oscas.sg","enquiry@oscas.sg",""
"BloomingtonAnimalShelter","42","Bloomington Animal Shelter
3410 S Walnut St, Bloomington, IN 47401
(812)349-3492
 
bloomington.in.gov/animalshelter
facebook.com/COBanimalshelter","",""
"Salish Wildlife Rescue","42","Our mission is to promote the well-being of wildlife and their habitats through rehabilitation of injured and orphaned wildlife, public education and non-invasive research. Friday Harbor,  San Juan Island, WA","","United States"
"StrayAid Rehoming","41","Stray Aid is a registered charity, Charity No. 1117372, based in Coxhoe, Durham. Our mission is to rescue, re-unite or rehome the lost, abused, abandoned or unwanted dogs found on the streets in the North East of England. Without your support, we are unable to provide this vital lifeline and we will not succeed in giving these unfortunate dogs a new start in life.  Our aim is to provide practical help and information on stray, lost or abandoned dogs and cats across County Durham, Hartlepool and Middlesbrough. 

This is a very exciting time for the charity. We are raising funds to purchase and redevelop the original boarding kennels site into the new Stray Aid Animal Rescue Shelter. This will complement our existing facilities, allowing us to expand and modernise our kennels. Please help Stray Aid raise £250,000 to purchase our site! Donate now at https://www.justgiving.com/StrayAid-Charity3","",""
"Rustic Farms Animal Rescue","36","We are a non-profit animal rescue. Most of the animals that come here, stay here to live a peaceful carefree life and are treated with love and kindness. These animals all come from different situations and different abusive or desperate living conditions. We strive to let the animals know they can trust humans again and they are in a safe place. These animals basic care, medicine if needed, maintenance needs like regular trimming, vaccinations, and supplements. We moved to this 23 acres to retire and enjoy the simple life. Instead we are busier than ever. The rescue just happened by accident but has truly become a labor of love for us. We hope you enjoy our journey.","",""
"Rescue Pet Diaries","35","Welcome to our rescue transformation journey 🐶✨

We rescue abandoned and neglected street cat and give them a second chance through love, care, grooming, and rehabilitation. From severely matted fur to incredible transformations, every story on this channel is about hope, healing, and kindness.

Here you’ll find:
• Emotional cat rescue stories
• Extreme grooming transformations
• Rescue cat makeovers
• Before & after transformations
• Heartwarming animal recovery journeys

Our mission is to spread awareness for animal rescue and inspire more people to help cat in need.

Subscribe and join us in changing lives — one rescue at a time ❤️

#Catrescue #Rescuecat #Cattransformation #AnimalRescue #CatGrooming","","India"
"G.B.S. Animal Shelter","35","🐾 Jai Kalbhairav Namah 🐾
Rescuing. Healing. Rehoming.
We are not just a shelter — we are a lifeline for those who cannot speak.
Every day, we rescue animals who are:
Severely injured
Abandoned and starving
Fighting infections, maggots, and pain
Left behind with no hope
We provide them:
Emergency medical treatment
Daily food and care
Safe shelter and recovery
A second chance at life
💔 The reality:
Medical care, food, and shelter costs are rising daily. Many lives depend on timely help, and sometimes saving even one becomes a challenge.
🙏 Your support can save lives:
₹50 feeds a dog
₹500 supports basic treatment
₹1000+ helps with surgeries and critical care
Every rupee brings hope.
🐶 On this channel, you will see:
Rescue missions
Recovery journeys
Adoption stories
Shelter life & awareness
✨ Every rescue is a second chance. Every life matters.
🤍 Be their voice. Be their hope.
👉 Donate. Share. Subscribe. Support.
""मुक्या जीवांची सेवा, हाच आमचा वसा.""","",""
"Dawg Squad","35","The Dawg Squad is an all-volunteer animal rescue working in the Los Angeles area. We rescue at-risk animals focusing on homeless and abandoned dogs providing medical care, rehabilitation and loving foster homes until a permanent, adoptive homes can be found. 

All animals are spayed, neutered and microchipped prior to adoption.
To date we have rescued and placed over 1100+ animals in loving homes.

The Dawg Squad is an all-volunteer organization. It has no paid employees or salaried officers.  We do not have an  expensive shelter facility; we foster every animal in volunteers' homes or approved kennels before finding homes.","dawgsquad@rocketmail.com",""
"Collierville Animal Services","34","The Collierville Animal Shelter is dedicated to helping abandoned, injured, and lost animals in our community. We strive to provide resources, information, and education to the public in order to promote better care and treatment of the animals we love.","",""
"Mazatlan Animal Rescue","34","We rescue, rehabilitate and rehome Mazatlan's abandoned animals.","","Mexico"
"Animal Rescue Center","34","Welcome to Animal Rescue Center, where every life matters. ❤️
Our channel is dedicated to rescuing, caring for, and helping animals in need. From heartwarming rescue stories to recovery journeys and animal care awareness, we share inspiring moments that highlight compassion, hope, and the bond between humans and animals.
Join us as we give vulnerable animals a second chance at life and spread kindness, one rescue at a time.
🐶 Animal Rescues
🐱 Recovery & Rehabilitation
🐦 Wildlife & Pet Care
❤️ Inspiring Rescue Stories
Subscribe and be part of our mission to make the world a better place for animals. 🐾✨","",""
"Minton Farm Animal Rescue Centre","33","Minton Farm rescues koalas, kangaroos, possums, owls, hawks, eagles, lorikeets, rosellas, parrots, magpies, kookaburras, tawny frogmouths, lizards and tortoises and plays home to a euro, horses, lamb, goats, deer, emus, seagulls, peacocks and a menagerie of other animals.

Minton Farm is a non-government, not for profit, voluntarily operated organisation operating solely on donations, volunteer input and community goodwill.

One of the most of the important goals for Minton Farm is to rehabilitate the animals and return them to where they were originally collected from, so all patients are documented and records kept, ensuring the animals can be released back into their environment.

You can find out more about Minton Farm Animal Rescue Centre's work and animal care tips by visiting their website, www.mintonfarm.org","",""
"Paws-United Dog Rescue","32","Paws United Dog Rescue is a registered charity based out of foster homes in the London and Strathroy area.  We work with local animal shelters and IFAW to place dogs in loving foster homes in preparation for finding their forever homes.  Many of our dogs have been medical cases requiring extensive vet work.

Please visit our website paws-united.com or email paws-united@live.ca for more information!","paws-united@live.ca",""
"horse rescue","31","please 🙏 support the sanctuary and stop horse slaughter in the world. 🆘we change the Earth through helping horses🐎and providing them with feeds and shelters 🏠.Just follow, share and comment on the sanctuary","",""
"Another Day Animal Sanctuary","30","We created this channel to spread awareness and informational videos about animal rescue. 
We are a non-profit organization that works to help animals in the community we do this through our Ending the Cycle program, Pet Pantry program, Kitten nursery, Microchipping, and Adoptions. 
We want to inspire people to help animals by fostering, adopting, and providing the best care possible to the animals in our communities.
You can help us save more lives by donating money or supplies and by sharing our Facebook page with others!","","United States"
"Metro Animal Shelter","29","Metro Animal Shelter is a 501c3 non-profit organization whose main focus is to seek as many permanent, loving homes as possible for the hundreds of animals brought to us every year.","","United States"
"Lea’s Farm animal rescue and sanctuary","27","Lester and jami morrow at ima survivor donkey and farm animal sanctuary inspired me to open my own so i did ! My love for animals is never ending and i want you all to get to know my babies","",""
"Hidden Acres Animal Sanctuary","27","Welcome to Hidden Acres Animal Sanctuary, Therapy & Rescue! We’re a non-profit dedicated to rescuing farm animals in need, giving them a second chance at life. Our sanctuary provides love, care, and rehabilitation to animals who have suffered from neglect or abuse. 

On this channel, you'll follow the journeys of our rescued animals as they heal, thrive, and find their forever homes. If you're passionate about animal rescue and want to see the power of love in action, hit subscribe and join us in giving these animals the fresh start they deserve!","",""
"Darquinn Animal Rescue Association","26","Darquinn Animal Rescue Association is dedicated to giving abandoned and vulnerable animals a second chance at life here in France. Through rescue, rehabilitation, and rehoming, we work every day to provide care, love, and hope to animals in need. Follow our journey, meet our rescues, and help us make a difference—one life at a time.
But we can’t do this alone.
If you’d like to support our mission and help us save more lives:
🐾 Donate via PayPal: www.paypal.me/parellilea
🐾 Join our Teaming (just €1/month): www.teaming.net/darquinnanimalrescue
Your support means food, medical care, shelter—and hope for animals who have none.
Follow us on Facebook to stay connected, and thank you for being part of this journey. Together, we are changing lives—one rescue at a time. 🐶🐱💛","","France"
"Darrowby Farm Sanctuary","26","Darrowby Farm Sanctuary is a nonprofit farm animal sanctuary located in Jefferson, Maine. The Sanctuary provides a safe and lifelong home for farmed animals, and educates people about living a mutually beneficial life with those animals in ways that do not use them for food or forced labor.

By providing a sanctuary for animals, educational opportunities for all ages, and support for those looking to make ethical choices, we strive to reduce suffering and create a more compassionate world.","","United States"
"Ching Farm Animal Sanctuary","24","Farm animals have the same emotional capacity as traditional companions like dogs and cats, yet modern cruelty laws do not apply to them. Under the law, they are seen as mere objects for human use.

At Ching Farm, we fill a need in the Salt Lake area by advocating for farm animals through rescue, education, and adoption/placement services. We believe that our advocate work can help change perceptions of farm animals and create a deeper respect for the rich emotional lives of these animals.

Ching Farm Rescue and Sanctuary was founded by Faith and Mike Ching in Utah in 1998. The farm became incorporated as Ching Farm Rescue as a 501(c)(3) non-profit organization, and your donations are tax-deductible.","",""
"Bloomington Animal Shelter","23","Hi everyone! My friend and I wanted to create this channel to help show the adoption animals at the animal shelter. :)","",""
"Rescue Lounge Nonprofit Organization","22","Our mission is to help the helpless shelter dogs by offering a lounge in which to socialize, train and be adopted therefore decreasing the number of stray dogs, returns and euthanasia's at animal shelters.","","United States"
"Brinsley Animal Rescue","22","Brinsley Animal Rescue was founded by Jon Beresford and partner Bethan Hewis, we met in 2001 and share a passion for animals. We started by volunteering for the Charities Animal Accident Rescue Unit and Prevent Unwanted Pets and soon found our house in West Bridgford full of rescued pets and wild animals. We eventually decided to move when almost every room had a rabbit, a wild bird or a hedgehog in it.
In 2007 we bought a 4 acre property in Brinsley Nottingham where we have been welcomed by the local community. We expanded to take on farm animals as well as pets and wild animals and we continue to expand as the funds allow.
Brinsley Animal Rescue is now a Registered Charity run for animals by volunteers. The Charity is run on vegan values, therefore we do not believe in exploiting animals for food, profit or entertainment.
We have no paid staff and our premises, land, buildings, utilities and fuel are donated by us to the Charity free of charge.","",""
"PetRescueCenter","21","The Pet Rescue Center is a 501c3 non profit charity based in Orange County, CA.  Our mission is to work with the communities of California, shelters, veterinarians and animal rescue groups to save the lives of dogs and cats at risk of euthanasia due to overpopulation through education, spay/neuter and rescue programs. In this effort, we provide a no-kill, veterinary supervised temporary sanctuary for these pets while we work to locate an adopting family.

Our YouTube Channel will host videos of our programs funded by community contributions in action - these include Rescue.Rehab.Rehome., Community Outreach, Children's Education, & Medical Needs.","",""
"Caars Animal Rescue","21","This is not a company, we are a voluntary PRO LIFE non-profitmaking organisation. C.A.A.R.S is operated by its volunteer members and supported by charitable means. C.A.A.R.S is registered with the Charity Commision, registration No.1147495 this allows us to further our rescue efforts to extended areas of the country.

 We are a voluntary organisation, a Registered Charity, relying solely upon the goodwill of the general public. Unlike the majority of our counterparts, we receive no funding whatsoever over and above the donations we receive from public support. We try to recover around 60% of our outlay in rescuing the animals, from the donations recommended by CAARS committee.","",""
"Trebaluger Equine Rescue Centre","21","Welcome to the official YouTube channel of Trebaluger Equine Rescue Centre, a non-profit sanctuary in Menorca, Spain, dedicated to rescuing, rehabilitating, and providing a forever home for abandoned, abused, and neglected horses, ponies, donkeys, and mules. 

Founded in 2018 by Samantha Lake after she witnessed the heartbreaking reality of equine abandonment on this island of horse lovers, Trebaluger offers these animals a permanent, safe, and loving place to live freely. Today, we care for over 30 equines and lots of cats, chickens, ducks, a pig, and a dog. 

Every view, share, and subscription directly supports our mission: food, veterinary expenses, and maintaining our stables, water systems, and fences. We believe every equine deserves a happy, healthy life free from fear and neglect. 

📍 Located at Cami De Ses Cometes, Trebaluger, Es Castell, Menorca  
🕒 Open daily 9:30–12:00 for visits  
🔔 Subscribe and join our community of compassion, because together, we rescue and give hope","","Spain"
"Horses rescue sanctuary","20","we're a non-profit organization rescue and saving all horses in Macedonia 🇲🇰","",""
"CrossWinds Equine Rescue","19","We are a horse rescue in IL trying to tell the story's of these horses.
Rehab, Rehabilitate, Rehome.
We want to share our paradise with others and the joys and heartbreak these horses bring.","",""
"Apami Wildlife Rescue Center","19","Apami Wildlife Rescue Center by Monkey Park Foundation serves as a rehabilitation, release center, and sanctuary for wild animals.

We are dedicated to fostering awareness about responsible coexistence between animals and humans.","",""
"Ananda Animal Sanctuary","19","We rescue and provide safe loving forever homes for animals in need whether they've been neglected, abandoned, unwanted or rescued from slaughter.","",""
"Luosko German Shepherd Dog Rescue","19","LUOSKO German Shepherd Dog Rescue is a small independent registered charity (#1188407) set up to responsibly rescue, rehabilitate and re-home German Shepherds who find themselves in difficult situations. 

Funded pretty much entirely by the public donations, we normally re-home around 100+ dogs each year. 

At any one time we have around 50 dogs in our care, in our center in Cheadle, foster homes or in holding kennels awaiting suitable foster or adoption homes. We operate on a national basis so our dogs can be homed in most areas throughout the UK.

Part of our responsible re-homing process we try to match our dogs to potential families, we normally organise several face to face meetings and home visits before our dogs go to their final adoption families, which has significantly reduced the amount of dogs coming back into rescue and increased our successful adoptions creating extremely happy families.","","United Kingdom"
"Chesterfield Animal Rescue","19","Here at Chesterfield Animal Rescue we are a no-kill, non-profit organisation founded in July 2012 by a team of animal lovers dedicated to saving the lives of as many dogs and cats as possible each year. We rely on donations to continue saving lives, we are fundraising to buy our own centre, something that will enable us to help thousands more animals over the years. We currently use foster homes and kennels for our dogs and cats, we are always in need of more foster homes as well as kennel sponsors.","","United Kingdom"
"Soft Landing Animal Sanctuary","17","Soft Landing Animal Sanctuary is a Non Profit retreat in the foothills of Tennessee.  We rescue abandoned, injured, and unwanted farm animals.  Animals that would have faced horrific and tragically short futures.  Through Care and Compassion, our team has helped hundreds of tired souls.","","United States"
"Uxbridge Cat Rescue","14","Uxbridge Cat Rescue is a non-profit animal rescue. We are a volunteer-based organization dedicated to the rescue and placement of abused and unwanted cats.","","Canada"
"BestPals Animal Rescue Center","14","Hi there!  We are BestPals Animal Rescue Center, a no-kill non-profit animal rescue located in Holland, Michigan.  We have been in operation for 10 years now, and are primarily volunteer-run thanks to our amazing community.

We help the animals others cannot by focusing on owner-surrenders and shelter-transfers.  Our mission is to ensure our furry-friends find their best #FureverHome, with the help and care of our patient volunteers , and our foster-to-adopt program, where potential owners are able to spend a couple weeks with the dog or cat to make sure it's a positive experience for everyone in the home.

We're slowly looking to expand our presence on social media, and wanted to say hello, and thank you for your support!

#BestPalsAnimalRescueCenter #MeetYourNewBestPal","","United States"
"Five Acres Animal Shelter Volunteer Program","13","This is all about the Five Acres Animal Shelter Volunteer Crew and all of the incredibly awesome things they do and accomplish every day for the dogs and cats in our care!","","United States"
"Saving Paws Animal Rescue","13","A non-profit, no kill animal shelter in Appleton, Wisconsin!

SAVING PAWS Animal Rescue Inc. is a 501(c)3 nonprofit organization dedicated to rescuing homeless, abandoned and special needs animals and finding new adoptive homes or providing lifelong sanctuary for them, we also seek to decrease the number of unwanted animals and the amount of animal cruelty in our community through outreach and education.","info@savingpawswi.com; finance@savingpawswi.com",""
"Hope Life Animal Shelter","12","Hope Life Animal Shelter is a small animal welfare initiative dedicated to rescuing stray cats and dogs 🐾 We provide food, medical care, and promote humane TNVR to reduce suffering and give animals a second chance at life ❤️","",""
"Woodfield Animal Sanctuary","12","Welcome to our brand-new YouTube channel 👋

We’ve created this space to share longer videos, special moments, and behind-the-scenes footage from Woodfield Animal Sanctuary.

Our main social media platform has always been Facebook, and that’s where we post the majority of our regular updates, news, and appeals. YouTube gives us the opportunity to bring you along in a different way — through video — while still keeping Facebook as the heart of our day-to-day communication.

If you’re new here, thank you for finding us.
If you already follow us on Facebook, welcome — and thank you for your continued support.

By liking, subscribing, and sharing our videos, you help us reach more people and continue giving animals the second chances they deserve.

PLEASE VISIT OUR FACEBOOK PAGE FOR REGULAR UPDATES 
WOODFIELD ANIMAL SANCTUARY.","",""
"City of Everett Animal Shelter","11","Everett Animal Services operates the Everett Animal Shelter and provides animal control services and pet licensing for the City of Everett in Washington state.

The Everett Animal Shelter accepts approximately 5000 animals each year to our state-of-the-art facility. Shelter staff and volunteers work hard to improve the health, safety and happiness of pets waiting to find or reunite with loving families.

Learn more: everettwa.gov/animals","","United States"
"Daily Animal shelter","11","Welcome to Animal Shelter — a safe place for every animal in need. 🐾
Our mission is to rescue, protect, and care for homeless, abandoned, and injured animals. On this channel, you’ll find:

Heart-touching rescue stories
 Animal recovery & transformation videos
 Adoption updates 
Tips on caring for pets and stray animals
Awareness content to promote kindness and compassion

Join us on this journey of saving lives and giving every animal a chance at a better future.
Subscribe and become part of our Animal Shelter family!



#AnimalShelter #AnimalRescue #SaveAnimals #PetAdoption #AnimalCare
#DogRescue #CatRescue #StrayAnimals #HelpAnimals #AnimalLovers
#AdoptDontShop #AnimalsOfYouTube #AnimalWelfare #RescueStories
#AnimalsNeedLove #PetRescue #KindnessForAnimals


---

If you want, I can also write:
✅ About section (long/short)
✅ Video description templates
✅ SEO tags for faster growth
✅ Chann","","United States"
"Surry Animal Rescue","10","Surry Animal Rescue is a NC certified non-profit volunteer organization.  We operate solely on donations from adoptions and other resources.  We rescue animals from abandonment, abuse, neglect, and euthanasia by providing medical care and foster home placement until loving, permanent homes can be found.

Our mission is to not only help animals in need, but to educate people on properly taking care of their animals. To ensure that animal welfare is our number one priority. We will do everything possible to make sure animals are put in loving foster homes, get the proper vet care they need, and find forever homes to approved adopters.","",""
"The Invaluables Animal Rescue","10","We are a group of volunteers determined to improve the lives of stray animals. We rescue, foster, provide vet care and find good homes for strays.","",""
"Hooves & Paws Animal Rescue","10","We are a nonprofit rescue that provides lifelong sanctuary services for abused, abandoned and needy dogs, horses and farm animals.  We are located in Louisa, Va.","",""
"TamMar Equine Rescue","9","TamMar Equine Rescue and Transport is located in Ontario. We rescue horses who have nowhere else to go, and we nurse them back to health and adopt them out. We specialize in draft horses but will help any horse in need that crosses our paths.

We also offer professional trailering services all throughout Canada.","",""
"Friends of West LA","9","We are a group of volunteers for the West LA Animal Shelter located at 11361 W Pico Blvd, Los Angeles, CA 90064. These videos were made to introduce the dogs currently residing at the facility and to show more of their personalities while they play in the yard. We are volunteers and do not work at the shelter so if you would like information on any of the dogs featured on this channel, please call West LA and provide the ID number of the dog.

Our hope is that these videos will help these wonderful dogs get adopted!","",""
"StreetHearts Animal Rescue - Foster Mom Carin -","9","Welcome to my YouTube channel!  I am a Foster Mom with StreetHearts Animal Rescue and am pleased to share one of our many adoptable animals with you.

StreetHearts Animal Rescue is 501(c)(3) non-profit organization. We strive to save and aid animals from situations of abandonment, neglect, abuse and injury. Our focus is on street intercession, medical help, rescue placement, fostering and finding forever homes.  

For more information or an adoption application on one our adoptable animals, please visit us at http://www.streetheartsanimalrescue.org or email us at streethearts.animal.rescue@gmail.com!","streethearts.animal.rescue@gmail.com","United States"
"Friends of the Fairfax County Animal Shelter","9","More than 5,000 animals, including cats, dogs, small mammals, reptiles and livestock, come to the Fairfax County Animal Shelter each year. The shelter opens its doors — and its heart — to care for each and every animal. But, the shelter can't do it alone. Thankfully, the Friends of the Fairfax County Animal Shelter is here to help. Through donor and volunteer support, we provide medical care, food, supplies and so much more to help the shelter care for these loving animals. In doing so, we help save lives — together.

The FFCAS is an independent 501(c)(3) all-volunteer organization, and not a part of the Fairfax County government. All donations are tax-deductible to the extent provided by law and are gratefully accepted, no matter the amount.","",""
"Hope Life Animal Shelter","8","Hope Life Animal Shelter is a small animal welfare initiative dedicated to rescuing stray cats and dogs 🐾 We provide food, medical care, and promote humane TNVR to reduce suffering and give animals a second chance at life ❤️","",""
"Pet and Animal Rescue Center","8","Welcome to Pet and Animal Rescue Center!
Pet Animal Rescue Center (PARC) ©️
Non-Profit Organization
We are a nonprofit organization dedicated to rescuing, caring for, and rehoming abandoned, abused, and neglected pets, including dogs and cats. Our mission is to provide these animals with a second chance at life and to promote kindness and compassion toward all living beings. Through inspiring rescue stories, helpful pet care tips, and heartwarming transformations, we aim to build a community of animal lovers who believe in making a difference. Join us and be a part of their journey!

Donate via PayPal: https://paypal.me/PetandAnimalRescue?country.x=VN&locale.x=en_US

Contact Information:
📞 Phone: 0926 294 986
🏦 Bank Account: 070109442737
Account Name: NGUYEN DUC THIEN
Bank: Sacombank - Saigon Thuong Tin Commercial Joint Stock Bank
SWIFT CODE: SGTTVNVX

Together, we can give these animals a chance for a better life. Your support makes a difference! 🐾","","United States"
"HappyLand Animal Shelter & Pet Adoption","8","Welcome to Happyland Animal Shelter, your premier destination for heartwarming rescue stories and finding your new best friend! As a dedicated animal rescue and adoption company, our mission is to transform the lives of abandoned, neglected, and senior pets by providing them with a second chance at a joyful life. On this channel, we take you behind the scenes of our daily operations, from the first moment a rescue arrives at our doors to the emotional ""Gotcha Day"" when they head to a forever home. Explore our educational guides on pet care, behavior training tips, and deep dives into the unique personalities of our current residents. Whether you are looking to adopt, foster, or simply support animal welfare, our community is for you. Join us in making the world kinder, one paw at a time. Subscribe now to witness the power of love and help us find every pet their Happyland!","",""
"Hiraya Animal Shelter","7","Our Mission Statement

We are dedicated to the preventative care, wellness, and proactive heath management of cats and dogs. For those who are weak, sick, or too old, we provide a compassionate sanctuary in Jaen, Nueva Ecija, Philippines. We ensure  that they live the rest of their lives with dignity, comfort, and love. ​

 Hiraya Animal Shelter is an independent 501(c)3 nonprofit that is not affiliated with any national organization. Hiraya receives no government funding and relies on donor support to provide our programs and services.

​​We would greatly appreciate your support.  https://www.hirayarescue.org/donations

​EIN: 33-4356629","",""
"Cascade Pacific Animal Rescue","7","We are a 501c3 nonprofit animal rescue located in Washington state.","","United States"
"Annies Animal Rescue Tails","7","I’m Annie, and I absolutely LOVE animals!

Every weekend I volunteer at Hilbrae Animal Rescue Centre in Telford, Shropshire, helping dogs, cats and all sorts of furry friends find their forever homes.


On this channel you’ll see:


🐶 Rescue stories

🐱 Cute animal moments

🎓 Training tips

🏡 Behind-the-scenes life at a rescue shelter

❤️ Happy adoption updates



Animals mean the world to me, and I want to share their stories with YOU.



If you love animals as much as I do — hit subscribe and join the pack! 🐾💕","",""
"Animal Rescue Farm! 🐾","7","🐾 Welcome to Animal Rescue Farm — where every animal gets a second chance at life!

We rescue, rehabilitate, and rehome ALL kinds of animals — from abandoned puppies
and stray cats to neglected farm animals like cows, goats, rabbits, and more.
Every rescue story you see here is REAL. These are lives saved, one animal at a time.

On this channel, you will find:
   🐕  Heartwarming dog and cat rescue stories
   🐄  Farm animal rescues — cows, goats, sheep, rabbits and more
   💛  Transformation videos — from scared and sick to happy and healthy
   🏡  Adoption success stories that will make your heart smile
   🌿  Life on the rescue farm — real, raw, and beautiful

Every animal deserves love, safety, and a forever home.
Join our rescue family and help us spread the word!

Don't forget to LIKE, SUBSCRIBE, and hit the BELL so you never miss a rescue story.

Together, we can save more lives. 🐾

Adopt. Don't Shop.","","United States"
"Horse rescue sanctuary","6","""Giving horses a second chance 🌟. We rescue, rehabilitate, and rehome horses in need, providing love, care, and a forever home 🏠. Join us in saving lives and spreading joy 🐴❤️","",""
"Eastbourne Rabbit Rescue","6","We are a rabbit, guinea pig and small animal rescue based in Eastbourne, East sussex.
Just spreading the love we have for our rescue animals by sharing videos with you all.
If you are interested in adopting one of our beautiful rescue animals we can be contacted as below.

WEBSITE: Www.eastbournerabbitrescue.co.uk

FB GROUP: Eastbourne Rabbit Rescue

TWITTER: @RabbitRescueEB","",""
"Kevin M","6","Welcome to Pawsitive Cause Productions! Here, you will find videos featuring animals currently up for adoption through Tri-Valley Animal Rescue's foster program, as well as dogs and cats available for adoption at the East County Animal Shelter in Dublin, CA. Please visit www.tvar.org for updated information on adoptable animals!","",""
"Hope & Serenity Farm Sanctuary","5","Hope & Serenity Farm Sanctuary is a non-profit animal sanctuary open to the public in picturesque Nokesville, Virginia. We are dedicated to providing a nurturing home for over 250 formerly neglected and abused farm animals. Our mission is to create a loving and beautiful environment that encourages relationships between our animals and the people who visit them. 

We run 100% on donations! We welcome visitors by appointment and are thrilled to offer tours of our sanctuary. If you're passionate about animal welfare, we also offer volunteer opportunities and animal sponsorship opportunities where you can help make a difference in the lives of our furry friends.","","United States"
"OasisAnimalRes","5","Oasis Animal Rescue and Education Center was established as a non profit Canadian corporation to provide services that will ensure the protection and care of any domestic animal that is abandoned, displaced or homeless.

We offer a rescue pet adoption program, an animal food bank to fill hungry tummies, an outreach program for seniors and low income pet owners, a safe and responsible foster parent network and assistance with basic health care concerns.

Oasis also provides basic veterinary care to those who cannot afford the inherent costs of the mainstream medical community.","",""
"North Shore Horse Rescue and Sanctuary","5","We are North Shore Horse Rescue and Sanctuary, a small horse farm on the east end of Long Island, New York.  We are a 501(c)3 organization that is also verified by the Global Federation of Animal Sanctuaries and a Guardian for Equus Foundation.  Our mission is to rescue and care for any unwanted horses including those that have been neglected, abused, abandoned or are at risk of going to slaughter.  If the horse can be rehabilitated and adopted, we will find a loving, informed home for them.  If suitable homes cannot be found, North Shore Horse Rescue has committed itself to allowing its’ permanent residents to live out their lives in a safe, stress-free environment.

We are highlighting videos of our work with horses.  We will show you how we care for our rescue horses.  The stories of the rescues will be highlighted.  Our goal is to further our mission by explaining the hardships these magnificent creatures endure  and how they lead a happy life in our care.","","United States"
"Cat Rescue","5","🐾 Welcome to Cat Rescue Video! 🐾

Based in the USA, our channel is dedicated to rescuing, rehabilitating, and finding loving homes for cats in need. From heartwarming rescue stories to helpful cat care tips, we bring you real-life moments that show the love and compassion for our furry friends.

Join our journey as we save stray and abandoned cats, provide medical care, and give them a second chance at life. Subscribe and be part of a growing community that cares deeply about animal welfare in the USA.

✨ What you’ll find here:

Cat rescues and recovery stories

Vet care and health tips

Adoption journeys and happy endings

Tips for cat owners and animal lovers

💖 Support us in making a difference! Every view, like, and share helps more cats find the loving homes they deserve.

📌 Follow, Subscribe & Spread the Love for Cats in the USA!

#CatRescue #USARescue #CatCare #AnimalRescue #StrayCats #AdoptDontShop #FelineFriends #CatLoversUSA","","United States"
"2nd Chances At Life farm animal sanctuary","5","Animals have saved our lives so we want to save theirs. we are a 501C3 nonprofit private farm animal sanctuary.We accept donations all of our donations 100% goes to our animals.","",""
"Alittllebitiffy Animal Sanctuary","5","Alittlebitiffy Animal Sanctuary is a non-profit, non-funded rescue and sanctuary dedicated to giving the smaller, sometimes forgotten pets a second chance. As a rescue, we rehabilitate and rehome animals that are surrendered to our care. As a sanctuary, we provide a forever home to permanently injured or terminally ill animals.

www.alittlebitiffyanimalsanctuary.com","","Australia"
"Animal Rehabilitation Therapy","5","Hi! My name is Dr. Susan Bonilla, MS, CVA, CCRP.  I am certified in both veterinary acupuncture and canine rehabilitation therapy.  Here you will find a selection of some of the most amazing dog and cat patients I have had the privilege of helping, improving their quality of life and well being through acupuncture and rehabilitation.","","United States"
"Because You Care, Animal Rescue and Adoption","4","Mission:
 Because You Care believes in the value of all companion animals. 
As a progressive rescue and adoption organization, we adhere to the highest no-kill standards. We match rescued animals with their best possible fur-ever homes by investing in their health, rehabilitation, socialization, and well-being.
Our Vision:
 Because You Care is a leader in cat and dog rescue and adoption. 
We are committed to the safety and well-being of animals while they are in our care and throughout their lifetimes.","",""
"PAHA Animal Rescue","4","We at PAHA Animal Rescue, are a No Kill Shelter & Charity. We rescue abused, lost and stray dogs and find them new happy homes! 

Please support our cause at: www.panafricasa.org

If you like what we do please  consider a small donation on our webpage. Don't forget to share, like and subscribe!
#dogs #cats #animals #animalrescue #charity","","South Africa"
"Animal Rescue & Care","4","OUR MAIN MISSION IS SIMPLE; TO FIND LOVING HOMES FOR UNWANTED, HOMELESS OR NEGLECTED ANIMALS IN RICHMOND UPON THAMES AND SURROUNDING AREAS. BUT WHAT WE DO IS SO MUCH MORE THAN THAT.

Whether it's rescuing animals from cruelty or taking in the hundreds of abandoned ones, we foster and give them the medical and specialist attention they need, including neutering. We look after them until we are able to find approved owners who adopt them into loving, happy homes. And we do this as a non-profit charity run by volunteers and we're funded purely by donations.

As part of our mission, we offer advice, information and actively raise public awareness about animal welfare. In particular, animal neutering: it's the only way to stop the cycle of unwanted animals.","",""
"Volunteers of Pasadena Animal Shelter","3","Volunteers of Pasadena Animal Shelter is a volunteer run channel started by Chloe Martin, Surya Finke, and Hannah Sultando as part of their Girl Scout Silver Award Project","",""
"Little Lives Rescue","3","Founded in July of 2016, Little Lives Small Animal Rescue is a 501c3 nonprofit organization located in Tri-Cities, Washington that primarily focuses on rescuing small animals such as rodents, reptiles, birds, rabbits and etc. 

We want to help the animals in and around our community as much as possible. Our journey started with a paralyzed bearded dragon, an abandoned pet mouse, and a chinchilla without a home. Since starting our rescue, we have saved several animal types including geckos, guinea pigs, rabbits, bearded dragons, fish, iguanas, snakes, mice, and more.

We have a large number of rescued rabbits with limited rabbit fosters. We try to help the public with rabbit care and advice since overpopulation and dumping is a huge problem in our area. Please neuter/spay your rabbit and litter box train them (using pine pellet cat litter). It will make your life easier!

Enjoy our cute critters and thank you for the support!!

Little Lives Small Animal Rescue","","United States"
"The Farm Animal Sanctuary","3","Welcome to The Farm Animal Sanctuary's YouTube channel, the UK's pioneering refuge for rescued farm animals. 

Established over 30 years ago, we provide a forever home to over 600 animals, including sheep, pigs, and horses. 

Explore heartwarming stories of rescue, recovery, and life on the sanctuary. 

Support our mission through donations, sponsorships, and visits. 

Join us in making a difference and spreading compassion for all animals. 

Subscribe and be part of our journey to protect farm animals. 🐑🐖🐴","","United Kingdom"
"Hunter Wildlife Rescue","3","Hunter Wildlife Rescue is a 100% volunteer-run charity that rescues, rehabilitates and releases injured, sick or distressed native animals in Newcastle, Lake Macquarie, Maitland, Cessnock and the Hunter  Valley of NSW.

Species we rescue include possums and gliders, koalas, kangaroos and wallabies, wombats, echidnas, turtles, snakes, lizards, all native birds (including owls and raptors).

Established in 1978, Hunter Wildlife Rescue (formerly Native Animal Trust Fund) was the first volunteer run wildlife rescue organisation in NSW.","president@hunterwildlife.org.au; secretary@hunterwildlife.org.au; vicepresident@hunterwildlife.org.au; website@hunterwildlife.org.au","Australia"
"Animal Rescue Center","2","Welcome to **Animal Rescue Center**! 🐾 We are dedicated to rescuing, caring for, and finding loving homes for animals in need. Our mission is to give abandoned, injured, and mistreated animals a second chance at life.  

On this channel, you'll find heartwarming rescue stories, rehabilitation journeys, and adoption success stories. We also share educational content on animal care, welfare, and how you can help make a difference.  

Join us in our mission to protect and love animals! Don't forget to **subscribe** and turn on notifications to stay updated on our latest rescues. 🐶🐱❤️  

#AnimalRescue #SaveAnimals #AdoptDontShop","",""
"JustCare Animal Rescue and Sanctuary","2","We are a 501c3 nonprofit founded in 2017 in Oakville, WA. We take in unwanted animals, give them care and love, and prepare them for their future adoptive homes. Those that are not adoptable will live out their lives at the sanctuary. 

A place where animals aren't just something, they're everything!","",""
"Sonia's Sanctuary Animal Rescue","2","We are a 501(c)(3) nonprofit animal rescue in western Pennsylvania.","",""
"Angels4Paws Animal Rescue","2","Angels 4 Paws’ mission is to enhance the lives of animals at the shelters and save precious souls by placing them in foster care while actively seeking permanent and loving homes.  Our channel focuses on the importance of the foster family, projects we have organized and developed for shelters, our available pets, and other information about rescuing dogs and cats from local shelters.","","United States"
"Lake Lowell Animal Rescue Fosters","1","Lake Lowell Animal Rescue serves animals in need near Lake Lowell in the Nampa/Caldwell area in Idaho. We are a 501(C)3 nonprofit animal rescue organization. This channel serves as a repository for videos of animals that are being fostered and are available for adoption. We share these videos on our website and social media to reach potential adopters. To adopt an animal, or to learn more about our organization, please find us on Facebook or visit our website:

www.lakelowellanimalrescue.org","",""
"Horse rescue sanctuary and ranch","1","We're a nonprofit organisation trying to show love and mercy to equine family❤️. We rescue and shelter horses and donkeys. We also offer rehabilitation services to the injured ones❤️‍🩹","",""
"kind heats horse Rescue sanctuary","1","our mission is to rescue all stray horses and provide them with food , medication,shelter and all the love.","",""
"Pear Tree Farm Animal Sanctuary","1","Welcome to the official YouTube channel of Pear Tree Farm Animal Sanctuary 💚

We are a small, independent, volunteer-run animal sanctuary in Somerset, UK, providing lifelong care, safety and second chances to rescued animals.

Follow the lives of our residents, hear their rescue stories, enjoy behind-the-scenes sanctuary updates and join us as we work to create a kinder future for animals.

Since 2018, we have helped more than 7,500 animals, with over 80 residents now calling Pear Tree home, including pigs, horses, goats, sheep, poultry, rabbits, ferrets, cats and dogs.

Subscribe and become part of our sanctuary family!

Registered Charity No. 1195321","",""
"Madison Horse Rescue Sanctuary 🐎","","🐎Non-profit horse rescue sanctuary 🐎 
🐎we Rescue, Rehabilitate and Re-home 
❤️Support through donating 🙏
Donate Now 🙏❤️👇","",""
"Dog nation","",">Nonprofit dog rescue 🐾🐾
>Adopt . Foster . Volunteer 🤝 
> Welcome to United Paw Network – a global community of animal lovers. We post videos about animal rescue, pet care, kindness to animals, and inspiring stories. Subscribe and become part of a movement that speaks for animals who cannot speak for themselves.","",""
"Treasured Animal Rescue","","Treasured Animal Rescue is a foster based organization dedicated to saving homeless and abused animals. Our rescue is run by volunteers.  We rescue over 200 animals with 30 dedicated foster homes. Most dogs and cats are pulled from kill shelters. TAR was founded in 2017","",""
"Equine rescue","","🐾 Help Us Save Animals in Need ❤️

Every donation can give a vulnerable animal a second chance at life. Your support will help provide food, clean water, veterinary treatment, medicines, vaccinations, emergency rescue, shelter, and recovery care for animals that are sick, injured, abandoned, or neglected.

💰 How your donation will be used:
• $10 – Food and basic supplies
• $25 – Medication and treatment
• $50 – Veterinary care and vaccinations
• $100+ – Emergency rescue, surgery, or shelter support

Together, we can rescue more animals, reduce suffering, and give them the safe and loving lives they deserve. Please donate and help us save a life today. 🐶🐱❤️","","United Kingdom"
"Ratlum Mountain Animal Rescue","","Our Mission:  To prevent and eliminate the suffering of domestic and wild animals by rescuing and rehabilitating them and to encourage the public to peacefully coexist with all animals.

The day-to-day operation of Ratlum Mountain Animal Rescue is handled by Christine & Ahren Paulson, a husband-and-wife team.  The Paulson's spent over a decade volunteering for other charities, rescuing, fostering & rehabilitating domestic animals (dogs and cats), in addition to serving on the Board of Directors. In 2017, Ahren & Christine decided to broaden the scope of their rescue activities by learning about wildlife rehabilitation & earning their Wildlife Custodian Appointments from the Connecticut DEEP. In early 2020, they established their own non-profit charity, Ratlum Mountain Animal Rescue Inc.

Christine & Ahren continue to work full-time day jobs, while volunteering and running the charity in the remainder of their time. They invite everyone to join them on this journey","","United States"
"Horse rescue 🐴🐎","","We Rescue, Treat, Rehabilitate sick and injured Horses 🐴 UK Based Rescue 📍 DONATE VIA LINK","",""
"Animal Rescue Friends, Ltd - AZ","","A 501(c)(3) non-profit based in AZ. All donations are used to provide homeless dogs/cats food and medical care while in foster awaiting their forever homes.We are a foster-based rescue that provides love and care for the rescued animals in a home environment. Utilizing fosters allows us to provide attention to each animals unique needs while also training them on how to be inside a home. When the animal is ready for adoption; the in home approach to rehabilitation makes the transition into their forever home a smoother process.","",""
"Horse Nation Rescue Sanctuary","","Welcome to Horse Nation Rescue 
Sanctuary 🐎

At Horse Nation, we are dedicated to providing a safe haven for horses in need. 
Our mission is to rescue, rehabilitate, and provide a lifelong sanctuary for horses that have been neglected, abandoned, or are at risk.

Through this channel, we share the journey of our residents—from their first steps into the sanctuary to their incredible transformations. We believe every horse deserves a life of dignity, love, and green pastures.

🎥 Join us for weekly updates on our rescues, rehabilitation stories, and life at the sanctuary.

Support Our Work:
Running a sanctuary takes a village.
 Your support helps provide hay, veterinary care, and a safe home for these majestic animals.

🔗 [Insert Donation/PayPal Link Here]Thank you for standing with the Horse Nation. ❤️","","United States"
"Virginia Farm Animal Sanctuary","","Welcome to Virginia Farm Animal Sanctuary (VFAS)  — a place of lifelong sanctuary for farm animals in need of a forever home.

Many of the animals here were once beloved pets whose families experienced life changes such as illness, loss, relocation, downsizing, or other circumstances beyond their control. When care needed a new place to continue, VFAS became that place.

Our mission is simple: provide lifelong sanctuary, compassionate care, and peace of mind for both animals and the people who love them.

Follow along for daily life at the sanctuary, animal stories, behind-the-scenes moments, educational content, tours, special events, and the frequent funny farm moment.

Home to donkeys, goats, sheep, pigs, llamas, poultry, and more, every resident here has a story — and every story matters.","support@givebutter.com",""
"Paynton horse rescue sanctuary","","support paynton horse rescue sanctuary as we care for that rehabilitate rescued horses. join us today and help make a lasting difference🙏","",""
"Denkai Animal Sanctuary","","Welcome to Denkai Animal Sanctuary & Rescue ❤️ We give abandoned, neglected, injured, and vulnerable animals a second ...","",""
