"频道名称","粉丝数","简介","邮箱","国家"
"Animal Aid Unlimited, India","7230000","Animal Aid Unlimited is a leading street animal rescue center in India. Our hospital and sanctuary are home to more than 15,000 rescued and recovering animals each year. 

Please share our videos to support street animal rescue! 

Every donation, no matter how small, makes our life-saving rescues possible. Thank you for joining our rescue team.","","India"
"We Love Animals","6610000","Welcome to We Love Animals — we share animal rescue stories, incredible wildlife encounters, and inspiring pet adoption stories from around the world.

We believe every animal deserves kindness and compassion. From dog and cat rescue videos to amazing wildlife footage and rehabilitation stories — we share the moments that remind us why animals make the world a better place.

We talk to animal heroes that have dedicated their lives to animal welfare. We tell stories about rehabilitation, adoption, fostering, and rescue. 

We Love Animals is part of Newsner, a global digital news platform.

Follow us on:
📘 Facebook: https://www.facebook.com/TheAnimalClub.net
📸 Instagram: https://www.instagram.com/weloveanimals_newsner/
🎶 TikTok: https://www.tiktok.com/@weloveanimals_official

We love animals! ❤️ 🐾","","Sweden"
"Danny Go!","5230000","Music! Dancing! Learning! Bears! 🤸🏻‍♂️🐻👨🏻‍🔬💃🦹🏾‍♂️

“Danny Go!” is a live-action educational children’s show filled with music, movement and silliness. Created in 2019 by 3 childhood friends in Charlotte, North Carolina, the show inspires learning and off-the-couch exercise for kids ages 3 to 7. 

Here’s what you’ll find in our videos: 
 +  Catchy, upbeat dance-along songs that kids AND parents can enjoy together
 +  Kindergarten-level learning (math basics, vocabulary, science experiments)
 +  Basic lessons about friendship, kindness & respect
 +  Good-natured silliness and fun
 +  Real-life exploration (i.e. animal shelter, fire station, trampoline park)","","United States"
"Wild Animal 247","4090000","Welcome to the YouTube channel ""Wild Animals 247"" - a place to capture emotional moments in animal rescue and protection. Here, we want to connect people with nature and animals, to raise awareness of protecting the common environment. Our goal is to make people love and respect animals more through sharing authentic stories of animal rescue.

At ""Wild Animals 247"" we bring you videos of our dedicated, professional, passionate team of volunteers rescuing animals that are in trouble, being abused, or facing challenges. mortality risk. Each of our videos follows volunteers throughout the rescue process, from locating the animals to bringing them back to a rehabilitation and care center, to help them recover quickly and be healthy. chance to return to the wild.","","United States"
"The Urban Rescue Ranch","3430000","I bought a crackhouse and dump and turned it into a Certified wildlife rehabilitation facility and farm sanctuary for exotic (hunted) livestock in central Texas.","","United States"
"Peepal Farm","2684849","Peepal Farm is a stray animal rescue and an awareness organization, working to help animals heal and heard.
We are located in Village Dhanotu, Distriict Kangra, Himachal Pradesh","","India"
"Wildlife SOS","1336120","From our humble 30 years ago, Wildlife SOS has grown to be one of the premier wildlife rescue organizations in the world. 
At Wildlife SOS, we focus on protecting India’s wild animals in their natural habitats as well as on rescuing and caring for orphaned, injured and exploited wildlife. We operate two rescue centers for elephants, five for bears, one for leopards, and one for birds and primates. 

Our videos give you behind the scenes look at our rescue operations, our animals, and our programs. Subscribe today to be notified when we post something new!","","United States"
"Gentle Storm Horse Sanctuary","1190000","Gentle Storm Horse Sanctuary exists to rescue horses trapped in auction pipelines and facing slaughter in Mexico.
These horses often come from lives of neglect, overwork, abuse, and abandonment — sold through auctions and pushed toward slaughterhouses with no voice and no time left.

We are the gentle storm that steps in.
When chaos, fear, and cruelty surround them, we intervene with urgency, compassion, and unwavering commitment.

At our sanctuary, rescued horses receive:
• Emergency rescue from auctions and slaughter routes
• Medical care, rehabilitation, and trauma recovery
• Safety, patience, and respect
• A chance to heal after the storm has passed

They have survived the storm.
Now they deserve gentleness.","","United States"
"Paw Squadron","1140000","❤️ We are Paw Squadron and our mission is to rescue change the lives of stray & abandoned animals

❤️ Animal Rescue
❤️ Veterinary Care
❤️ Food & Shelter

❤️ Help us rescue more animals in need
❤️ PayPal https://www.paypal.com/donate/?hosted_button_id=68UVR775K6MVG
❤️ Patreon https://www.patreon.com/pawsquadron
❤️ YouTube Membership https://www.youtube.com/channel/UCxaNGRFsS06rPm5u5VPs_Ug/join
❤️ Super Thanks
-------------------------------------------------------------------------------------
❤️ For Adoptions https://www.pawsquadron.com
-------------------------------------------------------------------------------------
╔═╦╗╔╦╗╔═╦═╦╦╦╦╗╔═╗
║╚╣║║║╚╣╚╣╔╣╔╣║╚╣═╣ 
╠╗║╚╝║║╠╗║╚╣║║║║║═╣
╚═╩══╩═╩═╩═╩╝╚╩═╩═╝
-------------
#PawSquadron #Puppy #Rescue #Dogs #AnimalRescue #Animals","","United States"
"Ali Rescue Pets","1090000","Every animal deserves a chance to live in safety, free from hunger, pain, and neglect. I'm Ali, an animal rescuer and I made it my mission to do everything I can to provide that chance.

Me and my team rescue, shelter, feed, and care for animals that have nowhere else to turn. Many are injured, sick, abandoned, or in urgent need of help. Every rescue is different, but our goal is always the same: to give them the care, protection, and dignity they deserve.

I'm the one who receives the funds which are being spent on the many costs involved in continuing our work, including:

• Animal Care
• Medical Equipment and Treatment
• Rescue Operations and Transports
• Shelter Infrastructure
• Operational Costs
• Volunteer & Staff Support","","Egypt"
"Viktor Larkhill","1030000","We rescue critically injured animals who have run out of options.

I’m Viktor Larkhill, founder of Let’s Adopt International. We specialize in Extreme Rescue: complex cases requiring advanced veterinary medicine, surgery, rehabilitation and long-term care.

On this channel, you will see the entire journey, from rescue and diagnosis to recovery at the Great House and, whenever possible, the extraordinary home waiting at the end.

These are real animals, real medical decisions and real second chances. We document the truth because rescue does not end when the camera stops.

Subscribe and become part of the international community making these rescues possible.

For deeper updates and to help us keep saving lives, join Let’s Adopt on Patreon through the link below.
https://www.patreon.com/LetsAdopt","","United States"
"Dog Rescue Shelter, Serbia","881000","Dog Rescue Shelter established in 2007, is one of few Serbia’s largest non-profit, no-kill animal shelters.  We have placed over 300 dogs and cats, since we opened our doors. We are located in Mladenovac city, just one hour south of Belgrade and easily accessible to all of Serbia. Being open 7 days a week makes the adoption of a pet convenient for the general public and enables us to place all homeless dogs and cats who urgently need help.
Life on the streets is very hard and risky. Some of stray dogs have a luck to live a long life because they have people who take care of them, but some dogs are poisoned or trampled by a car and die.
In our shelter 350 adult dogs, 20 puppies and 20 cats currently residing, rescued from the streets. So many dogs from the streets needed help and safe place in the shelter.
We need YOUR continued dedication and financial support. We are not funded locally or federally, we rely solely on private donations to keep our shelter doors open.","","Serbia"
"Goat Daddys","690000","Goat Daddy's is a Grade A Goat Dairy, 501c3 animal sanctuary, and Airbnb located in central South Carolina. Nubian and Nigerian Dwarf goats make up the herd of nearly 60 goats and their high butterfat and eager browsing habits are what give the cheese its phenomenal taste. In addition to being a farm, Goat Daddy’s has worked with local vets, DNR, and rescues over the years and aided in providing a forever home to a plethora of animal species ranging from avian, camelid, equine, and reptiles.","","United States"
"Cats Of San Bernardino","525761","Cats of San Bernardino was started by Jaina and Ivy Spagis when they moved to San Bernardino in 2016
from Los Angeles. They were shocked that San Bernardino did not offer free spay and neuter
services like LA and realized that the feral situation in their new neighborhood was out of
control. They began trapping and spaying/neutering feral cats at their own expense, but soon
realized the problem was too big to tackle on their own.

They have converted their home into an animal sanctuary, providing space for kittens and their
mommas waiting for adoption, rehabilitation areas for recovering injured cats, play areas for
healthy cats. With the help of foster families in the city of San
Bernardino they have as many as 50 cats in their care at one time.Their dream is to one day
have a large property/facility which will help save thousands of more lives. This new property
would have catios, feral enclosures, a medical room, nursery, rehabilitation area, and adoption
center.","","United States"
"Wildlife Aid","503000","We are the Wildlife Aid Foundation, a charity rescuing and rehabilitating wildlife across the UK for more than 40 years.
For over 16 years we were featured on the TV show Wildlife SOS. We now share even more behind-the-scenes moments on YouTube from one of the UK’s largest wildlife rescue centres.

Have you ever wondered how a fox ends up stuck in a gate, or how rescuers retrieve a swan from a 50-foot tree? This channel gives you a closer look at the work involved in rescuing and caring for British wildlife.

Our founder, Simon Cowell, dedicated his life to wildlife rescue and his legacy continues through our team as they respond to wildlife emergencies every day. 

Subscribe to stay up to date with our latest rescues and wildlife care.

Website: http://www.wildlifeaid.org.uk/
Facebook: https://www.facebook.com/WildlifeAid
Twitter: https://twitter.com/wildlifeaid
Patreon: https://www.patreon.com/wildlifeaid","mail@wildlifeaid.org.uk","United Kingdom"
"dev naz Animal Rescue","381000","Hello! I'm Devnaz, an animal lover living in the beautiful district of Karataş in Adana, Turkey. Although I was born in Australia, my roots trace back to Turkey, and I'm dedicated to helping animals here. What started with my pet dog has now extended to street animals as well. On my YouTube channel, my team and I organize animal rescue operations, touching the lives of many creatures, including cats and dogs. Our goal is to share these meaningful stories with you, inspiring more people to help animals. Come on, join us in this amazing adventure and let's work together to create a better world!""

""Merhaba! Ben Devnaz,  YouTube kanalımda, ekibimle birlikte hayvan kurtarma operasyonları düzenliyor, kedi ve köpek başta olmak üzere pek çok canlının hayatına dokunuyoruz. Amacımız, bu anlamlı hikayeleri sizinle paylaşarak daha fazla insanın hayvanlara yardım etmesine ilham vermek. Hadi, gelin bu müthiş maceraya katılın ve birlikte daha iyi bir dünya yaratmaya çalışalım!""","","United States"
"Dog Rescue Home","227000","Dog Rescue Home is dedicated to real abandoned dog rescue stories, emotional rescue dog transformations, and helping every dog find a forever home.

Every video tells a true story. A real dog. A real rescue.
A real second chance at life.

The rescue videos featured on this channel are shared by the people who rescued these abandoned, stray, and neglected dogs. We share their stories to inspire compassion, encourage dog adoption, and advocate for rescuing more dogs in need.

What you will find here:
🐾 Abandoned dog rescue stories
🐾 Rescue dog transformations
🐾 Dog adoption journeys
🐾 Stray and neglected dog rescues
🐾 Loyal dogs finding forever homes

Every rescue story shared here celebrates kindness, hope, and second chances. Together, we can inspire more people to rescue, adopt, and give abandoned dogs the loving homes they deserve.

Subscribe and follow every rescue story from beginning to forever home. New rescue story every week. 🐾","","United States"
"Enoch Wildlife Rescue","195000","Enoch Wildlife Rescue

The Southwest Wildlife Foundation of Utah DBA Enoch Wildlife Rescue & Gowildlife, was founded in 1997 in Cedar City Utah, we are a 501c3 non-profit organization dedicated to wildlife rescue, rehabilitation and education.

Enoch Wildlife Rescue provides approximately 100 educational outreach programs, reaching over 30,000 people annually, and is based in the Cedar City area.

Enoch Wildlife Rescue cares for approximately 100 sick, injured and orphaned native wildlife each year. Restoring these animals to health and returning them to the wild is our primary goal.","","United States"
"International Animal Rescue IAR","185000","At International Animal Rescue we not only save animals from suffering, we also rehabilitate and release them back into the wild and work to protect their precious natural habitats. Our work includes cutting free and caring for captive bears in India and Armenia, rescuing and rehabilitating orangutans and other primates in Indonesia and treating injured and orphaned howler monkeys in Costa Rica. Our aim is to return animals to their natural environment wherever possible, but we also provide a permanent home for those that can no longer fend for themselves.","","United Kingdom"
"Animal Rescue","180000","Hello everyone!
Welcome to the North Clwyd Animal Rescue channel. With the goal of sustainable development and spreading useful values. In addition to inspirational videos about animal love. Our channel will make videos to save and rescue animals that have been injured or abused by raising welfare funds dedicated to helping non-profit animal rescue organizations around the world.
Hopefully they will really bring value to the audience and help you relieve stress after a day of work.
Thank you everyone!
Thank you for your cooperation.
© Copyright belongs to the North Clwyd Animal Rescue channel Do not repost
01/05/2024: 1000 subscribers
01/08/2024: 10000 subscribers
#shorts #story #rescue","","United States"
"Doctor Lindsay Butzer DVM","178900","Hey Guys! My name is Dr. Lindsay Butzer and I am a small animal veterinarian, working at Clint Moore Animal Hospital in Boca Raton Florida! Join me here on my channel for all my Pet Tips, Dog Breed Guides, and Travels on everything from animal rescue to the furry family members that come into my clinic that we all love. Please share your animal experiences in the comments on my videos so other pet owners can read it! I hope to see you here often!","","United States"
"Emiology","142000","I'm Emi I share my life with my rodents and other pets, and you can find fun weekly videos about them here on my channel as well as educational videos about their care! I have a BSc Zoology degree and I'm on a personal mission to make sure rodents get the proper recognition and care that they deserve 💓
I also run a small animal rescue called Critter Haven, and you'll occasionally see videos of that too!

🐭 | INFO | 🐭
My Merch: https://emiology.teemill.com/
My online store: https://bogglebuddies.com/
Become a channel member: https://bit.ly/2Tc8Koy​​​​​​
Follow my rats & Mice on instagram: @bogglebuddies
Follow me on instagram: @emiologyofficial
Follow my cats instagram: @adventuresofhubble 
Follow me on twitter: @Emi_ology
For business enquiries only: emiologyofficial@gmail.com

📦 P.O BOX 📦: 
Emiology
Unit 2 
4 Blenheim Court
Peppercorn Close
Peterborough
PE1 2DU

(Please ensure anything sent is addressed to 'Emiology' otherwise it may get returned)","emiologyofficial@gmail.com","United Kingdom"
"Agelina Animal Rescue And Sanctuary 🐾","111000","Hello brothers and sisters, I'm Agelina Animals RescueAnd Sanctuary.
We are in a very difficult situation. Right now, we are caring for 99 dogs and 36 cats, and we continue rescuing animals from the streets whenever we can. Some of them are sick, and all of them depend on us for food, clean water, medical treatment, and love.
The expenses have become overwhelming. Rent, daily food, and constant vet bills are more than I can manage alone, and I am struggling to keep up.
That is why I am reaching out for help. We are trying to raise $21,000 to give these dogs and cats a chance at life—to keep them fed, treated, and safe.
If you can spare even a small donation, it would mean so much. If you are unable to donate, please consider sharing our GoFundMe with your friends and family. Every share helps.
Together, we can make a difference and give these innocent lives a second chance 🐾","",""
"Dog Haven","104000","Welcome to dog haven, your go-to source for heartwarming and inspiring dog rescue stories! 🐾 Here, we’re dedicated to rescuing abandoned, abused, and neglected dogs, giving them a second chance at life and showing the world the incredible bond between humans and dogs.

Our channel features real-life rescues, rehabilitation journeys, adoption success stories, and tips for dog lovers on how to make a difference in the lives of animals. Whether you're an animal advocate or simply a dog lover, you'll find touching stories, educational content, and behind-the-scenes footage of the incredible transformations of these beautiful animals.

Join us on our mission to spread compassion, save lives, and raise awareness about animal welfare. Every like, share, and subscription helps us continue our work in giving these lovable dogs the happy, safe homes they deserve!

Together, we can make the world a better place for our furry friends.","","United States"
"Scotty's Animals","93600","Scotty's Animals channel is about animal rescue. I am an animal rescue volunteer in Los Angeles. I volunteer at the Los Angeles Guinea Pig Rescue.  My channel aims to help people care for animals. https://www.scottysanimals.com I have been volunteering with different animal rescues in California for a number of years now. Rescues like: The Feral Cat Foundation, Reptile and Amphibian Rescue Network, Wee Companions, Orange County Cavy Haven, Rabbit Rescue Inc, Los Angeles Guinea Pig Rescue, and others.  Caring for animals requires adult supervision. This information is intended for adults. Only adults can make the decision about adopting animals, and taking home new pets.","","United States"
"A Safefurr Place Animal Rescue","92400","A Safefurr Place is a non-profit animal rescue organization in Bakersfield California that also serves the surrounding areas of Kern County.

Our animal rescue channel features the stories of the abandoned, homeless, and neglected dogs and cats we have saved from the streets and rural areas of Kern County. There is nothing more rewarding than seeing these discarded pets transform back into the healthy and happy dogs and cats they once were, and helping them find the loving, forever homes they deserve.

PayPal donations  - http://www.paypal.com (Our account is @asafefurrplace)
Venmo donations - http://www.venmo.com (Our account is @ASP-Rescue)
Cash App donations - https://cash.app/$asafefurrplace","","United States"
"Life With Pigs Farm Animal Sanctuary","73100","Live at 9pm ET nightly.  Life with Pigs Farm Animal Sanctuary provides forever homes to farm animals in need and compassion-filled educational experiences to the public.  We are home to pigs, cows, turkeys, chickens, sheep, a rabbit, a parrot, and three dogs. 

Life with Pigs is dedicated to educating people about the injustices faced by animals and how we can better coexist with our fellow earthlings. We operate under the guiding principle that animals are our equals and deserve equal consideration for their needs and desires.

Please subscribe to our channel for regular videos!","","United States"
"Jacobs Ridge Animal Sanctuary","70000","Jacobs Ridge is a private animal sanctuary in Murcia, Spain offering a forever home to 140+ animals. This includes: horses, pigs, donkeys, goats, sheep, cats and dogs, many of which have been neglected, abused or abandoned. 
We offer all-inclusive volunteer experience breaks, making us not just a sanctuary for animals, but a sanctuary for people too. 

Our mission is to be completely self-sustainable and not rely on hand-outs or donations. However, the pandemic had a massive impact on our funding model and so we have had to turn to other fundraising methods.

We promote a vegan lifestyle because we believe that every being has a right to life and a Life Without Fear.

Donate to our current fundraiser: https://www.gofundme.com/f/jacobs-ridge-infirmary
.","","United Kingdom"
"Dog Rescue TV","68000","Dog Rescue TV is your home on YouTube for dog rescues from partners of the World Animal Awareness Society & World Animal Rescue Network from around the world. 

Videos from the World Animal Awareness Society are produced in the field and in our post production facilities using state of the art cameras, technology and more than 20 years of experience releasing content about humans rescuing animals.  #WA2SFilms has directly captured stories with over 2,200 NGO's and government organizations around the world. We use new state of the art a i to script, automate, paint, sing our stories to life. Tools that allow us to support animal rescues around the world. In the past five years the WA2S has donated more than $500,000 to animal rescuers.  We are the World Animal Awareness Society, World Animal Rescue Network and WA2S Films. We are about animals being rescued and the people doing the rescues...

To donate: https://www.paypal.com/cgi-bin/webscr?cmd=_s-xclick&hosted_button_id=ZEXBJW3E8RPW2","info@wa2s.org","United States"
"The Moons Farm","63300","Welcome to Legacy of Legends, our real-life animal rescue and sanctuary based at The Magical Moon Farm in rural France 🌿

Here, once-forgotten horses, donkeys, and other animals find safety, kindness, and a second chance at life. We care for retired elite sport horses, elderly equines, and endangered Poitou donkeys — giving them the dignity, comfort, and love they deserve.

Every video shares a true story: from the rescue of an elderly horse to the first steps of a tiny newborn donkey. We believe every life matters, and every legend deserves a beautiful ending 🌙💫

Join our worldwide family of animal lovers, follow the daily lives of our rescued souls, and be part of something magical — a place where hope and compassion truly live.

🩶 Subscribe to follow their journeys and help us continue our mission of rescue, rehabilitation, and love.","","France"
"Best Friends Animal Society","57700","Best Friends Animal Society is a leading animal welfare organization dedicated to saving the lives of dogs and cats in America's shelters and making the entire country no-kill. Founded in 1984, Best Friends runs lifesaving facilities and programs nationwide in partnership with more than 6,000 shelters and rescue organizations. From our headquarters in Kanab, Utah, we also operate the nation's largest no-kill animal sanctuary — a destination that brings our mission to life for thousands of visitors each year. We maintain the most comprehensive animal sheltering data in the country and make it accessible to the public — empowering communities with critical insights into the needs of their local shelters and how they can help. We believe every dog and cat deserves a home. And we believe that, by working together, we can Save Them All®.
Sub goals
57,000 ✅ we appreciate you, tysm! 🧡
75,000 🙏 let's do this! 💪
📣100K 🐐 GOALS","informacion@bestfriends.org","United States"
"Rescue furry kids","44300","Hello everyone, this is Rescue furry kids,
home for stray animals.
I regularly share stories about rescuing stray animals,
Please don't abandon your pets.
Thank you for your encouragement and support💖💖💖","","United States"
"Kabugo Animal Shelter Zigoti","35900","Welcome to Kabugo Sadick's Animal Rescue Channel!

Hi, I’m Kabugo Sadick from Uganda, and I’m passionate about rescuing and caring for dogs and cats in need. Through this channel, I share the inspiring stories of the animals we save and the efforts we make to provide them with love, care, and a second chance at life.

Your support means the world to us! Please subscribe, like, comment, and share our videos to help spread the word. Together, we can make a difference for these amazing animals.

Want to go a step further? Support our shelter by donating or sharing our mission. Every little bit helps!

Thank you for being part of this journey to rescue and protect our furry friends. 

MOBILE WALLET TRANSFER 
Names: Kabugo Sadick
City: Kampala
Country: Uganda 
Receive method: Mobile Money
Mobile money partner: MTN
Phone no: +256790242736

#AnimalRescue #SupportShelterAnimals #rescuedogs #shelterdogs","","Uganda"
"Tenerife Animal Sanctuary","35800","Tenerife Animal Sanctuary - sustainable centre for rescued animals in Tenerife, Canary Island, Spain. 

Previously known as Tenerife Horse Rescue

Registered charity (NGO) created by a couple with a dream to help animals in need. Self funded and run by a big community of volunteers.

Rescuing animals and giving them a voice. Horses, cats, dogs, goats, chickens, tortoises, turkeys, ducks, guinea pigs, pigs and more ... All living happily in our little hand built finca. Created around the basis of recycle, reuse and reduce. 

We invite you to join our sustainable and animal full journey and witness honest and raw videos with so much emotion, chaos, animals, knowledge and honesty.

Subscribe and follow us to help save the lives of hundreds of animals in need. By watching our videos you are helping us fund the sanctuary. 

Join the finca family for the ride!

You can also donate via paypal: donations@tenerifehorserescue or visit our website to help futher www.tenerifeanimalsanctuary.org","","Spain"
"Turpentine Creek Wildlife Refuge","29600","Turpentine Creek Wildlife Refuge is striving to see the end of the big cat and bear trade, within our lifetime. Allowing these magnificent animals to enjoy life without fear, abuse, abandonment, or neglect; letting them be the wild animals they were truly meant to be. Through education, advocacy, and quality care for our current rescues, we are making strides in changing the mindset of a nation. As a 501(c)3 nonprofit organization, our mission is to provide lifetime refuge for abused and neglected “Big Cats” with emphasis on tigers, lions, leopards, and cougars. We have created a place that these animals can finally get the care and piece of freedom that they deserve. With your help, we will be able to expand our public educational outreach, education programming, and continue to rescue animals in need.","marketing@tcwr.org","United States"
"Animal Rescue Haven","26600","Welcome to Animal Rescue Haven 🐾

Animal Rescue Haven is where you can discover heartwarming real-life animal rescue stories from around the world.

Here, you'll find inspiring rescue stories, miraculous recoveries, touching reunions, and loving moments that celebrate compassion, courage, and the extraordinary bond between humans and animals.

Our goal is to share inspiring stories of kindness, raise awareness about animal protection, and remind everyone that every life is precious, deserves love, care, and a second chance.

Every rescue has a story.

Thank you for being a part of our community and helping us spread hope—one story at a time.","","United States"
"Charlie Freak & The Shire Animal Rescue Sanctuary","24000","The new home on Youtube for Charlie Freak and The Shire Animal Rescue Sanctuary, run by Charlie and his wife Colleen.","","Mexico"
"P’Nuts Freedom Farm Animal Sanctuary INC","20400","P'nuts Freedom Farm Animal Sanctuary is a place where hope, healing, and second chances flourish. We rescue animals from situations of neglect, abuse, and abandonment, offering them a safe, loving environment to recover and rebuild their lives. Our dedicated team provides personalized care to help each animal heal physically and emotionally, giving them the opportunity to trust again. Beyond rescue, we are passionate about raising awareness and advocating for a world where all animals are treated with kindness and compassion.

At P’nuts Freedom Farm, every animal’s story is worth telling, and every second chance is a chance to thrive","",""
"OPH Rescue","19300","Operation Paws for Homes is a 501(c)3 nonprofit organization devoted to the rescue, rehabilitation and placement of dogs and cats who have overcome great odds and deserve wonderful, caring forever homes. These dogs and cats are rescued from overcrowded shelters in the southern region of the United States, primarily shelters in South and North Carolina, as well as Virginia. We partner with local shelters as needed. We also rescue a few international dogs partnering with shelters and rescues in India who rescue dogs from dangerous and deplorable conditions. Our organization is volunteer-powered by a dedicated group of animal lovers who have seen the horrors and sad fate of animals who find themselves abandoned and left to fend for themselves in the world.","","United States"
"Heavy Petting - Animal Documentaries","17900","From heart-stopping dog rescues to incredible animal transformations, we bring you the most inspiring animal rescue stories! Witness the life-changing work of organizations like the RSPCA and other dedicated rescuers as they save abandoned dogs, stray cats, and wildlife in danger.

Join us on TikTok: https://tinyurl.com/3wz2937w","","United Kingdom"
"Arctic Fox Daily Wildlife Rescue, Inc.","17400","I'm Kim, President and Founder of Arctic Fox Daily. At our unique, home-based sanctuary, we provide a forever home to unwanted, neglected, abandoned, or confiscated captive-bred and non-releasable wildlife, specializing in foxes and wolfdogs.

I also volunteer my time raising orphaned and/or injured New York-native wildlife, with the ultimate goal being release back into nature - where they belong.

I rescued wildlife as a licensed individual for over a decade, and then officially founded Arctic Fox Daily Wildlife Rescue, Inc. in 2020, a 501(c)(3) nonprofit organization. We rely fully on contributions from our amazing supporters. The more support we receive, the more animals we can help. Follow @arcticfoxdaily on our other platforms, and visit www.arcticfoxdaily.org to learn more or to see the different ways you can show support.

I'm making my childhood dreams of rescue come true, while raising two babies of my own, Ella and Clay. Thanks for tagging along on our rescue journey!","","United States"
"New Life Animal Rescue","16200","🐾 New Life Animal Rescue 🐾

Every animal deserves love, care, and a safe forever home. ❤️

At New Life Animal Rescue, our mission is to rescue abandoned, injured, and homeless animals, provide them with medical care and rehabilitation, and help them find loving families through adoption.

✨ Rescue • Care • Rehome • Repeat

Join us in giving every rescued animal a second chance at life.

📩 Contact us for adoption, fostering, volunteering, or donations.

Adopt, Don't Shop. 🐶🐱❤️","",""
"MarleysMutts","15100","Marley’s Mutts is a non profit animal rescue organization tirelessly devoted to saving lives by exploring and cultivating the human-canine bond. Our approach to success is three fold: 1) Proactive community education and therapy programs which target youth, the incarcerated, the underprivileged, the disadvantaged and the needy, 2) Exhaustive spay and neuter programs for low income, high euthanasia districts and 3) World-wide rescue and rehabilitation programs aimed at saving lives of desperate dogs wherever we can be of service. 
Donations can be made at MarleysMutts.org/donate/  
Dog Rescue - Adoptable Dogs","inquiries@marleysmutts.org","United States"
"Jutta Shelter","13500","Jutta Shelter is a non-profit animal shelter in Ierapetra Crete. We rescue and take care of stray animals. We  give these animals a better future by offering them for adoption. The backbone of our ethics is to defend animal's rights and their freedom. We are also against unnecessary euthanasia of healthy animals. We receive NO government funding and rely entirely on donations.","","Greece"
"Horse Rescue","13000","Welcome to the YouTube channel ""Horse Rescue""! Here, we share heartfelt stories about saving horses in need, restoring their health, and finding them loving homes. Follow us to experience memorable moments, learn about horse care, and get involved in the mission to protect these four-legged friends. Together, we can bring hope and happiness to the horses that need rescuing!","","United States"
"Foster Tales","12900","If you love dogs and want to support animal rescue, then welcome to our YouTube home. We are Foster Tales Rescue, a 501c3 nonprofit dog rescue in Bakersfield California. We save dogs from over-crowded animal shelters where they are at risk of euthanasia. Follow our True Rescue Stories series to get the whole story from a shelter dog's freedom moment, to their veterinary care if needed and then life with their foster family and hopefully their adoption to their forever home. Our stories are original, when you support this channel you are supporting true animal lovers who are working to save dogs every day. We actually place homeless dogs in their forever homes! Join us for every episode True Rescue Stories for heartwarming tales about these beautiful and resiliant dogs. Your views, likes, and shares help us save more dogs and keep us making new episodes.","","United States"
"Tomasthevet","12800","Hi,

Welcome to my YouTube channel.

My name is Tomasthevet, I am Veterinary Surgeon, living and working in London. 
I specialise in small animals like cats and dogs and have a keen interest in emergency and critical care. 
I also enjoy surgery and help in a dog rescue. 
Come along with me so I can show you a bit of the vet world 😉 

Ps: some of my videos are not for the faint hearted","",""
"Gouves Animal Shelter","11600","Gouves Animal Shelter provides care for injured strays and abandoned pets. We are located in Gouves, Crete and take care of 200 dogs and 200 cats every day.","gouvesshelter@gmail.com","Greece"
"Blind Cat Rescue & Sanctuary, Inc","10900","Blind Cat Rescue and Sanctuary fulfills the need for a safe haven for blind, FIV+ (Feline Immunodeficiency Virus) and FELV+ (Feline Leukemia) cats that are deemed unadoptable by regular shelters and at risk for euthanization because they are blind, FIV+, and/or FELV+. If you believe that these cats deserve to have an opportunity to live rather than be euthanized, please help us have the resources to help them.

We are a registered non-profit with the state of North Carolina. We are a 501(c)(3). Our tax number is 20-3410498, and all donations are tax deductible.","","United States"
"Rescue Cats and Stuff","10700","Mainly cat rescue and care with other interesting stuff, too.

We are a cat rescue and sanctuary affiliated with a local charity and work in conjunction with other local and regional cat rescues and charities to re-habilitate and re-home local strays, surrenders and rescues.
Although many of our cats find forever homes, we have a few holdouts, a few strays that periodically return and new cats arriving frequently.
We also have friendly dogs who join the cats in just about everything.
They all form the channel's recurring cast and special guests found throughout our videos.

We're not the fanciest rescue channel but we're sincere, authentic and committed to providing for whoever is in need.
Join and watch as we help the cats (and a few dogs 😉) of Cyprus live the healthy, well-fed, well-loved lives they deserve.","","Cyprus"
"luckydoganimalrescue","10500","Lucky Dog Animal Rescue is a volunteer powered animal rescue that saves homeless and abandoned dogs and cats from certain euthanasia. With no boarding facility or shelter of their own, Lucky Dog holds events across D.C., Maryland and Virginia. Lucky Dog seeks not only to place dogs in loving homes, but also to educate dog owners about responsible pet ownership.","","United States"
"Ziggy's Refuge Farm Sanctuary","9830","Welcome to Ziggy’s Refuge, where love knows no limits! We are a 501c3 farm animal sanctuary dedicated to rescuing the most neglected, abused, and disabled farm animals, giving them the second chance they deserve. From heartwarming transformations to everyday moments of joy, our channel takes you inside the lives of these incredible animals as they heal, thrive, and experience unconditional love.

We have 87 permanent residents, 30 of them living with special needs. Here, we believe that just because an animal is disabled or deemed “unwanted” doesn’t mean they don’t deserve to live a happy, fulfilling life. Every day, we prove that with compassion and dedication, even the most vulnerable souls can flourish.

Subscribe to follow our journey, meet our amazing residents, and be part of a movement that values every life. Together, we can change the world—one rescue at a time! ❤️","info@ziggysrefuge.org; kristin.hartness@gmail.com","United States"
"Drone Animal Rescue","9250","Founded by Josh and Zach, Drone Animal Rescue uses cutting-edge thermal drone technology to help locate and reunite missing animals with their families when time matters most.

Watch trusted Drone Animal Rescue pilots use advanced thermal imaging drones to locate animals that are nearly impossible to detect from the ground, bringing real-world rescue missions to life.

Through our interactive rescue map, we connect lost pet owners with experienced, vetted thermal Drone Animal Rescue pilots, creating a trusted network that responds quickly during time-critical searches.

Follow along as we share real rescue stories, behind-the-scenes footage, and field updates from active searches in real time.

Real Rescues. Real Technology. Real Heroes.

THIS is Drone Animal Rescue.🐾🚁","support@droneanimalrescue.com; Droneanimalrescue@gmail.com","United States"
"Lazy B Equine Rescue and Sanctuary","8970","Lazy B Equine Rescue and Sanctuary is a 501(c)3 non-profit organization in Plain City, UT established in 2017. Dedicated to the rescue, rehabilitation, and lifelong well-being of horses in need.","",""
"Wild Cat Rescue","8290","Welcome to Wild Cat Rescue — a channel dedicated to saving, protecting, and restoring the lives of rare and endangered wild cats.

From injured lynx in frozen forests to Pallas’s cats struggling to survive in extreme climates, we document real rescue efforts, rehabilitation journeys, and the quiet fight for survival faced by the world’s most misunderstood felines.

On this channel, you’ll see:
🐾 Rescue missions involving lynx, Pallas’s cats, and other wild felines
🌿 Rehabilitation and recovery in safe environments
🩺 Veterinary care and release preparations
🌍 Stories that raise awareness about habitat loss and human impact

If you care about wildlife, nature, and animal rescue, you’re in the right place.
Subscribe and help give wild cats a second chance.

⚠️ DISCLAIMER
This content is created with the support of artificial intelligence (AI) to visually tell animal rescue stories.
No real animals were harmed in the creation of this video.","","United States"
"Dumaguete Animal Sanctuary Inc.","8260","Welcome to Dumaguete Animal Sanctuary (DAS), a nonprofit no-kill animal shelter in the Philippines.

We rescue, rehabilitate, and care for animals in vulnerable situations while working toward long-term solutions to animal welfare. Alongside caring for hundreds of rescued animals, we run an ongoing sterilisation, vaccination, and microchipping programme for both owned and stray dogs and cats, helping reduce suffering at its source.

Alongside our community programmes, we care for hundreds of rescued animals and are building a new 2.8-hectare sanctuary that will provide veterinary services, rehabilitation facilities, and lifelong care for animals with nowhere else to go.

On this channel you’ll find new content daily:
🐾 Rescue stories
🐾 Weekly updates
🐾 Meet our dogs
🐾 Shelter life
🐾 Adoption journeys
🐾 Behind-the-scenes animal welfare work in the Philippines

Subscribe to follow the stories of the animals, staff, and volunteers creating a better future for animals in the Philippines.","","Philippines"
"Fox Run Environmental Education Center","8140","Organic Gardening, Wildlife Conservation, and Environmental Education. 
I am Ame Vanorio, master gardener, wildlife rehabilitator, author, licensed science teacher, & environmental educator.
1. I help beginner gardeners go from growing a few vegetables to having a productive garden to provide nutritious organic food for their family/friends. I share things that have worked (and some that didn't) for me. 

2. I help wildlife lovers and rehabilitators learn more about wildlife rescue, building backyard wildlife habitat, and humane ways to protect your garden. 

3. I teach ways to connect with nature, explore wild areas, and support local eco-systems. Teacher support & lesson plans. 

We are a Safe Community. Rudeness/Trolls not tolerated. Proudly science-backed and science-positive.
Fox Run EEC is a 501c3 non-profit. A portion of the proceeds from our books, YouTube content, and affiliates is put back into our programs and used to purchase supplies for licensed wildlife rehabilitators.","","United States"
"Cat Rescue Mission","7900","Cat Rescue Mission (CRM)

Every cat has a story. Some begin with fear, hunger, and loneliness. Others begin with a second chance.

At Cat Rescue Mission (CRM), we share inspiring rescue journeys of stray and abandoned cats through storytelling, subtitles, and carefully edited videos. From life-saving rescues to heartwarming recoveries, our goal is to celebrate the bond between humans and animals while encouraging compassion for cats in need.

We believe that every rescued cat deserves safety, love, and a place to call home.

Thank you for being part of our mission and helping us spread kindness, one cat at a time.

🐾 Rescue • Care • Heal • Love
❤️ Every Cat Deserves a Second Chance

📩 For copyright or content concerns, please contact us directly.","","United States"
"Kent County Animal Rescue","7220","Welcome to our Animal Rescue channel ❤️🐾 — where every life matters and every rescue has a story. We are dedicated to saving abandoned dogs, stray cats, injured wildlife, and neglected pets, giving them a second chance at love and a forever home. From emotional rescue missions and inspiring before-and-after transformations to adoption success stories, our videos show the true meaning of compassion.

Whether it’s pulling a scared puppy from the streets, helping a kitten find a new family, or rehabilitating wildlife back into nature, we share every step of the journey. Our mission is simple: rescue, heal, and inspire.

Join our growing community of animal lovers, foster families, and rescue supporters who believe that kindness can change the world — one paw at a time. 🐶🐱🦉🐴🐾

👉 Subscribe and be part of the rescue family. Together, we can give hope, save lives, and spread unconditional love

animal rescue, dog rescue, cat rescue, wildlife rescue, rescue animals, adopt don’t shop,","","Canada"
"Woodstock Farm Sanctuary","6910","🐮501(c)(3) Nonprofit Animal Sanctuary
📍High Falls, NY
✌️#whywoodstock
💕 donations are tax deductible 
🐷Public Education tours and events at Woodstock sanctuary.org/visit","AnimalHelp@woodstocksanctuary.org; info@woodstocksanctuary.org; interns@woodstocksanctuary.org; visit@woodstocksanctuary.org; volunteer@woodstocksanctuary.org; Donations@woodstocksanctuary.org","United States"
"The Goat Pen & Animal Sanctuary","6260","Visit our website to help give these animals a fighting chance! Link Below 👇

At The Goat Pen Animal Sanctuary, we passionately rescue and nurture rural and farm animals in need, providing them a haven and a second chance at life. Our petting zoo offers a unique and safe experience for children to bond with and feed these wonderful creatures, allowing for joyous memories to be made. We strive to uplift moods, foster education, and promote conscious living through our adoptions, enlightening programs, and curated retail offerings. We believe in the power of human-animal connections to inspire happiness, understanding, and change, one animal and one smile at a time.","","Australia"
"Ontario SPCA and Humane Society","6260","The Ontario SPCA and Humane Society is a registered charity, established in 1873. The Society and its network of animal welfare communities facilitate and provide for province-wide leadership on matters relating to the prevention of cruelty to animals and the promotion of animal well-being. Offering a variety of mission-based programs, including community-based sheltering, animal wellness services, provincial animal transfers, shelter health & wellness, high-volume spay/neuter services, animal rescue, animal advocacy, Indigenous partnership programs and humane education, the Ontario SPCA is Ontario’s animal welfare charity.","","Canada"
"Little Buckets Farm Sanctuary","5860","Little Buckets Farm Sanctuary is a nonprofit registered 501(c)(3) animal rescue, striving to give as many animals a safe and loving home they all so deserve. We offer a forever sanctuary to horses, goats, cows, donkeys, pigs, dogs, and cats who all need a place to call home. 
In 2017, I created a bucket list to save a life at a livestock auction and that life was a little baby calf who I named Bucket. He is now 8 years old, best friends with my dog, Colton and his pal, Bailey who was also saved in 2017. Saving Bucket's life inspired me to move to a new state to start this sanctuary. We hope you decide to follow Little Buckets gang. I promise you will laugh, smile, and love a lot, and sometimes cry.  
All donations are tax-deductible and help with the daily care, hay, and feed of all the animals as well as allow us to save more lives. We want as many precious souls to have a happy, long life here at Little Buckets. We hope you see our gang is no different than your dog or cat.","","United States"
"A.A.R.F. Volunteers","5490","A.A.R.F. (All About Rescue and Fixin’ Inc.) is small group of volunteers with a passion for animals. Check out some of our adoptable pets and alumni videos here! It is our goal to save as many lives as we can from needless death.  We are a foster based animal rescue organization based in the beautiful Upper Cumberland region of Tennessee.  We pull animals from high risk situations, such as local animal shelters and local strays from counties who do not have the luxury of having an animal shelter. 

A.A.R.F. is operated out of our volunteers’ homes. We are ALWAYS in need of foster parents to help save more lives.  To become an A.A.R.F. foster parent, the only true requirement is that you love animals as much as we do, and that you would treat your foster animals as if they were your own.","","United States"
"PurebredCatRescue","5270","Specialty Purebred Cat Rescue is a foster-based cat rescue located in the Midwest that specializes in finding homes for abandoned and surrendered purebred cats as well as special needs domestic cats.  We are the only all breed purebred rescue in the Midwest.  On our channel we feature videos on how to care for purebred cats, showcase adoptable kitties and provide sneak peaks of cats which will soon be available for adoption.","adoptions@purebredcatrescue.org; purebredcatrescue@gmail.com","United States"
"Toucan Rescue Ranch","5270","The mission of Toucan Rescue Ranch (TRR) is to rescue, rehabilitate, and release Costa Rican wildlife. TRR works with a model focusing on conservation, education, and research to ensure a brighter future for native animals.

TRR receives and cares for confiscated, sick, and injured animals from government agencies. The Toucan Rescue Ranch works closely with the Ministry of Environment and Energy of Costa Rica (MINAE), bringing injured and displaced wildlife to the center. TRR provides sanctuary while giving treatment, rehabilitation, and eventual release to their natural environment. 

DONATE TODAY
The Toucan Rescue Ranch is a licensed Costa Rica wildlife rescue facility, Costa Rica Foundation (300667701803), and a 501(c)3 Nonprofit organization (EIN: 80-0516453). 

www.toucanrescueranch.org","","Costa Rica"
"The Animal Rescue League of Boston","5220","Pets are family. This belief is at the heart of everything we do at the Animal Rescue League of Boston.

We are the first female-founded animal welfare organization in Massachusetts and are proud to carry on a legacy of kindness and compassion, helping more than 20,000 animals annually since 1899.

Recognized for our innovative, award-winning programs that go beyond sheltering, we address the root causes of the issues facing animals and the people who love them.

By partnering with communities, we help animals heal and thrive, keep pets and people together, and protect animals from harm.

Because there is no government funding for this important work, animals must rely on people like you to get the care they need, when they need it most, 365 days a year.

Sign up for ARL’s e-newsletter for the most current animal stories, advocacy and program updates, events, and more at https://arl.boston/e-news-sign-up","info@arlboston.org; boston-adoption@arlboston.org; brewster-adoption@arlboston.org; bvc@arlboston.org; dedham-adoption@arlboston.org","United States"
"Dharamsala Animal Rescue","5050","Dharamsala Animal Rescue
Our mission is to end the human/street dog conflict by creating a humane and sustainable environment for animals with direct benefits to the people of Dharamsala, India.
What do we do?
We provide several key programs to achieve our goals: spay/neuter, rabies vaccination, rescue and adoption, street animal feeding, and community education for rabies safety and compassion.","","United States"
"Vatika Animal Sanctuary","4990","We are a stray Animal Rescue organisation based in Raipur CG. We run our Shelter with the name Vatika Animal Sanctuary. We help animals by giving them treatment and care. We have rescued 10K+ animals till now and currently nour shelter takes care of 250+ paralysed, blind, sick animals. 
Make a Donation for the animals please 😊👇

DONATION DETAILS :

Paytm 7225888800
UPI ID 7225888800.ibz@icici

BANK DETAILS
PEOPLE FOR ANIMALS RAIPUR 
A/C No: 658101700056
ICICI BANK, SADAR BAZAR, RAIPUR 
IFSC Code:ICIC0006581 

Donation Link:
https://pages.razorpay.com/donateforvatika","","India"
"Harmony Fund   (International animal charity)","4750","Welcome to the Youtube channel of the Harmony Fund international animal rescue charity.  We are a USA-based charity throwing a lifeline to underdog animal rescue squads all over the planet.  We help feed homeless animals on the street, sponsor care in shelters, host spay/neuter campaigns, provide emergency veterinary care, protect wildlife in their habitat and fight cruelty internationally.","","United States"
"Union Lake Veterinary Hospital","4650","Exceptional Veterinary Care - Experience the difference at Union Lake Veterinary Hospital. Our YouTube channel educates you about the care of your fur family and introduces you to our services and our staff. If you have a suggestion for a video topic, let us know. 

Union Lake Veterinary Hospital provides the Waterford, West Bloomfield and surrounding areas with loving, high-quality veterinary medical care. We're open 7 days a week for your convenience, offering the best traditional veterinary medicine as well as alternative therapies like chiropractic, acupuncture and herbal therapies. 

Union Lake Pet Services next door offers pet grooming, pet boarding, doggy daycare, dog training, and our Animal Rehabilitation Center offers canine physical therapy. We're Michigan's most complete pet care complex.","rehab@unionlakepets.com; ulvh@msn.com","United States"
"Grand Valley Horse Rescue - GVHR","4630","Welcome to the Grand Valley Horse Rescue YouTube Channel.   Some of our videos will be serious but most will be great fun.  Please enjoy our channel.","info@mysite.com; GVHorseRescue@gmail.com","United States"
"FureverHome Romania Cat Rescue","3810","We rescue cats from the streets in Romania, Carei and surrounding towns. We spay/neuter them and try to find them a forever home with responsible and loving owners.
A bit about us, we are a brother and sister that have had cats since we were little, and 3 years ago we started to rescue  abandoned cats from our city and from neighboring villages. We spay/neuter all our cats and many more too, over +200 cats and +30 dogs in the last 3 years, all from our own money but right now we've reached a point where it's impossible for us to help these animals from what we earn, that's why we've started this non-profit organization. We mostly need help with cat food as right now we have 188 cats, some very sick, some with dietary restrictions. We also cook for them but the food that we buy we try to get the best quality as medicine and treatments for the sick cost much more then good food that would prevent them from getting ill. Any help with cat food or small donations would be very welcome.","",""
"Days End Farm Horse Rescue","3710","Mission: Ensuring quality care and treatment of horses through intervention, education, and outreach.

www.defhr.org

Days End Farm Horse Rescue, Inc. is a 501c3 non-profit equine rescue and rehabilitation organization founded in 1989 with a mission to foster compassion and responsibility through intervention, education, and outreach. All horses that arrive at DEFHR are seized by animal control for varying degrees of abuse and/or neglect and all are in need of rehabilitation. Once the horses are rehabilitated and evaluated, they are made available for adoption. This channel was made to promote those horses currently looking for their new homes.","","United States"
"NKH Animal Rescue And Shelter,","3440","Please Raise Awareness!PLEASE HELP US RESCUE! Please DONATE! 👏🏻! 

Account tittle: NKH ANIMAL RESCUE AND SHELTER 

Account# 3547301000004034

IBAN# PK02FAYS3547301000004034

Bank name: Faysal Bank 

Branch code: 3547

Easypaisa/JazzCash 
03004000093 

💻 PayPal: naveed.saad@gmail.com
🔗 GoFundMe: https://gofund.me/36124fe0

#animalrescue #helpingothers #donate #savelives #animalwelfare #kindnessmatters #petlovers #compassion #nonprofitorganization #animalrights #generosity #givingback #supportanimals #spreadawareness #careforanimals #makeadifference #strayanimals #loveanimals pk #strayanimals #carelessdrivers #saynotocruelty","naveed.saad@gmail.com",""
"Marin Humane","3390","Founded in 1907, The Marin Humane Society is a progressive, award-winning animal shelter, offering refuge and rehabilitation to nearly 8,000 animals each year through myriad community services, including adoptions, foster care, behavior and training, humane education, lost-and-found pet services, low-cost clinics, and more.","","United States"
"Soper Creek Wildlife Rescue","3310","🐾 Welcome to Soper Creek Wildlife Rescue’s YouTube Channel! 🌿

Get ready to meet the incredible animals of Soper Creek Wildlife Rescue, where every critter is a native Canadian species! From heartwarming rescues to fascinating wildlife facts, we’re here to connect you with Ontario’s amazing wildlife.

Located in Clarington, just an hour outside of Toronto, SCWR is proud to be Durham Region's ONLY Wildlife Rehabilitation Hospital. Our mission is to RESCUE, REHABILITATE, and RELEASE Ontario’s wildlife while educating communities about their importance

✨ What You’ll Find on Our Channel:

Weekly videos every #WildlifeWednesday featuring animal ambassadors and rescue stories.
Behind-the-scenes looks at wildlife rehabilitation in action.
Subscribe today to join us on our journey to protect and celebrate Canada’s wildlife!

🌐 Learn more about us:
www.sopercreekwildlife.com
📷 Follow us on Instagram: @sopercreekwildlife
📘 Like us on Facebook: Soper Creek Wildlife Rescue

💚 Be kind to animals!","","Canada"
"head start animal rescue","3090","head start animal rescue is a 501(c)3 nonprofit animal rescue organization 

learn more at www.headstartanimalrescue.org","amandacarney@headstartanimalrescue.org",""
"Funny Farm Rescue & Sanctuary","3030","Voted one of the TOP 10 places to visit with your family in NJ, we are located in Mays Landing, NJ. Admission and parking are FREE. We are open year round on Sundays and Tuesdays only from 8-4pm. 

We are a Family-Friendly Animal Rescue & Sanctuary with over 500 rescued animals, most roam free. We have 3 of a planned 10 anti-bullying children’s books that we take to schools with some of the friendly animals at the Funny Farm. We teach kids that despite our differences, we can all get along like the animals of the Funny Farm. 

Please check us out on Facebook for true and inspirational stories of the Funny Farm animals under...

“Funny Farm Rescue”

We are also on Instagram. 

No appointment is necessary. Anyone can volunteer at any age. If you are under 15, just bring an adult with you. You can volunteer any Sunday or Tuesday any time between 8-4pm. 

We have hayrides!!!

We hope you will come see us very soon!","","United States"
"Unitedpaw Network","3020",">Nonprofit dog rescue 🐾🐾
>Adopt . Foster . Volunteer 🤝 
> Welcome to United Paw Network – a global community of animal lovers. We post videos about animal rescue, pet care, kindness to animals, and inspiring stories. Subscribe and become part of a movement that speaks for animals who cannot speak for themselves.","",""
"North Clwyd Animal Rescue","2770","This channel showcases some of our dogs, who are looking for forever homes, by showing them as we at the rescue see them. We also have videos showing some of the training and behavioural work we do with our dogs as we help them through any issues they might have. Through this work we can guide and teach these dogs thus increasing their chances of being adopted into a forever home!
We also put a lot of work into socialising the dogs to increase their social skills, plus it's great fun for them (and us!).

North Clwyd Animal Rescue (NCAR) is a registered charity (No: 515195) founded in 1978 by Anne Owen and is largest animal welfare charity in the North Wales. From one thin little Lurcher, we now care for over 1500 domestic pets a year. 
We have grown to meet these new demands and with the current economic situation these services are vital for the wider community.

supported by;
www.K999.com & @6csocial","","United Kingdom"
"Dog Rescue Station","2730","Welcome to Dog Rescue Station — a channel dedicated to the emotional rescue journeys of abandoned and homeless dogs, brought to life through powerful AI driven storytelling.

We recreate authentic rescue scenarios inspired by real life events — from puppies left alone in freezing rain, injured strays struggling to survive, to loyal dogs abandoned in their old age.

The heartbreaking reality faced by abandoned dogs.
Life changing encounters that rebuild trust between dogs and humans.
Moments where compassion, patience, and care bring a broken dog back to life.

Our mission is to raise awareness about responsible dog ownership and promote the message adopt, don’t abandon. We believe that even a small act of kindness can completely change the destiny of a helpless dog.

Behind the scenes, our dedicated team transforms real rescue stories into deeply emotional and visually immersive experiences. Let Dog Rescue Station take you to the moments where love, compassion, and action save a life.","","United States"
"Rescate Wildlife Rescue Center","2530","Rescate Wildlife Rescue Center es una organización sin fines de lucro que busca liberar a las especies que ingresan a su centro de Rescate. Cada año ingresan más de 3000 animales, con el objeto principal de rehabilitar y regresarlos a su habitat natural. Tenemos el único hospital para vida silvestre en Costa Rica, y somos el centro de rescate más grande en Centro America. 
El Santuario está ubicado en La Garita de Alajuela (anteriormente conocido como ZooAve), cuenta con más de 14 hectáreas que están dividas entre el Santuario de Vida Silvestre abierto al publico, el Centro de Rescate de vida Silvestre Tropical, el Centro de Reproducción de Animales en peligro de Extinción. En 2km de senderos puede encontrar mas de 120 diferente especias de animales.
Contamos con numerosas especies animales que han sido rescatadas y que por diversos motivos no pueden ser liberados. Su entrada al santuario apoya la vida silvestre de Costa Rica!","","Costa Rica"
"Vafa Animal Shelter","2480","Vafa is the first animal shelter in Iran that was founded in 2003 by Fatemeh Motamedi to take care of dogs who were sick or needed care. Before that, there was sadly no such institution in Iran. 
Vafa is a charitable NGO, run by grassroots donations. It runs two animal shelters in Hashtgerd and Qazvin, housing more than 1800 dogs.
As a non-for-profit charity, Vafa has no links to any political or religious organization.
We aim to build a better world where humans and animals co-exist.
Cultural and awareness work, aimed at gathering support for animals, is our main method.","info@vafashelter.com","Canada"
"SASHAFarmAnimalSanctuary","2370","SASHA Farm Animal Sanctuary is located in Manchester, Michigan and we are the Midwest's largest farm animal sanctuary.  At our shelter, not only do we provide food, water, shelter, and veterinary care, we also give the animal residents affection, social interaction with others of their own species, and a sense of security.  The sanctuary currently shelters over 200 animals, each with its own story to tell.  Some were dumped and discarded, some were left to die.  They have come from unhappy circumstances, often mistreated or neglected, but now have a safe, permanent home at SASHA Farm.","office@sashafarm.org; donations@sashafarm.org","United States"
"Mayhew","2350","Mayhew is an animal welfare charity working to improve the lives of dogs, cats and the people in our communities – at our Home in London and internationally.

Mayhew is more than an animal rescue centre. We are working to improve animal welfare in the community and to support the people who live in it. Our team work with people in crisis or in need of support and protect the vital bond they share with their animal.

Our vision: a society where people understand the importance and value of animal welfare.

Our mission: to promote animal welfare by delivering a broad range of community-based veterinary, care and education services in the UK and overseas.","","United Kingdom"
"eastwoodranch","2120","Our goal is to not only rescue animals from high kill shelters, but to help reduce pet overpopulation and increase pet adoptions through campaigns, events, education, spay/neuter programs and rescue partnerships. We believe that by developing strategic alliances with other non-profits and rescue groups, together we can make a greater impact on animal welfare and save more lives. Eastwood Ranch Foundation is a 501(c)(3) non-for-profit organization. Visit our Rescue & Adoption Center in Agoura Hills, Ca.","",""
"VHAS Hazlehurst","2080","Voices of the Hazlehurst Animal Shelter (VHAS) is a small but dedicated group of volunteers focused on caring for shelter dogs and those in the area community of Hazlehurst,Georgia. We appreciate your kindness in checking out our dogs and helping us  continue saving lives.

Videos are primarily to help potential rescues to get to know our current dogs. 

Additional information on dogs featured and whether they are or are not still be available for adoption or rescue, inquires can be made on our Facebook page. Adoption application is required for all adoptions. Send an email to VHAS.ga@gmail.com for all inquiries","VHAS.ga@gmail.com",""
"ColoradoHorseRescue","2050","We are Colorado Horse Rescue, and we are building a better future for horses. We see it. We believe in it. And we are here to make it happen. As a 501(c)(3) impact organization operating in Colorado since 1986, we work to continuously reimagine what’s possible and create a reality where safe solutions exist for every horse.

On this channel we showcase our horses and offer the community more information about horses in transition.","",""
"RuffStartRescue","1990","Ruff Start Rescue is a foster-based 501(c)(3) nonprofit companion animal rescue that serves communities throughout Minnesota and states in the south with severe pet overpopulation. Ruff Start Rescue relies on a complex network of volunteers, fosters, and supporters to save thousands of animals each year. Please visit our website ruffstartrescue.org to learn more.","","United States"
"KFR - Animal Shelter","1980","Assalamu alaikum! I'm Fizza 👋🏻, an animal lover who can't bear to see them in pain. I've helped 3500+ animals and now I'm sharing my journey with you. 🌟

Welcome to K.F.R Animal Shelter! 🐈🐕 You can support our cause by donating (details in Instagram bio). On this channel, you'll find:

🐾 Animal-related content
📹 Pet vlogs
📝 Daily vlogs
🐶 Pet information
🎁 Free giveaways
📅 Event visits
📚 Rescue stories

Let's help Them together! ✨
Subscribe now
1 subscribe = Save a Life❤️‍🩹🐕🐈🐇🐦🪿🦜","","Pakistan"
"Charlie's Animal Rescue CentrE","1980","The Official Youtube Channel of Charlie's Animal Rescue centre , Bangalore. Subscribe for awesome, funny, poignant videos of our animal heroes.","","India"
"Animal Rescue Sofia","1960","More than 10 years we've been working for animals. We have created Animal Rescue Sofia because of our love for the them.
Every day we change the world for the homeless animals in Bulgaria, every day we give a hand to paws and hooves!
Be with us, because only TOGETHER WE HELP!

Създадохме Animal Rescue Sofia от любов към животните и вече десет години работим за тях.
Всеки ден променяме света на животните, всеки ден подаваме ръка на лапи и копита!
Бъдете с нас, защото само ЗАЕДНО ПОМАГАМЕ!","","Bulgaria"
"Odessa Animal Sanctuary          501c3 non-profit","1920","Odessa Animal Sanctuary, Inc. is a 501(c)3 Animal Rescue that has devoted its energy to passionately bettering the lives of Animals that can no longer be cared for by others, to provide the Best Forever Homes we can.
Odessa Animal Sanctuary, Inc.
​813-792-5454
MAILING ADDRESS: 7853 GUNN HWY # 390 TAMPA FL 33626
​PHYSICAL ADDRESS: 18404 RUSTIC WOODS TRL ODESSA FL 33556

We appreciate Donations greatly as 100% goes to help feed our 450+ Animals.

Website OdessaAnimalSanctuary.org 

DONATE HERE https://www.paypal.com/donate/?hosted_button_id=38M22VPPXU5CN","","United States"
"Kabul Small Animal Rescue (KSAR)","1890","#KSAR is a licensed veterinary clinic and animal shelter in Kabul helping animals in need in Afghanistan, putting compassion into action. 501c3 EIN: 86-1456626

We provide routine & emergency medical services for pets, street animals, and working animals. Our staff, on site  24/7 intake can provide animal retrieval in Kabul City if needed, security allowing. Our facilities include quarantine areas to safely treat contagious diseases commonly found in Afghanistan, surgical suite, and long-term boarding, animal sanctuary spaces. 

On June 2, 2024 we pulled off the unimaginable- we airlifted 195 dogs and 100 cats on a charter plane bound for the USA. Almost all of these cats and dogs are in their forever homes in the US while a few are waiting to be adopted. Please reach out if you are interested in adopting a KSAR cutie.

Despite the airlift, today we have over 450 animals (including 250 dogs) residing at KSARl No animal is ever turned away and so our population is growing again.","",""
"Humane Animal Rescue of Pittsburgh","1880","The Western PA Humane Society and the Animal Rescue League each had rich histories of helping animals in our community. In 2017, our two organizations merged to form one of the largest animal welfare associations in Pennsylvania, tasked with providing enhanced services to domestic and wild animals alike. Humane Animal Rescue continues the legacies of the Animal Rescue League & Western Pennsylvania Humane Society, bringing greater efficiency in animal care processes, staff training, and cutting-edge practices to one cohesive organization.

We operate two domestic animal shelters across the City of Pittsburgh along with our Certified Wildlife Rehabilitation Center in Verona, Pennsylvania. Join us in celebrating our combined two-century legacy of giving our region's animals the care they need and the love they deserve. Visit us online at humaneanimalrescue.org or call us at 412-345-7300 to learn more about our programs and adoptable pets.","","United States"
"Santa Fe Animal Shelter","1840","Since 1939, the Santa Fe Animal Shelter has been dedicated to its mission to reduce animal suffering by curbing overpopulation, teaching compassion, and supporting healthy relationships between people and animals.","","United States"
"Happy's Place Senior Dog Rescue","1820","Happy's Place
Old Dogs Make Our Hearts Whole
In home based senior dog rescue for dogs who are at a higher risk of euthanasia due to age or other reason. Building relationships between people & old dogs to promote wellness, happiness, and living your best life.

Our Mission:
We rescue senior dogs by request who are still able to lead a quality life but who are also at a higher risk of euthanasia or unable to find forever adopted homes due to old age, medical needs such as chronic illness or special need, or other factors, including cases where dog guardians can no longer care for their senior dog due to their own health or other reason.","","Canada"
"Fabled Farm Rescue & Sanctuary","1790","Meet April & Bryan:
When I met Bryan in 2014, he worked in insurance and had never had a pet! I owned my photography business of 20 years and lived in East Nashville. By the time we got married in 2016, we had 5 dogs and a cat and knew we were ready to get out of the city. Moving to the country and starting a nonprofit rescue farm and animal sanctuary soon became a dream for both of us. Join us on this rescue journey, and together we can make a difference!

Fabled Farm Rescue & Sanctuary is a Middle TN based 501(c)3 committed to accepting and placing unwanted equines, farm animals, and kittens in qualified, loving forever homes, while continuing care for the unadoptable animals with medical or behavioral issues through our sanctuary program. In only a few short years Fabled Farm has helped over 500 animals and continues to expand its community outreach and programs.","","United States"
"GRG Ranch Horse Rescue & Sanctuary","1730","GRG Ranch is a 501c-3 Equine Nonprofit horse rescue, sanctuary, and therapeutic riding facility. We also offer able bodied lessons and horse training both on and off site. Our mission is to give every horse and human the opportunity to heal and to provide quality care to our permanent herd and horses as they transition through rescue and rehabilitation in search of their new lives. Learn more about GRG Ranch and our family, big and small, at www.grgranch.org","",""
"Rachel at the Shelter","1700","Making animal shelter and bully breed education patronizing but palatable.

Now offering freelance services to animal rescue organizations
🌐 www.linktr.ee/rachelattheshelter","","United States"
"PetAngelAdopt","1660","We never meant to start Pet Angel Adoption. We didn't wake up one day and say ""Let's start a cat rescue!"" It started with two litter of kittens in Nancy and Jim Engel's backyard in little Frankenmuth, Michigan. When that two litter of kittens became cages of cats in the Engel Family's garage, Nancy and Jim realized what they had gotten into. They couldn't just stop saving kitties lives and finding them forever homes, so they rented out a building on List Street in Frankenmuth, moved the cats to the new location, and Pet Angel was born. 

Today, Pet Angel Adoption and Rescue is a volunteer-based, non-profit, no-kill cat shelter in that same building on List Street. We specialize in more than just the saving and rehoming of homeless, helpless and injured kitties, but we also offer awesome programs to the public in the Frankenmuth.","","United States"
"OC Animal Care","1610","This is the Official Channel of OC Animal Care

OC Animal Care promotes responsible pet ownership, the health and safety of people and animals and spay/neuter programs. Through public education, community outreach programs and shelter events, OC Animal Care encourages shelter adoption, animal rescue and community involvement through volunteerism. 

The Animal Care Center provides temporary shelter and medical care for ""lost"" owned or stray animals and opportunities for adoption of these animals. OC Animal Care also provides pet licensing and patrol services to 18 contract cities and all the unincorporated areas of Orange County. OC Animal Care houses and provides medical care for impounded dogs, cats and exotic animals. 

See www.ocpetinfo.com for more information and cities served.","",""
"Living Free Animal Sanctuary","1580","Living Free is a nonprofit animal sanctuary whose primary mission is to rescue dogs and cats whose time is up at public shelters. We are also home to War Horse Creek, an immersive transition training program using rescued wild mustangs to assist veterans as they adjust to civilian life. War Horse Creek will be launching publicly later this year.","",""
"Animal Welfare Association","1540","Animal Welfare Association (AWA), a private, non-profit, 501(c)3 animal welfare organization, operates the oldest and largest low-cost spay/neuter clinic, adoption center and no-kill animal shelter in South Jersey. We do not receive funds from the government or national groups. We rely upon local donations to fund our life-saving programs. Through a variety of innovative programs including adoptions, veterinary services, pet therapy, trap-neuter-return and humane education, we strive to ensure that animal companionship is accessible to all.","","United States"
"Animal Rescue Center","1540","Welcome to Animal Rescue Center – a documentary channel focused on emotional animal rescue stories, brought to life through AI-assisted visual storytelling.
We produce realistic rescue-style films using artificial intelligence, capturing powerful moments of survival. Our stories span all conditions—from animals trapped in harsh winter blizzards to wildlife facing dangers in the blooming spring. We cover every environment where a life needs saving.
Realistic reconstructions of critical rescue missions.
Heartfelt stories of kindness and resilience in all seasons.
Our mission is to raise awareness and inspire compassion. We show how fragile wildlife truly is, teaching responsibility and respect for nature through every second chance we portray.
Our team transforms real, meaningful stories into emotionally powerful visual experiences. Join us where empathy becomes action, and every small life matters.","","United States"
"Balkan Underdogs","1490","Balkan Underdogs is a “non profit” UK registered dog rescue charity made up of volunteers dedicated to helping the street dogs of The Balkans.
Please consider one of our dogs, we fight against the odds and without our supporters we wouldn’t be able to help those in need most!!!


Why adopt from us?
There is no animal welfare here in the Balkans. Dogs rarely live long, as they're cruelly treated by people, poisoned and left to die, or caught regularly by dog catchers and destroyed in the worse possible ways. So our small rescue team are fighting to make a difference to some of these dogs, and by adopting you are saving a life, a real rescue.

Email/message us via the website (http://balkanunderdogs.org.uk)","","United Kingdom"
"Eden Farmed Animal Sanctuary","1440","Eden Farmed Animal Sanctuary, the first vegan sanctuary in Ireland, opened in 2008. It is home to more than two hundred courageous, unique, special beings, all of whom have been rescued from human use. You can connect with them and their lives through these videos. They are no different to the billions of animals used and killed every year by humans every year. The only difference between the animals at Eden and those who are exploited and killed by us is that the rescued animals' rights are respected and they have someone to tell their story. Go Vegan.","",""
"Layla Rose Ranch Equine Rescue","1420","Layla Rose Ranch is a nonprofit organization  5013c. 
It all started with Cletus my heart horse and because of him I have found my calling. We rescue horses and help them trust again so they can have forever homes. It breaks my heart seeing these horses come in in poor shape, non trusting and depressed. They count on us to help them because they don’t have a voice so we have to be a voice for them. Please follow us and share and help us help them. Donations can be made on our website Laylaroseranch.org 

We can also be found on Facebook and Tik Tok","","United States"
"Radha Madhav Sewa Kunj - Animal rescue center Una","1400","Welcome to our channel, where every view supports a life saved! 

Our animal rescue center serves as a sanctuary for animals like cow, bull, dog, cats and any other stray in need, providing them with shelter, medical care, and love. In any emergency our helpline number is +91 93175-50543.

Join us on a journey of compassion and hope as we document our team's efforts in rescuing and rehabilitating animals in need. From heartwarming rescue missions to heart wrenching rehabilitation stories, our channel offers a window into the incredible work being done to give animals a second chance at life. Through engaging videos, you'll witness the transformative power of love and dedication, as we strive to make the world a better place for all creatures great and small. Subscribe today and become a part of our community of animal lovers making a difference, one rescue at a time.","radhamadhavsewakunj@gmail.com","India"
"Okie Pet Rescue","1350","Okie Pet Rescue is a 501(c)3 non-profit organization. We are a foster based animal rescue and are located in Oklahoma. We strive to be the difference we wish to see in our community. You can help us on our mission to save neglected, abused, stray, homeless, and unwanted animals by donating and by spaying and neutering your pets.
Listed below are links to make a Venmo donation, make a PayPal donation, our adoption application, and our Amazon Wish List. You can also check out our Facebook page and website to see all of our adoptable pets. Please share this channel so more people can see our adoptable pets. Thank you in advance!
Our email is: okiepetrescue@gmail.com","okiepetrescue@gmail.com","United States"
"Lions Tigers & Bears Sanctuary","1350","Lions Tigers & Bears is a 501(c)(3) non-profit exotic animal sanctuary dedicated to providing a safe haven to abused and abandoned exotic animals while inspiring an educational forum to stop the exotic animal trade. Learn more at: www.LionsTigersandBears.org

New video every Monday, Wednesday, and Friday!","","United States"
"Goodheart Animal Sanctuaries","1330","With the help of our valued supporters, we’re working towards a better future for farm animals through compassion, education, and advocacy. We care for over 300 rescued animals at our flagship site, Goodheart Farm Animal Sanctuary based in Worcestershire. As part of our dedicated Education Programme, we facilitate meaningful connections between visitors and our residents, helping to reshape perceptions of “so-called” farm animals and raise awareness of their suffering. Alongside this, we back national campaigns to prevent animal cruelty and inspire people of all generations to make compassionate lifestyle changes.","","United Kingdom"
"Bradshaw Animal Shelter Cats","1330","Videos of adoptable cats located at the Bradshaw Animal Shelter, 3839 Bradshaw Rd, Sacramento, CA 95827.","",""
"Enrich Your Dog's Life","1310","Hello beautiful dog people! 👋🐾

I'm Stephanie, a dog trainer specialising in rescue dogs, dogs adopted from abroad and bully breeds — and guardian to four rescue dogs of my own.

This channel is about understanding the dog in front of you: their behaviour, individual needs, experiences and the context around what they're doing.

You'll find practical videos about rescue dog life, behaviour and training, decompression, enrichment, confidence, living with dogs and all the messy bits that don't always fit neatly into a training tutorial.

I don't believe every dog needs the same recipe. I want to help you understand your dog, make informed decisions and build a life that works for both of you.

You'll also meet my own rescue dogs along the way — usually demonstrating that real life with dogs doesn't happen in a perfectly controlled training setup. 😅

New videos about rescue dogs, behaviour, training, enrichment and the humans living alongside them.

Welcome — I'm glad you're here. ❤️","dogtrainingforbullies@gmail.com","United Kingdom"
"Ventura County Animal Services","1290","Ventura County Animal Services (VCAS) offers a wide array of programs and services to the residents and animals of Ventura County. These services include animal sheltering, pet adoptions, lost & found, field services, cruelty investigations, pet licensing, TNR surgical services, low-cost vaccination clinics, volunteer/foster opportunities and emergency disaster response.

VCAS operates two open admission, life-saving, municipal animal shelters in the County of Ventura. The Camarillo Animal Shelter and the Simi Valley Animal Shelter.  VCAS provides contract services to the residents of Camarillo, Fillmore, Moorpark, Ojai, Oxnard, Port Hueneme, Simi Valley, Ventura, and all unincorporated areas of Ventura County. VCAS is dedicated to improving the lives of the animals in their care, and to safeguard the community through rabies suppression and the sheltering of stray animals.","",""
"Lockwood Animal Rescue Center","1220","The Lockwood Animal Rescue Center (LARC) is a unique animal welfare and veterans’ rehabilitation center. We rescue and provide sanctuary for wolves, wolfdogs and other animals who have been bred to live in a domestic environment and protect wolves in the wild. We also offer a therapeutic environment for combat veterans suffering from trauma through employment, job skill development, sobriety maintenance, and coordination of care. Most of LARC’s facility caregivers are former military personnel.

LARC’s main program is Wolves and Warriors. In this program, veterans suffering from post-traumatic stress disorder (PTSD) and other traumas care for the wolves and wolfdogs at LARC. Our Wolves and Warriors veterans participate in rescue missions across the country, saving wolves and wolfdogs from pelting operations, roadside zoos, and cases of abuse and neglect.","rescue@wolfsanctuary.net; bird@parrotcare.org; doclindner@lockwoodarc.org","United States"
"Peggy Adams Animal Rescue","1180","Welcome to the Peggy Adams Animal Rescue League's YouTube page! We are also known as the Humane Society of the Palm Beaches.

On this channel you will see videos of facility, staff, volunteers and special events. We will also share videos of loving dogs and cats that are in search of finding their forever homes. Please share these videos!.

About us: Peggy Adams Animal Rescue League's mission is to provide shelter to lost, homeless, and unwanted dogs and cats; to furnish medical and other services for the care of companion animals; to care for, protect, and find quality homes for homeless and neglected animals; to advocate animal welfare; and community involvement and education to further the bond between people and animals, for the mutual benefit of both. The vision of the League is to create a community where 100% of all adoptable animals find loving homes and no animals will be euthanized because of pet overpopulation.","",""
"Mare and Foal Sanctuary","1170","We’re the place for people who want to make a difference to the lives of foals, horses and ponies.

The Mare and Foal Sanctuary rescues horses and ponies that have been abandoned, neglected or abused.  We also ensure that horses and ponies have a sanctuary for life. Most horses and ponies are given care for life through our network of knowledgeable carers. Those horses and ponies with more complex needs are cared for in our peaceful sanctuaries.  

Our charity was founded on the principles that horses and ponies, as sentient beings and close companions of humans over the centuries, have a value and a purpose. They deserve our kindness and care. Our equine centred approach to equine assisted learning enables us to create a sense of sanctuary for people within our sanctuary for horses and ponies. 

We’re also here to offer no shame advice and support.

Registered charity number 1141831","",""
"Animal Rescue Mission","1160","Welcome to Animal Rescue Mission. 🐾

We bring abandoned dogs and cats back to life through powerful, cinematic rescue stories inspired by real-world events. Using advanced AI storytelling, we shine a light on the voiceless.

On this channel, you will witness: 💔 The heartbreak of pets left behind in the rain, cold, and silence. ❤️‍🩹 The turning point where compassion meets action. 🏡 The beautiful journey from loneliness to a forever home.

Our Mission: To reveal the raw reality of abandonment and the healing power of a second chance. Every video is designed to make you feel, reflect, and believe in kindness.

Your takeaway is clear: Adopt, don’t abandon. Care changes destinies.

🔔 Subscribe to join our mission. If you believe every animal deserves dignity and love, you belong here.

#AnimalRescue #DogRescue #CatRescue #AdoptDontShop #EmotionalStories","","United States"
"Valiant Vet Physio","1140","Valiant Veterinary Physiotherapy is a specialist small animal rehabilitation and fitness centre based in Melton Mowbray.

A series of physiotherapy videos showing exercises, workouts and mental enrichment ideas for your dog(s).

Find us at www.vvphysiotherapy.co.uk or follow us Facebook, Instagram and Twitter.","carol-ann@vvphysiotherapy.co.uk","United Kingdom"
"SOS 4 Pets","1130","Welcome to our animal shelter channel — a place where love, care, and second chances come to life. Here, we share the real stories of homeless cats and dogs we rescue from the streets. You’ll see how we care for them: from medical treatments and feeding, to gentle walks, cozy shelter building, and endless cuddles. Every video is a journey from survival to hope, showing how compassion can transform lives.

By simply liking, subscribing, or sharing our videos, you become part of this mission. Your support helps us reach more people, save more animals, and build a better world for our furry friends. Thank you for being here — together, we can make a difference, one paw at a time. 🐾❤️","",""
"ANIMAL RESCUE KOCHI","1080","Animal Rescue Kochi is a registered non-profit animal welfare organization based in Kochi, Kerala, dedicated to rescuing, treating, rehabilitating, and rehoming injured, abandoned, and neglected animals.

Through our rescue centre,we provide emergency medical care, shelter, sterilization, vaccinations, and lifelong care for animals in need. In collaboration with Mission Rabies India, we also work to create safer communities through free anti-rabies vaccination programs, rabies response, and public awareness initiatives.
On this channel, you’ll find:
• Animal rescue stories
• Medical treatments and rehabilitation
• Happy adoption journeys
• Community animal welfare initiatives
• Rabies awareness and prevention
• Sterilisation & Responsible ownership

Every rescue is made possible by the kindness and support of people like you. Subscribe to follow our journey, share our mission, and help us give vulnerable animals a second chance at life.Together, we can build a kinder world for animals.","","India"
"New Hope Animal Rescue NFP","1060","We are foster -based, nonprofit animal rescue in Austin Texas.  Our  mission is to save animals who are at risk of being killed, whether they have been abandoned on a roadside with trucks zooming by or are facing euthanasia at a kill shelter. We are also passionate about reducing the over pet population by working to educate the public on the importance of spay/neuter, tagging and microchipping, and not supporting breeders [adopt don't shop!]


If you are interested in supporting our mission, here are some ways  you can help:   

Donations accepted via PayPal: 
http://nhanimalrescue.org/donation/
Want to foster with us? 
http://nhanimalrescue.org/foster-information/
Ready to adopt? 
http://nhanimalrescue.org/foster-information/
Want to inquire about other volunteer opportunities? 
Email NHgivelife@gmail.com","NHgivelife@gmail.com","United States"
"A.E.R.O. Animal Education and Rescue Organziation","1000","Welcome to A Day in the Life of a Rehabber!

Join us behind the scenes at A.E.R.O., where we rescue, rehabilitate, and release injured and orphaned wildlife in northern Virginia. Our video blog takes you into the daily routines, challenges, and heartwarming moments of wildlife rehab. From animal intake and medical care to release day, we’re here to educate, inspire, and share the incredible stories of the animals we help. Subscribe to learn about the vital work of wildlife rescue and discover how you can make a difference for our native wildlife!","",""
"horse rescue sanctuary","965","Our horse rescue sanctuary is a safe haven for horses who have been abandoned, abused, or neglected. We are dedicated to rescuing these beautiful and gentle animals, giving them medical care, proper nutrition, and a peaceful place where they can heal and live with dignity.
Every horse that arrives at our sanctuary has a story of hardship, but with love, patience, and care, we help them find trust again. Our mission is to protect horses, give them a second chance at life, and ensure they are never forgotten.
With the support of kind people like you, we can continue rescuing horses in need and giving them the freedom and compassion they deserve. 🐎💚","",""
"Luvin Arms Animal Sanctuary","962","Rescued Farmed Animal Sanctuary, Erie Colorado (30 minutes from Denver)
1091 animals rescued from abuse and neglect since 2015
Currently home to 27 Pigs, 13 Sheep, 10 Cows, 9 Goats, 3 Donkeys, 2 Horses, 56 Chickens, 24 Ducks, 5 Turkeys, 2 Peacocks

Founded on Karuna, Ahimsa, and Jivdaya
Volunteer-built, Non-profit, Community-funded

VISIT
Cow Cuddles
Family Tours
School Tours

LEARN
Middle- and High-School Animal Welfare Fellowship [Humane, compassionate education alternative to FFA 4H.]
High-School and College Internships
Corporate and Family Volunteering
Young Jain Professionals' Retreat

ENJOY
Luvin Arms Weddings
Spring Fest
Fall Fest
Music Fest
Gala
Turkey Trot

SUPPORT
Sponsor a Rescued Animal
Sponsor Food, Bedding, and Other Supplies","","United States"
"Delta Rescue","943","D.E.L.T.A. Rescue (Dedication and Everlasting Love to Animals) is the largest ""No Kill, Care-for-Life,"" Sanctuary of its kind in the world.

The D.E.L.T.A. Rescue Super Sanctuary is home to more than 1500 animals that have all been abandoned in the wilderness. The animals at the sanctuary will never have to worry about being lost and alone again.

D.E.L.T.A. Rescue receives no help from the government and relies solely on donor contributions and is tax -exempt 501 [c] 3 organization dedicated to rescuing animals abandoned in the wilderness and stopping the cruel practice of animal abandonment.

D.E.L.T.A. Rescue was awarded BEST IN AMERICA status by Independent Charities of America! In a letter congratulating D.E.L.T.A. Rescue, ICA said to be proud -- only about 3% of the charities they deal with earn this recognition. They study charities, analyze their expenses and their mission, and make a determination.

D.E.L.T.A. Rescue also received a 4 STAR Rating on Charity Navigator.","","United States"
"JoshuasWildOutpost","924","Wildlife Rehabilitation Outpost is a non-profit wildlife rescue dedicated to the indigenous animals of Mississippi. Our goal is to rehabilitate and release injured, orphaned, and sick wildlife while educating and sharing our dream along the way! We are not a sanctuary, our goal is ALWAYS release back into the wild.","","United States"
"Animal Rescue Karachi","923","We rescue animals and have a small shelter in Pakistan. To report a rescue WhatsApp ( 03242627051)

for donating 
gofund me : https://gofund.me/30c99fa4
easypaisa/Jazzcash: 03242627051","",""
"Margaret Green Animal Rescue","894","Established in 1965, Margaret Green Animal Rescue is the oldest and largest animal rescue charity founded in Dorset. Every year we cares for over 1,200 animals, many of which have been abandoned, unwanted and ill-treated, and rehome them to loving owners. We have centres in Devon and Dorset and always have a large variety of animals that are looking for new, loving homes. These include dogs, cats, rabbits, donkeys, goats and pigs, to name just a few. We receive no government funding and rely heavily on the support of the public to carry out our work.","","United Kingdom"
"Desert Haven Animal Rescue","856","We are a no-kill 501(c)(3) animal rescue in Sierra County NM specializing in compassion, care plans & adoption for our rescues plus spay/neuter aid for our community.❤️🧡🩵

“Meows” and “Woofs” from an animal rescue in the Chihuahuan Desert in southern New Mexico looking for their forever homes.🏜 

Come visit us! Adopt us! Share our videos! Thank you in advance!🐾

Location: Desert Haven Animal Rescue is in Williamsburg, NM (right outside of Truth or Consequences, NM)

*This channel is maintained and kept up to date*","info@deserthavenanimalrescue.org; dhanimalrescue@gmail.com","United States"
"Angels Among Us Pet Rescue","846","Angels Among Us Pet Rescue, Inc. is a 501(c)(3), non-profit, volunteer-based organization dedicated to rescuing dogs and cats from high-kill shelters in North Georgia. It was created in February 2009 by a group of people in the Atlanta area who wanted to do more to save the many adoptable dogs and cats who found themselves on death row in Georgia animal control facilities. Our motto is “Rescue One Until There are None.” As of May 12, 2021 we have rescued more than 18,000 dogs and cats. Most of these animals came into our program from high-kill animal control facilities throughout Georgia.  If you want to make a difference and help animal rescue in Georgia, you can donate, adopt a pet, foster a pet, or volunteer your time to advocate for animal welfare policies in Georgia, like low cost spay neuter, anti-tethering and protections for K9 officers and dogs in hot cars.","","United States"
"Spitfire Equine Rescue","815","Hi, my name is Jayden, and I'm 16 with big dreams! Someday, I want to run my own horse rescue. Currently, we have already rescued and are caring for three beautiful mares, Evergreen, Sparky, and Sage, on our family farm. My biggest goal is to save as many horses as possible and advocate for proper care and respectful treatment. Follow along to watch my dreams unfold ! 


Thank you so much for watching! if you feel led to donate to Spitfire Equine Rescue, please send your donation to 
https://cash.app/$Jaydensheene7090 all donations go towards feeds and medicines, etc, to help care for these horses. I work all the jobs I can, and my mom and I are doing our very best to provide a loving and safe environment for them! 


If you would like to support spitfire.equine.rescue, you can oder off of our Amazon wish list. Thank you so much it really helps out the channel and the horses!!
Spitfire Equine Rescue  - Amazon Gift List - https://www.amazon.com/registries/gl/guest-view/1GCDTFYK002S7","",""
"Maplelatte Animal Shelter Society","811","Discover ""MAPLELATTE ANIMAL SHELTER SOCIETY"" in Alberta, 🍁

Our mission is to provide compassionate care, protection, and second chances to animals in need. We are a non-profit, volunteer-based organization dedicated to rescuing homeless, abandoned, and neglected animals, offering them safety, medical care, and the love they deserve while they wait to find their forever homes.

Our shelter operates as a community of caring individuals — people who come together out of a shared love for animals and a commitment to making a difference. Every volunteer, foster, and donor plays a vital role in giving these animals a new beginning and a brighter future.
---
To support our rescue efforts, we offer services such as dog boarding, dog daycare, and cat boarding. These services help fund the food and supplies needed to care for our fosters.

Contact Us & E-Transfer
Non-Profit Organization:
📧 maplelatte@mass-care.org","maplelatte@mass-care.org","Canada"
"Wildlife Rescue Association of BC","807","Western Canada's busiest wildlife rehabilitation centre, caring for nearly 5,000 animals every year. #WildlifeRescueBC

The Wildlife Rescue Association of BC was established in 1979 to rehabilitate wildlife affected by human activity and provide education to the public on co-existing with urban wildlife.

With a team of professional wildlife rehabilitators and an army of volunteers, we are able to provide temporary refuge to a diverse range of animals. We are not a wildlife sanctuary and once the animals in our care are healthy and ready to live in the wild, we release them back to their natural habitat.

Your donation supports our efforts to care for and rehabilitate an annual average of 5,000 wild animals representing 150 species. Together, we are giving injured, orphaned and pollution damaged wildlife a second chance at life. 

https://www.wildliferescue.ca/give/","","Canada"
"Rasa Animal Shelter - پناهگاه حیوانات رسا","797","EN:
Rasa Animal Shelter is a street animal rescue NGO near Tehran, founded and managed by Mr. Yashar Asadi, and home to hundreds rescued dogs, cats, donkeys …
Your donation will save animals that otherwise would not survive. Please share our videos and help us to rescue animals in Iran.

DE:
Rasa Animal Shelter ist eine NGO für die Rettung von kranken und verletzten Straßentieren in der Nähe von Tehran, gegründet und geführt durch Hrn. Yashar Asadi. Wir haben derzeit hunderte gerettete Straßentiere: Hunde, Katzen und sogar Eseln.
Wir arbeiten ausschließlich basierend auf Spenden. Ihre Spenden ermöglichen die Rettung und Behandlung von Tieren, die sonst nicht überleben würden. Teilen Sie unsere Videos und helfen Sie uns Straßentiere zu retten.

پناهگاه رسا سازمانی مردم نهاد است  با هدف درمان و نگهداری حیوانات معلول و آسیب دیده در استان تهران که توسط آقای یاشار اسدی تاسیس شده و امروز پذیرای  صدها سگ ،گربه ،الاغ  و …می باشد.","","Austria"
"Kindness Ranch Animal Sanctuary Official","793","All of the animals at Kindness Ranch Animal Sanctuary have previously been used in laboratory research. We have a small but hardworking staff, all of who live on site to provide the animals with the best possible hands-on care.

Some of our experienced staff members live with the dogs and work daily on socialization, crate-training, housebreaking, leash-walking, and basic commands. The cats receive an abundance of play time, trees for climbing, an outdoor space for exploring, and socialization with other cats and visitors.

Our horses and other farm animals also receive daily care and socialization. The horses and cows are free to roam most of our 1,000 acres, and the sheep and pigs have access to open grazing land, as well. These animals are visitor favorites and will likely live out their lives at Kindness Ranch.","info@kindnessranch.org; john@kindnessranch.org.all; lorye@kindnessranch.org","United States"
"🐾FIERCE Animal Rescue🐾","758","Hello we are Fierce animal rescue we foster and rescue cats. You can find more information about us on Facebook and pet finder to help you find your next furry friend. Most of the cats we post on here our cats we currently have in our program but some of them have already been adopted while others are pets of our own. To find out more about what pets are adoptable you can check our pet finder page. Hopefully we can help you find a cute cuddly companion.🐈‍⬛🐈🐱","",""
"Horse rescue sanctuary 🙏","730","our mission is rescue horses from abuse,neglect, slaughter and give them are safe home full of needs in order to feel that love which was lost again♥️","",""
"Unity Farm Sanctuary","727","Unity Farm Sanctuary is a 501(c)(3) non-profit animal rescue organization founded in December 2016. Stop by to see video updates on our animals and activities! Find us on facebook, twitter, and instagram as well!","info@unityfarmsanctuary.org; kindness@unityfarmsanctuary.org","US"
"Wildlife Images Rehabilitation and Education Center","682","Wildlife Images Rehabilitation and Education Center was founded as a non-profit corporation in 1981 by renowned wildlife rehabilitator J. David Siddon. The facility was created in order to provide for the care and treatment of sick, injured and orphaned wildlife.

Wildlife Images has since expanded to provide educational programs on wildlife, conservation, and the environment to schools, organizations and the general public. The Center, and its programs and activities are a direct outgrowth and continuation of the late Founder J. David Siddon’s personal involvement with wildlife rehabilitation and education for more than 40 years. The center currently operates under the direction of David Siddon Jr., who continues on with his father’s mission.

The organization’s clinic, animal sanctuary, and education center are located on 24 acres of land adjacent to the wild and scenic section of Oregon’s famous Rogue River. Animals treated at Wildlife Images have included everything from baby squir","",""
"Goodwill Animal Shelter - Kalimpong / Darjeeling","663","Darjeeling Animal Shelter is a registered Indian Trust founded in the year, 1995 founded by Dr. Christine Townend. The Trust runs two projects - Kalimpong Animal Shelter (KAS) and Darjeeling Animal Shelter (DAS). Both these sister Shelters focus primarily on the Animal Birth Control Programme on street and community dogs, Anti-Rabies Vaccination camp, Village camps - Where community service is provided to animals, and general plus emergency treatment of animals.","","India"
"Noelle and Cats","647","Expect loads of adorable kittens meowing and precious cat faces!🐱💕 We help cats and kittens keep clean while they wait to be adopted from the cat shelter!🐾

Here's what you can look forward to on this channel:

🧹 Cat Shelter Cleaning: Get a direct view of the before-and-after magic as we scrub, and sanitize cat rooms—they are so happy after!

😻 Kitten Stories: Meet the incredible cats who have found their temporary homes in shelters and learn about their unique journeys.

🤗 Volunteering: Discover the heartwarming experiences of being a cat caregiver and maybe even be inspired to help out at your local cat or animal shelter.","","United States"
"Southampton Animal Shelter Foundation","630","The Southampton Animal Shelter Foundation (SASF) is a 501(c)3 non-profit, open-admission, no-kill- shelter that relies on the generosity of our donors and volunteers to care for the homeless animals in our community and place them in loving forever homes.

Our mission is to nurture the bond between humans and companion animals through education, advocacy, and adoption. We enrich the lives of the animals in our care through training, affection, and veterinary services, ultimately placing them in a loving forever home!","donations@sasf.org; grants@sasf.org; info@sasf.org; adoptions@sasf.org; clinic@sasf.org; education@sasf.org; marketing@sasf.org; training@sasf.org; volunteer@sasf.org","United States"
"Lanta Animal Welfare","596","Lanta Animal Welfare is a nonprofit Animal rescue charity based on Koh Lanta on the Southern Coast of Thailand. LAW's objective is to relieve the suffering and pain of the animals on the island through sterilisation and care. To date, we have sterilised and treated over 10,000 animals.","info@lantaanimalwelfare.com; volunteer@lantaanimalwelfare.com; adoption@lantaanimalwelfare.com; dm@lantaanimalwelfare.com; gm@lantaanimalwelfare.com; johnsmith@example.com; junie@lantaanimalwelfare.com","Thailand"
"Dove Creek Equine Rescue","593","We rescue, rehabilitate, re-train, and re-home horses in the Texas Panhandle who need a second chance in life. those who have been neglected, abandoned, or surrendered. We also provide compassionate care and connection for humans in need through our Equine-Assisted Learning program, Led By Horses. 

Dove Creek Equine Rescue serves what is referred to as “The Unwanted Horse Population”, horses within the domestic equine population that are no longer needed or useful, or their owners are no longer interested in or capable of providing financial or physical care. According to the Equine Rescue Network there are over 200,000 unwanted horses in the US.","","United States"
"United Animal Rescue","581","United Animal Rescue (UAR) is CA non profit organization 501 c (3). UAR saves stray animals in Brazil. Brazil has one of the most largest stray population in the world and weakest legislation in animal sector. We rescue injured, abused, sick animals from street and giving them a chance to start a better life 2.0. We create castrations and vaccinations campaign among poor communities by offering free castration and vaccines for stray animals only and low income families. You can participate by donating to our organization or buy sharing our videos that others can get more familiar with lives of stray animals in Brazil. We believe that world can help Brazil by providing a financial assistance in castration and vaccinations of stray animals. There are 30+ million strays here. Please help these forgotten animals to have a better life. Vaccinations and castrations limit animals struggles. You can donate directly to United Animal rescue through PayPal: donations@unitedanimalrescue.com","donations@unitedanimalrescue.com",""
"Horse Rescue Alliance","564","Welcome to Horse Rescue Alliance 🐎
Where every hoofprint matters.

At Horse Rescue Alliance, we rescue, rehabilitate, and rehome horses in need—giving neglected, abandoned, and slaughter-bound equines a second chance at life. Based in Davie Fl, our mission is to provide safe haven, medical care, training, and love to horses who have suffered abuse, starvation, or abandonment.

We believe every horse deserves a life of dignity, and through our work, we strive to raise awareness about horse slaughter, neglect, and the importance of responsible ownership. On this channel, you’ll find:

✨ Heartwarming rescue stories
🐴 Before-and-after transformations
🏡 Adoption success videos
📚 Horse care tips & educational content
📸 Behind-the-scenes of our daily rescue life

Subscribe to join our herd and help us spread hope, healing, and compassion—one horse at a time.

🌟 Let’s change lives together.
#HorseRescue #AdoptDontShop #EquineWelfare #HorseRehab #HorseRescueAlliance","",""
"Paws2Freedom Dog Rescue Charity","554","We are a Dog Rescue Charity based in Cornwall, in Great Britain. Our channel shows videos about some of the dogs that we have rescued from home and abroad, including those that we look after as Forever Fosters. Even more importantly, here you will find videos of our latest gorgeous dogs, just waiting for their forever homes.","info@paws2freedom.org; woof@paws2freedom.org","United Kingdom"
"Animals In Need Rescue Network","545","Animals In Need Rescue Network is  a 501c3  nonprofit  animal rescue dedicated to rescuing and saving animals and helping the people who want to help animals.  We focus on cats since there are so many millions  of kitties on the street and in shelters that need help and  are so misunderstood.  We also  rescue dogs and horses and any other animals we come across that need our help!  Please support our work  so we can save more  lives and make a tax deductible donation!
www.animalsinneedrescuenetwork.org Please Subscribe!","animalsinneedrescuenetwork@gmail.com; christine@animalsinneedrescuenetwork.org","United States"
"Sarvoham Animal Foundation","529","Sarvoham Animal Foundation is a remarkable dog shelter that has been dedicated to rescuing and caring for stray animals.
In the past 6 years Sarvoham has grown from a small charity and has blossomed into a well-organized animal welfare organization which has rescued more than 3000 street animals and currently homes to more than 200 dogs at its shelter.

Through our YouTube channel, we aim to share heartwarming rescue stories, heart-touching journeys of rehabilitation, and joyful tales of successful adoptions. By watching and subscribing to our channel, you can become a part of our mission and help us spread awareness about the importance of animal welfare and adoption.

Don't forget to hit the subscribe button and click the bell icon to stay updated with our latest rescue missions and adoption success stories. Your support means the world to us and the animals we care for","","India"
"Animal Rescue Brigade","508","Animal Rescue Brigade is dedicated to rescuing, treating, and caring for stray animals.

Our mission is simple:
Saving one dog won't change the world, but it will change the world for that one dog.

On this channel, we share:
• Animal rescue stories
• Dog treatment & recovery
• Street feeding
• Adoption stories
• Awareness about stray animals

📍 https://maps.app.goo.gl/kruua4qXNfv93NpLA

Support our mission by subscribing to and sharing our videos.","",""
"Shropshire Cat Rescue","505","Welcome to Shropshire Cat Rescue.

For 35 years, we've been rescuing and rehoming cats across Shropshire. We're a volunteer-run shelter caring for cats and kittens who need somewhere safe to recover, receive care and, where possible, find a suitable forever home.

Here you'll find the cats behind the rescue: their stories, personalities, progress and journeys to new homes, alongside behind-the-scenes content from life at the shelter.

We'll also share practical cat advice, educational content, fundraising appeals and a look at the people and work that keep the rescue running.

Follow the cats, meet the people behind their care and discover more about the work that happens every day at Shropshire Cat Rescue.

Subscribe, Sponsor and donate to support our work ↓","sponsorship@shropshirecatrescue.org.uk; info@shropshirecatrescue.org.uk; donation@shropshirecatrescue.org.uk; Emaildonation@shropshirecatrescue.org.uk","United Kingdom"
"AnimO - Mina's Animal Sanctuary","493","My name is Mina and I rescue animals in Japan. I have been diagnosed with terminal cancer and I'm using the time I have left to finish building my dream sanctuary so we can keep saving animals long after I'm gone. My sanctuary, AnimO (""Animal Oasis"") is located near Tokyo. It is Japan's first true land-based exotic animal sanctuary. Together with volunteers we usually care for up to 100 unwanted & special needs animals, which otherwise would have stayed in cages or even worse... 

We try to give them the best possible life at the sanctuary, so they can recover from their past and live happily in the present. 

In the future, I hope that I can build an education centre spreading awareness about animal welfare.","",""
"RSPCA Radcliffe","462","Our mission is to take in unwanted, abandoned, stray and mistreated animals and find them loving, permanent homes. We always make sure that all the animals in our shelter are given all the love and care they need before they are rehomed. We support the RSPCA Inspectors with their case and abandoned animals. We never compromise on animal welfare.

Each year the RSPCA Radcliffe Animal Shelter cares for many hundreds of animals as they are brought in by RSPCA Inspectors or members of the public having been found abandoned, injured or as victims of cruelty and abuse. It costs the shelter over £500,000 a year to help local animals. All of our funds are raised locally from members of the public, companies and other organisations.","education@rspca-radcliffe.org.uk; info@rspca-radcliffe.org.uk","United Kingdom"
"Forget Me Not Animal Shelter","456","The YouTube video channel for the Forget Me Not Animal Shelter in Republic, WA.","","United States"
"Lost Dog and Cat Rescue Foundation","431","LDCRF is a Virginia based rescue organization that helps homeless and abandoned animals find permanent, loving homes. We reduce pet overpopulation by spaying or neutering every pet in our care before we put him or her up for adoption. The animals at our rescue are pulled from crowded rural shelters, where their chances of being adopted are very slim. 

Please watch our videos for more information about Lost Dog and Cat Rescue, and check out our website at www.lostdogrescue.org for even more information!","",""
"Open Door Animal Sanctuary","427","Open Door Animal Sanctuary, founded in 1975, is the largest no-kill shelter in the greater St. Louis area and State of Missouri.  Open Door’s Mission is to provide homeless cats and dogs with the highest quality of life and a second chance to find a forever family. We serve the community by taking in stray, abused, neglected and otherwise unwanted cats and dogs and placing them up for adoption. Each day we provide shelter, food, medical care and LOVE to more than 400 animals. Every animal that comes to us has a home and a second chance at life.","Cats@odas.org; Development@odas.org; Dogs@odas.org; Jeanette@odas.org; jeangutch@hotmail.com; Melissa@odas.org; office@odas.org; Tracie@odas.org; volunteer@odas.org",""
"ARF Hamptons - Animal Rescue Fund of the Hamptons","423","Established in 1974, the Animal Rescue Fund of the Hamptons, also known as ARF Hamptons, is a nonprofit organization that has rescued more than 33,500 cats and dogs. Entirely funded by donations, ARF provides food, shelter, love, medical care, and behavioral training for its rescue animals for as long as it takes to find loving homes. To learn more about ARF Hamptons and ways you can support ARF's rescue efforts, visit arfhamptons.org and follow @arfhamptons","info@arfhamptons.org","United States"
"Sleepy Pig Farm Animal Sanctuary","416","It’s a Beautiful Day to Save Animals
501c3 Non Profit Animal Sanctuary
Venmo: sleepypigfarm
Become a monthly patron to support the animals at patreon.com/sleepypigfarm

For more info:
linktr.ee/sleepypigfarm","","United States"
"Da Vinci's Dream","400","Welcome to Da Vinci's Dream, a registered 501(c)(3) nonprofit animal rescue based in Kentucky dedicated to saving dogs and cats through foster care, responsible adoption, transport coordination, and community outreach.

Our animals come from high-risk shelters, neglect cases, and urgent rescue situations. Each animal is placed in foster care, where we learn about personality, routine, and ideal home placement before adoption.

Through adoption, transport, and community support, our volunteers work to give vulnerable animals a second chance and connect them with loving forever homes.

If you are interested in adopting, fostering, or supporting our mission, visit davincisdream.org to learn more about our adoption process, available animals, and transport options.

Subscribe to follow rescue stories, available animals, and the daily work behind foster-based rescue in Kentucky.","","United States"
"Lancaster Farm Sanctuary","396","Lancaster Farm Sanctuary is a 501(c)(3) non-profit farmed animal sanctuary.

LFS is an LGBTQ-founded and led organization. It is the mission of LFS to rescue farmed animals and provide them with sanctuary and inspire humans to live with compassion and respect. The purpose of LFS is to reduce animal suffering and lead humanity to a kinder and more sustainable future by connecting the seemingly disparate, but deeply connected issues of animal exploitation, social injustice, failing human healthcare, and environmental degradation. By connecting with individuals, educating the general public, and collaborating with local organizations, LFS models the change necessary to improve the lives of community members, human and nonhuman alike. 

Our core values: Justice, Integrity, Compassion, Responsibility, and Courage","","United States"
"Hold Fast To Dreams Animal Sanctuary & Rescue ODV","389","Welcome to our Italian Farm!🐴🐔🐶 We are an animal rescue, sanctuary, and horse farm here in the countryside of Italy. We started out as two cousins traveling around Europe in a caravan saving all the animals we could safely fit in our van. We’ve re-homed over 200 rescue dogs and now that we have our land to call home, we are a forever home to many of our horses, dogs, cats, goats, donkeys, birds and whatever other wonderful creatures join us along the way. We also open our doors to many van-lifers as a place for them to come spend some time with the animals whether it’s just a stop over on their travels or a place they’d like to spend some time volunteering with the animals and our team. 😅🚐🐶🐱🐰🐴✨

FB: https://www.facebook.com/share/1EVLcZp8r6/?mibextid=LQQJ4d

IG: https://www.instagram.com/holdfasttodreamsitaly

🐴 Donate to bring Liam home:
https://www.gofundme.com/f/donate-to-help-bring-liam-home","",""
"Soul Dog Rescue Channel","385","Soul Dog is a 501 (c)(3) nonprofit animal rescue organization founded with the mission to spay/neuter and protect animals. Soul Dog is proactive in animal welfare, advancing the need for spaying and neutering our pets to reduce overpopulation. We travel to rural communities on Native American reservations, where spaying and neutering will only happen if it is nearly free or very convenient. Soul Dog works with volunteer veterinarians to provide the spaying and neutering service at no cost to the public. Donations are used to defray the costs associated with medications, supplies, and the operating cost for clinics.

Our Mission:
Soul Dog Rescue performs collaborative, targeted work, primarily through spay/neuter, in underserved regions in order to create sustainable change and promote cultural shifts regarding the treatment of companion animals.

www.souldog.org
LOCATION & HOURS
1245 Factory Circle, Fort Lupton, CO, 80621
Clinic Hours
Mon - Sat9:00 am - 5:00 pm
Sunday Closed","admin@souldog.org","United States"
"Downtown Dog Rescue","384","Downtown Dog Rescue is an all volunteer run 501C3 nonprofit organization that believes in second chances for both dogs and people. We rescue dogs and provide services for low income pet owners in under served communities in Los Angeles County.
Visit www.downtowndogrescue.org to learn more about our programs and on how to adopt a dog from DDR.","",""
"Alaqua Animal Refuge","382","As the premier no-kill animal shelter and sanctuary in the Southeast, Alaqua Animal Refuge believes that every abused, neglected and homeless animal deserves a second chance. Committed to providing protection, shelter and care to animals in need, this private, 501(c)3 non-profit also offers a full-service adoption center, educational outreach, and community programs that touch a diverse constituency.

 Since its inception in 2007, Alaqua has been pushing the boundaries of animal welfare services, cruelty prevention, and advocacy for all animals and is a recognized leader on these issues in our region, our state, and around the U.S.—all the while rescuing, rehabilitating and finding new homes for animals of all kinds. 

To learn more, visit our website at www.Alaqua.org","","United States"
"West Shore Wildlife Center","375","Nonprofit wildlife rehabilitation and education center in York County, PA","","United States"
"Whispering Hearts Horse Rescue, Hagersville Ontario","372","Whispering Hearts Horse Rescue Center is a federally registered non-profit organization with charitable status.

Our mandate is 
To provide care and rehabilitation 
to abused and neglected horses. 
To assist members of the community 
that can no longer care for their horses 
in an attempt to prevent innocent animals 
being subjected to cruelty and neglect.

Our Goals and Objectives are:

Create a volunteer-based, equine welfare organization to ensure quality care and treatment of horses through intervention, education and outreach. 

Create a partnership to provide a reputable facility for the care and rehabilitation of horses under investigation.

Educate the public on equine welfare issues

Establish a program to assist other rescue organizations in Ontario as more facilities are needed to take in the increasing number of abused and neglected horses across the Province.","","Canada"
"Just Paws Animal Rescue","372","Just Paws Animal Rescue is a not for profit animal rescue and rehoming organization, established in 2014. We are a foster based rescue based in the Greater Toronto Area of Ontario, Canada. 


Mission
Our mission is to rescue and rehome unwanted, abandoned, abused and unloved pets that find themselves alone and frightened in shelters. These animals give unconditional love and should receive the same love back. Unfortunately there is a need and while ever there is a need we will be there to help. Our long term goal is to build towards the opening of our own shelter and be able to help with behavioral issues, special needs, and to offer a haven to less adoptable pets.","",""
"AnimalX Care","368","Welcome to AnimalX Care 🐾 — where every life matters.
We share real animal rescue stories, heart-touching recoveries, and inspiring moments of kindness every day.
From injured strays to abandoned pets, we believe every creature deserves love, care, and a second chance. 💚
Our mission is simple:
👉 To rescue and heal the voiceless
👉 To inspire compassion around the world
👉 To build a community that cares
If you love animals and believe in kindness, you’re in the right place.
Subscribe now and join the Official AnimalX Care Family — together, we can make the world a safer, kinder place for every paw. 🐕🐈🦜
📅 New videos every week | ❤️ Real rescues, real care, real hope
#AnimalXCare
#AnimalRescue
#SaveAnimals
#KindnessMatters
#AdoptDontShop
#AnimalLovers
#RescueStories
#InspireCompassion
#HelpStrayAnimals
#SecondChanceLives
#PetRescue
#AnimalsOfTheWorld","",""
"Second Chance Animal Services","359","Second Chance Animal Services is a nationally recognized organization that provides innovative programs and services to help animals. Second Chance Animal Services has been helping animals since 1999. We are a non-profit charitable 501c3 organization that operates a no-kill animal shelter, veterinary hospitals that offer subsidized rates, and more. We help over 56,000 pets through adoption, low cost spay/neuter, full service veterinary care with subsidized rates for qualified households, community outreach, educational programs, training, a pet food pantry, and other services.  We strive to keep pets in loving homes whenever possible by providing services to help pets in the community.  We also operate an animal shelter that helps thousands of pets each year.","","United States"
"Dog & Cat Rescue Foundation Koh Samui","354","Dog & Cat Rescue Center Koh Samui Thailand","",""
"Pawprints to Freedom Dog Rescue","352","Pawprints to Freedom is a dog rescue with a difference. We work with rescuers in Romania to help find homes for their dogs in the UK. Compassion has no borders, and we fight daily to save lives.","enquiries@pawprints2freedom.co.uk; kirstyd@pawprints2freedom.co.uk","United Kingdom"
"Animal Rehabilitation and Health Academy","351","At the Animal Rehabilitation and Health Academy we provide Equine and Canine Rehabilitation courses and continued professional development/continued education for animal therapists, veterinary nurses and veterinary surgeons.","","United Kingdom"
"Nature Animal Rescue","336","Welcome to Nature Animal Rescue 🐾🌿

This channel is dedicated to saving and helping animals in need. We share real rescue stories, animal care tips, and heartwarming moments from nature. Our mission is to protect wildlife, support injured animals, and spread awareness about animal welfare.

On this channel, you will find:
• Animal rescue videos
• Wildlife protection content
• Emotional animal stories
• Pet care tips and guidance
• Nature and animal awareness

If you love animals and want to support rescue efforts, subscribe and join our journey ❤️

📍 Stay connected and be a voice for the voiceless.","","Pakistan"
"Happy Animal Rescue","322","Welcome to Happy Animal Rescue! 🐘🦒🦓🦁
Join us on fun and satisfying adventures where muddy toy animals are rescued, cleaned, and ready to play again!
Perfect for toddlers and preschoolers, our videos are full of bright colors, gentle sounds, and fascinating animal facts.

We make learning fun! From elephants and lions to penguins and zebras – kids will love watching their favorite animals go from muddy to squeaky clean.

Wash, Learn, Smile! ✨
Don’t forget to subscribe and join the rescue team!","","United States"
"North Mountain Animal Sanctuary","318","North Mountain Animal Sanctuary is a registered charity and farm animal rescue in the Annapolis Valley, Nova Scotia, Canada.  NMAS provided care, comfort, and rehabilitation to abused, neglected, and unwanted farm animals.   At present there are sheep, goats, chickens, pigs, turkeys, rabbits, guinea pigs, hedgehogs, and turtles in care.  For more information or to make a donation, visit our website at www.nmas.ca and follow us on Facebook & Instagram.","",""
"Wild Animal Rescue Stories","310","Welcome to Wild Animal Rescue Stories –We are dedicated to saving, rehabilitating, and protecting the incredible creatures of the wild. From heartwarming rescues to inspiring recoveries, we share real stories of animals getting a second chance at life. We create AI-powered videos based on real rescue stories that shine a light on animals in need and inspire action. Watch short, emotion-filled videos or dive into long, detailed stories. From dramatic rescues to heartwarming recoveries, join us in celebrating the hope and connection between people and animals.
 What You’ll Find Here:
✅ Wildlife rescues & rehabilitation stories
✅ Educational insights about wild animals
✅ Conservation efforts & ways to help
✅ Heartwarming transformations
Join us on this journey to protect and care for nature’s most vulnerable creatures. Subscribe now and be part of the rescue mission!  #animalrescue #AnimalHeroes #Saveanimal  #KindnessToAnimals #animals #wilflife #wildlifeanimalrescues","","United States"
"DCH Animal Adoptions","298","About DCH

DCH Animal Adoptions, which stands for ""dogs, cats and horses"", is a NSW-based non-profit animal rescue charity (CFN 18284) committed to the rescue and rehoming of unwanted and neglected domestic animals - mainly dogs, cats and horses - but occasionally other animals such as rabbits and guinea pigs.
Our volunteers rescue animals from certain death in Sydney's pounds and shelters, and horses from the knackery and ensure they are provided with veterinary attention and foster care until a permanent and loving home can be found.
The foster care system benefits you and the foster pet. By providing you with valuable information about the animal gained through the carer's experiences in a home environment, we can help match you up with the right pet for your home. The animals also benefit from being in a loving home environment until their permanent homes are found.","enquiries@dchanimaladoptions.com.au; webdesign@hanusi.com","Australia"
"Pet Adoption Fund","298","Pet Adoption Fund is an all breed, 501(c)3, Non-Profit, No-Kill, Dog & Cat rescue and adoption organization since 1983, and it is located in the city of Canoga Park, Los Angeles county, CA. EIN# 95-3842460.

Visiting and Viewing our adoptable pets are by appointment only.  Please visit our website for more info. https://www.petadoptionfund.org

For more info on our ADOPTABLE pets, please call our shelter at (818) 340-1687 or (818) 340-1186. 

FOLLOW US on Facebook:  https://www.facebook.com/petadoptionfund
FOLLOW US on X:                 https://X.com/petadoptionfund
FOLLOW US on Instagram: https://www.instagram.com/petadoptionfundrescue

Kennel and Adoption Center Location:
7507 Deering Avenue - Canoga Park, California 91303
(818) 340-1687 or (818) 340-1186
Email: adopt@petadoptionfund.org or admin@petadoptionfund.org","adopt@petadoptionfund.org; admin@petadoptionfund.org","United States"
"Beautiful Together Animal Sanctuary","297","We are Beautiful Together Animal Sanctuary, an animal rescue nonprofit located in the Chapel Hill area of North Carolina. Rescuing dogs and cats in need and finding them loving homes is what we do! 🐾  Visit this link to get to know all of our adoptable pets, and to learn how to foster, donate, and volunteer with us: https://linktr.ee/BeautifulTogetherSanctuary

🐶 🐱 #BeautifulTogetherAnimalSanctuary

We Believe:

We believe that no animal should be mistreated, abandoned or neglected.

We believe that patience, kindness and love can change everything for a previously homeless pet.

We believe that animals can offer extraordinary joy, comfort, and companionship to the people who care for them.

And we believe in the collective impact of all who work toward the day when no animal is euthanized for lack of a home.","","United States"
"PACC911","283","PACC911 is a nonprofit 501(c)3  animal welfare coalition of over 140 animal rescue groups in the greater Phoenix area. 

We fulfill four vital community functions. Large-scale pet adoption events (Adoptathons); Education about Animal Welfare (particularly the need to spay and neuter); A Pet Food Pantry, Chuck Waggin'  supporting families in need to feed pets during financial difficulties; And most of all, we fundraise to provide much-needed Medical Assistance funds for our coalition partners. 

Veterinary expenses can be daunting and the biggest challenge to rescuers. Our coalition groups depend on our raised funds to help them save neglected, abused and abandoned animals and ultimately place them in loving homes.  We have fundraised over 8 million dollars since we've started, and in 2023 alone PACC911 partners have saved 36,000 animals in Arizona. 

Please visit PACC911.org to learn more about us.","",""
"BlueMtnWildlife","276","Blue Mountain Wildlife is a non-profit organization dedicated to wildlife rehabilitation.  We have been caring for injured, sick, and orphaned wildlife for over two decades, with the goal of releasing back to the wild.","",""
"Pasha Adoption & Rehabilitation Center","263","Pasha Adoption and Rehabilitation Center is a non-profit animal rescue established in February 2022. Our Center was founded by members of Vucjak Shelter’s Adoption Team as a pilot project to facilitate the rehabilitation and adoption of special-need animals and provide palliative care for the critically ill ones that would otherwise struggle in a shelter environment.

We offer a spay/neuter program, comprehensive vet care, and adoption services in Serbia and abroad. Thanks to our staff’s skilled handling and training, all our adoptable animals are well socialized and friendly with other dogs, cats, and humans!

As a foster-based rescue, we focus on placing our animals in secure, caring foster homes once they are rehabilitated and ready for adoption. We are dedicated to building a coalition of rescue-minded individuals and organizations across Europe, the U.K., Canada, and the United States so that together, we can save more at-risk stray animals in Serbia.

https://www.PashaARC.co.uk","","United States"
"Belize Wildlife and Referral Clinic","260","On this channel we will share videos documenting the Belize Wildlife and Referral Clinic - BWRC, a non-profit wildlife rescue and teaching clinic in Belize. The BWRC's vision is Wildlife conservation and sustainable development in cooperation. The BWRC plays a small but diverse role in it's mission to support conservation with veterinary services, rehabilitation and education. Videos will cover topics in Wildlife medicine and conservation education, introduce some special patients cases and stories as well as common wildlife conflict species or victims of wildlife traffic. We hope to tell our patients stories to educate humans how to avoid conflict and how to best assist wildlife in need.","","Belize"
"DOWNEY Shelter Dogs. Don't shop, ADOPT!!!","256","Shelter animal rescue and networking. Primarily Downey Shelter, outside of Los Angeles. Focus is on adult dogs, hard to place and ones that have been at the shelter awhile. Google animal ID, starts with 'A', along with Petharbor.com to get more info on dogs up for adoption. Please adopt or rescue!","",""
"Cape Coral Animal Shelter & Veterinary Clinic","250","Cape Coral Animal Shelter is a 501(c)(3) nonprofit, no-kill shelter, whose mission is to engage a special bond between people and animals by means of adoption services, medical care, education, and training.

Since veterinary care can be expensive, Cape Coral Animal Shelter offers a full-service, low-cost veterinary clinic that is open to the public. Please call 239-573-2002 Ext. 106 to schedule your veterinary clinic appointment; no walk-ins please.","","United States"
"Harmony Farm Sanctuary","244","Harmony Farm Sanctuary (HFS) is a nonprofit vegan farm sanctuary in beautiful Central Oregon. Our mission is two-fold; first, we rescue, rehabilitate and provide an excellent home for retired, unwanted or abused farmed animals. Second, we strive to build compassion for all sentient beings.

Currently, Harmony Farm Sanctuary is home to more than 130 rescued farm animals! They depend 100% on donors like you for all of their care.

501(c)3 Not-for-Profit for Farm Animal Rescue
Federal ID# 47-4073127.","",""
"Rosies Farm Sanctuary","243","Rosie’s Farm Sanctuary is a non-profit farm animal sanctuary in Potomac, Maryland. We give rescued farmed animals the forever home they deserve. We also help animals through advocacy and educating the public about compassionate lifestyles.","",""
"Animal Care Jobs","242","Welcome to Animal Care Jobs, your go-to channel for all things related to careers in the animal industry! Whether you're interested in animal shelter careers, veterinary assistant jobs, pet grooming positions, zookeeper roles, or animal trainer jobs, we cover a wide range of exciting opportunities. You can find information on wildlife rehabilitation careers, pet sitting, dog walking, veterinary technician roles, and animal rescue jobs as well. 

Our channel is designed to provide you with the information and guidance you need to pursue a fulfilling career working with animals.

DISCLAIMER: This content is independently produced and we are not affiliated with any brands, products, or organizations mentioned. All trademarks belong to their respective owners. While we strive to present accurate information, viewers are encouraged to verify current details through official channels.","","United States"
"pet rescue 01","238","Welcome to 🐾pet rescue 01

We create emotional animated animal rescue stories that inspire kindness, hope, and compassion. Watch incredible rescues, life-saving treatments, and heartwarming recoveries of animals from around the world.

❤️ Rescue • Heal • Hope • Inspire

Subscribe and join our mission to give every animal a second chance!","","Bangladesh"
"Delta Rescue Sanctuary","235","D.E.L.T.A. Rescue (Dedication and Everlasting Love to Animals) is the largest ""No Kill, Care-for-Life,"" Sanctuary of its kind in the world.

The D.E.L.T.A. Rescue Super Sanctuary is home to more than 1500 animals that have all been abandoned in the wilderness. The animals at the sanctuary will never have to worry about being lost and alone again.

D.E.L.T.A. Rescue receives no help from the government and relies solely on donor contributions and is tax -exempt 501 [c] 3 organization dedicated to rescuing animals abandoned in the wilderness and stopping the cruel practice of animal abandonment.

D.E.L.T.A. Rescue was awarded BEST IN AMERICA status by Independent Charities of America! In a letter congratulating D.E.L.T.A. Rescue, ICA said to be proud -- only about 3% of the charities they deal with earn this recognition. They study charities, analyze their expenses and their mission, and make a determination.

D.E.L.T.A. Rescue also received a 4 STAR Rating on Charity Navigator.","",""
"Goatlandia Farm Animal Sanctuary","233","Goatlandia is an animal sanctuary that rescues farm animals and educates the public about the choice for a compassionate lifestyle. In addition to providing a safe and loving forever home to our own feathered and furry family, we also place our rescued animal friends into other loving homes through our adoption program.","",""
"Pawprint - weekly podcast for animal rescue","228","Nancy & Harold Rhee focus on animal rescue, foster, adoption, & training in a shelter, SPCA, or humane society. Be a Paw Print hero - volunteer, adopt a dog, cat, or pet. Stop abuse, and help protection & welfare.

Have you ever wondered what it takes to place a stray dog or cat in a permanent home? Meet the everyday heroes of animal rescue and animal foster who use hard work, dedication, and out-of-the-box ideas to give homeless dogs, cats, and other pets a second chance.

Our website is http://thisispawprint. Look for ""thisispawprint"" on social media.","","United States"
"Friends of Lackota Animal Sanctuary","223","Friends of Lackota Animal Sanctuary | Northern Colorado

Named after a rescued horse saved nearly 30 years ago, Friends of Lackota Animal Sanctuary was founded to give animals a second chance at life. The sanctuary began when a young boy refused to let Lackota go to slaughter—working hard to save him and, in the process, finding a lifelong purpose.

Located in Northern Colorado, we specialize in rescuing horses and donkeys from the slaughter pipeline, but no animal is turned away if we can provide proper care. Many arrive from kill pens or auctions, often neglected, afraid, and broken. Here, they receive love, rehabilitation, and safety—whether they find a forever home or remain at the sanctuary.

Our mission is simple: help animals beat the odds and live the life they deserve.","friendsoflackota@gmail.com","United States"
"Nate's Honor Animal Rescue Center","219","Since 2008, we have been dedicated to helping neglected, abandoned, and mistreated dogs and cats in need of loving homes. We started as a small group of animal lovers working out of a garage until Nathan “Nate” Benderson, a local developer with an affinity for animals, caught wind of the group and joined. Nate provided the necessary vision and leadership to establish what is now known as Nate’s Honor Animal Rescue.

Today, together with a staff of caring volunteers and an incredibly supportive community, we save thousands of homeless and at-risk animals each year at our eight-acre, no-kill shelter and adoption facility on Lorraine Road.

As a 501(c)(3) non-profit animal rescue organization, we are proud to provide a place where homeless cats and dogs can receive the love and care they deserve while they wait to be welcomed into their forever homes.","",""
"Animal Rehab Klinik","219","We're a Sydney based animal rehabilitation facility who help improve the quality of life of our pets. Whether it's a dog recovering from surgery or a cat dealing with arthritis, our team of a chiropractor, physiotherapist and osteopath can help.","","Australia"
"Denver Animal Shelter","196","Denver Animal Protection (DAP) provides animal care and protection services for all of Denver County. We foster the human-animal bond by protecting the safety and welfare of Denver's animals and citizens. DAP is committed to providing humane care to companion animals; reuniting lost pets with their owners; adopting pets to loving homes; enforcing Denver County animal ordinances; and proactively educating the public about animals, their needs, and DAP's critical role as a community resource.

DAP operates Denver Animal Shelter (DAS), an open-admission shelter that is home to more than 7,500 lost and abandoned pets each year.

Visit us (M-F) from 10:30am-6:30pm or (Sat/Sun) 11:00am-5:00pm at: 
1241 W. Bayaud Ave
Denver, CO  80223","",""
"Back to Nature Wildlife Refuge Official","192","www.BTNwildlife.org/donate 
BTN is a non-profit wildlife rehabilitation and education center located in Orlando, FL. We accept Florida native injured and orphaned wildlife for rehabilitation and release (approx. 3.5k animals annually). We are open to the public for visitation and educate with our sanctuary animals. We house approx. 30 non-releasable wild animals including rescued ring tailed lemurs, impaired owls, bobcats, fox, goats, tortoises, squirrels and more! 
View btnwildlife.org to learn about BTN and plan your visit.","",""
"Foster Army Animal Rescue","171","We take in animals most in danger of euthanasia - the young, the overlooked, the ill, the misfits, the outcasts, and the injured. Our mission is rescuing vulnerable at-risk companion animals from animal control facilities and placng them in caring foster homes until they can be placed in forever homes. A key requirment is raising funds to support medical/behavioral treatment, vaccinations, microchips, food, supplies, and spay/neuter surgeries.

Follow Us!

www.fosterarmy.org
www.facebook.com/fosterarmy
Instagram fosterarmy
Twitter Foster_Army
Snapchat Foster Army Animal Rescue","","United States"
"Wild Exotics Animal Refuge","168","A NJ 501c3 nonprofit exotic animal rescue. Rescuing & rehabilitating animals from the exotic pet trade in the United States.","wearsaves@gmail.com; wearsaves@gmail.com.please",""
"Rural Animal Rescue Effort (RARE)","161","💙 We rescue animals in rural areas to find them safe foster and forever homes 📍 Middle Tennessee","","United States"
"Glendale Animal Rescue Home","150","We are dedicated to rescuing dogs and cats in need, placing them in caring foster or adoptive families.

LINKS—————————————————

Website- www.glendaleanimalrescuehome.org

Instagram - glendaleanimalrescuehome2026

Email - glendaleanimalrescuehome@yahoo.com

Facebook - glendaleanimalrescuehome2026","glendaleanimalrescuehome@yahoo.com",""
"WILDLIFE RESCUE TEAM","143","WILDLIFE RESCUE TEAM
 We give you the experience of how we rescue fauna
 we rescue animals birds and reptiles , we also feed street animals, we are open for adopting your pets  as well
Since  18/04/2013

WILDLIFE RESCUE TEAM :- Registration no E/20240   

Like, Share, Subscribe !!!

Contact :- Arvind Parmar, 9898828609, 8511002410

For Donation 
IFSC            :-SBIN005305
A/C. No.    :-  33485624932
State Bank of India (SBI), Dharamnagar, Ahmadabad, Gujarat, India.","",""
"Friends of Rescue Animals","142","Friends of Rescue Animals (FRAs) is an all-volunteer 501(c)(3) non-profit organization founded in 2004. Our organization has grown to over 300 volunteers, and with this growth, we now support two municipal shelters -- Rowlett, TX and Garland, TX – and operate our own cat rescue program.  FRAs has helped countless pets avoid euthanasia, find their forever homes and live longer, healthier lives.

Our mission is to provide resources, programs and education to promote adoption and care of homeless pets in our community. FRAs’ vision is a world where every companion animal has a safe and loving forever home. 

Our organizational programs include operating the volunteer program for both shelters, providing funding for heartworm treatments and emergency medical care, accepting cats from the shelter and citizens into our foster-based cat rescue, supporting TNR/SNR efforts for community cats and most recently funding dog transport initiatives.","",""
"Central Virginia Horse Rescue","136","Central Virginia Horse Rescue, Inc (CVHR) is a  501(c)3 non-profit organization dedicated to the compassionate care of equines.  Our mission is to save, protect, and rehabilitate equines in need.  We rescue unwanted, abused, neglected, or abandoned equines; provide them with care and rehabilitation; and finally find them a compatible, loving home.  We believe that education is the long-term solution to improving the lives of equines.

Our goal is to aid abused, neglected, starving, and unwanted horses from surrenders, animal control, or auctions. We provide food, training, and veterinary care for their recovery. Post-recovery, they're evaluated and put up for adoption to approved homes. Economic challenges have led to increased horse sales but fewer buyers, resulting in more horses in danger. Many are abandoned or auctioned. We offer these horses a temporary haven until a permanent, loving home is found.","","United States"
"Red Dog Farm Animal Rescue Network","136","This channel is for an animal rescue network. The animals seen in our videos are looking for forever homes. Check us out at www.reddogfarm.com.
Our Mission:
Red Dog Farm Animal Rescue Network is a North Carolina 501(c)(3) nonprofit corporation formed on August 23, 2006 to rescue and rehabilitate neglected, abused or otherwise unwanted animals in and around Guilford County, with a particular focus on domestic farm animals. If you would like to help in this effort, by making a tax-deductible donation, by fostering or adopting an animal, or by volunteering your time, please let us know. Please help us help the ""four-leggeds"" of our community with paws, claws, hooves -- together we can make a difference!","info@reddogfarm.com; LaurenR@reddogfarm.com; andread@reddogfarm.com; baileyt@reddogfarm.com; bethm@reddogfarm.com; taylord@reddogfarm.com",""
"CPCAS","136","Cookeville/Putnam County Animal Shelter","",""
"The Retreat Animal Rescue Farm sanctuary And Cafe","136","Vegan animal rescue shelter, Farm sanctuary and cafe. Holiday accommodation in our glamping lodges and camping. Events field with special educational Vegan fundraising events. Open to visitors 12-4pm Thursday - Sunday ( March til 1st December)","",""
"San José Animal Care Center","135","This is your go-to spot for everything happening at the San José Animal Shelter. Meet our amazing adoptable animals, get helpful training and behavior tips, and see behind-the-scenes moments from our shelter and community. We share success stories, adoption spotlights, educational videos, and resources to help pets and people thrive together.

Whether you are looking to adopt, foster, volunteer, or just love animals as much as we do, you are in the right place. Subscribe to stay connected, learn something new, and help us give every animal the loving home they deserve.","",""
"Bonaparte's Retreat Dog Rescue","134","Founded in 2004 by Grammy-winning singer-songwriter Emmylou Harris, Bonaparte’s Retreat is named in memory of one of Emmylou’s own beloved dogs. For 10 year, Bonaparte traveled ""on the road"" with her as she performed around the world. When he died suddenly in 2002, Emmylou was heartbroken. But her personal loss became the genesis of something remarkable. Emmylou established Bonaparte’s Retreat, a 501(c)3 nonprofit dog rescue organization in Nashville and dedicated to providing nurturing care for adoptable dogs when their allotted time at a shelter has elapsed. Our mission is to prevent these wonderful animals from being euthanized and to adopt them into permanent, loving homes.","",""
"Global Cat Rescue","127","Welcome to our AI-powered ""Global Cat Rescue"" stories. 🐾
This channel shares emotional and inspiring rescue journeys of abandoned, injured, and homeless cats. Through AI storytelling, we create powerful rescue moments — from dangerous streets to safe and loving homes.
Every video is about hope, kindness, and second chances.
If you truly love cats and believe every life matters, this channel is for you.
Subscribe and be part of spreading compassion — one rescue story at a time. ❤️🐱","","Bangladesh"
"Animal Rescue Rhode Island","126","ARRI is an animal shelter dedicated to rescuing companion animals in need & to the humane welfare of homeless animals.","info@animalrescueri.org; shelter@animalrescueri.org; events@animalrescueri.org","United States"
"Broome Animal Sanctuary","120","BAS is an animal sanctuary for unwanted farm animals whose lives are threatened. We raise awareness of factory farm atrocities while promoting a happier healthier and more humane way of life between humans, animals and the environment. 501(c)(3)","info@broomeanimalsanctuary.com","United States"
"Horses with Hope Equine Rescue","119","""Helping rescued horses find their human soul mates""

Horses With Hope is a privately funded equine rescue located in Hope, Maine dedicated to rehabilitating and retraining neglected, starved, abused and at-risk equines, and change the stigma surrounding the rescue horse.
HWH Rescue is dedicated to the compassionate care of equines of all shapes, sizes and backgrounds. Our mission is to rescue and rehabilitate abused, neglected, and abandoned equines and match them with compatible and loving homes based on the individual horse's needs. We believe in using true horsemanship to develop a relationship with each horse, and to help each horse reach its full potential. 
Please feel free to contact us if you would like to hear about other horses we may have available for adoption, or if you are interested in learning more about us.
horseswithhopeme.org","",""
"Griffin Pond Animal Shelter","113","Our Mission
Our Mission is to investigate, help prosecute and prevent cruelty to animals while also promote adoption awareness and humane education plus responsible pet ownership. We promote this all while we care for the animals surrendered to our shelter to the best of our ability every day until we find them new loving homes. 

Griffin Pond Animal Shelter was established as the Humane Society of Lackawanna County in 1938 to provide shelter for homeless, unwanted and abused animals. The shelter cares for over 200 animals on a daily basis, which is a considerable cost when you consider how much staff, food, medicine and supplies the shelter requires to operate. We also provide for animals that are sick, elderly and injured that are in our custody due to various reasons such as owner surrender and cruelty case investigations. 

Our shelter is not affiliated with any other organizations and we are completely funded by private donations. Because we do not receive any federal, state or co","",""
"Manchester Animal Shelter","107","Friends of the Manchester Animal Shelter (FMAS) is a non-profit, NO KILL shelter and pet resource center. We believe that all animals are deserving of life, respect and care. We provide medical care, spay/neuter, vaccinations, and daily care to over 1,500 abused, abandoned and homeless Manchester animals each year, and also aid thousands of pets and their families each year through our free and low-cost spay/neuter programs, community resources, and pet food pantry. 

Over the past 20 years FMAS has provided care and found loving homes for over 20,000 animals. 

Visit us at 490 Dunbarton Rd in Manchester, NH or on the web at www.manchesteranimalshelter.org.","animals@fmasnh.org; felines@fmasnh.org; info@liveoakwealthmanagement.com; info@manchesteranimalshelter.org; miko@fmasnh.org; miko@fmasnh.org.boris; volunteer@fmasnh.org","United States"
"Community Animal Rescue Effort - C.A.R.E.","105","Community Animal Rescue Effort is an all-volunteer, nonprofit organization with a mission to serve the communities of Chicago's North Shore by fostering and supporting healthy, positive relationships between people and companion animals. C.A.R.E. rehomes companion pets into safe, healthy, lifelong homes; serves as an educational and counseling resource; and works to reduce pet overpopulation.
http://www.care-evanston.org","",""
"Animal Rescue","102","Welcome to Animal Rescue World, where compassion meets action! 🐾❤️ Our mission is to rescue, rehabilitate, and release animals in need—whether it’s a majestic eagle trapped in the wild, an injured wolf struggling to survive, or a stray puppy searching for a second chance.

🌟 What You’ll Find on Our Channel:
✔️ Ai animal rescue missions 🆘
✔️ Heartwarming before & after transformations ✨
✔️ Homeless pet adoptions & second chances 🏡
✔️ Stray dog & cat rescues from the streets 🐕🐈
✔️ Emotional and inspiring rescue stories ❤️

🐾 Wildlife & Exotic Animal Rescues:
✔️ Wolf rescue stories 🐺
✔️ Camel rescue stories 🐪
✔️ Eagle rescue stories 🦅
✔️ Crocodile rescue stories 🐊
✔️ Anaconda rescue stories 🐍

🔔 Subscribe now for, expert animal care tips, and breathtaking moments in the animal kingdom!
📢 Help us spread awareness by liking, sharing, and supporting our mission to protect animals in need!

#AnimalRescue #WildlifeRescue #SavingAnimals #RescueMission  #HelpStrayAnimals #ProtectWildlife","","India"
"Four Paws Foster Family","101","We are @thebloomees a family of 6 with a passion for animal rescue/foster & adoption. We have our own Sassy sweet and crazy babies. Miss Luna and Mr Buddy, our own rescue cats, and Miss Molly, our 8lb pup. Please like and subscribe & help share in our effort of wanting to help save animals in South Florida. Life is short. Make it count. Save lives ❤️","",""
"PAWS Animal Shelter","97","Pioneer Humane Society/Pendleton Animal Welfare Shelter is a local, private, non-profit 501(c)3 animal shelter located in Pendleton, Oregon. Watch to learn more about our shelter and our adoptable pets!","",""
"Amazing Grace Equine Sanctuary","96","RESCUE. REHABILITATION. REHOME.

Amazing Grace Equine Sanctuary, Inc., is a horse rescue and adoption facility in Elkhart Lake, Wisconsin, founded in 2008. We are a 501(c)3 organization, therefore donations are tax-deductible. Our facility is dedicated to rehabilitating these magnificent animals, when possible, to their fullest physical and mental potential. Our goal, once the overall health, well-being, and soundness of a horse are accomplished, is to assess them for possible placement and adoption to a qualified owner.","","United States"
"Cheyenne Animal Shelter","93","The mission of the Cheyenne Animal Shelter is to enhance the quality of life for people and pets through compassion, education, and respect. You can learn more about the Cheyenne Animal Shelter, our impact, and our services by visiting www.cheyenneanimalshelter.org","hmjohnson@caswyo.org; bjchristensen@caswyo.org","United States"
"The Humane Society of the united states","92","Dog rescue and all animal rescue - The Humane Society of the United States is the nation's largest animal protection organization, rated the most effective by its peers. Since 1954, The HSUS has been fighting for the protection of all animals through advocacy, education, and hands-on programs. We rescue and care for tens of thousands of animals each year, but our primary mission is to prevent cruelty before it occurs. We're there for all animals, across America and around the world.","",""
"Charming Pet Rescue","91","At Charming Pet Rescue, we focus on rescuing family-friendly dogs and cats—pets that are good with people and other animals. Many of our dogs play together in outdoor yards, where visitors can meet them in a relaxed, social environment.
 
Founded in 2015, we’ve grown into a lifesaving team of staff, fosters, and volunteers who help rehome over 1,200 animals every year. About a third of our pets stay at the rescue, while the rest are in loving foster homes. Our facility is equipped with heating, A/C, and high-powered fans to keep animals comfortable during their stay.
 
Thanks to our dedicated team and community support, we’re giving more pets a second chance—and helping families find their perfect match.

We’re located in Boerne, TX and adopt out locally in Bexar county and the surrounding area. Check us out: charmingpetrescue.org","",""
"The Northwoods Wildlife Center","90","Our YouTube channel will provide videos that show wildlife rehabilitation, releasing animals back to the wild, educational videos, and videos of Northwoods Wildlife Center events.","",""
"Chicagoland Animal Rescue","87","Official YouTube channel for the all-volunteer nonprofit cat rescue Chicagoland Animal Rescue!","fundraising@chicagolandanimalrescue.org; fundraising@chicagolandanimalresuce.org; info@chicagolandanimalrescue.org","United States"
"Foal Farm Animal Rescue","86","We are an animal rescue in Kent, with a non-destruct policy. We rescue dogs, cats, rabbits, sheep, pigs, horses and much more! 
We rehome cats, dogs and small animals, finding loving homes for around 500 animals each year.  We are open to the public from 1.30pm to 4.30pm every day except Tuesdays when we are closed. We have shops and a tearoom on site. For more information see our website:
www.foalfarm.org.uk","cats@foalfarm.org.uk; dogs@foalfarm.org.uk; info@foalfarm.org.uk; smallanimals@foalfarm.org.uk","United Kingdom"
"Aiken Equine Rescue","81","Aiken Equine Rescue is the Largest Equine Rescue in SC
Our mission is to rescue unwanted horses who have suffered from abuse and neglect and to ""repurpose"" off-the-track thoroughbreds. 
The Aiken Equine Rescue has placed over 800 horses, donkeys and mules since our founding in 2006. 
By combining our efforts with community programs, donations and our ever-growing group of volunteers, we are able to provide each horse with food, medical attention and personal care until we find an appropriate and responsible placement.
Hope you enjoy our horse videos!
- See more at: http://aikenequinerescue.org","aikenequinerescue@gmail.com; volunteer.aikenequinerescue@gmail.com","United States"
"Brave Animal Rescues","81","Welcome to **Brave Animal Rescues** – a channel dedicated to powerful animal rescue stories, emotional wildlife moments, and inspiring acts of compassion.

At Brave Animal Rescues, we share dramatic and heart-touching stories where brave people and kind animals change each other’s lives. From abandoned baby animals to incredible wildlife encounters, every story shows the power of kindness, courage, and hope.

Our videos combine storytelling with meaningful lessons about protecting animals, respecting wildlife, and caring for nature. Each rescue story reminds us that even the smallest act of kindness can save a life.

If you love animal rescue stories, emotional wildlife journeys, and inspiring moments between humans and animals, this channel is for you.

Subscribe to **Brave Animal Rescues** and join us on incredible rescue missions from around the wild world. 🐾","","United Kingdom"
"Southern Pines Animal Shelter","79","Southern Pines’ purpose is to nurture the bond between people and pets through community, compassion, and collaboration to forge a path toward sustainable, responsible, and community-driven lifesaving.

Southern Pines Animal Shelter is a nonprofit animal welfare organization in Hattiesburg, MS. In 2021, Southern Pines Animal Shelter achieved a Lifesaving Rate of over 97.87% thanks to the support of our community and state. Join us as we continue saving more lives than ever before by adopting, fostering, volunteering, and donating.

We're located at: 
1901 N 31st Ave
Hattiesburg, MS 39401

Hours of operation:
Monday - Tuesday:  12pm - 5pm
Wednesday:  CLOSED
Thursday - Sunday:  12pm - 5pm","",""
"Palmetto Animal League Adoption Center","76","Palmetto Animal League is a private, non-profit, no kill animal rescue organization that believes every animal deserves a second chance at life. PAL’s Adoption Center, located in Okatie’s Riverwalk Business Park, serves as a temporary residence for approximately 200 dogs and cats while they wait to find a loving home. This comfortable, upbeat facility is also home to PAL's Community Clinic, which offers spay/neuter, wellness exams, vaccines and other vital services to pet owners at affordable prices. In addition, Palmetto Animal League manages a network of loving foster families to house and care for abandoned animals. Remember to shop at the PAL Thrift Store in Sheridan Park where great buys save lives.","",""
"Hallie Hill Animal Sanctuary","75","Hallie Hill Animal Sanctuary, a 501(c)(3) nonprofit in South Carolina, provides a safe haven for animals who have nowhere else to go. We focus on preparing animals for adoption through respite, rehabilitation, and socialization. For those with reduced chances of adoption due to age, medical needs, or emotional challenges, we offer a loving Forever Home with proper shelter, nutrition, and medical care. We can’t change an animal’s past, but we can rewrite its future.

By working closely with local shelters and rescues, Hallie Hill helps Charleston maintain its status as a No-Kill Community, welcoming dogs and cats that might otherwise be overlooked. Every animal here matters, and every day is a second chance.","info@halliehill.com; mike@halliehill.com; j.middleton@halliehill.com",""
"Tree’s Wildlife Rescue","72","I am a NYS Licensed Wildlife Rehabilitator, since April 6, 2026, and this channel is a documentary to share my journey in wildlife rehab, which begins with two female squirrels approximately 2 weeks old. 

I hope you will subscribe , enjoy learning what wildlife rehabilitators do, learn a thing or two along the way about the wildlife, and support my efforts! 

Wildlife rehabilitators are licensed volunteers. We are not paid for the work we do. There is no state or government funding. We do this work because we care and want to help wildlife in need.","","United States"
"K911 Animal Rescue","72","Come for Kitty Videos, stay to help pets!

K911 is a nonprofit animal rescue in the San Francisco Bay Area that rescues abandoned and displaced cats & dogs who would otherwise remain on the streets and/or be euthanized. Because of our home-based foster volunteers we can help give abandoned, abused, and displaced pets a chance at forever homes.","k911foster@yahoo.com",""
"South West Florida Horse Rescue, Inc.","71","We are a Southwest Florida based Equine Rescue located in Charlotte county Florida.  We strive to be the VOICE for equines that have been mistreated and abused.  We make it a point to ensure that their lives never see pain or suffering again through steady veterinarian advised feeding and medical program attention.  Human interaction is a priority for re-homing potential.  In order to provide a sound future for the equines have and will care for we've developed a thorough foster and adoption screening process.  We ultimately focus on quality not quantity when it comes to adoptions.  

 We ask everyone to thoroughly investigate us as we would you.  Take a look at what we do and see for yourself who we are.  Supporting animal rescues is an important factor in the lively hood of the neglected and abused in your community. We implore people to support legitimate organizations only after you verify that they are in fact legitimate.","","United States"
"USAKARA: LA Animal Rescue Center","70","We provide our animals with a loving home—not just a shelter. In addition, for every rescue we provide essential vet care, vaccines, food, and grooming. USAKARA is a Los Angeles based 501(c)(3) non-profit, and we’ve been proudly rescuing animals since 1994.","",""
"Kitsap Animal Rescue & Education (KARE)","64","Kitsap Animal Rescue & Education (KARE) is an volunteer-powered, non-profit organization, based out of Kitsap County, whose mission is to provide animal welfare education as well as animal rescue/shelter support for the community. 
Adopt | Foster | Volunteer | Donate | Learn

Learn more by visiting www.nwkare.org
Follow us on Facebook: www.Facebook.com/NWKARE
Follow us on Twitter: www.Twitter.com/NorthwestKARE","","United States"
"Little Hearts Rescue","63","Nonprofit Small Animal Rescue located in Northern California 💜","",""
"One Love Animal Rescue","63","The mission of One Love Animal Rescue, Inc. is to help abandoned, neglected, abused and unwanted pets by partnering with shelters, rescue groups and the community to facilitate adoption of these animals into permanent and loving homes. 

Our goal is to save one life at a time by promoting local animal shelter adoptions and raising awareness in our community about responsible pet ownership. We strive to highlight the importance of spaying or neutering pets which will aid in the reduction of overpopulation. We believe that appropriate and positive reinforcement training and socialization of these shelter animals will lead to well-adjusted family pets, thereby decreasing the number of abandoned animals in shelters. 
Our dream is that one day all the shelters will be empty because every pet will have a home.

One Love Animal Rescue, Inc. is a volunteer based organization located in Savannah, Georgia. While we await approval of 501(c)3 status, we operate as a non-profit organization.","adoptme@oneloveanimalrescue.com; foster@oneloveanimalrescue.com; info@oneloveanimalrescue.com; christina@oneloveanimalrescue.com; karrie@oneloveanimalrescue.com; operationpetsolutions@oneloveanimalrescue.com; pam@oneloveanimalrescue.com; rebecca@oneloveanimalrescue.com; volunteer@oneloveanimalrescue.com",""
"HARTT","63","HARTT (Humane Animal Rescue and Trapping Team) is an all-volunteer Arizona nonprofit organization that humanely captures lost pets, homeless dogs, and homeless cats who are severely injured (in other words, we don't do feral cat trapping).  We rescue animals who tend to run away from people and who cannot be easily leashed or picked up, using specialized training and humane capture equipment.  We also support owners with lost pet searches and lost pet consulting.  We are supported solely by donations.","","United States"
"Animal Care","62","Animal Care is a small animal rescue chairty in Lancaster, UK. We have been a registered charity helping animals since 1978. We take unwanted and abandoned animals in from all over the North West and look after them until we can find them loving new homes.  We save predominantly dogs, cats, rabbits, guinea pigs, and rodents. We rehome over 800 animals every year.","reception@animalcare-lancaster.co.uk; rehoming@animalcare-lancaster.co.uk","United Kingdom"
"Thornberry Animal Sanctuary","62","Thornberry Animal Sanctuary is a well established and well-supported animal rescue charity in South Yorkshire. Follow us here for videos from the sanctuary and our events.","info@thornberryanimalsanctuary.org; thefarm@thornberryanimalsanctuary.org; thornberrycafe@gmail.com",""
"Furever Home Animal Rescue DMV","59","Welcome to Furever Home Animal Rescue! www.fureverhome-rescue.org

We’re on a mission to save the underdogs — literally. Based in DC, Maryland & Virginia, we rescue dogs in crisis (with a soft spot for pitties facing breed discrimination) and help them find the loving homes they deserve.

💔 From high-risk shelters → 💕 to forever homes
🐕‍🦺 Fighting breed stereotypes
📣 Spreading the word on responsible pet parent life

Whether you’re here to adopt, foster, or watch some adorable dog videos — you're part of the pack. Let’s build a world where every dog gets their fair shot. #AdoptDontShop #PittiePower #fureverfamily 

If you are a DC, Maryland, or Virginia resident, check out our adoptable dogs here: https://www.fureverhome-rescue.org/","",""
"Alone No More Dog Rescue","57","Alone No More Dog Rescue is a nonprofit 501(c)(3) volunteer-based animal welfare organization dedicated to rescuing homeless dogs from overcrowded kill shelters.","Info@anmdogrescue.org","United States"
"Sunrise Horse Rescue","56","Sunrise Horse Rescue - http://www.sunrisehorserescue.org/ - is a non-profit horse rescue and sanctuary located in Napa County, California. We are dedicated to saving horses and providing them with forever homes. Children and adults in the community gain life-enhancing skills by assisting in the rehabilitation of these horses and providing them with the loving attention they so deserve.","",""
"Stray Paws Rescue - St. Louis, Missouri","55","STRAY PAWS RESCUE

Protect and Improve The Lives of Rescue Dogs
Stray Paws Rescue is a 501 (c) (3)  nonprofit, foster-based rescue. Our organization believes it is our moral responsibility to protect and improve the lives of rescue dogs to place them in loving permanent homes.

Our mission is to save lives, keep our community informed on humane education, training and loving treatment of our companions, and finding the best fit for both the animals in our care and potential forever families!

We are an all-volunteer, foster-based rescue organization we do NOT have a shelter. We have a group of amazing foster parents who open up their homes to provide these babies a safe, loving, and caring environment while find them great forever homes.  Our animals stay in loving foster homes where they are socialized, loved and evaluated to determine the best type of environment for their personalities.","",""
"St. Nicholas Animal Rescue","51","Saint Nicholas Animal Rescue Dominica is the first and only non-profit Animal Rescue organization to provide shelter, and emergency after-hours rescue to animals across the Commonwealth of Dominica.

We also rescue, shelter and rehabilitate sick, injured, abused, handicapped and blind animals. 
We are a recognized and registered official nonprofit organization. All our board members and staff are volunteers dedicated to improving and saving animal lives through quality care and compassionate programs such as the emergency after-hours rescue, rehabilitation and adoption services.","",""
"Sammamish Animal Sanctuary","51","Sammamish Animal Sanctuary is a 501(c)3 non-profit farm animal sanctuary that provides forever homes for abused, neglected, unwanted, and/or homeless barnyard animals. We love sharing videos of the wonderful animals at our sanctuary and spreading the word about our rescued residents.  We are open to the public free of charge so that everyone has the opportunity to enjoy the animals and the peaceful surroundings at our sanctuary.  We operate with nearly 150 volunteers making sure our residents are safe and happy. As we do not receive government funding or large corporate donations, we rely on the generosity of amazing donors to help us pursue our mission.  Please visit our website for donation and volunteer opportunities: sammamishanimalsanctuary.org","christi@sammamishanimalsanctuary.org; diane@sammamishanimalsanctuary.com; jen@sammamishanimalsanctuary.com; jen@sammamishanimalsanctuary.org","United States"
"Hua Hin Animal Rescue Heroes","48","Everyone can be a Hero. Together, let's support independent local animal rescuers who dedicate their lives to saving abandoned,  abused and injured animals.","","Singapore"
"Cincinnati Animal CARE Foster Team","48","Cincinnati Animal CARE is committed to the safety, care, and protection of all animals in our community. Since our establishment in 2020, we have been a no kill organization that operates as Hamilton County's only animal shelter. 

The Foster Department prioritizes animal's care and wellness by allowing them to spend the time they are in the shelter's care in a home. We are so lucky to have the community we do; a community that has helped us save thousands of lives through fostering!

Learn more at cincinnatianimalcare.org/foster today!","",""
"Rugby Creek Animal Rescue","46","Rugby Creek Animal Rescue, Inc (RCAR) is registered as a Virginia non-profit corporation and is designated by the IRS as a 501(c)3 tax-exempt charitable organization so donations can be tax-deductible and all donations support our rescue program.  RCAR is dedicated to the rescue, rehabilitation, retirement and adoption of at-risk, injured and geriatric animals.

We are reaching out to you to open your heart and help support our rescue so that we can in turn help animals in need.  We believe that as your browse through our website you will feel conected in some way to the animals here at RCAR and that you will feel a calling to assist us in our efforts to save them!  All donations, large or small, are considered generous and greatly appreciated, remember donations are tax-deductible!

www.rugbycreekanimalrescue.org","rugbycreekanimalrescue@gmail.com",""
"Oasis Second Chance Animal Shelter (OSCAS)","43","Oasis Second Chance Animal Shelter Ltd (OSCAS) is a registered charity devoted to caring for over a hundred rescued stray mixed breeds. These dogs are rescued from industrial estates, parks and urbanisation of jungles to save them from being culled by the local authorities. More than a hundred 'Singapore Specials' call OSCAS their home as they wait for their right families to come along.

Stray rescue in Singapore is a long tiring journey and a never-ending issue. OSCAS was founded by two ladies who have been relying on their life savings to support the dogs. Help is needed for the shelter to continue caring for the dogs.

""Lend a Hand, Save a Paw""

www.facebook.com/oscas.sg
www.oscas.sg","enquiry@oscas.sg",""
"BloomingtonAnimalShelter","42","Bloomington Animal Shelter
3410 S Walnut St, Bloomington, IN 47401
(812)349-3492
 
bloomington.in.gov/animalshelter
facebook.com/COBanimalshelter","",""
"Hooves & Paws Animal Rescue","42","Hooves & Paws Animal Rescue is a no-kill, nonprofit animal rescue that saves the lives of abused and abandoned animals.  The Hooves & Paws sanctuary is currently home to over 150 animals, including dogs, horses and farm animals.  Support our work today and help make a difference for animals!","",""
"StrayAid Rehoming","41","Stray Aid is a registered charity, Charity No. 1117372, based in Coxhoe, Durham. Our mission is to rescue, re-unite or rehome the lost, abused, abandoned or unwanted dogs found on the streets in the North East of England. Without your support, we are unable to provide this vital lifeline and we will not succeed in giving these unfortunate dogs a new start in life.  Our aim is to provide practical help and information on stray, lost or abandoned dogs and cats across County Durham, Hartlepool and Middlesbrough. 

This is a very exciting time for the charity. We are raising funds to purchase and redevelop the original boarding kennels site into the new Stray Aid Animal Rescue Shelter. This will complement our existing facilities, allowing us to expand and modernise our kennels. Please help Stray Aid raise £250,000 to purchase our site! Donate now at https://www.justgiving.com/StrayAid-Charity3","",""
"Helper Man Animal Rescue","41","🐾 Welcome to I Am Helper Man  Animal rescue ! ❤️
Here you'll watch heartwarming animal rescue stories, DIY pet shelters, feeding homeless animals, caring for dogs, cats and other animals, and inspiring acts of kindness.
Our mission is simple: Help Animals • Spread Kindness • Save Lives
If you love animals, subscribe and become part of our family. Every like, comment, and share helps us reach more animal lovers.
🐶 Dog Rescue | 🐱 Cat Rescue | 🏠 DIY Pet Houses | ❤️ Animal Care | 🎥 Daily Shorts
Subscribe now and support our mission! 🙏🐾","","India"
"13 Hands Equine Rescue","38","13 Hands Equine Rescue is a Not for Profit 501c3 Animal Rescue.  We specialize in the rescue of unwanted, abused and slaughter bound horses.  Most of our horses are rescued from kill pens and auction houses where we are their last chance.  The slaughter of horses is a highly profitable business and most of the horses are ill-treated, underfed and scared in the hopes of making the most money for them.  All of our horses are sent to a Quarantine facility for 30 days so they can rest and regain their health and strength. Once they are approved by a licensed veterinarian they are sent to our facility and begin their journey to the horse they were meant to be.  Some of them will be trained and evaluated to be used in our program for therapy for the human-equine connection.  Others will be adopted out to other loving homes and some will stay and become 13 Hands full time residents.","",""
"Rustic Farms Animal Rescue","36","We are a non-profit animal rescue. Most of the animals that come here, stay here to live a peaceful carefree life and are treated with love and kindness. These animals all come from different situations and different abusive or desperate living conditions. We strive to let the animals know they can trust humans again and they are in a safe place. These animals basic care, medicine if needed, maintenance needs like regular trimming, vaccinations, and supplements. We moved to this 23 acres to retire and enjoy the simple life. Instead we are busier than ever. The rescue just happened by accident but has truly become a labor of love for us. We hope you enjoy our journey.","",""
"G.B.S. Animal Shelter","35","🐾 Jai Kalbhairav Namah 🐾
Rescuing. Healing. Rehoming.
We are not just a shelter — we are a lifeline for those who cannot speak.
Every day, we rescue animals who are:
Severely injured
Abandoned and starving
Fighting infections, maggots, and pain
Left behind with no hope
We provide them:
Emergency medical treatment
Daily food and care
Safe shelter and recovery
A second chance at life
💔 The reality:
Medical care, food, and shelter costs are rising daily. Many lives depend on timely help, and sometimes saving even one becomes a challenge.
🙏 Your support can save lives:
₹50 feeds a dog
₹500 supports basic treatment
₹1000+ helps with surgeries and critical care
Every rupee brings hope.
🐶 On this channel, you will see:
Rescue missions
Recovery journeys
Adoption stories
Shelter life & awareness
✨ Every rescue is a second chance. Every life matters.
🤍 Be their voice. Be their hope.
👉 Donate. Share. Subscribe. Support.
""मुक्या जीवांची सेवा, हाच आमचा वसा.""","",""
"Dawg Squad","35","The Dawg Squad is an all-volunteer animal rescue working in the Los Angeles area. We rescue at-risk animals focusing on homeless and abandoned dogs providing medical care, rehabilitation and loving foster homes until a permanent, adoptive homes can be found. 

All animals are spayed, neutered and microchipped prior to adoption.
To date we have rescued and placed over 1100+ animals in loving homes.

The Dawg Squad is an all-volunteer organization. It has no paid employees or salaried officers.  We do not have an  expensive shelter facility; we foster every animal in volunteers' homes or approved kennels before finding homes.","dawgsquad@rocketmail.com",""
"Animal Rescue Center","34","Welcome to Animal Rescue Center, where every life matters. ❤️
Our channel is dedicated to rescuing, caring for, and helping animals in need. From heartwarming rescue stories to recovery journeys and animal care awareness, we share inspiring moments that highlight compassion, hope, and the bond between humans and animals.
Join us as we give vulnerable animals a second chance at life and spread kindness, one rescue at a time.
🐶 Animal Rescues
🐱 Recovery & Rehabilitation
🐦 Wildlife & Pet Care
❤️ Inspiring Rescue Stories
Subscribe and be part of our mission to make the world a better place for animals. 🐾✨","",""
"Another Day Animal Sanctuary","30","We created this channel to spread awareness and informational videos about animal rescue. 
We are a non-profit organization that works to help animals in the community we do this through our Ending the Cycle program, Pet Pantry program, Kitten nursery, Microchipping, and Adoptions. 
We want to inspire people to help animals by fostering, adopting, and providing the best care possible to the animals in our communities.
You can help us save more lives by donating money or supplies and by sharing our Facebook page with others!","","United States"
"Lisa's Little Dream Farm Sanctuary","27","A family owned farm animal rescue and sanctuary located in Hardinsburg, Indiana, saving farm animals for over 40 years.","",""
"Lea’s Farm animal rescue and sanctuary","27","Lester and jami morrow at ima survivor donkey and farm animal sanctuary inspired me to open my own so i did ! My love for animals is never ending and i want you all to get to know my babies","",""
"Hidden Acres Animal Sanctuary","27","Welcome to Hidden Acres Animal Sanctuary, Therapy & Rescue! We’re a non-profit dedicated to rescuing farm animals in need, giving them a second chance at life. Our sanctuary provides love, care, and rehabilitation to animals who have suffered from neglect or abuse. 

On this channel, you'll follow the journeys of our rescued animals as they heal, thrive, and find their forever homes. If you're passionate about animal rescue and want to see the power of love in action, hit subscribe and join us in giving these animals the fresh start they deserve!","",""
"Darquinn Animal Rescue Association","26","Darquinn Animal Rescue Association is dedicated to giving abandoned and vulnerable animals a second chance at life here in France. Through rescue, rehabilitation, and rehoming, we work every day to provide care, love, and hope to animals in need. Follow our journey, meet our rescues, and help us make a difference—one life at a time.
But we can’t do this alone.
If you’d like to support our mission and help us save more lives:
🐾 Donate via PayPal: www.paypal.me/parellilea
🐾 Join our Teaming (just €1/month): www.teaming.net/darquinnanimalrescue
Your support means food, medical care, shelter—and hope for animals who have none.
Follow us on Facebook to stay connected, and thank you for being part of this journey. Together, we are changing lives—one rescue at a time. 🐶🐱💛","","France"
"Darrowby Farm Sanctuary","26","Darrowby Farm Sanctuary is a nonprofit farm animal sanctuary located in Jefferson, Maine. The Sanctuary provides a safe and lifelong home for farmed animals, and educates people about living a mutually beneficial life with those animals in ways that do not use them for food or forced labor.

By providing a sanctuary for animals, educational opportunities for all ages, and support for those looking to make ethical choices, we strive to reduce suffering and create a more compassionate world.","","United States"
"Wagging Tails Charity Studio","25","Wagging Tails Charity Studio is the educational and storytelling channel of Wagging Tails Animal Rescue in North Macedonia.

We rescue dogs and cats, help them heal, and work to give them the safe, loving homes they deserve.

Through our films and educational series, we share real rescue stories and practical guidance to help adopters better understand rescued animals — their fears, their needs, their recovery and the joy of giving them a second chance.

🐾 Animal Rescue
🎬 Educational Films
❤️ Adoption & Understanding
🐶🐱 Real Rescue Stories

Rescue. Educate. Understand. Love.","","North Macedonia"
"Delgado Animal Day Care & Rescue Center STAR","25","A dog shelter created and operated by volunteers who take unwanted, abandoned, and abused dogs until a suitable home can be found.","",""
"Bloomington Animal Shelter","23","Hi everyone! My friend and I wanted to create this channel to help show the adoption animals at the animal shelter. :)","",""
"Brinsley Animal Rescue","22","Brinsley Animal Rescue was founded by Jon Beresford and partner Bethan Hewis, we met in 2001 and share a passion for animals. We started by volunteering for the Charities Animal Accident Rescue Unit and Prevent Unwanted Pets and soon found our house in West Bridgford full of rescued pets and wild animals. We eventually decided to move when almost every room had a rabbit, a wild bird or a hedgehog in it.
In 2007 we bought a 4 acre property in Brinsley Nottingham where we have been welcomed by the local community. We expanded to take on farm animals as well as pets and wild animals and we continue to expand as the funds allow.
Brinsley Animal Rescue is now a Registered Charity run for animals by volunteers. The Charity is run on vegan values, therefore we do not believe in exploiting animals for food, profit or entertainment.
We have no paid staff and our premises, land, buildings, utilities and fuel are donated by us to the Charity free of charge.","",""
"PetRescueCenter","21","The Pet Rescue Center is a 501c3 non profit charity based in Orange County, CA.  Our mission is to work with the communities of California, shelters, veterinarians and animal rescue groups to save the lives of dogs and cats at risk of euthanasia due to overpopulation through education, spay/neuter and rescue programs. In this effort, we provide a no-kill, veterinary supervised temporary sanctuary for these pets while we work to locate an adopting family.

Our YouTube Channel will host videos of our programs funded by community contributions in action - these include Rescue.Rehab.Rehome., Community Outreach, Children's Education, & Medical Needs.","",""
"Trebaluger Equine Rescue Centre","21","Welcome to the official YouTube channel of Trebaluger Equine Rescue Centre, a non-profit sanctuary in Menorca, Spain, dedicated to rescuing, rehabilitating, and providing a forever home for abandoned, abused, and neglected horses, ponies, donkeys, and mules. 

Founded in 2018 by Samantha Lake after she witnessed the heartbreaking reality of equine abandonment on this island of horse lovers, Trebaluger offers these animals a permanent, safe, and loving place to live freely. Today, we care for over 30 equines and lots of cats, chickens, ducks, a pig, and a dog. 

Every view, share, and subscription directly supports our mission: food, veterinary expenses, and maintaining our stables, water systems, and fences. We believe every equine deserves a happy, healthy life free from fear and neglect. 

📍 Located at Cami De Ses Cometes, Trebaluger, Es Castell, Menorca  
🕒 Open daily 9:30–12:00 for visits  
🔔 Subscribe and join our community of compassion, because together, we rescue and give hope","","Spain"
"Wiley's Wish Animal Rescue","20","Wiley's Wish Animal Rescue is a female and Veteran operated 501(c)3 nonprofit organization dedicated to rescuing dogs from high-kill shelters due to the overcrowding crisis in California. From the Bay to LA, Wiley's Wish aims to rescue, rehabilitate, train and place abandoned, abused, sick and neglected souls stuck behind bars. Since mid-2021, Wiley's has saved and placed over 1,000 dogs into loving, happy homes. 

Wileys' Paws of Hope initiative is an in-house, 3-month long prison/rescue dog training program that spans three prisons, with their respective curriculum, Stripes and Paws Dog Program and Second Chance Dog Program and Unleashed Rescue Academy. Over 350 dogs have successfully graduated from these training programs, AKC and CGC certified. 

To support our rescue and training efforts, please donate! Every dollar helps: https://wileyswish.com/donation","kc@wileyswish.com; wileyswish@gmail.com",""
"CrossWinds Equine Rescue","19","We are a horse rescue in IL trying to tell the story's of these horses.
Rehab, Rehabilitate, Rehome.
We want to share our paradise with others and the joys and heartbreak these horses bring.","",""
"Apami Wildlife Rescue Center","19","Apami Wildlife Rescue Center by Monkey Park Foundation serves as a rehabilitation, release center, and sanctuary for wild animals.

We are dedicated to fostering awareness about responsible coexistence between animals and humans.","",""
"HumanXCare","19","HumanXCare is a humanitarian and animal rescue YouTube channel dedicated to saving lives, spreading kindness, and helping humans and animals in need.

We rescue injured animals, help poor families, provide medical aid, food support, and emergency rescue missions. Every video shows real rescue stories, humanity in action, and life-saving efforts.

Our mission is to create awareness, inspire kindness, and protect lives across the world.

🔹 Animal rescue videos
🔹 Humanitarian help & charity
🔹 Emergency rescue missions
🔹 Real-life emotional stories

Subscribe to HumanXCare and support humanity.

animal rescue, humanitarian,  helping poor people,  rescue videos, humanity","","Bangladesh"
"Chesterfield Animal Rescue","19","Here at Chesterfield Animal Rescue we are a no-kill, non-profit organisation founded in July 2012 by a team of animal lovers dedicated to saving the lives of as many dogs and cats as possible each year. We rely on donations to continue saving lives, we are fundraising to buy our own centre, something that will enable us to help thousands more animals over the years. We currently use foster homes and kennels for our dogs and cats, we are always in need of more foster homes as well as kennel sponsors.","","United Kingdom"
"Forgotten Ones","18","The Forgotten Ones Animal Rescue is a 501(c)3 non-profit, foster-based animal rescue located in Midlothian, Texas. Our passion is helping animals that are injured or sick and suffering in the streets and our local shelters. Our dogs live in loving homes from the minute we get them.  All of our Foster Moms and Dads are volunteers.  They show them love, gain their trust, and make each dog a loving part of their family, until their forever family can be found. Come along with us and be part of their journey.","","United States"
"SOS Cat Rescue","18","Welcome to SOS Cat Rescue – where rescue cats are meowjical.

At SOS Cat Rescue, we believe every cat has a story worth telling. Our YouTube channel brings you into the heart of our mission: rescuing, healing, and rehoming abandoned, neglected, and special needs cats from around the world.
From inspiring rescue transformations and behind-the-scenes at foster homes, to expert tips on care, adoption, and our Comfort Kitties program – every video is infused with love, learning, and a little cat magic. We spotlight Siamese, Oriental, Snowshoe, and exotic mixes, but every feline we help is extraordinary.

Subscribe to meet our purring protagonists, follow their journeys, and become part of a community that believes second chances change lives – one whisker at a time.","",""
"Riza Animal Sanctuary","17","Welcome to O Projeto Riza.
We are an animal sanctuary in Portugal.
Here, rescued farmed animals find safety, care, and freedom – and we share their stories with the world.

On this channel, you’ll find:
🐐 Life at the sanctuary – daily care, challenges, and joys
🐄 Stories of the animals and their journeys
🌱 Our transition from O Projeto Riza to a new land
🤝 Ways you can be part of this change

Join us at O Projeto Riza: a place of healing, freedom, and connection for humans and non-human animals alike.","","Portugal"
"Animal Rescue Center","16","Animal Rescue Center is a place dedicated to spreading love and compassion for abandoned, injured, and vulnerable animals in need. We document real rescue moments, the journey of care and recovery, and the fight to give voiceless lives a second chance.
Each video tells a story of kindness, perseverance, and hope—where humans and animals heal together.

👉 Please subscribe, like, and share to help us spread awareness and compassion to more people.
👉 Every view and every share you give can mean one more life saved.

Thank you for standing with Animal Rescue Center on our mission to protect and give hope to every living soul.","","United States"
"Wetheriggs Animal Rescue","15","Wetheriggs is a small animal rescue centre based at Thorpe Farm near Barnard Castle in County Durham, UK. We are open every day from 10am to public and just ask for a small admission fee to support our rescue work. Visitors can get close to our animals and feed a lot of them. We often have animal handling sessions with small furries, chicks, ducklings, reptiles and more. We are a registered UK charity (1131536) and depend on public support to keep running. Come and check us out www.wetheriggs.co.uk","",""
"Animal Rescue 1997","15","Welcome to Animal Rescue! 🐾

On this channel, you'll find exciting animal rescue stories, wildlife adventures, animal care tips, and heartwarming moments from the animal world.

Our mission is to spread awareness about animal welfare, rescue efforts, and the importance of protecting wildlife. Whether it's helping animals in need, exploring nature, or sharing amazing animal facts, you'll find engaging content here.

📌 What You'll See:
• Animal Rescue Videos VFX
• Wildlife Adventures  VFX
• Animal Care & Protection VFX
• Amazing Animal Facts  VFX
• Nature & Outdoor Exploration

If you love animals and wildlife, make sure to Subscribe and join our community!

🐾 New Videos Every Day

#AnimalRescue #Wildlife #Animals #RescueMission #Nature","",""
"Uxbridge Cat Rescue","14","Uxbridge Cat Rescue is a non-profit animal rescue. We are a volunteer-based organization dedicated to the rescue and placement of abused and unwanted cats.","","Canada"
"BestPals Animal Rescue Center","14","Hi there!  We are BestPals Animal Rescue Center, a no-kill non-profit animal rescue located in Holland, Michigan.  We have been in operation for 10 years now, and are primarily volunteer-run thanks to our amazing community.

We help the animals others cannot by focusing on owner-surrenders and shelter-transfers.  Our mission is to ensure our furry-friends find their best #FureverHome, with the help and care of our patient volunteers , and our foster-to-adopt program, where potential owners are able to spend a couple weeks with the dog or cat to make sure it's a positive experience for everyone in the home.

We're slowly looking to expand our presence on social media, and wanted to say hello, and thank you for your support!

#BestPalsAnimalRescueCenter #MeetYourNewBestPal","","United States"
"Five Acres Animal Shelter Volunteer Program","13","This is all about the Five Acres Animal Shelter Volunteer Crew and all of the incredibly awesome things they do and accomplish every day for the dogs and cats in our care!","","United States"
"Saving Paws Animal Rescue","13","A non-profit, no kill animal shelter in Appleton, Wisconsin!

SAVING PAWS Animal Rescue Inc. is a 501(c)3 nonprofit organization dedicated to rescuing homeless, abandoned and special needs animals and finding new adoptive homes or providing lifelong sanctuary for them, we also seek to decrease the number of unwanted animals and the amount of animal cruelty in our community through outreach and education.","info@savingpawswi.com; finance@savingpawswi.com",""
"Friends of Rescue","13","Friends of Rescue is a foster-based 501(c)3 non-profit animal rescue located in Huntsville, Alabama.","info@forrescue.net; thrift@forrescue.net",""
"Hope Life Animal Shelter","12","Hope Life Animal Shelter is a small animal welfare initiative dedicated to rescuing stray cats and dogs 🐾 We provide food, medical care, and promote humane TNVR to reduce suffering and give animals a second chance at life ❤️","",""
"Woodfield Animal Sanctuary","12","Welcome to our brand-new YouTube channel 👋

We’ve created this space to share longer videos, special moments, and behind-the-scenes footage from Woodfield Animal Sanctuary.

Our main social media platform has always been Facebook, and that’s where we post the majority of our regular updates, news, and appeals. YouTube gives us the opportunity to bring you along in a different way — through video — while still keeping Facebook as the heart of our day-to-day communication.

If you’re new here, thank you for finding us.
If you already follow us on Facebook, welcome — and thank you for your continued support.

By liking, subscribing, and sharing our videos, you help us reach more people and continue giving animals the second chances they deserve.

PLEASE VISIT OUR FACEBOOK PAGE FOR REGULAR UPDATES 
WOODFIELD ANIMAL SANCTUARY.","",""
"City of Everett Animal Shelter","11","Everett Animal Services operates the Everett Animal Shelter and provides animal control services and pet licensing for the City of Everett in Washington state.

The Everett Animal Shelter accepts approximately 5000 animals each year to our state-of-the-art facility. Shelter staff and volunteers work hard to improve the health, safety and happiness of pets waiting to find or reunite with loving families.

Learn more: everettwa.gov/animals","","United States"
"Daily Animal shelter","11","Welcome to Animal Shelter — a safe place for every animal in need. 🐾
Our mission is to rescue, protect, and care for homeless, abandoned, and injured animals. On this channel, you’ll find:

Heart-touching rescue stories
 Animal recovery & transformation videos
 Adoption updates 
Tips on caring for pets and stray animals
Awareness content to promote kindness and compassion

Join us on this journey of saving lives and giving every animal a chance at a better future.
Subscribe and become part of our Animal Shelter family!



#AnimalShelter #AnimalRescue #SaveAnimals #PetAdoption #AnimalCare
#DogRescue #CatRescue #StrayAnimals #HelpAnimals #AnimalLovers
#AdoptDontShop #AnimalsOfYouTube #AnimalWelfare #RescueStories
#AnimalsNeedLove #PetRescue #KindnessForAnimals


---

If you want, I can also write:
✅ About section (long/short)
✅ Video description templates
✅ SEO tags for faster growth
✅ Chann","","United States"
"Surry Animal Rescue","10","Surry Animal Rescue is a NC certified non-profit volunteer organization.  We operate solely on donations from adoptions and other resources.  We rescue animals from abandonment, abuse, neglect, and euthanasia by providing medical care and foster home placement until loving, permanent homes can be found.

Our mission is to not only help animals in need, but to educate people on properly taking care of their animals. To ensure that animal welfare is our number one priority. We will do everything possible to make sure animals are put in loving foster homes, get the proper vet care they need, and find forever homes to approved adopters.","",""
"mebosanimalrescue","9","Nonprofit Animal Rescue
Saving cats & dogs in need
IG: @mebosanimalrescue
FB: Mebo's Animal Rescue
Wishlist & donate 👇👇👇👇","",""
"The Cat Rescue Stories","9","Welcome to The Cat Rescue Stories Channel 🐾 A cat rescue and animal rescue channel dedicated to saving stray, abandoned, and injured cats.
We share real-life cat rescue stories, kitten rescues, transformations, rehabilitation journeys, and happy adoption moments. Our mission is to give homeless cats a second chance at life and inspire kindness toward animals everywhere.
On this channel you will find: 
Cat rescue videos
Stray kitten rescue stories
Before and after transformations
Animal rescue missions
Cat adoption journeys
Educational pet care tips
If you love cats and want to support animal rescue, subscribe and join our rescue family ❤️
📌 New rescue videos every week!
#CatRescue #AnimalRescue #StrayCats #KittenRescue","",""
"TamMar Equine Rescue","9","TamMar Equine Rescue and Transport is located in Ontario. We rescue horses who have nowhere else to go, and we nurse them back to health and adopt them out. We specialize in draft horses but will help any horse in need that crosses our paths.

We also offer professional trailering services all throughout Canada.","",""
"Friends of West LA","9","We are a group of volunteers for the West LA Animal Shelter located at 11361 W Pico Blvd, Los Angeles, CA 90064. These videos were made to introduce the dogs currently residing at the facility and to show more of their personalities while they play in the yard. We are volunteers and do not work at the shelter so if you would like information on any of the dogs featured on this channel, please call West LA and provide the ID number of the dog.

Our hope is that these videos will help these wonderful dogs get adopted!","",""
"Friends of the Fairfax County Animal Shelter","9","More than 5,000 animals, including cats, dogs, small mammals, reptiles and livestock, come to the Fairfax County Animal Shelter each year. The shelter opens its doors — and its heart — to care for each and every animal. But, the shelter can't do it alone. Thankfully, the Friends of the Fairfax County Animal Shelter is here to help. Through donor and volunteer support, we provide medical care, food, supplies and so much more to help the shelter care for these loving animals. In doing so, we help save lives — together.

The FFCAS is an independent 501(c)(3) all-volunteer organization, and not a part of the Fairfax County government. All donations are tax-deductible to the extent provided by law and are gratefully accepted, no matter the amount.","",""
"Hope Life Animal Shelter","8","Hope Life Animal Shelter is a small animal welfare initiative dedicated to rescuing stray cats and dogs 🐾 We provide food, medical care, and promote humane TNVR to reduce suffering and give animals a second chance at life ❤️","",""
"The ManxSPCA","8","The ManxSPCA is the only animal rescue centre on the Isle of Man. 
We are not funded by government and rely purely on donations. 
This YouTube account is for us to share some of the work our fantastic team get up to. 
You can support our charity (no'26a) from home by sharing our videos, our social media uploads or donating through our PayPal via the link below.
https://www.paypal.com/paypalme/manxspca/","",""
"Pet and Animal Rescue Center","8","Welcome to Pet and Animal Rescue Center!
Pet Animal Rescue Center (PARC) ©️
Non-Profit Organization
We are a nonprofit organization dedicated to rescuing, caring for, and rehoming abandoned, abused, and neglected pets, including dogs and cats. Our mission is to provide these animals with a second chance at life and to promote kindness and compassion toward all living beings. Through inspiring rescue stories, helpful pet care tips, and heartwarming transformations, we aim to build a community of animal lovers who believe in making a difference. Join us and be a part of their journey!

Donate via PayPal: https://paypal.me/PetandAnimalRescue?country.x=VN&locale.x=en_US

Contact Information:
📞 Phone: 0926 294 986
🏦 Bank Account: 070109442737
Account Name: NGUYEN DUC THIEN
Bank: Sacombank - Saigon Thuong Tin Commercial Joint Stock Bank
SWIFT CODE: SGTTVNVX

Together, we can give these animals a chance for a better life. Your support makes a difference! 🐾","","United States"
"HappyLand Animal Shelter & Pet Adoption","8","Welcome to Happyland Animal Shelter, your premier destination for heartwarming rescue stories and finding your new best friend! As a dedicated animal rescue and adoption company, our mission is to transform the lives of abandoned, neglected, and senior pets by providing them with a second chance at a joyful life. On this channel, we take you behind the scenes of our daily operations, from the first moment a rescue arrives at our doors to the emotional ""Gotcha Day"" when they head to a forever home. Explore our educational guides on pet care, behavior training tips, and deep dives into the unique personalities of our current residents. Whether you are looking to adopt, foster, or simply support animal welfare, our community is for you. Join us in making the world kinder, one paw at a time. Subscribe now to witness the power of love and help us find every pet their Happyland!","",""
"Paw Prints Animal Rescue","7","Paw Prints Animal Rescue (PPAR) is an all-volunteer nonprofit organization dedicated to reducing the population of homeless cats, kittens, dogs and puppies by maintaining two programs -- a Rescue and Adoption Program and a Feral Cat Management Program. Individual donations are our most important source of income as we receive no public funding.","info@pawprintsrescue.org","United States"
"Wild Rescue Stories","7","🦅 Welcome to Wild Rescue Stories! 🐘🐺🐢
Every life matters.
At Wild Rescue Stories, we bring you powerful wildlife rescue journeys, emotional animal survival stories, and heartwarming recoveries from around the world. From injured eagles stranded on mountain cliffs to sea turtles trapped in fishing nets, every story highlights courage, compassion, and the incredible bond between humans and animals.
Our mission is to inspire people to care for wildlife and celebrate the heroes who dedicate their lives to rescuing animals in need.
🎥 What You'll Find:
Wildlife Rescue Stories
Animal Survival Stories
Emotional Rescue Journeys
Wildlife Rehabilitation & Recovery
Inspiring Animal Comebacks
Nature & Conservation Stories
❤️ Rescue • Heal • Release
Subscribe and join us as we share unforgettable stories of hope, survival, and second chances.

#WildlifeRescue #AnimalRescue #WildRescueStories #Nature #Wildlife #AnimalStories #RescueAnimals #Wildlife #AnimalLovers #RescueStory #Shorts #YouTubeShorts","",""
"Cascade Pacific Animal Rescue","7","We are a 501c3 nonprofit animal rescue located in Washington state.","","United States"
"Rabbit Rescue","7","•Welcome to the mind blowing creative world and our YouTube family 🐰 ""Rabbit Rescue"" 🐰. 
•Support and subscribe please.
•🐰We show that how a rabbit saves and rescue animals and humans 🐰.","","India"
"Annies Animal Rescue Tails","7","I’m Annie, and I absolutely LOVE animals!

Every weekend I volunteer at Hilbrae Animal Rescue Centre in Telford, Shropshire, helping dogs, cats and all sorts of furry friends find their forever homes.


On this channel you’ll see:


🐶 Rescue stories

🐱 Cute animal moments

🎓 Training tips

🏡 Behind-the-scenes life at a rescue shelter

❤️ Happy adoption updates



Animals mean the world to me, and I want to share their stories with YOU.



If you love animals as much as I do — hit subscribe and join the pack! 🐾💕","",""
"Animal Rescue Farm! 🐾","7","🐾 Welcome to Animal Rescue Farm — where every animal gets a second chance at life!

We rescue, rehabilitate, and rehome ALL kinds of animals — from abandoned puppies
and stray cats to neglected farm animals like cows, goats, rabbits, and more.
Every rescue story you see here is REAL. These are lives saved, one animal at a time.

On this channel, you will find:
   🐕  Heartwarming dog and cat rescue stories
   🐄  Farm animal rescues — cows, goats, sheep, rabbits and more
   💛  Transformation videos — from scared and sick to happy and healthy
   🏡  Adoption success stories that will make your heart smile
   🌿  Life on the rescue farm — real, raw, and beautiful

Every animal deserves love, safety, and a forever home.
Join our rescue family and help us spread the word!

Don't forget to LIKE, SUBSCRIBE, and hit the BELL so you never miss a rescue story.

Together, we can save more lives. 🐾

Adopt. Don't Shop.","","United States"
"Noahs ARC Mazarrón","6","OFFICIAL Channel for Noah's A.R.C. Mazarrón Dog Rescue Charity
A Non-Profit Dog Rescue Charity Helping the Dogs of Mazarrón, Murcia, Spain","","Spain"
"Last Resort Farm Animal Rescue","6","We are a small farm animal rescue for Pot Belly Pigs, Goats, Donkeys and Dogs. Our mission is to provide a safe place for neglected, abused, unwanted and surrendered farm animals. We will also provide education on the animals.

Welcome to the Last Resort Farm Animal Rescue. We are starting the New Year with a new goal. we have taken in many pot belly pigs lately and found that there needs to be a rescue and education on farm animals as pets. Join us on our journey to provide farm animals with the care they need. This will be a lot of work and entertainment.","",""
"Eastbourne Rabbit Rescue","6","We are a rabbit, guinea pig and small animal rescue based in Eastbourne, East sussex.
Just spreading the love we have for our rescue animals by sharing videos with you all.
If you are interested in adopting one of our beautiful rescue animals we can be contacted as below.

WEBSITE: Www.eastbournerabbitrescue.co.uk

FB GROUP: Eastbourne Rabbit Rescue

TWITTER: @RabbitRescueEB","",""
"Pet Rescue Stories","6","Welcome to Pet Rescue Stories – where we share inspiring stories of rescuing dogs and cats, giving them a new chance at life and a loving home. Here, you will find videos about the rescue journey, care, and finding forever homes for abandoned pets. Together, we can make a difference in the lives of these four-legged friends. Join our pet-loving community and help them find their perfect home!","","United States"
"International Animal Rescue Goa","5","International Animal Rescue Goa was established as a charity (Registration No : 106/GOA/98) in August 1998. Our aim is to reduce the terrible suffering of animals in Goa.

Since we began this vital work, International Animal Rescue Goa, has sterilized more than 30,000 dogs, 11,000 cats, and vaccinated over 60,000 dogs against rabies. Our ambulances have collected thousands of road casualties and we have made a major impact on mange, which causes intense suffering and was endemic within the street dog community. We rescue dozens of animals from wells every year, have rescued hundreds of snakes from houses and snake charmers which would otherwise have been killed or died, and do our best to educate the public on animal welfare issues.

http://www.internationalanimalrescuegoa.org.in","",""
"Hope & Serenity Farm Sanctuary","5","Hope & Serenity Farm Sanctuary is a non-profit animal sanctuary open to the public in picturesque Nokesville, Virginia. We are dedicated to providing a nurturing home for over 250 formerly neglected and abused farm animals. Our mission is to create a loving and beautiful environment that encourages relationships between our animals and the people who visit them. 

We run 100% on donations! We welcome visitors by appointment and are thrilled to offer tours of our sanctuary. If you're passionate about animal welfare, we also offer volunteer opportunities and animal sponsorship opportunities where you can help make a difference in the lives of our furry friends.","","United States"
"OasisAnimalRes","5","Oasis Animal Rescue and Education Center was established as a non profit Canadian corporation to provide services that will ensure the protection and care of any domestic animal that is abandoned, displaced or homeless.

We offer a rescue pet adoption program, an animal food bank to fill hungry tummies, an outreach program for seniors and low income pet owners, a safe and responsible foster parent network and assistance with basic health care concerns.

Oasis also provides basic veterinary care to those who cannot afford the inherent costs of the mainstream medical community.","",""
"horse rescue sanctuary","5","Non-Profit Rescue Sanctuary 🐎
Dedicated to rescuing horses and donkeys, providing a safe haven with food, shelter, and medical care 🩺
vegan-led ❤️","",""
"North Shore Horse Rescue and Sanctuary","5","We are North Shore Horse Rescue and Sanctuary, a small horse farm on the east end of Long Island, New York.  We are a 501(c)3 organization that is also verified by the Global Federation of Animal Sanctuaries and a Guardian for Equus Foundation.  Our mission is to rescue and care for any unwanted horses including those that have been neglected, abused, abandoned or are at risk of going to slaughter.  If the horse can be rehabilitated and adopted, we will find a loving, informed home for them.  If suitable homes cannot be found, North Shore Horse Rescue has committed itself to allowing its’ permanent residents to live out their lives in a safe, stress-free environment.

We are highlighting videos of our work with horses.  We will show you how we care for our rescue horses.  The stories of the rescues will be highlighted.  Our goal is to further our mission by explaining the hardships these magnificent creatures endure  and how they lead a happy life in our care.","","United States"
"2nd Chances At Life farm animal sanctuary","5","Animals have saved our lives so we want to save theirs. we are a 501C3 nonprofit private farm animal sanctuary.We accept donations all of our donations 100% goes to our animals.","",""
"Red Clay Ranch Equine Rescue","5","Red Clay Ranch Equine Rescue and Sanctuary is dedicated to rescuing and rehabilitating horses in need, giving them a second chance at life and finding them loving homes.","info@redclayrescue.org","United States"
"HeavenlyPaws","4","Heavenly Paws Animal Rescue, Inc. is a 501 (c) non-profit, all-volunteer, no-kill feline rescue.

Angeline Behrendt, a trained Veterinary Technician, founded Heavenly Paws Animal Shelter, Inc. in 2004 to expand her services and provide safe and secure homes for cats.

Heavenly Paws Animal Shelter is not a true brick-and-mortar shelter. We have a network of foster homes to take in and care for homeless cats until permanent, loving homes can be found. We also strive to help humans understand the importance of controlling the pet population through spaying and neutering.

Heavenly Paws Animal Shelter relies on private and corporate donations to help fund our rescue operations and accomplish our mission.

Heavenly Paws Animal Shelter has treated and saved many cats in challenging situations. All of our volunteers have pledged to rescue as many cats as possible with the space and funding we have available. We will always be committed to saving lives, one stray at a time!","ann@heavenlypawsshelter.com; Jvfritz1@yahoo.com; kim@heavenlypawsshelter.com; mclandes22@yahoo.com; terry@heavenlypawsshelter.com",""
"Because You Care, Animal Rescue and Adoption","4","Mission:
 Because You Care believes in the value of all companion animals. 
As a progressive rescue and adoption organization, we adhere to the highest no-kill standards. We match rescued animals with their best possible fur-ever homes by investing in their health, rehabilitation, socialization, and well-being.
Our Vision:
 Because You Care is a leader in cat and dog rescue and adoption. 
We are committed to the safety and well-being of animals while they are in our care and throughout their lifetimes.","",""
"sosrescuecentre","4","The SOS Animal Rescue Centre is a charity based on the Costa del Sol, on the southern coast of Spain and is dedicated to giving the the stray cats and dogs of the Costa del Sol a chance to lead a full and active life","",""
"PAHA Animal Rescue","4","We at PAHA Animal Rescue, are a No Kill Shelter & Charity. We rescue abused, lost and stray dogs and find them new happy homes! 

Please support our cause at: www.panafricasa.org

If you like what we do please  consider a small donation on our webpage. Don't forget to share, like and subscribe!
#dogs #cats #animals #animalrescue #charity","","South Africa"
"Pet Adoption and Rescue","4","Welcome to Pet Adoption and Rescue! 🌟

Our channel is dedicated to helping you find your perfect furry friend through pet adoption and rescue. We believe in giving every animal a second chance, whether it's through dog adoption, cat adoption, or finding a loving home for rescue animals. 🐾

We share heartwarming pet adoption stories, offer essential tips on how to adopt a pet, and showcase incredible rescue animal transformations. 🐶🐱 From local animal shelters to nationwide pet rescue centers, we highlight the importance of animal rescue and adoption. If you're looking to learn more about pet adoption near you or the best ways to support rescue animals, this is the channel for you! 💕

Subscribe for the latest on rescue pets, adoption tips, how to care for your adopted pet, and ways you can get involved in saving lives. Join us on the journey to make the world a better place for pets in need! 🌍","",""
"Little Lives Rescue","3","Founded in July of 2016, Little Lives Small Animal Rescue is a 501c3 nonprofit organization located in Tri-Cities, Washington that primarily focuses on rescuing small animals such as rodents, reptiles, birds, rabbits and etc. 

We want to help the animals in and around our community as much as possible. Our journey started with a paralyzed bearded dragon, an abandoned pet mouse, and a chinchilla without a home. Since starting our rescue, we have saved several animal types including geckos, guinea pigs, rabbits, bearded dragons, fish, iguanas, snakes, mice, and more.

We have a large number of rescued rabbits with limited rabbit fosters. We try to help the public with rabbit care and advice since overpopulation and dumping is a huge problem in our area. Please neuter/spay your rabbit and litter box train them (using pine pellet cat litter). It will make your life easier!

Enjoy our cute critters and thank you for the support!!

Little Lives Small Animal Rescue","","United States"
"The Farm Animal Sanctuary","3","Welcome to The Farm Animal Sanctuary's YouTube channel, the UK's pioneering refuge for rescued farm animals. 

Established over 30 years ago, we provide a forever home to over 600 animals, including sheep, pigs, and horses. 

Explore heartwarming stories of rescue, recovery, and life on the sanctuary. 

Support our mission through donations, sponsorships, and visits. 

Join us in making a difference and spreading compassion for all animals. 

Subscribe and be part of our journey to protect farm animals. 🐑🐖🐴","","United Kingdom"
"Hunter Wildlife Rescue","3","Hunter Wildlife Rescue is a 100% volunteer-run charity that rescues, rehabilitates and releases injured, sick or distressed native animals in Newcastle, Lake Macquarie, Maitland, Cessnock and the Hunter  Valley of NSW.

Species we rescue include possums and gliders, koalas, kangaroos and wallabies, wombats, echidnas, turtles, snakes, lizards, all native birds (including owls and raptors).

Established in 1978, Hunter Wildlife Rescue (formerly Native Animal Trust Fund) was the first volunteer run wildlife rescue organisation in NSW.","president@hunterwildlife.org.au; secretary@hunterwildlife.org.au; vicepresident@hunterwildlife.org.au; website@hunterwildlife.org.au","Australia"
"Animal Rescue Center","2","Welcome to **Animal Rescue Center**! 🐾 We are dedicated to rescuing, caring for, and finding loving homes for animals in need. Our mission is to give abandoned, injured, and mistreated animals a second chance at life.  

On this channel, you'll find heartwarming rescue stories, rehabilitation journeys, and adoption success stories. We also share educational content on animal care, welfare, and how you can help make a difference.  

Join us in our mission to protect and love animals! Don't forget to **subscribe** and turn on notifications to stay updated on our latest rescues. 🐶🐱❤️  

#AnimalRescue #SaveAnimals #AdoptDontShop","",""
"AHIMSA HAVEN ANIMAL RESCUE","2","Ahimsa Haven was incorporated in 1999 as a nonprofit animal rescue group. Our mission is to find good homes for abused, abandoned, homeless and unwanted domestic animals. We raise money through donations, grants, and fundraising events in order to provide routine and emergency medical care for animals in need. Every penny we raise goes to the animals - no one gets a salary!","info@ahimsahaven.org","United States"
"Sonia's Sanctuary Animal Rescue","2","We are a 501(c)(3) nonprofit animal rescue in western Pennsylvania.","",""
"Angels4Paws Animal Rescue","2","Angels 4 Paws’ mission is to enhance the lives of animals at the shelters and save precious souls by placing them in foster care while actively seeking permanent and loving homes.  Our channel focuses on the importance of the foster family, projects we have organized and developed for shelters, our available pets, and other information about rescuing dogs and cats from local shelters.","","United States"
"Lake Lowell Animal Rescue Fosters","1","Lake Lowell Animal Rescue serves animals in need near Lake Lowell in the Nampa/Caldwell area in Idaho. We are a 501(C)3 nonprofit animal rescue organization. This channel serves as a repository for videos of animals that are being fostered and are available for adoption. We share these videos on our website and social media to reach potential adopters. To adopt an animal, or to learn more about our organization, please find us on Facebook or visit our website:

www.lakelowellanimalrescue.org","",""
"Horse Rescue","1","Rescuing animals support our  shelter with food donations 👇👇📍↔️","",""
"Tar'Zo horse rescue sanctuary","1","Nonprofit organization 
501(c)3 non-profit equine rescue based in Utah 📍
RESCUE, REHAB, RE-HOME ||EDUCATE ✨","",""
"PET RESCUE USA","1","🐾 Welcome to PET RESCUE USA! 🇺🇸

We share powerful animal rescue, pet care, veterinary treatment, and recovery stories. From helping injured animals to removing parasites like botflies and ticks, our mission is simple: Rescue • Care • Heal • Love. ❤️

Our videos raise awareness about animal welfare and show why every animal deserves kindness, proper care, and a second chance.

🐶🐱 Subscribe and join us in giving animals hope!
PET RESCUE USA — Every Life Matters. 🐾🇺🇸

⚠️ Animal Care Disclaimer: Our content is created for educational and awareness purposes. Never attempt medical treatment or parasite removal on an animal yourself. Always seek help from a qualified veterinarian or animal-care professional.","","Bangladesh"
"Newhope horse rescue sanctuary","1","Welcome to Newhope horse rescue sanctuary 
Join us rescue, treat and rehabilitate horses.
Let's show them love together and give them a second chance","",""
"Pear Tree Farm Animal Sanctuary","1","Welcome to the official YouTube channel of Pear Tree Farm Animal Sanctuary 💚

We are a small, independent, volunteer-run animal sanctuary in Somerset, UK, providing lifelong care, safety and second chances to rescued animals.

Follow the lives of our residents, hear their rescue stories, enjoy behind-the-scenes sanctuary updates and join us as we work to create a kinder future for animals.

Since 2018, we have helped more than 7,500 animals, with over 80 residents now calling Pear Tree home, including pigs, horses, goats, sheep, poultry, rabbits, ferrets, cats and dogs.

Subscribe and become part of our sanctuary family!

Registered Charity No. 1195321","",""
"Animal Rescue Story Daily","","Animal Rescue Story is dedicated to sharing heartwarming animal rescue stories, inspiring transformations, and hopeful new beginnings.

Through narrated storytelling and carefully created visual recreations, we highlight the journey from rescue to recovery—raising awareness, compassion, and respect for animals in need.

Our mission is to educate, inspire, and encourage adoption, kindness, and responsible animal care. Every story reminds us that love, patience, and a second chance can change a life.

🐾 Rescue stories
🐾 Before & after transformations
🐾 Shelter awareness
🐾 Happy endings

Some visuals are recreated for storytelling purposes.

Subscribe to support animal rescue awareness and be part of a community that believes every animal deserves a second chance","",""
"Madison Horse Rescue Sanctuary 🐎","","🐎Non-profit horse rescue sanctuary 🐎 
🐎we Rescue, Rehabilitate and Re-home 
❤️Support through donating 🙏
Donate Now 🙏❤️👇","",""
"Animal Rescue Stories ⭐","","🐾 Welcome to Animal Rescue Stories! 🐾

At Animal Rescue Stories, we bring you heartwarming animal rescue adventures, inspiring wildlife stories, and emotional journeys of animals in need. Our mission is to share stories of hope, kindness, courage, and the incredible bond between humans and animals.

❤️ What you'll find on this channel:
• Animal Rescue Stories
• Wildlife Rescue Missions
• Emotional Animal Journeys
• Animal Friendships
• Inspiring Survival Stories
• AI-Created Animal Adventures

If you love animals and enjoy uplifting stories, subscribe and join our growing community of animal lovers!

🔔 Subscribe for daily animal rescue videos.
🐾 New videos uploaded regularly.

#AnimalRescue #AnimalStories #WildlifeRescue #RescueAnimals #AnimalLovers #AnimalRescueStories","",""
"Dog nation","",">Nonprofit dog rescue 🐾🐾
>Adopt . Foster . Volunteer 🤝 
> Welcome to United Paw Network – a global community of animal lovers. We post videos about animal rescue, pet care, kindness to animals, and inspiring stories. Subscribe and become part of a movement that speaks for animals who cannot speak for themselves.","",""
"Horse Rescue Sanctuary","","Horse Rescue Sanctuary , hereby calling upon your help to feed and treat horses. Can help through the DONATION LINK 

Please donate generously through our Donation link helping vulnerable stray animals receive lifesaving support. 🙏🙏🙏

JUST TAP THE DONATION LINK BELOW 
👇👇👇👇👇👇👇👇👇👇👇👇👇👇👇","","United States"
"Ratlum Mountain Animal Rescue","","Our Mission:  To prevent and eliminate the suffering of domestic and wild animals by rescuing and rehabilitating them and to encourage the public to peacefully coexist with all animals.

The day-to-day operation of Ratlum Mountain Animal Rescue is handled by Christine & Ahren Paulson, a husband-and-wife team.  The Paulson's spent over a decade volunteering for other charities, rescuing, fostering & rehabilitating domestic animals (dogs and cats), in addition to serving on the Board of Directors. In 2017, Ahren & Christine decided to broaden the scope of their rescue activities by learning about wildlife rehabilitation & earning their Wildlife Custodian Appointments from the Connecticut DEEP. In early 2020, they established their own non-profit charity, Ratlum Mountain Animal Rescue Inc.

Christine & Ahren continue to work full-time day jobs, while volunteering and running the charity in the remainder of their time. They invite everyone to join them on this journey","","United States"
"Virginia Farm Animal Sanctuary","","Welcome to Virginia Farm Animal Sanctuary (VFAS)  — a place of lifelong sanctuary for farm animals in need of a forever home.

Many of the animals here were once beloved pets whose families experienced life changes such as illness, loss, relocation, downsizing, or other circumstances beyond their control. When care needed a new place to continue, VFAS became that place.

Our mission is simple: provide lifelong sanctuary, compassionate care, and peace of mind for both animals and the people who love them.

Follow along for daily life at the sanctuary, animal stories, behind-the-scenes moments, educational content, tours, special events, and the frequent funny farm moment.

Home to donkeys, goats, sheep, pigs, llamas, poultry, and more, every resident here has a story — and every story matters.","support@givebutter.com",""
"Paynton horse rescue sanctuary","","support paynton horse rescue sanctuary as we care for that rehabilitate rescued horses. join us today and help make a lasting difference🙏","",""
"Sunshine Animal Rescue🐾🐶","","501c3 Nonprofit Organization dedicated to rescuing animals in Miami FL 🔗donate👇","",""
"Animal Rescue Stories","","🐾 Welcome to Animal Rescue Stories!

At Animal Rescue Stories, we share heartwarming rescue journeys of abandoned puppies, kittens, dogs, cats, and other animals. From rescue to recovery, every video celebrates compassion, hope, and the incredible bond between humans and animals.

❤️ What You'll See:

Animal Rescue Stories
Puppy & Kitten Rescue
Dog & Cat Rescue
Before & After Rescue Transformations
Emotional Animal Stories
Wildlife Rescue Moments
Inspiring Happy Endings
Daily YouTube Shorts

Our mission is to spread kindness, raise awareness, and inspire millions to care for animals in need.

📅 New videos every week!

🔔 Subscribe now and join our mission to give every animal a second chance.

Because every life matters. 🐶🐱❤️
animal rescue, rescue stories, puppy rescue, kitten rescue, dog rescue, cat rescue, animal lovers, pet rescue, abandoned animals, emotional stories, heartwarming videos, wildlife rescue, rescue transformation, inspiring animal stories, YouTube Shorts.","","Bangladesh"
