"频道名称","粉丝数","简介","邮箱","国家"
"MrBeast","517000000","SUBSCRIBE FOR A COOKIE!
New MrBeast or MrBeast Gaming video every single Saturday at noon eastern time!
Accomplishments:
- Raised $20,000,000 To Plant 20,000,000 Trees
- Removed 30,000,000 pounds of trash from the ocean
- Helped 2,000 people walk again
- Helped 1,000 blind people see
- Helped 1,000 deaf people hear
- Built wells in Africa
- Built and gave away 100 houses
- Adopted every dog in a shelter (twice)
- Given millions to charity
- Started my own snack company Feastables
- Started my own software company Viewstats
- Gave away a private island (twice)
- Gave away 1 million meals
- I counted to 100k
- Ran a marathon in the world's largest shoes
- Survived 50 hours in Antarctica
- Recreated Squid Game in real life
- Created the largest competition show with 1000 people (Beast Games)
- Gave $5,000,000 to one person
- Raised $40,000,000 To Bring Clean Water To Millions Of People
- Granted 100+ Dream Wishes for Kids Fighting Cancer
- Gave Away Another $5,000,000 On Beast Games S2","","United States"
"Toys and Colors","83000000","Hello friends! Welcome to Toys and Colors where KIDS RULE and adults drool…just kidding…we love our Aunties and Uncles!

Click on the SUBSCRIBE button and come join us in our fun and colorful universe where we pretend play, use our imagination, sing, dance, and have a great time with friends, family, and lots of TOYS!

We have millions of fans all over the world who enjoy our fun kids videos about: being a good brother and sister, DIY science experiments, eating healthy, washing your hands, numbers, ABCs, animals, nursery rhyme songs,  fun challenges, camp adventures, and much more!

Are you ready? LET’S PRETEND PLAY!","","United States"
"Genevieve's Playhouse - Learning Videos for Kids","51000000","Welcome to Genevieve’s Playhouse where we create all kinds of educational videos for kids and toddlers using toy based learning. Come along as Genevieve plays with characters from Paw Patrol and Peppa Pig, while learning counting numbers, basic words, and storytelling skills. Our video formats span from vlogs, skits, animations, and experiments. Videos are offered in English, Spanish, Hindi, and Vietnamese.

Genevieve's Playhouse is a safe, and kid-friendly channel that parents can trust to provide educational content for their little ones.","","United States"
"TEDx Talks","44600000","TEDx is an international community that organizes TED-style events anywhere and everywhere -- celebrating locally-driven ideas and elevating them to a global stage. TEDx events are produced independently of TED conferences, each event curates speakers on their own, but based on TED's format and rules.

For more information on using TED for commercial purposes (e.g. employee learning, in a film or online course), please submit a Media Request here: https://media-requests.ted.com.","","United States"
"BabyBus - Preschool Songs & Learning Cartoons","44000000","At BabyBus, our goal is to make learning a fun and imaginative experience for kids aged 2 - 6 by creating classic nursery rhymes, kid songs, and stories with 2D & 3D animations. 

In the BabyBus world, KiKi, Miumiu, and their friends inspire kids to experience true friendship, care, creativity, and imagination in a fun and smart way. Through our songs and animations, kids around the world can learn about colors, letters, life skills, good habits, safety tips, and more in a fun and educational way.

In the eyes of Kiki and Miumiu, all things are alive: you can talk to animals, you can make friends with vehicles... All the activities can be enjoyed, you can experience different occupations, you can go everywhere... All the unknowns are interesting: what will be in space? Are there aliens on earth?... Join Kiki and Miumiu for the exploration of this world together!

Yes! Neo Official Facebook: https://www.facebook.com/yesneoofficial","","United States"
"Jordan Matter","38000000","My daughter has taken over my channel!","info@jordanmatter.com","United States"
"jacksepticeye","31200000","I play videogames but I also make other content like Try not to laugh, reacting to tik toks, meme review and IRL content. A lot of people come to my channel for long let's plays, especially for Sony Exclusive games from Playstation.","info@topofthemornincoffee.com","Ireland"
"Sesame Street","30300000","Welcome to Sesame Street! A colorful community of monsters, birds, grouches, and humans. A place where everyone counts. Spend time with all your favorite furry friends and subscribe for new videos every week. 

For more fun games and videos for your preschooler in a safe, child-friendly environment, visit us at http://www.sesamestreet.org. 

With a signature mix of laughter and learning, Sesame Street has been enriching minds and bringing families closer for five decades. Rigorously researched and deeply inclusive, Sesame Street has become the most-watched children’s program in history. For more information, please visit sesameworkshop.org.","","United States"
"Disney Jr.","28300000","You're watching Disney Jr.! Check out the official Disney Jr. YouTube every day for live streams, full episodes, show clips, shorts, and compilations from Mickey Mouse Clubhouse+, Marvel's Iron Man and his Awesome Friends, Sofia the First: Royal Magic, Pixar Cars, Gracie's Corner, Megan and Cupcakes, Me & Mickey, Disney Jr.'s Ariel, BeddyByes, Magicampers, Marvel's Spidey and his Amazing Friends, SuperKitties, Star Wars: Young Jedi Adventures and Pupstruction!

Available on Disney+
https://www.disneyplus.com/whats-on

Keep up with our new videos here: https://youtube.com/playlist?list=PL2m1vjiMH_hNEEv_Kr3YN30D-CktoOCU0

Thank you for watching Disney Jr.!","","United States"
"Blippi - Educational Videos for Kids","27500000","Come explore the wondrous world with everybody's best friend, Blippi. How does a recycling truck work? What does a baker do? What is the best playground around? There are so many exciting things to explore and learn. Feed your kids’ curiosity while they learn about vehicles, animals, the natural world and so much more. Blippi helps children‘s understanding of the world and encourages vocabulary development. Blippi loves visiting exciting places such as children’s museums and the zoo! He loves singing, dancing, playing and exploring. His contagious curiosity engages young viewers in learning adventures that help them both grow and develop.

Music ► https://blippi.lnk.to/BlippiCompleteCollectionYT
Facebook ► https://www.facebook.com/Blippi 
Instagram ►https://www.instagram.com/Blippi
TikTok ► https://www.tiktok.com/@blippi
Moonbug ► https://www.moonbug.com/about","hello@moonbug.com; partnerships@moonbug.com; press@moonbug.com","United States"
"National Geographic","26400000","Step into wonder and find your inner explorer with National Geographic. 

National Geographic is the world's premium destination for science, exploration, and adventure. Welcome to the National Geographic community, where we bring our stories, images and video to the world in real-time, inviting followers along on our ongoing 138-year journey. Our yellow border is a portal to the world, showcasing all of the wonder and beauty that it has to offer. This page allows our fans to join us while promoting an enriching and supportive climate for our community. Therefore, we do not tolerate words of hate, harassment or disparagement. We reserve the right to remove any posting or other material that we find off-topic, inappropriate or objectionable.","","United States"
"Brave Wilderness","21800000","Brave Wilderness is your one stop connection to a wild world of adventure and amazing up close animal encounters! 

Follow along with Coyote Peterson and Mark Vins as they lead you on a variety of expeditions featuring everything from Grizzly Bears and Crocodiles to King Cobras and Murder Hornets! Every single episode offers an opportunity to learn something new about incredible species that call our planet home.
      
So SUBSCRIBE NOW and join the adventure that brings you closer to the most beloved, bizarre and misunderstood creatures on earth! 

Be Brave, Stay Wild!
 
Join the Brave Crew by becoming a member today - http://bit.ly/JOINBWM","contact@bravewilderness.com","United States"
"CookieSwirlC","21400000","⋆◕‿◕⋆ 
Hi I’m Cookie. 
Welcome to CookieSwirlC: I’m a lifelong collector who loves diving into scary games, haunted stories, and creative art junk journaling. I also love testing out new miniatures, craft kits, and collectibles— whether they’re spooky, nostalgic, or just plain weird.  Come join the fun!

🍪 TWITER: @cookieswirlc

CookieSwirlC does NOT have a Roblox star code, Facebook, Snapchat , TikTok, or PO Box address ! Be smart and safe online!

_____________________
Virtual Youtuber Avatar Art by Twitter Artist : @rin7914
Avatar Rigged by Live2D Twitter : @iron_vertex (@sei_soy & @Zenseikun) 
Banner, logo, intro/outro art: UwU Media","","United States"
"Animal Planet","20658072","Animal Planet is the world's only entertainment brand that immerses viewers in the full range of life in the animal kingdom with rich, deep content via multiple platforms and offers animal lovers and pet owners access to a centralized online, television and mobile community for immersive, engaging, high-quality entertainment, information and enrichment.","",""
"ABC News","19800000","ABC News is your daily source for breaking national and world news, exclusive interviews and 24/7 live streaming coverage that will help you stay up to date on the events shaping our world. https://abcnews.com","","United States"
"The Dodo","18800000","The home for animal people.","","United States"
"Come Play With Me","18000000","COME PLAY WITH ME is an educational kid friendly toy doll channel featuring parody videos with various characters: Elsa, Anna, Barbie and many more!
Subscribe, it's free and you will know when we upload a new video:)
Thank you for visiting and watching our videos!","","United States"
"BBC","15600000","The BBC is the world’s leading public service broadcaster.

We’re impartial and independent, and every day we create distinctive, world-class programmes and content which inform, educate and entertain millions of people in the UK and around the world.

SUBSCRIBE to our YouTube channel to get the best of BBC entertainment and comedy programmes, stories from science and nature documentaries, and much more! 👉 https://bit.ly/2IXqEIn

Get ALL your fresh TV, and sofa-hugging box sets on iPlayer 👉 https://bbc.in/2J18jYJ","","United Kingdom"
"Blippi Playtime","15300000","Get ready to play, learn, and explore with Blippi Playtime! The ultimate stop for fun and adventures! Watch and learn as Blippi answers your favorite questions: How does a recycling truck work? Can Blippi drive an excavator? What awesome games can we play at the indoor playground? From roaring dinosaurs and prehistoric fossils to arts and crafts, there are so many exciting things to learn through active play and sensory activities.

Feed your kid’s curiosity with STEM activities, wild animal facts, and super fun Roblox gaming! With high-energy sing-alongs and silly games, Blippi Playtime makes vocabulary development and early childhood education a total blast. Join the fun at the zoo, the children's museum, the trampoline park, or the giant ball pit. Learning colors, shapes, and numbers has never been this fun. 

Let's be curious with Blippi! 🧡💙","","United States"
"Nat Geo Animals","15267518","Explore the wonders of the animal kingdom with National Geographic. National Geographic Animals is a place for all things animals and for animal-lovers alike. Take a journey through the animal kingdom with us and discover things you never knew before, or rediscover your favorite animals!","",""
"Inside Edition","13800000","Inside Edition is television's longest-running, top-rated, and most-honored syndicated newsmagazine. #1 in News and Politics on YouTube (Tubular Labs).","","United States"
"NBC News","12100000","Every day, NBC News helps people understand what’s happening and why it matters — through fact-based reporting, meaningful conversations, and powerful stories. From its leading news broadcasts — TODAY, NBC Nightly News, Meet the Press, and Dateline — to NBC News NOW, the 24/7 streaming news channel, plus chart-topping podcasts, the NBC News app, and NBCNews.com, NBC News keeps audiences informed and connected to the stories shaping our world. 

NBC News. Reporting for America.

Connect with NBC News:
NBC News App: https://smart.link/5d0cd9df61b80
Breaking News Alerts: https://link.nbcnews.com/join/5cj/breaking-news-signup?cid=sm_npd_nn_yt_bn-clip_190621
Visit NBCNews.com: http://nbcnews.to/ReadNBC
Find NBC News on Facebook: http://nbcnews.to/LikeNBC
Follow NBC News on Twitter: http://nbcnews.to/FollowNBC
Follow NBC News on Instagram: http://nbcnews.to/InstaNBC","Cory.Fernandez@nbcuni.com",""
"Business Insider","10600000","Business Insider is a global newsroom covering business, technology, and the economy. We help ambitious, curious people stay informed, understand the context, and get ahead.

Our videos break down how industries operate, how decisions get made, and how power and money move across the globe. We report on the companies, people, and trends shaping the world — and explain what it means for your work, money, and future. We publish videos weekly.

Expect explainers, deep dives, and original reporting on AI, markets, leadership, and innovation. Shows include Risky Business, Still Standing, Boot Camp, and So Expensive.

Topics include: business news, tech, AI, markets, finance, leadership, startups, and the global economy.

Visit us: https://www.businessinsider.com/?utm_source=youtube and sign up for newsletters: https://www.businessinsider.com/subscription/newsletter?utm_source=youtube

For licensing requests, contact PARS International: https://www.parsintl.com/publications/insider/","","United States"
"LaurenZside","10400000","Welcome to the Z-Side of YouTube...it's a little weird here!!
Make sure to SUBSCRIBE!! I put out new videos every Thurs-Sun!!

My name is Lauren & I'm a self-proclaimed ""Gaming Comedian"".
I'm here to make you laugh whether with me or at me ;)","","United States"
"Funny Sofia Show","9940000","","","United States"
"Robocar POLI TV","9910000","✔ Shop Official Robocar Poli Toys ⬇
https://amzn.to/3jwv8Yj
-
Robocar POLI is a story about a police car, a fire truck, an ambulance, and a helicopter that can transform into robots to help friends in danger and solve problems. Through the story, Robocar POLI delivers valuable messages such as love, friendship, trust, forgiveness, consideration, compromise, communication, cooperation, etc. to help with the emotional, cognitive, and moral growth of children.

Full & Whole Episodes Available on Robocar POLI: Official Video App
☞ Download from Google Play(Android) http://go9.co/P4m  
☞ Download from Appstore(iOS) http://go9.co/P4n","","United States"
"Smosh Pit","9620000","Welcome to the Smosh Pit. It's like our other channel, but...different? Get to know us and try not to laugh. New videos every Tuesday, Thursday, and Saturday.","","United States"
"The Pet Collective","9580000","We’re the happy place for animal lovers.  You’ll always find real pets, real joy and real moments that remind you why animals make life better, here at The Pet Collective.  

✨💕🐶Subscribe to The Scoop for our most entertaining pet videos, helpful pet parenting tips, and exclusive deals delivered straight to your email: https://bit.ly/TPCNewsLetter 😹❤️✨

Has your pet taken over your Instagram feed? Submit your best pet videos for a chance to be featured on TPC: 
https://www.thepetcollective.com/submit-a-video/

All your TPC needs can be found right here: https://linktr.ee/thepetcollective 

For inquiries regarding advertising or brand partnerships, find us at petcollective@tmbi.com","petcollective@tmbi.com","United States"
"Howcast","9400000","Emphasizing high-quality instructional video production, Howcast brings you leading experts and accurate, reliable information on topics ranging from makeup tutorials, cute hairstyles, and nail art designs to soccer tricks, parkour, and skateboarding, plus how to dougie, how to kiss, and much, much more. Howcast empowers people with engaging, useful how-to information wherever, whenever they need to know how.","help@howcast.com","United States"
"Joey Graceffa","9380000","Welcome to the official YouTube channel of Joey Graceffa! On my channel, you’ll find a variety of entertaining content from vlogs, lifestyle tips, animal content, social experiments and content catered not just for the LGBTQ community but for everyone! If you love all things dogs and cats, fascinating vlogs, LGBTQ content and a wide variety of gaming content this is the channel for you! Make sure to subscribe and enable ALL notifications, and for instant updates, check out my social media accounts below.","","United States"
"Kalogeras Sisters","8860000","Business: Kalogeras@Night.co","Kalogeras@night.co",""
"Wilderness TV","7830000","Wilderness TV is a channel about rescuing and caring for animals, and building safe, beautiful homes for them by hand using mud, clay, and natural materials.

On this channel, I rescue puppies, dogs, cats, rabbits, and other animals from unsafe places, then create peaceful environments where they can live comfortably. Every house, shelter, and playground is built with simple tools and traditional techniques, inspired by ancient and natural building skills.

My purpose is to show people around the world that animals deserve protection, care, and love. Through these projects, I also share my creativity and ideas for pet house building, animal shelters, and outdoor animal spaces.

All animals in my videos are cared for responsibly and live in a safe countryside environment near me, not in the wild jungle.

Thank you for supporting animal rescue and handmade building projects.","","India"
"Peekaboo Kidz","7800000","Dive into a world of curiosity and discovery with Peekaboo Kidz! Our channel offers engaging and educational content designed to spark young minds. Join our beloved character, Dr. Binocs, as he explores fascinating topics in science, nature, and the world around us. From understanding natural resources to the importance of measurements, our videos make complex concepts accessible and entertaining for children.

With vibrant animations and clear explanations, Peekaboo Kidz is a trusted resource for parents and educators seeking quality educational content. Subscribe now and embark on a fun-filled learning journey!

For brand collaborations and inquiries, reach out to us at: mail@rajshri.com","mail@rajshri.com","India"
"Animal Aid Unlimited, India","7230000","Animal Aid Unlimited is a leading street animal rescue center in India. Our hospital and sanctuary are home to more than 15,000 rescued and recovering animals each year. 

Please share our videos to support street animal rescue! 

Every donation, no matter how small, makes our life-saving rescues possible. Thank you for joining our rescue team.","","India"
"CBS News","7090000","CBS News is a trusted source for the latest in politics, U.S. and world news. The network is home to award-winning broadcasts CBS Mornings, CBS Evening News, 60 Minutes, CBS Sunday Morning, 48 Hours and Face the Nation.

CBS News 24/7 is the premier anchored streaming news service from CBS News and Stations that is available free to everyone with access to the internet and is the destination for breaking news, live events, original reporting and storytelling, and programs from CBS News and Stations' top anchors and correspondents working locally, nationally and around the globe. It is available on more than 30 platforms across mobile, desktop and connected TVs for free, as well as CBSNews.com and Paramount+ and live in 91 countries.

Subscribe to our YouTube channel for breaking news, live events and in-depth reporting from CBS News.

For licensing inquiries, contact: licensing@veritone.com","licensing@veritone.com","United States"
"AntsCanada","7050000","I believe the most epic of stories happen every day in the world of ants and nature, without us knowing. This channel will introduce you to such hidden and epic stories of the micro world, unveiling an entire, mind-blowing, biological universe and dimension, you've never before explored, bringing profound insights into the world around us and ourselves. Welcome to the AntsCanada Ant Channel!

Please SUBSCRIBE and hit the BELL icon!

Be sure to Like us on FB: https://www.facebook.com/AntsCanada/
Follow us on Twitter: http://www.twitter.com/AntsCanada/
Follow us on Instagram: http://www.instagram.com/AntsCanada/
and join our AntsCanada forum: http://forum.antscanada.com

NOTE: For immediate help with ant keeping and/or our products, please visit our helpful FAQ: http://www.antscanada.com/frequently-asked-questions/","info@antscanada.com","Canada"
"We Love Animals","6610000","Welcome to We Love Animals — we share animal rescue stories, incredible wildlife encounters, and inspiring pet adoption stories from around the world.

We believe every animal deserves kindness and compassion. From dog and cat rescue videos to amazing wildlife footage and rehabilitation stories — we share the moments that remind us why animals make the world a better place.

We talk to animal heroes that have dedicated their lives to animal welfare. We tell stories about rehabilitation, adoption, fostering, and rescue. 

We Love Animals is part of Newsner, a global digital news platform.

Follow us on:
📘 Facebook: https://www.facebook.com/TheAnimalClub.net
📸 Instagram: https://www.instagram.com/weloveanimals_newsner/
🎶 TikTok: https://www.tiktok.com/@weloveanimals_official

We love animals! ❤️ 🐾","","Sweden"
"Aquarium Info","6340000","I'm your guide to the wilder side of STEM! 🦁 
Join the adventure as we discover amazing animals and build them epic homes.

Meet The Crew!
🐈 Nori
🦀 Nibbles & Pickle
🦞 Mochi
🐢 Harry 
🦐 Ralph
🐸 Frito & Burrito
🦎 Lucy & Lemon + Miso & Matcha + Jojo & Java
🐠 Peanut & Jelly
🦎 Lime & Pepper
🪦 R.I.P. Kirby & Noodle

☞ Get your Lucy & Lemon plush toys here: https://aquariuminfo.com/

You can follow me on all platforms @aquariuminfo

Business inquiries: aquariuminfo@night.co","aquariuminfo@night.co","United States"
"Meekah - Educational Videos for Kids","6130000","Explore the wondrous world with Blippi and Meekah. There are so many exciting things to see and learn. Feed your kids’ curiosity while they learn about vehicles, animals, the natural world and so much more. Blippi and Meekah help aid children‘s understanding of the world and encourage vocabulary development. Join the adventures as Blippi and Meekah visit exciting places such as children’s museums and the zoo! They love singing, dancing, playing and exploring. Their contagious curiosity engages young viewers in learning adventures that help them grow and develop.

Blippi Website  ►	https://www.blippi.com/
Music ►https://blippi.lnk.to/BlippiCompleteCollectionYT
Instagram ►	instagram.com/blippi
Facebook ►	facebook.com/Blippi
TikTok ►tiktok.com/@blippi
Moonbug ►	moonbug.com/about","","United States"
"AP Archive","6030000","Welcome to AP’s archive YouTube channel. AP’s archive contains historical and contemporary film and video from the world's largest and oldest news agency. 

Our cameramen have been capturing the iconic moments that have shaped the world in which we live, and we have over 1.7 million news, sports, entertainment and fashion stories dating back to 1895 to share with you, here and on our British Movietone channel - https://www.youtube.com/c/BritishMovietone 

With new footage added daily from our global news network, we hope you will enjoy exploring and sharing our content. Please feel free to share our content with friends and embed onto your own websites and social media forums using the YouTube share and embed icons found underneath each video. Downloading videos to your own PC is an infringement of YouTube’s terms and conditions. 

Learn more at https://newsroom.ap.org/editorial-photos-videos/home","",""
"TmarTn2","5670000","Let's hang out and play video games 😁

Business inquiries: tmartn.bizdev@gmail.com","tmartn.bizdev@gmail.com","United States"
"Rocky Kanaka","5630000","Rocky Kanaka Sitting with Dogs highlights some of the best shelter dogs in the world that just need their story told. It doesn't matter if it's a shut down dog, dog that needs to be told they are a good girl or a dog that is growling at Rocky Kanaka he wants to spend time with them to see if he can show them comfort and assure them the situation they are in isn't their fault. 

Rocky Kanaka believes Life's Better with Dogs and has recently started sharing Flip's Farm. The Farm is named after his soul dog Flip Kanaka that helped Rocky foster and rehabilitate rescue dogs in need for over a decade. Flip's Farm is a coffee farm and dog rehabilitation farm that sells Flip Coffee to support the efforts of Rocky's goal of giving dogs a safe space to heal until he finds them their forever home. 


#dogs #dogs #animals","info@madrescueinc.org","United States"
"LiveNOW from FOX","5620000","Subscribe to LiveNOW from FOX! https://bit.ly/3HvzKqP
Where to watch LiveNOW from FOX: https://www.livenowfox.com/ 
Follow us @livenowfox on Twitter: https://twitter.com/livenowfox

Raw & unfiltered. Watch a non-stop stream of breaking news, live events and stories across the nation. Limited commentary. No opinion. Experience LiveNOW from FOX.","","United States"
"Good Morning America","5500000","Good Morning America brings you the latest breaking news, expert analysis, helpful advice for everyday living, recipes from the best chefs in the country and live performances from the best musicians on television. Emmy® Award-winning “Good Morning America,” featuring the anchor team of Robin Roberts, George Stephanopoulos, Michael Strahan and chief meteorologist Ginger Zee, airs live 7:00-9:00 a.m. EDT on ABC.","","United States"
"Paws & Hearts","5480000","Welcome to Paws & Hearts
 
Here, we celebrate the unbreakable bonds between animals and humans through touching rescue stories, joyful reunions, and unforgettable moments of love and bravery. Our mission is to warm your heart, restore faith in kindness, and inspire action to help creatures in need. Every life matters, and every story has the power to connect us all.
✉️: For inquiries or copyright/removal requests please email: wangyuiyui0713@gmail.com. We promptly address all emails within 24 hours!","wangyuiyui0713@gmail.com.we","United States"
"Bondi Vet","5369169","Bondi Vet is your ultimate content destination for all things pet and vet. Including full episodes, stories, compilations and clips from the world's favourite vet series. See life changing surgeries, rescue stories and all manner of animals great and small, weird and wonderful! Whether you’re a dog person, a cat fanatic or just simply love all animals, there is guaranteed to be something for you. 

From the beaches of Bondi, to the streets of London by way of Atlanta our dedicated team of Bondi vets include Dr Kate Adams, Dr Scott Miller, Dr Alex Hynes, Dr Danni Dusek and many more! Plus catch plenty of classic stories from legendary Australian vets Dr Chris Brown, Dr Lisa Chimes and Dr Andrew Marchevsky. Make your world a better place and subscribe today! 

Join Our Membership for exclusive content, live streams and more: https://www.youtube.com/@BondiVet/join 

Looking for content and advice for your pet? Head to our platform bondivet.com.","","Australia"
"Hope For Paws - Official Rescue Channel","5350000","http://www.HopeForPaws.org

WE MOVED! Our new address is:

Hope For Paws 
3940 Laurel Canyon Blvd #140 
Studio City, CA 91604

We really appreciate the special cards you send us, and the animals really appreciate the good old-fashioned checks that pay for their medical care and rescues.

We couldn't do this work without your support!  Please join us as a monthly donor of $5 and help us save many more lives this year: https://www.HopeForPaws.org

The less time we have to spend on fundraising for these animals, the more time we have to actually go out there and get them off the streets.  Veterinary care is extremely expensive, and you are making it all possible when you support our efforts!   If you haven't done so yet, I hope you will join us today.

Please follow our social media for regular updates on rescues & adoptions.

Facebook: https://www.facebook.com/hopeforpawscalifornia
Instagram: https://www.instagram.com/hopeforpawsrescue/

Thank you so much!

Eldad
CEO, Hope For Paws.","","United States"
"Danny Go!","5230000","Music! Dancing! Learning! Bears! 🤸🏻‍♂️🐻👨🏻‍🔬💃🦹🏾‍♂️

“Danny Go!” is a live-action educational children’s show filled with music, movement and silliness. Created in 2019 by 3 childhood friends in Charlotte, North Carolina, the show inspires learning and off-the-couch exercise for kids ages 3 to 7. 

Here’s what you’ll find in our videos: 
 +  Catchy, upbeat dance-along songs that kids AND parents can enjoy together
 +  Kindergarten-level learning (math basics, vocabulary, science experiments)
 +  Basic lessons about friendship, kindness & respect
 +  Good-natured silliness and fun
 +  Real-life exploration (i.e. animal shelter, fire station, trampoline park)","","United States"
"Kritter Klub","5220000","Kritter Klub - Animal in Crisis and Before & After Makeover! 

Looking for some animal stories? You are at the right place!

We're Korean animal lovers who have been filming critter stories from 2001 until now.
Join the klub by subscribing to our channel, 
and meet many animals who are being rescued and gets their makeover! 

*We are the official, international channel for SBS Animal*","","United States"
"NowThis Impact","5210000","The issues you care about.

Subscribe to our other channel!
NowThis: http://www.youtube.com/@nowthis","","United States"
"Super Simple Play with Caitie!","5210000","Preschool songs and activities with Super Simple’s star singer and musician, Ms Caitie! 
Caitie helps her classroom friends around the world achieve milestones and preschool skills through song, dance, and play! 
From the creators of Super Simple Songs, Ms Caitie provides interactive screen time that keeps kids moving, learning, and gaining skills from ABCs, 123s, to social emotional development, to simple speech and motor skills.

 The Ms Caitie Promise: ALL of Ms Caitie’s content is produced with love and care and offers a unique, gentle pace for young learners. Rest assured, children will have the time they need to grow and develop skills that will serve them into their bright future.","","Canada"
"CNBC-TV18","5200000","About CNBC-TV18: India's leading business news channel, CNBC-TV18 offers the most comprehensive coverage of businesses, the economy and the financial markets. Catch all your favourite shows, exclusive videos, big-ticket interviews and more here. n18oc_business


You can also connect with CNBC-TV18 News Online
Catch the latest news: https://bit.ly/2YbpXBM


Follow CNBC-TV18 round the clock: https://www.cnbctv18.com/live-tv/


Stay updated with all the market action: https://www.cnbctv18.com/market/


Follow experts on the most vital topics: https://www.cnbctv18.com/expert-views/


Subscribe to our Channel: https://bit.ly/3nvEcxf


Like us on Facebook: https://www.facebook.com/cnbctv18india/
Follow us on Twitter: https://twitter.com/CNBCTV18News","complaint@nw18.com; CNBCTV18digitalads@nw18.com; CNBCTV18DigitalNews@nw18.com","India"
"Simple History","5110000","Welcome to the Official Simple History Channel. Simple History® visualizes the past, bringing history to life through animation. 

Witness how people lived throughout history: their culture, developments in technology, epic battles and events.

Explore what it was like to be in the trenches of the First World War, a plundering pirate in the Caribbean or a factory worker in the Industrial Revolution! 
Created by Daniel Turner (B.A. (Hons) in History, University College London) 

Have a business proposition such as a sponsorship proposal? get in touch by email below!
For business enquiries: sponsorsimplehistory@gmail.com
Fan mail/art: simplehistorycommunity@gmail.com
Discord server: 
https://discord.gg/JZsPQXHeYC

Simple History started in September 2013 with its first book title 'Simple History: WWI'. 

Copyright: DO NOT reupload our content on Youtube or other social media without expressed permission.","sponsorsimplehistory@gmail.com; simplehistorycommunity@gmail.com","United States"
"TODAY","5100000","TODAY is your destination for the latest news and entertainment, exclusive interviews, podcasts, original video series, and expert advice on wellness, parenting, food, and more. Your day starts here.","",""
"SpyCakes","4900000","Hey, how's it going Spy here! Join me as I adventure through games like Wobbly Life, Garry's Mod, Minecraft and much more. 

Stay Sweet!","","Canada"
"CBC News","4750000","As Canada's national public news and information service, the CBC is committed to a set of values that include accuracy, fairness, balance, impartiality and integrity.
Since the 1930s, CBC News services have kept Canadians at home and abroad informed about their communities, their country and the world. CBC/Radio-Canada is the country’s largest news organization, employing several hundred journalists in Canada and around the globe. Our stories appear on CBC Television, CBC Radio, the CBC News Network, CBCNews.ca and other digital platforms.","abby.hughes@cbc.ca","Canada"
"HeavyDSparks","4660000","Do you wanna see the real side and personal lives of Heavy D and Diesel Dave  from Diesel Brothers and experience some of the wildest vehicles, stunts, and pranks the world has ever seen?...if your answer is no, go follow Dr Phil, if your answer is yes....hit that SUBSCRIBE button now!","majestylcranch@gmail.com; info@heavydsparks.com","United States"
"Evan Carmichael","4650000","Welcome to #BelieveNation, the only channel that helps you believe in yourself daily, one video at a time.

I’m Evan Carmichael, and I’m on a mission to solve the world’s biggest problem: people don’t #Believe in themselves enough.

Here, you’ll get daily videos to build your belief, unlock your potential, and take bold action toward your dreams.

Make it your daily habit. Watch one video a day, and step into the person you were born to be.

#Believe","jeremy@evancarmichael.com; zan@zantheman.com; orders@evancarmichael.com","United States"
"Toddler Fun Learning","4590000","Welcome to the ultimate destination for fun and educational videos for babies, toddlers, and children 🎉📚! Sing along to our delightful kids' songs 🎶, or watch and learn with our engaging learning videos for toddlers. Together, we can learn to count 🔢, master our ABCs 🔤, and so much more.

🚚🎨 Gecko's Garage is a vibrant edutainment series designed for children aged 2 to 5. Subscribe now for a playful and educational playlist that sparks curiosity and fuels the love of learning in your little ones. Let the learning adventures begin! 🌈🔧 #GeckosGarage #EducationalFun #PreschoolLearning

Check out the best Gecko's Garage songs: https://GeckosGarage.lnk.to/CompleteCollectionYT!About","","United Kingdom"
"Dodo Kids","4270000","Introducing Dodo Kids! A NEW channel on YouTube that’s all about positivity from the most loved animal brand in the world.

Dodo Kids is THE place for kids (preschoolers and up) who love animals and who love to see furry, funny, heartwarming, inspiring, exciting and playful animal stories.


On this channel you will:

Hang out with Roman, a kid who’s rescued SO MANY dogs!

Meet Khula the rhino and his best friend - a goat named Imbuzi!

Sing and dance with Butterfly Guy (a guy who REALLY likes butterflies). 

See REAL baby foxes being rescued. 

Meet kittens, puppies, lambs, goats, cows, dolphins, rhinos, turtles, old dogs, young dogs, baby chicks, birds, monkeys, deer and ALL the other animal stars from The Dodo. 

Come back every week for NEW Dodo Kids videos!","","United States"
"60 Minutes","4180000","""60 Minutes,"" the most successful television broadcast in history. Offering hard-hitting investigative reports, interviews, feature segments and profiles of people in the news, the broadcast began in 1968 and is still a hit, over 50 seasons later, regularly making Nielsen's Top 10.

For licensing inquiries, please contact: footage@cbsnews.com","footage@cbsnews.com",""
"MAD LAB","4130000","","","United States"
"Paul Cuffaro","4090000","25 year old who loves animals and creating content with friends!! Watch me build my backyard into something crazy!!","","United States"
"Wild Animal 247","4090000","Welcome to the YouTube channel ""Wild Animals 247"" - a place to capture emotional moments in animal rescue and protection. Here, we want to connect people with nature and animals, to raise awareness of protecting the common environment. Our goal is to make people love and respect animals more through sharing authentic stories of animal rescue.

At ""Wild Animals 247"" we bring you videos of our dedicated, professional, passionate team of volunteers rescuing animals that are in trouble, being abused, or facing challenges. mortality risk. Each of our videos follows volunteers throughout the rescue process, from locating the animals to bringing them back to a rehabilitation and care center, to help them recover quickly and be healthy. chance to return to the wild.","","United States"
"Cesar Millan","3610000","Cesar Millan's Official YouTube channel!

Join Cesar every week around his ranch and on the road to get an inside look at what life is like outside of what you've seen on TV! From insider training tips, to Q&A's, to just having fun, make sure you subscribe to become part of Cesar's YouTube family! 

For more information, tips, resources and articles, visit https://www.cesarmillan.com","","United States"
"House Technology","3480000","House Technology is the YouTube Channel witch show you about building the house by hand especially rescue pet and animal from dangerous place or animal who face at risk by human activity or natural and diseases to care, feed and build them the beautiful house by hand and ancient skills.

My purpose is to show people around the world that the pets and animals should be defended by humans and we have to give them care and love.
Also, I would like to share my talent and creative ideas in pet's house building and pet's yard creating and make good environment for them.","","India"
"CRUX","3470000","CRUX is your daily video news guide to the big events that are shaping our world. We track news, geopolitics, diplomacy and defence strategies and explain how they shape national policies. Crux makes sense of global developments, and analyses their impact on daily lives.","","United States"
"Girl With The Dogs","3470000","Hello, my name is Vanessa. I have been grooming pets professionally for 14 years. Thanks to YouTube, I now groom peoples pets in exchange for a charitable donation to local dog rescues. Thank you for watching my content and helping me help pets in need.

PO Box:
Box 328
St. David's, Ontario
L0S 1P0","","Canada"
"The Urban Rescue Ranch","3430000","I bought a crackhouse and dump and turned it into a Certified wildlife rehabilitation facility and farm sanctuary for exotic (hunted) livestock in central Texas.","","United States"
"Blippi World","3410000","Welcome to Blippi World !

A place where kids can explore the world with everybody's best friends, Blippi. Learn how does a recycling truck work. What a baker does. What the best playground is. There are so many exciting things to explore and learn. Feed your kids’ curiosity while they learn about vehicles, animals, the natural world and so much more. Blippi helps children‘s understanding of the world and encourages vocabulary development. Blippi loves visiting exciting places such as children’s museums and the zoo! He loves singing, dancing, playing and exploring. His contagious curiosity engages young viewers in learning adventures that help them both grow and develop.

Don't Forget to Subscribe for more Blippi Fun!
https://www.youtube.com/channel/UC1VCt1ecU8In4va9F27ElbQ?sub_confirmation=1

Brand New Blippi Episodes Every Saturday!
https://youtube.com/playlist?list=PLzgk_uTg08P-2LCpM-FK-_Mhb7anv2fBY&si=RrivKCxCqJ8COo3N","","United States"
"Leo the Wildlife Ranger - Official Channel","3340000","Subscribe for weekly new animal adventures, best rescues, exciting wild discoveries, to learn about the jungle and have fun too!: bit.ly/SubLeoWildlifeRanger 

Here on the ""Leo the Wildlife Ranger"", we will learn about animals, their animal behaviour, the places they live in, the food they eat, and everything in between! 

Come join Leo, Katie, Hero the puppy and Ranger Rocky bring you the best of our mini episodes (minisodes), animal diaries, cartoon compilations and more.

Don’t forget to click SUBSCRIBE and hit the bell icon!

#animals #kidscartoons #leothewildliferanger #animalcartoon #wildanimals #learnanimals","","Singapore"
"CBS Mornings","3320000","Each weekday morning, ""CBS Mornings” brings you the latest breaking news, smart conversation and in-depth feature reporting. Watch ""CBS Mornings"" on weekdays at 7 a.m. ET on CBS and stream it at 8 a.m. ET on the CBS News app.

For licensing inquiries, contact: licensing@veritone.com","licensing@veritone.com",""
"CNA","3240000","Welcome to the official CNA YouTube channel.

Based in Singapore, CNA covers global developments with an Asian perspective. Come to us not just for the latest news, but also documentaries, expert analysis and stories behind the headlines.

Our correspondents are based in major cities across Asia, including Kuala Lumpur, Jakarta, Bangkok, Tokyo, Seoul and Beijing, as well as in New York, Washington D.C. and London.

Hit the subscribe button to be notified when we upload fresh news clips and documentaries on YouTube, or bookmark cna.asia for the top headlines, insightful reads and more videos.

And tap on the Community tab and tell us what you’d like to see more of! https://cna.asia","","Singapore"
"PBS Eons","3210000","Join hosts Kallie Moore, Michelle Barboza-Ramirez, Gabriel Santos, and Blake de Pastino as they take you on a journey through the history of life on Earth. From the dawn of life in the Archaean Eon through the Mesozoic Era — the so-called “Age of Dinosaurs” -- right up to the end of the most recent Ice Age.

Produced in collaboration with PBS Digital Studios: http://youtube.com/pbsdigitalstudios","","United States"
"The Kelly Clarkson Show","3150000","Have a great day, and if it’s not…change it! 🩷","","United States"
"Wild Kratts","3000000","'@WildKratts
#WildKratts

The Kratt Brothers leap into animated action in Wild Kratts, a new half-hour adventure comedy from the creators of the hit show Kratts’ Creatures and Zoboomafoo. In each episode, Chris and Martin Kratt travel to a different corner of the world to meet amazing new animals.

Join the Wild Kratts for a laugh-out-loud adventure, as Martin and Chris activate their creature power suits to rescue their animal friends!","",""
"Little Fox - Kids Stories and Songs","2940000","Welcome to the Little Fox channel of fun animated stories for kids. From traditional fairy tales that have been loved for many generations to classic stories that are recognized worldwide for their literary value, kids will learn natural and authentic English with our stories. Visit our website, www.littlefox.com, for more stories.","","United States"
"Forrest Galante","2930000","Forrest Galante is a world-renowned wildlife biologist and TV Host. His mission is to inspire and educate people about animals and adventure through the media, including hosting programs on Discovery Channel, on-camera expert interviews, and production of his own wildlife and natural history shows.","","United States"
"Alaska Violet","2810000","⭐️use star code: ALASKA⭐️

For BUSINESS enquires email:
alaskaviolet@fixated.com

Roblox: Alaskaviolett
Tiktok: Alaskaviolett
Instagram: Alaskaviolett
Roblox Group: ALASKIANS","alaskaviolet@fixated.com",""
"CNA Insider","2690000","Real people, real stories across Asia. 

CNA INSIDER - WHERE TO FIND US!
Website: https://cna.asia/cnainsider
Instagram: https://www.instagram.com/cnainsider/
Facebook: https://www.facebook.com/cnainsider/
YouTube: https://www.youtube.com/cnainsider

The CNA Digital team welcomes constructive feedback on our coverage.
However, please observe these house rules for our comment section:
1. No personal or defamatory attacks on our staff or other YouTube viewers
2. No harassment of any kind
3. No foul language
4. No derogatory comments on race, religion, gender, politics
5. No advertisements and/or sales messages
6. No spamming or flooding of posts
7. No posting of potentially libellous material
8. No posting of personal details such as addresses or phone numbers
9. No explicit or pornographic content
Our team reserves the right to delete posts, add expiry dates to and/or remove content or ban users who persistently post objectionable content.","","Singapore"
"Peepal Farm","2684849","Peepal Farm is a stray animal rescue and an awareness organization, working to help animals heal and heard.
We are located in Village Dhanotu, Distriict Kangra, Himachal Pradesh","","India"
"Let’s Get Moving - Kids Activities!","2660000","Welcome to Let’s Get Moving - Kids Activities, where kids get moving! 🕺🏊🤸‍♀️

Move and dance along with some of your favorite characters like Blippi, Baby JJ, Mia, and More! Get stronger and healthier with them on sports adventures, dance parties, and other fun exercise activities. 

Subscribe Below: 
https://www.youtube.com/channel/UC42yByOQxxicqUZhWXX0vzA?sub_confirmation=1

Watch our playlists: 

Kids Songs by CoComelon
https://www.youtube.com/watch?v=PC-IJQjIglk&list=PLT1rvk7Trkw6-eCetnOs60kLGdmcHhyj0

Nursery Rhymes by CoComelon
https://www.youtube.com/watch?v=yPOYVpoxg_8&list=PLT1rvk7Trkw55UcI5ijZ_4QmsKqYSSXEq

Blippi Sink Or Float: https://www.youtube.com/watch?v=astwv4c_iP0

Blippi Makes Healthy Fruit Popsicles: https://www.youtube.com/watch?v=CxKN-Aab3U0

And Let's Get Moving! 🚵⛹️🏂","",""
"Abram Engle","2660000","https://beacons.ai/abramengle","",""
"ABC News (Australia)","2620000","Welcome to the official ABC NEWS channel. As well as our 24-hour live stream, we also livestream breaking news events (make sure you subscribe and tap the bell so you don't miss any important notifications).

This channel also features regular news updates from the Australian Broadcasting Corporation. Our programs include 7.30, The Business, Insiders and The World.

If you're looking for our long-form programs Foreign Correspondent, Four Corners and Australian Story, head over to the ABC NEWS In-depth channel: https://www.youtube.com/c/ABCNewsIndepth","","Australia"
"Jackson Galaxy","2600000","AKA The Cat Daddy AKA the person who knows and loves all cats - including yours!

Once upon a time, I  was a working musician who took a job in a shelter, developed something I call  Cat Mojo, and I’ve spent the past 30 years preaching it everywhere - in houses like yours, in classrooms, on stages around the world, on TV, in the middle of the street - and right here. 
OH - and books! I also write books!  ""Total Cat Mojo,” Cat Daddy,” and the New York Times Bestsellers ""Catification"" and “Catify to Satisfy.”
I also make cat products, because, well, your cats need better stuff! 

#bonding  #cat #adoptdontshop #catbehavior","support@jacksongalaxy.com","United States"
"Like Amagic","2590000","UNCOMMON DIY IDEAS ❣️ 
❣️ Subscribe!❣️ 
🌈Самые НЕОБЫЧНЫЕ  DIY ИДЕИ 🌈
❣️  Подписывайся🐱 🌈🔼

COOPERATION  :  amagiclike@gmail.com","amagiclike@gmail.com","United States"
"Penguin Gaming","2530000","hello guys, 
my name is Lin. I am a big fan of video games, and i like strategy games and some tricky games and league of legend.
 
hope you enjoy your stay, sry i am embarrass of speaking English in public cause my accent.. and feel free to ask any questions and subscribe me  : ) .","","United States"
"Ocean Conservation Namibia","2520000","Thank you for watching our videos! 
Ocean Conservation Namibia is dedicated to the protection of Namibia's marine wildlife. OCN was started by Naude and Katja Dreyer in January 2020 to create global awareness of ocean and plastic pollution and it's horrible and avoidable impact on animals and specifically seals. OCN is based in Walvis Bay, Namibia. 
All videos are owned by Naude and Katja Dreyer.","info@ocnamibia.org","Germany"
"Beastly","2450000","Welcome to Beastly – the new, all-action channel formerly known as Barcroft Animals. Every week Beastly will bring you the biggest, scariest creatures on the planet – from lions to leopards, pitbulls to pythons; from apex predators snapped in the wild, to the ferocious beasts some people call pets in the home. Beastly will be the home of hit shows like Dog Dynasty and Beast Buddies, and will celebrate the new breed of young conservationists putting animals – and the planet – first. For the very biggest, and best, in animals, adventure and the environment visit Beastly – the channel that puts the king in animal kingdom.

For licensing and archive requests, please email the licensing team: licensing-archive@futurenet.com 

All our music comes from www.epidemicsound.com","licensing-archive@futurenet.com",""
"CTV News","2400000","CTV News is Canada's most-watched news organization both locally and nationally, and has a network of national, international, and local news operations.","dotcom@bellmedia.ca; news@bellmedia.ca; newschannel@ctv.ca; w5@bellmedia.ca","Canada"
"KidsBabyBus HD","2350000","We offer a wide range of learning categories to become your children's best companion to knowledge and fun!

Thank you for visiting our channel !!!","","United States"
"BBC World Service","2200000","👋🏽 Welcome to the official BBC World Service YouTube channel.
Whether you are looking for podcasts, documentaries, interviews or explainers, if you are interested in global stories, we hope you will feel at home with us.
Here you can watch your favourite podcasts and look forward to the best of the BBC World Service journalism, from culture and entertainment to undercover investigations, science, history and all the big issues of our time.
All our videos have subtitles that can be translated into the language that suits you best.
We can’t wait to share our stories with you. Come join us!","worldservice.letters@bbc.co.uk","United Kingdom"
"WFAA","2180000","WFAA (Dallas–Fort Worth) is your source for breaking news, Texas weather, traffic, and live coverage in Dallas, Fort Worth, and across North Texas. 

Get the latest updates from the WFAA team — from major local headlines and investigations to severe weather, community stories, and the moments everyone’s talking about.
Watch live newscasts, stream breaking coverage, and catch up on the top stories shaping Dallas, Fort Worth, Arlington, Plano, and surrounding communities.

Subscribe for:
• Dallas–Fort Worth breaking news + live updates
• Texas weather forecasts, storms, and severe weather alerts
• Investigations and accountability reporting
• Community stories across North Texas
• Major events, sports, and local explainers

WFAA — Dallas–Fort Worth news and weather, live and on demand.

🔗 More: https://www.wfaa.com","","United States"
"Localish","2180000","Good food. Good people. Good living.

Localish is all about bringing out the good in America’s cities. Our locally-sourced stories transcend city limits so you can live like a local wherever you go.

Created by ABC and the ABC Owned Television Stations.","","United States"
"Redmon Kids! Songs & Stories","2140000","animation channel of Redmon!!
Upload the fun and fantastic contents
Fun songs! 
Touched stories! 
Safety and good habits

Enjoy all the fun things on Youtube REDMON channel!! 
Thank you~","","United States"
"Ellie Thumann","2090000","hiii - just a 24 year old gal living in charleston and documenting all the in between","","United States"
"Nat Geo Kids","2040000","Step into wonder with new videos every week with facts about science, animals, and more! Subscribe to Nat Geo Kids magazine: natgeo.com/ytkidsmagazine

Fuel kids' curiosity with magazines designed to inspire and empower children ages 3 and up: natgeo.com/ytkidsmagazine

➡ Subscribe: https://www.youtube.com/@natgeokids

Watch the newest videos on Nat Geo Kids YouTube here: https://www.youtube.com/playlist?list=PLQlnTldJs0ZQExTCjWSXXkCdfSvpjT5cO","","United States"
"Blippi and Meekah Best Friend Adventures","2030000","Come explore the wonderous world of Blippi and Meekah! Join Blippi and Meekah on their educational adventures across colorful playgrounds and play places, cool field trips to theme parks and waterslides and learn some cool science experiments and arts and crafts. Get ready to travel with best friends all across the world.  There are so many exciting things to explore and learn. Feed your kids’ curiosity while they learn about colors, numbers, vehicles, animals, and most importantly, what it means to be a good best friend.

Make sure to subscribe for more Blippi and Meekah Best Friend Adventures videos ► https://www.youtube.com/channel/UCj-GAUi7XDsAF2BJ7IBqLdg?sub_confirmation=1

Music ► https://blippi.lnk.to/BlippiCompleteCollectionYT
Instagram ► https://www.instagram.com/blippi
Facebook ► https://www.facebook.com/Blippi 
TikTok ► https://www.tiktok.com/@blippi
Moonbug ► https://www.moonbug.com/about","","United States"
"Periwinkle","2020000","Welcome to the official channel of Periwinkle.

Being digitally empowered is the new way of life, and at Periwinkle, we wholeheartedly embrace this notion.
We believe that e-learning makes education an interactive, engaging and fun activity, thereby helping in higher and long-term knowledge retention.

Our channel consists of e-learning videos for Kindergarten to Class 5 on Songs, Rhymes, Stories, English, Grammar, Math, Science, Social Studies, Hindi, Environmental Science, General Knowledge, Information Technology, Origami and much more.

With voice and illustrations, the videos infuse a spark of life into the words of textbooks. An enriching and self-paced learning experience, these videos handpick examples from everyday life along with great quality content, to be a comprehensive learning tool for children all around the world.","","India"
"Real Wild","1900000","From the stealthy hunts of lions to predatory sharks, Real Wild documentaries will take you around the world, exploring the wonders and the dangers nature has to offer from the depths of the ocean to land's deadliest creatures

Real Wild is part of the Little Dot Studios network.","owned-enquiries@littledotstudios.com","United States"
"Weylie Hoang","1750000","🌸 hello, thanks for stopping by!","","United States"
"Kitten Lady","1740000","Hannah Shaw is an award-winning kitten rescuer, humane educator, and New York Times bestselling author who has dedicated her life to innovating kitten care and protecting the most vulnerable felines. Her project, Kitten Lady, provides educational media, training resources, and instructional workshops that help individuals and animal shelters learn how to save the lives of kittens--in a fun and engaging format.

Shaw is the author of Tiny But Mighty, Cats of the World, Kitten Lady’s Big Book of Little Kittens, Kitten Lady’s CATivity Book, the Adventures in Fosterland chapter book series, and Cat Got Your Tongue?

Shaw is also the founder of Orphan Kitten Club, a 501(c)3 charitable organization transforming the landscape of kitten welfare in America through shelter grants, ethical pediatric research, and the hands-on care of vulnerable neonates. Her nonprofit has provided more than $3 million in targeted funding to shelters to build innovative programs that save little lives.","ecanders@penguinrandomhouse.com; hpoole@penguinrandomhouse.com; katie.baral@unitedtalent.com; kittenladyevents@gmail.com; myrsini@arcliterary.com","United States"
"Girl With The Dogs 2","1720000","Welcome to the sister channel of the original Girl With The Dogs. We are so happy to have you here. At this channel you can find full-length grooming videos, and enjoy a more personal experience of pets being pampered.","","Canada"
"SciShow Kids","1700000","From the team behind the YouTube series SciShow comes SciShow Kids!

Join host Jessi, her robot rat friend Squeaks, and all their friends at the Fort as they explain fun, complex science concepts for young, curious minds. Whether conducting experiments, researching new questions, or talking with experts, there’s always something new to discover with SciShow Kids, no matter what your age!

SciShow Kids is streaming on Peacock and Roku! Just search for SciShow Kids to watch a special selection of our favorite compilations. New episodes of SciShow Kids will continue to be posted on YouTube.

SciShow Kids is ideal for early-elementary learners, Grades 1-3, and most episodes are structured around the Next Generation Science Standards (NGSS) curriculum.","","United States"
"ABC Learning English","1680000","We post a new video every day to help you learn English free. Our videos cover a range of topics, including vocabulary, grammar, pronunciation, listening, and speaking skills. 
Additionally, extra videos are published throughout the week, so make sure to visit the channel daily to see what's new. Your comments are appreciated and read with pleasure, but kindly use English when commenting. 
For more English-learning videos and content, visit https://youtube.com/@ABCLearningEnglish.","","Vietnam"
"The History Guy: History Deserves to Be Remembered","1650000","History that deserves to be remembered. If you love history, this is the channel for you! Stories of forgotten history, all between five and fifteen minutes long.

Episodes are posted Monday, Wednesday and Friday mornings. 

I have always loved history and believe that history does not have to be boring.

At its heart, history is story telling, and I believe that it should be told with passion and genuine love for the material.  History might be tragic, it might be comic, but it is the story of who we are, and we should not be afraid to enjoy that story, and be moved by it.

I live in the American Midwest, talk too fast but am working on that, and tie my own bow ties.  Yes, the hats in the background are mine.

Topic suggestions are always welcome. Send them to Suggestions@thehistoryguy.net
Fan mail is welcome at:  PO Box 1473, O'Fallon, IL 62269
Join our community at https://thehistoryguyguild.locals.com/","Suggestions@thehistoryguy.net","United States"
"McCann Dog Training","1650000","We will help you to have a well-behaved dog. On the McCann Professional Dog Training channel, we will help YOU to have a well-behaved four-legged family member. In our training facility, we have helped more than 100,000 dogs to be good family members!

Looking to send us your dog product so we can check it out? 
Mail to: 
Ken Steepe, 
929 Brock Road, 
R.R #4 Flamborough, 
Ontario, L9H 5E4","","Canada"
"The Big Cat Sanctuary","1621105","The Big Cat Sanctuary in Kent is a centre dedicated to the conservation of wild cats, with the objectives of rescue, welfare, breeding, education and conservation. The initiatives undertaken are a vital part in saving some of the planet’s most endangered and iconic species from extinction. 

The Sanctuary is proud to have contributed to the accredited global breeding programmes as well as donating to in-situ conservation projects. The centre offers personal big cat experiences including overnight stays, photography workshops, ranger days and educational tours.

Please note we are not open to the public, but you can visit our cats by booking one of our Open Days or exclusive experiences at www.thebigcatsanctuary.org","","United Kingdom"
"Universal Jr.","1620000","Join the fun on Universal Jr. where you can find lovable characters, world-class animation, nursery rhymes, and curious monkeys.","","United States"
"PETA (People for the Ethical Treatment of Animals)","1580000","You are watching Animal Rights Television®.

People for the Ethical Treatment of Animals (PETA) is the largest animal rights organization in the world, and PETA entities have more than 10 million members and supporters globally.

PETA opposes speciesism, a human-supremacist worldview, and focuses its attention on the four areas in which the largest numbers of animals suffer the most intensely for the longest periods of time: in laboratories, in the food industry, in the clothing trade, and in the entertainment business. We also work on a variety of other issues, including the cruel killing of rodents, birds, and other animals who are often considered “pests” as well as cruelty to domesticated animals.

PETA works through public education, investigative news gathering and reporting, research, animal rescue, legislation, special events, celebrity involvement, and protest campaigns.

Ready to get active for animals? Check out http://www.PETA.org","","United States"
"Shweta Sutar Wildlife Rescuer","1530000","Hello everyone I'm Shweta here☺️🙏🏻
Hope you all enjoy my videos😇
Save Snakes, Save Nature, Save Life😇🙏🏻


Contact me here for collaboration:
shweta.wildlife.07@gmail.com","shweta.wildlife.07@gmail.com",""
"NOVA PBS Official","1520000","Blowing your mind since 1974.

NOVA is the most-watched primetime science series on television reaching an average of five million viewers weekly. The NOVA website has been pioneering new forms of web-original content since it debuted in early 1996. NOVA's online presence amplifies the impact of its programs, with a website that garners well over a million visitors each month, and with audiences on Facebook, YouTube, Twitter, and more. NOVA's mission is to make science accessible to viewers so that they can better understand the world around them. 

NOVA is produced by GBH Boston and airs Wednesday nights at 9/8c on most PBS stations.

NOVA's content is made possible by viewers like you. Support your local PBS station here: https://pbs.org/donate/

For licensing inquiries email stock_sales@wgbh.org","stock_sales@wgbh.org","United States"
"44 Cats - English","1520000","Welcome to the Official 44 Cats YouTube Channel! 🐱✨

Join the adventures of the most pawsome musical band in town: the Buffycats! Meet Lampo, the brave leader; Milady, the master of cat-fu; Pilou, the sweetest kitten; and Meatball, the funniest and hungriest of the group! 🎸🐾
Living in Granny Pina’s Garage, our four furry friends use their unique superpowers—and the energy from Granny’s legendary noodles—to help friends in need and protect the city from the mischievous Boss, Blister, Scab, and the catcatchers!

On this channel, you will find:
🎬 Full Episodes and the best clips from the series
🎶 Catchy Kids' Songs and nursery rhymes to sing and dance along
🧸 Fun Toy Videos and unboxing adventures
🎨 Creative DIY crafts and activities for the whole family

Subscribe now and ring the bell to stay pawsome with us every day! 🔔🐾","","United States"
"KTLA 5","1500000","KTLA 5 in Los Angeles covers breaking news, weather and traffic for L.A., Orange, Riverside, San Bernardino and Ventura counties. Serving Southern California since 1947. Watch KTLA for free with the KTLA+ app for Roku, Fire TV, Apple TV and Samsung Smart TV's, and on YouTube TV.","","United States"
"Alexander Studios","1460000","Welcome to Alexander Studios!

My name is Alexander and I make Lego stop-motion animations. I try to make high quality brick films at 15 fps, so it may take a while before I publish a new video, but I’m always working on one ;)

By the way, if you like the custom vehicles appearing in my videos make sure to check out my MOC- (my own creation) videos. There’s a great chance you find a stop-motion tutorial of a vehicle you’re interested in.

And of course, if you don’t want to miss my next video, make sure to subscribe!","","Netherlands"
"Kiddopedia","1380000","Kiddopedia is a YouTube channel to find family-friendly educational videos. Our videos are intended for children as well as for adults to help them learn about different subjects such as animals, countries, flags, famous artworks, and English vocabulary. We are using lists of video clips and photographs and talk over them to bring the best educational value for our audience. In some of the videos, we add entertaining features as well as quizzes to make our videos more interactive and fun.

We have two small children at home. We show our videos that are targeted to children first to our own kids to get their reactions. We believe that the quality content is very important for the early development of their brain and association capabilities.

All Content - Copyright 2023. All rights reserved.","","Germany"
"FOX 11 Los Angeles","1360000","Welcome to the official FOX 11 Los Angeles YouTube page. Find us on FOX 11 and www.foxla.com. We cover local news, traffic, weather, sports and celebs with the entertainment industry. You can now steam FOX 11 Los Angeles with no cable subscription or login required on the FOX LOCAL app, available on your smart TV! Enjoy in-depth reporting about current events in your community. Stream coverage of the biggest stories 24/7 for FREE on issues that matter to you—including breaking news, traffic, weather forecasts, politics, sports, health and more.

With FOX LOCAL, you can watch FOX 11 Los Angeles locally produced programming live on your TV without cable or a TV provider – 100% FREE.","","United States"
"TheMeanKitty","1360000","If you like the Topic of Cats you are in the right place. Funny cat videos are what we make!  If you love cats, silly skits, experiments, cute animals, weird sounds, songs about cats (The Mean Kitty Song) or anything having to do with small furry creatures that do funny things then this channel is for you!

Meet Sparta!  He's best known from his first viral hit ""The Mean Kitty Song"" which now has over 90 million views here on YouTube.  He's a Bengal mix, born in May 2007.  We rescued each other in July of 2007.  Sparta love stalking, wrestling, crunchy toys, playing fetch and being held like a baby.

Buy your kids a copy of Sparta's Awesome Book - https://goo.gl/2QZ2TV

MEET THE REST OF OUR FAMILY:
► We make family vlogs! • https://www.youtube.com/LiveEachDay","","United States"
"Big Cat Rescue","1340000","Big Cat Rescue is on a mission to create a world where wild cats live free—not behind bars, not on leashes, and never as pets.

We’ve already helped make history by championing the Big Cat Public Safety Act, ending private ownership and public handling of big cats in the U.S. But our work doesn't stop at the border. We're now funding conservation projects around the globe to protect wildcats from the deadly threats of poaching, trafficking, bushmeat, and habitat loss.

Get ready to embark on a journey of discovery, compassion, and action. Together, let's strive for a world where all wild cats live freely and in harmony with nature. Subscribe, share, and be part of this incredible journey. #bigcatrescue #bigcattv #conservation

For all enquiries, please contact us at: 360@bigcatrescue.org","360@bigcatrescue.org","United States"
"Miracle Animal Rescues","1340000","Miracle Animal Rescues is on a mission to change the way we see saving animals and our planet! We create AI-powered videos based on real rescue stories that shine a light on animals in need and inspire action. Watch short, emotion-filled videos or dive into long, detailed stories. From dramatic rescues to heartwarming recoveries, join us in celebrating the hope and connection between people and animals. Subscribe and be a part of our movement! #AIforAnimals #MiracleAnimalRescues #AnimalRescueMission #KindnessToAnimals #AnimalRights","","United States"
"Wildlife SOS","1336120","From our humble 30 years ago, Wildlife SOS has grown to be one of the premier wildlife rescue organizations in the world. 
At Wildlife SOS, we focus on protecting India’s wild animals in their natural habitats as well as on rescuing and caring for orphaned, injured and exploited wildlife. We operate two rescue centers for elephants, five for bears, one for leopards, and one for birds and primates. 

Our videos give you behind the scenes look at our rescue operations, our animals, and our programs. Subscribe today to be notified when we post something new!","","United States"
"Hammad Pet House","1330000","DISCLAIMER:
This video is for educational, informational, and entertainment purposes only.
DO NOT TRY THIS AT HOME. The activities shown in this video should not be copied, repeated, or attempted without proper knowledge, experience, supervision, and safety precautions. Animal behavior can be unpredictable and may vary depending on the situation.
We do not support, promote, or encourage animal cruelty, violence, abuse, neglect, or any harmful behavior toward animals or humans. Any scenes involving animals are shown for educational, documentary, and awareness purposes only.
The health, safety, and welfare of all animals featured in this video are our top priorities. Viewer discretion is advised, and all actions are performed responsibly with respect for animal well-being.","hammadstore2026@gmail.com","Saudi Arabia"
"Eamon & Bec","1320000","simply living ✨




Instagram:
@eamonandbec

For Business Inquiries please email business@eamonandbec.com","business@eamonandbec.com","Canada"
"GeoBeats Animals","1320000","Inspiring, positive stories about humans being good to animals.","","United States"
"Maya","1280000","🌍🦅💚 Founder of Alveus Sanctuary 💚🦅🌍

-----------🐦Socials📷-----------
►Twitch: https://twitch.tv/maya
► Twitter: https://twitter.com/mayahiga
► Instagram: https://www.instagram.com/maya_higa
► Tiktok: https://www.tiktok.com/@maya_higa
► Facebook: https://www.facebook.com/profile.php?id=100069788830678

-----------🐍🦅Alveus Sanctuary 🦜🐓-----------
►Website: https://www.alveussanctuary.org/
►YT: https://www.youtube.com/AlveusSanctuary
►Twitter: https://twitter.com/AlveusSanctuary 
►Instagram: https://www.instagram.com/alveussanctuary/ 
►TikTok: https://www.tiktok.com/@alveussanctuary 
►Twitch: https://www.twitch.tv/alveussanctuary

channel managed by DannyDV 🐱","","United States"
"Flying The Nest","1260000","Subscribe for family travel vlogs from Flying The Nest... 

Hi, we are Stephen, Jess, Hunter and baby Koa, a full-time travelling family vloggers on YouTube.  We have been documenting our life ever since leaving home and travelling full time around the globe. We want to inspire others to venture out, explore, take risks and go on your own adventure!

We have a passion for travel & videography and create ""travel series"" sharing everything from where to stay, what to see and where to eat when travelling the world. 

We run a travel blog over at www.flyingthenest.tv if you want to see more from Flying The Nest.","management@flyingthenest.tv","Australia"
"Howl Of A Dog","1240000","Howl Of A Dog is a nonprofit animal rescue organization - www.HowlOfADog.org.
Our commitment is to rescue abandoned, homeless, neglected and abused dogs (and other animals) from the streets or from local kill-shelters and to find them suitable loving forever homes. At the same time, our efforts aim to build a more compassionate and responsible society, develop education programs for the young generations and support neutering/spaying campaigns in order to reduce dog overpopulation in Romania.

To help us rescue more homeless animals and find them forever homes please visit: http://www.HowlOfADog.org

PayPal: donate@howlofadog.org
Email: contact@howlofadog.org
Website: www.howlofadog.org
Facebook: www.facebook.com/HowlOfADog
Twitter:  twitter.com/HowlOfADog
Instagram: www.instagram.com/howlofadog

Thank you!
Howl Of A Dog Organization - Resita, ROMANIA
Registration Number 33570458","contact@howlofadog.org; donate@howlofadog.org","Romania"
"Will Atherton Canine Training","1230000","Will Atherton Canine Training
Educational and informative videos from Will Atherton covering everything you could possibly want to know about training your dog.","","United Kingdom"
"The Wild Adventure Girls","1200000","We’re Angelina, Annabella, and Scarlett—three sisters taking on scary overnights, wild challenges, and adventures that test our courage and our patience with each other.

Come for the adventure. Stay for the sister chaos.

New videos every week.

Instagram: https://www.instagram.com/wildadventuregirls
TikTok: https://www.tiktok.com/@thewildadventuregirls
Facebook: https://www.facebook.com/thewildadventuregirls
Twitter: @WildAdventure03","thewildadventuregirls@gmail.com","United States"
"CBS New York","1200000","CBS New York is your source for local news across the Tri-State. Stream 24/7 on the CBS News App or PlutoTV.

Subscribe on YouTube: https://cbsloc.al/3PvbA5c
Download our app: https://apps.cbslocal.com/new-york/
Stream live: https://cbsloc.al/3CsUX3X
Follow us on Instagram: https://cbsloc.al/48limCX
Like us on Facebook: https://cbsloc.al/3PqCcEj
Follow us on TikTok: https://cbsloc.al/3EH0vsH
Follow us on Twitter: https://cbsloc.al/46fkdY7","desk@cbs2ny.com; wcbstvcaptioning@cbs.com; wlnytvcaptioning@cbs.com; Newyorkpartnerships@cbs.com; zanger@cbsnewyork.com","United States"
"Gentle Storm Horse Sanctuary","1190000","Gentle Storm Horse Sanctuary exists to rescue horses trapped in auction pipelines and facing slaughter in Mexico.
These horses often come from lives of neglect, overwork, abuse, and abandonment — sold through auctions and pushed toward slaughterhouses with no voice and no time left.

We are the gentle storm that steps in.
When chaos, fear, and cruelty surround them, we intervene with urgency, compassion, and unwavering commitment.

At our sanctuary, rescued horses receive:
• Emergency rescue from auctions and slaughter routes
• Medical care, rehabilitation, and trauma recovery
• Safety, patience, and respect
• A chance to heal after the storm has passed

They have survived the storm.
Now they deserve gentleness.","","United States"
"CBS LA","1160000","We Are Yours
We do more than just report the news, we tell impactful stories that matter to you. We are invested in helping build a better future for Southern California. This is our home. We Are Yours.","",""
"Elearning Studio","1160000","Welcome to the official YouTube channel of E-Learning Studio. Subscribe to our channel and browse through our popular, animated video rhymes, stories and educational content for pre schoolers. E-Learning Studio has prepared a series of 2D animated Nursery Rhymes especially for pre schoolers between the ages 1-4 to introduce little ones to the world of ABC, numbers, shapes, colors, and
more! With our baby rhymes , little ones learn to focus and take independent steps while playing and dancing, giving you time to relax and enjoy the moment! E Learning Studio will entertain your child while teaching so much! E Learning Studio is always happy to hear from you! Please share your feedback on our learning Videos in the comments section, or through our social media profiles:","","India"
"KHOU 11","1160000","KHOU 11 (Houston) is your source for breaking news, Texas weather, traffic, and live coverage in Houston and across Southeast Texas. Get the latest updates from the KHOU team — from major local headlines and investigations to severe weather, community stories, and the moments everyone’s talking about.
Watch live newscasts, stream breaking coverage, and catch up on the top stories shaping Houston, Sugar Land, The Woodlands, Galveston, and surrounding communities.

Subscribe for:
• Houston breaking news + live updates
• Texas weather forecasts, storms, and severe weather alerts
• Investigations and accountability reporting
• Community stories across Southeast Texas
• Major events, sports, and local explainers

KHOU — Houston news and weather, live and on demand.

🔗 More: https://www.khou.com","","United States"
"Paw Squadron","1140000","❤️ We are Paw Squadron and our mission is to rescue change the lives of stray & abandoned animals

❤️ Animal Rescue
❤️ Veterinary Care
❤️ Food & Shelter

❤️ Help us rescue more animals in need
❤️ PayPal https://www.paypal.com/donate/?hosted_button_id=68UVR775K6MVG
❤️ Patreon https://www.patreon.com/pawsquadron
❤️ YouTube Membership https://www.youtube.com/channel/UCxaNGRFsS06rPm5u5VPs_Ug/join
❤️ Super Thanks
-------------------------------------------------------------------------------------
❤️ For Adoptions https://www.pawsquadron.com
-------------------------------------------------------------------------------------
╔═╦╗╔╦╗╔═╦═╦╦╦╦╗╔═╗
║╚╣║║║╚╣╚╣╔╣╔╣║╚╣═╣ 
╠╗║╚╝║║╠╗║╚╣║║║║║═╣
╚═╩══╩═╩═╩═╩╝╚╩═╩═╝
-------------
#PawSquadron #Puppy #Rescue #Dogs #AnimalRescue #Animals","","United States"
"This Esme","1140000","Horses, country living, fashion and beauty 

www.thisesme.com
Instagram @this_esme
TT @this_esme
business: grace@thisesme.co.uk


Thank you so much for supporting my channel it means so much to me. x","grace@thisesme.co.uk","United Kingdom"
"WPLG Local 10","1100000","South Florida News, Weather, Entertainment, Sports and more from WPLG Local 10. Local 10 is the No. 1 news station covering the Miami-Fort Lauderdale market, including Broward County, Miami-Dade County and the Florida Keys.","","United States"
"Hannah Feder","1090000","Just a girl surrounded by animals and crazy adventures. Come join me and my wild animal family!","","United States"
"Ali Rescue Pets","1090000","Every animal deserves a chance to live in safety, free from hunger, pain, and neglect. I'm Ali, an animal rescuer and I made it my mission to do everything I can to provide that chance.

Me and my team rescue, shelter, feed, and care for animals that have nowhere else to turn. Many are injured, sick, abandoned, or in urgent need of help. Every rescue is different, but our goal is always the same: to give them the care, protection, and dignity they deserve.

I'm the one who receives the funds which are being spent on the many costs involved in continuing our work, including:

• Animal Care
• Medical Equipment and Treatment
• Rescue Operations and Transports
• Shelter Infrastructure
• Operational Costs
• Volunteer & Staff Support","","Egypt"
"Humane World for Animals","1080000","For over 70 years, Humane World for Animals—formerly called the Humane Society of the United States and Humane Society International—has worked to tackle the root causes of animal cruelty and suffering and create permanent change. With millions of supporters and work happening in over 50 countries, we address the most deeply entrenched forms of animal cruelty and suffering by working on the biggest problems and creating long-term solutions. We tackle the root causes of cruelty by shifting human behavior and advocating for policy change, making change at scale. We work across borders, bringing diverse expertise to the most complex issues, and doing it all with a compassionate and welcoming approach. We work to end the cruelest practices, care for animals in crisis and build a stronger animal protection movement. Join us in building a better world for all animals!  

#HumaneWorld #EndAnimalCruelty","adminau@humaneworld.org; aroseti@humaneworld.org; countrydirectorpoland@humaneworld.org; infoeurope@humaneworld.org; mpluda@humaneworld.org; rtombrock@humaneworld.org; sgleason@humaneworld.org; supporter-deutschland@humaneworld.org; supporter-italia@humaneworld.org; bcortes@humaneworld.org; dsanchez@humaneworld.org; erica.martin@humaneworld.org; india@humaneworld.org; infocanada@humaneworld.org; infosouthafrica@humaneworld.org; infouk@humaneworld.org; jchae@humaneworld.org; latinamerica@humaneworld.org; phuongth@humaneworld.org; toliveira@humaneworld.org; whiggins@humaneworld.org","United States"
"Novella","1060000","Hello Everyone! We post videos to make your day a little better! So subscribe now with notifications turned on 🥳","soderbusiness@gmail.com","United States"
"Viktor Larkhill","1030000","We rescue critically injured animals who have run out of options.

I’m Viktor Larkhill, founder of Let’s Adopt International. We specialize in Extreme Rescue: complex cases requiring advanced veterinary medicine, surgery, rehabilitation and long-term care.

On this channel, you will see the entire journey, from rescue and diagnosis to recovery at the Great House and, whenever possible, the extraordinary home waiting at the end.

These are real animals, real medical decisions and real second chances. We document the truth because rescue does not end when the camera stops.

Subscribe and become part of the international community making these rescues possible.

For deeper updates and to help us keep saving lives, join Let’s Adopt on Patreon through the link below.
https://www.patreon.com/LetsAdopt","","United States"
"Love Medical","1020000","Welcome to the Love Medical YouTube channel! 

🇬🇧 Catch full episodes of your favourite medical shows on discovery+: https://play.discoveryplus.com/","","United Kingdom"
"FOX 4 Dallas-Fort Worth","1020000","Dallas news, weather, sports and traffic from KDFW FOX 4, serving Dallas-Fort Worth, North Texas and the state of Texas

News Tips: kdfw@fox.com
Good Day: goodday@fox.com","goodday@fox.com; kdfw@fox.com","United States"
"Dogs Inc","1000000","Our extraordinary dogs transform lives throughout the country—at no cost to recipients. What makes our pups so special? Top-notch pedigrees and countless hours of training and love. Guide dogs turn darkness into light for people with vision loss. Service dogs restore freedom for veterans. Skilled companion dogs heal the broken hearts of those struggling with loss. And they never ask for anything in return. Neither do we. We offer our clients their loyal friends, expert instruction, and lifetime support free of charge—thanks to big-hearted donors and volunteers.","","United States"
"Moonbug Kids - Learning Songs For Kids","999000","Welcome to Moonbug Kids  - Learning Song Loops Cartoons where you can find all of Moonbug’s best learning and Educational songs in one hub! 

With NEW VIDEOS EVERY WEEK, there’s always something fresh for you to watch so make sure to subscribe so you don’t miss out!
https://www.youtube.com/channel/UCFykZ2P03eDm6LiiB9ixwdg?sub_confirmation=1

And check out our other fun channels!

Links:
Cocomelon Music: https://cocomelon.bio.to/ICanDoItYT

#cocomelon  #lellobeecityfarm  #forkids #littlebabybum #education","","United States"
"Learn Bright","990000","Thank you for visiting the Learn Bright YouTube page.  Learn Bright is focused on providing educational videos for kids that are fun and engaging but that also teach the topic properly and accurately.  We are passionate about education and helping kids learn!  Our channel is designed to support parents who homeschool their kids as well as teachers who are looking for resources in a traditional classroom. 

In addition to the videos you can see on our channel we also provide a full catalog of comprehensive K-6 Lesson plans on Science, History, Math, Reading, and Language Arts.  We work hard to make sure everything we provide is high quality and quite simply FUN for the kids. You can find our resources at https://learnbright.org/","","United States"
"Our Stories","985000","Welcome to Our Stories, your home on YouTube for our exciting range of fly-on-the-wall style documentaries and special access reality programmes which will give you an inside look into the everyday lives of people; exploring what life is like for those working in education, healthcare, policing and many others!

Content distributed by ITV Studios.","","United Kingdom"
"Rachael Ray Show","941000","Food, lifestyle, celebrities and more! We’ve got your clips and tips on our official YouTube channel. Plus, see when Rachael is on in your area here: http://www.rachaelrayshow.com/show-info/showtimes/","","United States"
"CAT MAN CHRIS","938000","Hi, my name's Chris Poole and I'm a crazy cat guy! (and proud of it) … I'm also owned by internet kitties Cole & Marmalade. This channel will be full of clips of the dynamic duo, along with so much more, like vlogs, cat rescue, BIG cat videos, animal welfare vids and reviews.

I hope you enjoy the videos and as always thanks fur watching :)

Contact me: coleandmarmalade@gmail.com","coleandmarmalade@gmail.com","United States"
"fuslie","916000","HELLOOO THERE! I’m fuslie (pronounced fooz-lee) or Leslie! I stream and make vids here on YouTube :D I love to play games, hang out with my friends, my community, and sing 🥰 Thanks for supporting my content and consider subscribing 😏?","teamfuslie@unitedtalent.com","United States"
"Lighthouse Horror","906000","Welcome to the channel! New scary stories released every week. 

For business inquiries, please use the email below ↓↓","Lighthousehorrorstories@gmail.com","United States"
"Free School","900000","FreeSchool is a safe and friendly place to expose children to famous art, classical music, children's literature, and natural science in an age-appropriate and kid-accessible way. 

FreeSchool is educational, enriching, and entertaining! Subscribe here and never miss an update - or, if you prefer, visit us on Facebook! https://www.facebook.com/watchFreeSchool","","United States"
"Lennon The Bunny","896000","✰ ABOUT ME ✰
➭ My name is Lennon and I'm a lady rabbit!
➭ I'm 9-years-old and my momma, Lorelei Carlson, makes videos 
to help others learn about rabbit care. 
➭ L.A. born and raised 🌴
➭ Spayed & Potty trained
➭ Breed: Havana mix / Vienna gene

✰ FOLLOW US ✰
➭ Lennon's instagram: http://www.instagram.com/lennonthebunny
➭ Lorelei's instagram: http://www.instagram.com/loreleicarlson
➭ 2nd youtube channel: https://www.youtube.com/LoreleiCarlsonTV

✰ IMPORTANT ✰ 
➭ Bunnies are lots of hard work and they deserve love and respect
➭ They are not recommended for small children 
➭ They don't belong in cages
➭ Consider adopting from your local rabbit rescue or shelter  

✰ DISCLAIMER ✰ 
➭ Lorelei is not a vet. Please contact a rabbit-savvy vet for any medical emergencies. 
➭ Always monitor your rabbits around new products or environmental changes.

* Want us to try your product? Send us an email! *","","United States"
"Cuddle Buddies","891000","Helow! Please, subscrab 🐾 to our channel 💚

Cuddle Buddies is where animals find their unique voices. They can be goofy and deep, we just let the animals speak. 

We create videos of amazing animals, and show how animals see the world around them. Heartbreaking stories, funny animal videos, rescue missions — with a fresh perspective. All the stories published on Cuddle Buddies were created together with the animal owners, with their permission and involvement. 

Cuddle Buddies was created in 2022 under the leadership of Iegor Bakhariev. And we are proud to see how the project grew from a small YouTube channel to one of the biggest animal media. Every day our team is working on bringing unique animal stories to the public. Please support us if you can. 

We’re constantly searching for new stories and new partnerships. So if you are an animal organisation, a media or you have a story to tell, you can reach out to us by the links bellow.👇","iegor.bakhariev@gen.tech; olena.kononchuk@gen.tech; cuddlebuddies.channel@gmail.com","United States"
"Dog Rescue Shelter, Serbia","881000","Dog Rescue Shelter established in 2007, is one of few Serbia’s largest non-profit, no-kill animal shelters.  We have placed over 300 dogs and cats, since we opened our doors. We are located in Mladenovac city, just one hour south of Belgrade and easily accessible to all of Serbia. Being open 7 days a week makes the adoption of a pet convenient for the general public and enables us to place all homeless dogs and cats who urgently need help.
Life on the streets is very hard and risky. Some of stray dogs have a luck to live a long life because they have people who take care of them, but some dogs are poisoned or trampled by a car and die.
In our shelter 350 adult dogs, 20 puppies and 20 cats currently residing, rescued from the streets. So many dogs from the streets needed help and safe place in the shelter.
We need YOUR continued dedication and financial support. We are not funded locally or federally, we rely solely on private donations to keep our shelter doors open.","","Serbia"
"The Golden Kobe Family","872000","On a mission to rescue as many dogs as possible

We have 2 dogs, our Golden Retriever Kobe and Doberman Moki who both help us along the way!

📧 goldenkobefamily@apollomgmt.co","goldenkobefamily@apollomgmt.co","United Kingdom"
"FOX 9 Minneapolis-St. Paul","834000","Minneapolis-St. Paul breaking news, Minnesota weather, traffic and sports from FOX 9, serving the Twin Cities metro, Greater Minnesota and western Wisconsin. Official home of Minnesota Vikings football.","bill.greep@fox.com; fox9news@fox.com; fox9news@foxtv.com; jason.sirek@fox.com; Master.Control9@fox.com; nate.zinnel@fox.com; programming9@fox.com","United States"
"6abc Philadelphia","825000","Welcome to the 6abc Action News YouTube channel, where you can find stories and video that matter to the Delaware and Lehigh Valleys.

Action News has been the region's number one news source for decades on television, and we're excited to continue that relationship with you right here in YouTube.

Don't forget, you can be part of the Action News team too.  Send us your video using #6abcAction or by email to JoinTheAction@6abc.com .","JoinTheAction@6abc.com","United States"
"Australia Zoo","820000","Welcome to the official Australia Zoo YouTube Channel. Here you can stay up-to-date with all things Australia Zoo, the Irwin family and Wildlife Warriors. Come along on a wild ride with us as you gain access to Irwin adventures, never before seen Crocodile Hunter footage and loads more. Join our Australia Zoo family and dive into missions with the Wildlife Warriors team on the frontline. Steve and Terri Irwin’s vision has always been to make Australia Zoo the biggest and best wildlife conservation facility in the world. 

New content posted every week! Subscribe for free to the ultimate video experience for all Wildlife Warriors.","info@australiazoo.com.au","Australia"
"The Asher House","818000","Here to help people have better days & give animals the best life in the world.  Thank you for being a part of it.❤️","rescue@theasherhouse.com; development@theasherhouse.com; donations@theasherhouse.com; merch@theasherhouse.com; adopt@theasherhouse.com","United States"
"Gareth Leonard","792000","Insider Updates & Travel Hacks👇","hello@garethleonard.com","United States"
"Click On Detroit | Local 4 | WDIV","756000","The latest breaking news, weather, sports, entertainment and other awesome things from Local 4 News and ClickOnDetroit.com from the Downtown Detroit, Michigan studios of WDIV-TV.","","United States"
"FOX 26 Houston","738000","Houston area news, weather, traffic, sports and breaking news from FOX 26 Houston. Watch news and local programming daily from KRIV.","jarrett.hale@fox.com; KRIVWEBDEPT@fox.com; KRIVWEBDEPT@foxtv.com; FOX26HoustonNews@fox.com; fox26houstonnews@foxtv.com; ralph.rendon@fox.com; ralph.rendon@foxtv.com","United States"
"Tamron Hall Show","733000","From the deeply moving to the purely fun, “Tamron Hall” is a daily destination for all things topical and a platform for viewers to connect with the people who are shaping our world through meaningful, engaging, and entertaining conversations. As a new mom, a newlywed, and a survivor who is proving you can accomplish anything at any age, Tamron Hall brings a refreshing, relatable, unpredictable, and unstoppable voice to television.

Broadcast from New York City featuring a dynamic mix of live and taped shows, “Tamron Hall” airs across the country in national syndication.","","United States"
"Howdini","710000","Howdini is the go-to source for how-to videos from the experts you trust.  Topics include health, beauty, food, entertaining, pets, travel, sex, green living, and more.

Howdini is a registered trademark of Diginary Holdings.","","United States"
"CBS Miami","701000","Welcome to the official YouTube channel for CBS Miami, South Florida's home for Breaking News, NEXT Weather, and Community Journalism. Let's Talk! We Are Here For You. ➡️ Message Us With News Tips.

Streaming 24/7 at CBSMiami.com
Like us on Facebook: https://www.facebook.com/CBSMiami
Follow us on Twitter:  https://twitter.com/CBSMiami","","United States"
"For the Love of Kitten Rescue","698400","✨It’s Good Mornings✨

Welcome to @fortheloveofkittenrescue! My name is Mary (some call me Dr. Mary, PhD), and I am your host and creator of chaos. By day I am the President/Executive Director/Founder of Miss Dixie’s Kitten Rescue in South Carolina. By night I am usually asleep because I am in my thirties and we need our rest.

This channel (I hope) will take you on the journey of kitten rescue in the south. From vlogs to educational videos to just a silly goose time, I hope to bring awareness to the important work of animal rescue/welfare, teach you some things and laugh a little a long the way.

Enjoy!

Donate to Miss Dixie’s Kitten Rescue:

https://www.classy.org/give/599787/#!/donation/checkout

You can follow me on other platforms here:

TikTok: https://www.tiktok.com/@fortheloveofkittenrescue
Instagram: https://www.instagram.com/fortheloveofkittenrescue
Facebook: https://www.facebook.com/fortheloveofkittenrescue
Patreon: https://www.patreon.com/Fortheloveofkittenrescue","","United States"
"Goat Daddys","690000","Goat Daddy's is a Grade A Goat Dairy, 501c3 animal sanctuary, and Airbnb located in central South Carolina. Nubian and Nigerian Dwarf goats make up the herd of nearly 60 goats and their high butterfat and eager browsing habits are what give the cheese its phenomenal taste. In addition to being a farm, Goat Daddy’s has worked with local vets, DNR, and rescues over the years and aided in providing a forever home to a plethora of animal species ranging from avian, camelid, equine, and reptiles.","","United States"
"EducationalVideos","659000","AARAMBH LEARNING FOR BEGINNERS
Welcome to the official channel of Aarambh For beginners ""EducationalVideos"" ! 
Aarambh is a free education initiative to educate students all around the world through online learning that is home based school. 
I believe that e-learning makes education an interactive, engaging, and fun activity, thereby helping in higher and long-term knowledge retention.
My channel consists of e-learning videos for Class 1to 10 school children on, English, Science, Social Studies, Environmental Science, G.K, Essays & Speeches  and much more.

Get Your Fun & Educational Worksheets!""
👉🏻 Click to message on WhatsApp : https://wa.link/eke4ka

The videos on my channel will definitely benefit the students 
Official email Id:
aarambhforbeginners@gmail.com

WhatsApp : https://wa.link/eke4ka

Personal email Id:
jasleenkaur.narula@yahoo.com

For youtube consultation Email
jasleenkaur.narula@yahoo.com

Follow my instagram
https://www.instagram.com/aarambhforbeginners/","aarambhforbeginners@gmail.com; jasleenkaur.narula@yahoo.com","India"
"Alveus Sanctuary","635000","Alveus is a 501(c)(3) nonprofit organization functioning as a wildlife sanctuary & virtual education center, aiming to unite online users for conservation! 🌎","alveus@loaded.gg; mayahiga@alveussanctuary.org; contact@alveussanctuary.org; grants@alveussanctuary.org; opensource@alveussanctuary.org","United States"
"CBS Chicago","628000","CBS News Chicago: For the Love of Chicago. Bringing you breaking news, weather, compelling exclusive content and award-winning investigative reports from the CBS News Chicago Investigators. 

Subscribe to CBS News Chicago on YouTube: http://www.youtube.com/user/cbschicago

Livestream CBS News Chicago 24/7: https://www.cbsnews.com/chicago/live/

CBS News Chicago on Pluto TV: https://pluto.tv/en/live-tv/62cdc75b1a1cbd0007ed45dc?gclid=CjwKCAjw0N6hBhAUEiwAXab-TbSSi4Fh_IPmF_dWkGjJt7KM9K2wzqpWTwK3NUIppzjF5uEMvbt1xhoCfYIQAvD_BwE

CBS News Chicago website:  https://www.cbschicago.com

Facebook: https://www.facebook.com/cbschicago

X (Tritter): https://twitter.com/CBSchicago

Get the CBS News App: https://apps.cbslocal.com/chicago/","licensing@veritone.com","United States"
"Denver7","623000","Denver, Colorado In-depth video news from Denver7 and Denver7.com. 

Subscribe to get the latest Denver and Colorado news from Denver7 on YouTube:
https://bit.ly/3eUxzEf

24/7 streaming Denver7 news. Watch on your computer or phone anytime: 
https://www.denver7.com/live

Denver7 News is home to in-depth and breaking news and weather across Colorado and stories of hope and positivity from Denver7 Gives on Denver7.com. 

Read the headlines anytime: https://www.denver7.com/

Live stream Colorado weather anytime, 24/7 from Denver7:
https://www.denver7.com/liveweather","","United States"
"KING 5 Seattle","611000","KING 5 News (NBC Seattle)

Seattle Leading Local News: Weather, Traffic, Sports & More

See Seattle through new lens with our flagship YouTube series, Local Lens Seattle! 


[KING 5 Media Group, a TEGNA company]","","United States"
"ReelTime Animal Rescue","608000","Welcome to ReelTime Animal Rescue! 🌍💚 We are dedicated to animals and compassionate living!

Join the world’s first live-streaming network exclusively for animal welfare. ReelTime Animal Rescue is your gateway to real-time rescues, inspiring rehabilitation journeys, and joyful rehoming or release moments for domestic animals, equines, wildlife, raptors and wildlife worldwide. 

But there’s even more! Explore plant-based and vegetarian recipes from skilled chefs, encouraging a compassionate lifestyle that benefits both you and the planet. Our network spans 35 U.S. states and 7 countries, connecting animal lovers, chefs, and animal welfare organizations in a shared mission.

Subscribe to join this impactful global community and hit the Notification Bell to stay connected to every uplifting moment. Passionate about animal welfare, cooking, or rescue stories? Let’s connect! Find out more on our website: reeltimeanimalrescue.com","","United States"
"Animal Rescue","601000","Welcome to Animal Rescue Channel!

CHANGING THE WORLD!

We will upload the stories OF animals rescued and we do hope all the videos would be the best of inspiration, motivation stories to people around the world to pay more attention to save animals from being stray, homeless, neglected, abused or from difficult condition to give them better life and love.

May God bless all rescuers and everyone who always saved animals from any situation and we pray for all animals.

For copyright issues, please contact us by email at JamesRuddpp@gmail.com for credit editing or for removing clips/videos. We will fully follow the content owner decision. Thank you for your understanding.","JamesRuddpp@gmail.com","United States"
"MLive","589000","MLive.com is the top source for news, sports, business and entertainment across the great state of Michigan. In addition to the latest breaking news and features in the Great Lakes State, check out videos from Michigan and Michigan State athletics, as well as the Detroit Pistons, Detroit Red Wings, Detroit Lions and Detroit Tigers.","","United States"
"ABC15 Arizona","584000","This is the official YouTube channel for ABC15 Arizona, delivering the latest Phoenix local news and weather. We look to uplift Arizona with good news stories, and our investigations help fight for what's right. 

We are Everything Arizona: Breaking News, Weather, Investigations and more.","","United States"
"Rapid Rashmi","584000","Rapid Rashmi – More Than Just a Voice

Rapid Rashmi is a Kannada channel bringing you Celebrity Interviews, Music Videos, Vlogs on Travel, Life, and everything in between.

Known for her express unpredictability and razor-sharp wit, Rashmi won Bengaluru’s heart for 15 years as one of the most loved voices on 92.7 Big FM.

Today, she continues her journey as a performer and creator — with over 3,500 live shows across the globe and playback singing in movies like Deal Raja (and more yet to release).

Don’t miss Mixed Strings — our very own Kannada unplugged music video series, where two soulful songs merge to create pure magic.

Subscribe and follow to be part of this journey!
FB- https://www.facebook.com/RapidRashmiOfficial/

Instagram: https://www.instagram.com/rapidrashmi/","","India"
"Sharla in Japan","581000","Hi I'm Sharla, I've been living in Japan for 15 years. 
This channel is for livestream content from Japan! 🇯🇵
Walking street tours, exploring interesting locations, Q&A about life in Japan and more!
Hope to see you in the chat! 👋

Edited Japan videos are over on my MAIN CHANNEL: youtube.com/sharlainjapan

Banner Art by twitter.com/peachtabby 🍑","","Japan"
"CBS TEXAS","568000","Welcome to the official CBS Texas YouTube channel, serving the North Texas community with trusted journalism and impactful storytelling.

We cover:
Breaking local and national news
First Alert Weather and severe storm coverage
Investigative reports that hold leaders accountable
Community-driven stories that reflect North Texas

Subscribe to stay informed, prepared, and connected — wherever you are.","","United States"
"Our World","565000","Explore Our World and watch some of the most successful nature documentary series about the environment and the wonders and dangers nature has to offer. We will be posting some of the longest-running and most successful nature documentary series, revealing the trials and tribulations of life on Earth and often for the first time, the secrets of the natural world in all its wonder.

Content distributed by ITV Studios.","","United Kingdom"
"Rachel Fusaro","565000","Here to help you feed & train your dog, better based on what I've learned from experts

My favorite pet finds: https://www.rachelfusaro.com/shop
Dog Food List: https://www.rachelfusaro.com/dogfood

Facebook: www.facebook.com/rachelfusaro
Instagram: www.instagram.com/rachelfusaro

About me: After earning my Bachelor’s degree in Nutrition Science, I spent +10 years training rescue foster dogs and working in the pet food industry where I was surrounded by thought leaders in pet health (ie. Veterinarians, Canine Nutritionists, professional dog trainers, published authors…). I share what I've learned from them.

Disclaimer: none of my content is intended to treat, prescribe, diagnose, advise, cure or recommend. Please consult a professional trainer and veterinarian for any health, medical or behavior needs. I am not a veterinarian or professionally trained dog trainer. Content I share is based on my personal experiences. Some links/content contain affiliate or sponsored content and links.","Rachel@rachelfusaro.com","United States"
"Flatbush Cats","563000","Flatbush Cats is a 501(c)(3) nonprofit working to reduce the outdoor cat population in Brooklyn, NY. 

Follow us on Instagram for regular updates!  https://www.instagram.com/flatbushcats/

Learn more or donate at flatbushcats.org/donate

NYS License No. 554","","United States"
"Animal Cracker: Dr. Doug Willen","563000","Hi, I'm Dr. Doug Willen and I'm an animal chiropractor!

You may know me from my other Chiropractic Channel: ""House of Chiro"" where I work on humans in New York City. If you like shows like All Creatures Great and Small, you may like watching Animal Cracker as I work with animals in a different way. I post videos of my work with all types of animals; dogs, horses, pigs, chickens, cats, rabbits, cows, goats, and more.

Please Subscribe: https://www.youtube.com/channel/UCyzGslwGeHYbXiMefePIbPw?sub_confirmation=1
Follow me on Instagram and TikTok: @dr.doug_animalcracker

Sleep Apnea and Snoring Transformation ""Gym"": https://www.skool.com/exhalemethod/about

Free Masterclass: The Hidden Link Between Snoring, Mouth Breathing & Sleep Apnea
If you snore, mouth breathe, wake up tired, or rely on CPAP, this class is for you!

👉 Watch the full masterclass here:
https://drdougwillen.easywebinar.live/ExhaleMethod","drdoug@ellify.com","United States"
"Animal Shelter","559000","Is it true that the more developed our society, the more heartless we humans become? As more and more dogs are being abused, abused and abandoned by humans.
Dogs are our friends, they are always loyal and love us unconditionally. Whether we are rich or poor, we are strong or weak, they will be with us until the very end.
Animal Shelters is a place where animal lovers can meet and talk, listen to inspirational stories about dogs with extraordinary energy, and inspire people to fall in love with them.
If you can, please support the rescuers with the information described under each video.
We are working every day so that we humans have more love and faith in the beautiful life.","",""
"Love Furry Friends - Rescue Channel","558000","Welcome to our channel! 🐾

We are an animal rescue organization and shelter based in Ukraine.

Our journey began in 2018 with one animal-loving soul. Today, our mission is to rescue stray animals, provide medical care, and help them find loving forever homes.

🏠 About our shelter:
We care for many rescued animals every day. Some of them are waiting for their families, while others, due to age or health conditions, will stay with us for life and receive lifelong care.

💔 As the war in Ukraine began, many animals were left behind.
We continued rescuing those in need, but soon our facility became too small.

🙏 How you can help ⬇️🇺🇦

Please LIKE, SHARE, and SUBSCRIBE if you want to support our mission and see more rescue stories.

Every bit of support helps us continue our work.

To Support Us and Help more RESCUES:
https://www.paypal.me/LoveFurryFriends
Join us on Patreon:
https://www.patreon.com/user?u=69343933
Email:lovefurryfriends1@gmail.com","lovefurryfriends1@gmail.com","United States"
"SWNS","556000","Welcome to SWNS. We discover, create, and distribute original news content that drives engagement and revenue growth for the world’s leading media brands.

From breaking stories to compelling human interest features, SWNS delivers trusted, high-impact content that connects audiences with the stories that matter most.

Original. Verified. Engaging.

To license a video for editorial or commercial use, please contact video@swns.com","video@swns.com","United Kingdom"
"Ring","552000","Making Neighborhoods Safer

***
Ring’s YouTube channel House Rules

Ring will NOT allow any of the following: 
• Trolling/spamming
• Shaming or personal attacks 
• Personal identifiable information
• Solicitation of any material 
• Vulgarity
• Discrimination towards race/ethnicity, religion, gender, nationality or political beliefs 
• Any links outside of Ring.com or those affiliated with Ring

Only comments from the official RingYouTube handle with a Verified Checkmark should be considered a representative of Ring. Ring reserves the right to remove any post. We may ban any user at our sole discretion. House Rules are subject to update without notice. Ring is not liable or responsible for the content that you or other third parties post on our YouTube channel.","","United States"
"Monty Roberts","549182","Monty Roberts (born May 14, 1935) is the American horse trainer who promotes his techniques of natural horsemanship through Join-Up® International, founded in 1997 and named after the core concept of his training method. Roberts believes that horses use a non-verbal language, which he terms ""Equus,"" and that humans can use this gestural language to communicate with horses. In order to share his knowledge of horsemanship, Roberts has authored a number of books including an original best-seller, The Man Who Listens to Horses. Roberts also founded the Monty Roberts International Learning Center to teach his methods in Solvang, California, and an ""online university"" since 2009 to teach the concepts. See more of Monty's online videos at www.montyroberts.com","info@montyroberts.com; instructor@montyroberts.com",""
"News4JAX The Local Station","541000","News4JAX, WJXT4, The Local Station, News4JAX.com—the most trusted source for local news in Northeast Florida and Southeast Georgia. The Weather Authority keeps you safe with accurate forecasting for your neighborhood. The News4JAX Sports team tells stories of local athletes and the best analysis of your favorite teams. Anchors and reporters you trust, telling the story of the local community, everything WJXT does is with our community in mind. That’s why WJXT has been the market leader for more than 65 years.","abooth@wjxt.com; afrench@wjxt.com; ahatcher@wjxt.com; ar@grahammedia.com; aschiller@wjxt.com; asnody@wjxt.com; bbrownlee@wjxt.com; bhamilto@wjxt.com; captioning@wjxt.com; choltzman@wjxt.com; cwill@wjxt.com; cyauger@wjxt.com; dfox@wjxt.com; digitalteam@wjxt.com; engineer@wjxt.com; jasebes@wjxt.com; jbarney@wjxt.com; jharris@wjxt.com; jpurdy@wjxt.com; jstcyr@wjxt.com; jwaugh@wjxt.com; kashley@wjxt.com; kgarner@wjxt.com; kjustice@wjxt.com; mlawson@wjxt.com; mmccormick@wjxt.com; newstips@news4jax.com; newstips@wjxt.com; producer@wjxt.com; programming@wjxt.com; promotion@wjxt.com; rnunn@wjxt.com; sales@wjxt.com; sjohnson@wjxt.com; sports@wjxt.com; sspanos@wjxt.com; svitello@wjxt.com; tminor@wjxt.com; tsalameh@wjxt.com; weather@wjxt.com","United States"
"Vid Explan","536000","HIGGS-PM4JR 𝗛𝗲𝗹𝗹𝗼 Everyone, welcome! For business inq cont. : nextzencreation@gmail.com

VidExplan ID is your go-to source for valuable tips  Our focus on technical features, policies, guidelines, and rules of YouTube. Additionally. #Videxplan 

   **অনুগ্রহ করে আমাদের Business Mail: nextzencreation@gmail.com এই জিমেলে চ্যানেল সংক্রান্ত সমস্যাজনীত প্রশ্ন পাঠাবেন না। আপনার প্রশ্নের জন্য ভিডিও কমেন্ট সেকশন অথবা videxplan'এর অন্যান্য সোশ্যাল মিডিয়ার পেজ/প্রোফাইল ভিসিট করুন।","nextzencreation@gmail.com","India"
"Explore Live Nature Cams","532000","EXPLORE.org is the largest live nature cam network on the planet. We bring nature to you, raw, unscripted, and unedited. Enjoy the natural world as it unfolds in real time in front of our cameras. EXPLORE.org takes you to the most remote places around the globe, from the plains of Kenya, Africa to the riverbanks of Katmai, Alaska.

Explore Live Nature Cams will be sharing live animal cameras, live nature cameras, animal videos, compilation videos, meditation videos and more!

Explore is a philanthropic organization, dedicated to the purity of nature. We do not advertise for products or services on our channel

If you are an administrator and your organization or school is having difficulty watching our videos in ""Restricted Mode"", please follow these steps from Google: https://support.google.com/a/answer/6245597","","United States"
"Takis Shelter","532000","This is the Official Takis Shelter Channel

Takis Shelter is a no-cage, no-kill shelter in Ierapetra, Greece. In its everyday life, Takis Shelter rescues dogs and cats from the streets. These animals are either strays, have been abused, or have been in accidents and are in urgent need of help. The channel documents the rescue efforts, the daily life in the shelter, and the rehabilitation and adoption stories of these dogs and cats.

Legal information:
Legal name of NPO: STEGI PROSTASIAS ADESPOTON ZOON (Takis Shelter)

The channel is operated and managed by Takis Shelter NPO, based in Ierapetra, Greece.

Contact: contact@takisshelter.org

We receive revenue from YouTube advertising (YouTube Partner Program).

We do not receive public funding or advertising revenue from state authorities or third countries.","contact@takisshelter.org","Greece"
"Cats Of San Bernardino","525761","Cats of San Bernardino was started by Jaina and Ivy Spagis when they moved to San Bernardino in 2016
from Los Angeles. They were shocked that San Bernardino did not offer free spay and neuter
services like LA and realized that the feral situation in their new neighborhood was out of
control. They began trapping and spaying/neutering feral cats at their own expense, but soon
realized the problem was too big to tackle on their own.

They have converted their home into an animal sanctuary, providing space for kittens and their
mommas waiting for adoption, rehabilitation areas for recovering injured cats, play areas for
healthy cats. With the help of foster families in the city of San
Bernardino they have as many as 50 cats in their care at one time.Their dream is to one day
have a large property/facility which will help save thousands of more lives. This new property
would have catios, feral enclosures, a medical room, nursery, rehabilitation area, and adoption
center.","","United States"
"Home Revise","519000","Begin your learning adventure with Home Revise, the ultimate audio-visual learning platform for CBSE, ICSE and Maharashtra State Board students. 

Home Revise offers curriculum-mapped animated content for classes 1–12, developed by subject experts to make your learning fun, easy and memorable. 

At Home Revise, our commitment lies in making education accessible through simplified learning methods to deliver exceptional learning experiences.

To learn more, visit our website: https://www.homerevise.co.in/ or Call us on +91-8080 972 972

Download Home Revise Learning App for 5 days FREE Trial
App Link: https://homerevise.co.in/studyapp/  

Subscribe: https://www.youtube.com/user/homerevise1
Facebook: https://www.facebook.com/homerevise21
Instagram: https://www.instagram.com/_homerevise_
LinkedIn: https://www.linkedin.com/company/home-revise-education-pvt.ltd","customercare@homerevise.co.in; info@homerevise.co.in; sales@homerevise.co.in; support@homerevise.co.in","India"
"Wildlife Aid","503000","We are the Wildlife Aid Foundation, a charity rescuing and rehabilitating wildlife across the UK for more than 40 years.
For over 16 years we were featured on the TV show Wildlife SOS. We now share even more behind-the-scenes moments on YouTube from one of the UK’s largest wildlife rescue centres.

Have you ever wondered how a fox ends up stuck in a gate, or how rescuers retrieve a swan from a 50-foot tree? This channel gives you a closer look at the work involved in rescuing and caring for British wildlife.

Our founder, Simon Cowell, dedicated his life to wildlife rescue and his legacy continues through our team as they respond to wildlife emergencies every day. 

Subscribe to stay up to date with our latest rescues and wildlife care.

Website: http://www.wildlifeaid.org.uk/
Facebook: https://www.facebook.com/WildlifeAid
Twitter: https://twitter.com/wildlifeaid
Patreon: https://www.patreon.com/wildlifeaid","mail@wildlifeaid.org.uk","United Kingdom"
"Alveus Sanctuary Highlights","502900","Alveus is a 501(c)(3) nonprofit organization functioning as a wildlife sanctuary & virtual education center, aiming to unite online users for conservation! 🌎","alveus@loaded.gg; mayahiga@alveussanctuary.org; contact@alveussanctuary.org; grants@alveussanctuary.org; opensource@alveussanctuary.org","United States"
"ABC10","493000","News for Northern California - including weather, traffic, sports and Originals content. The YouTube home of ABC10 in Sacramento!","TEGNA@nimia.com; desk@abc10.com","United States"
"Shopify","489000","The entrepreneurship company.","","United States"
"12 News","476000","12News KPNX (Phoenix) is your source for breaking news, weather, traffic and live coverage in Phoenix and across the Valley. Get the latest updates from the 12News team—from major local headlines and investigations to severe weather, community stories, and the moments everyone’s talking about.
Watch live newscasts, stream breaking coverage, and catch up on the top stories shaping Phoenix, Scottsdale, Tempe, Mesa, and surrounding communities.

Subscribe for:
• Phoenix breaking news + live updates
• Arizona weather forecasts and severe weather alerts
• Investigations and accountability reporting
• Community stories across the Valley
• Major events, sports, and local explainers

KPNX—Phoenix news and weather, live and on demand.

🔗 More: https://www.12news.com","TEGNA@nimia.com","United States"
"KPIX | CBS NEWS BAY AREA","475000","Welcome to CBS News Bay Area

Subscribe on YouTube:  http://www.youtube.com/CBSSanFrancisco

Follow us on Twitter: @KPIXtv

Follow us on Instagram: @kpixtv

Like us on Facebook: https://www.facebook.com/CBSSanFrancisco","","United States"
"learning junction","473000","Welcome to the LEARNING JUNCTION on YouTube. This is a channel for everyone who wants to enjoy a wide range of animated videos. Your child however has multiple options to learn short stories, nursery rhymes, science lessons and jokes too....And everything in a fun and easy way.

Please support us by subscribing to our channel and don't forget to share the videos.

For videos go to: https://www.youtube.com/user/learningjunction/videos
Facebook page:  https://www.facebook.com/b4learningjunction?ref=hl

Thank you :)","","India"
"First Coast News","472000","The official YouTube channel of First Coast News, NBC 12/ABC 25 in Jacksonville, Florida.","",""
"ABC Australia","465000","Stories from an Australian perspective about people, places, politics, culture, wildlife and social issues.
 
The ABC is the independent source of Australian stories, conversations and culture. You can find more great content on our website https://www.abc.net.au.

International audiences can watch our programming via the free ABC iview app by downloading outside Australia only through Google Play https://ab.co/2q6T0YI and the App Store https://ab.co/2JvmZ3K.

Australian audiences can watch our programming on https://iview.abc.net.au/

THE FINE PRINT
Content may be moderated as per the ABC Online Terms of Use: https//about.abc.net.au/terms-of-use/ 
Some comments may be automatically held until we can get to them!","","Australia"
"KENS 5: Your San Antonio News Source","464000","Welcome to the official YouTube channel of San Antonio's Own KENS 5. Follow @KENS5 on your favorite social media channels. Download KENS 5+ on your TV to stream live newscast and watch special local programs for free!

Email your photos, videos and news tips to news@kens5.com or text them to 210-366-0020.","news@kens5.com","United States"
"Earth Rangers","460000","Earth Rangers is the go-to channel for young animal lovers! With heartwarming wildlife rescues, silly animal moments, and fascinating top 10s, you’ll never run out of things to watch. 

New videos released weekly so make sure to subscribe!

About Earth Rangers:
Earth Rangers is the kids’ conservation organization on a mission to create a generation of conservationists who are informed, hopeful, and empowered to take action. Our programs spark a lifelong commitment to protecting wildlife and the planet. With more than 400,000 members, we’re the largest kid-focused environmental organization in the world.

For any inquiries, please reach out to info@earthrangers.com","info@earthrangers.com","Canada"
"thegodfatherofdogs","460000","","","Bosnia & Herzegovina"
"Ivana Perkovic","424000","Travel and food videos is what you'll find on this channel. Hi! My name's Ivana, but you can call me Iv.  For more than 3 years I've been traveling and eating delicious local food around the world. My travel channel was created for you to be able to travel with me and introduce you to some amazing food. It's such a joy getting comments everyday of people who've also decided to travel as well. Trust me the food is all worth it!

Travel in India is something you can specifically find a lot of information of on this travel channel. India is my favourite country in the world. Also it won't be a surprise I absolutely adore Indian food. India is a phenomenal country and I simply can't get enough of travel here.  If you're planning on taking a trip to India I hope this channel helps you to plan for it.","travelvlogiv@gmail.com","Netherlands"
"FamilyTime","424000","Rekindle your love for classic TV, heartwarming films, and uplifting originals with our collection of timeless entertainment. Whether you're looking to introduce your children to your favorite childhood shows, or you're in the mood for something new and inspiring, our family-curated content has something for every generation. Indulge in free streaming access anytime and anywhere, making it easier than ever to enjoy quality family time. So why wait? Join us on a journey through the ages with our handpicked selection of family-friendly entertainment.

Check out our other social media accounts!
TikTok: https://tiktok.com/@familytime.tv
Instagram: https://instagram.com/FamilyTime.TV/
Facebook: https://facebook.com/FamilyTimeFree","","United States"
"CBS Philadelphia","423000","We serve more than the city of Philadelphia, and we deliver a lot more than news. Fiercely committed to the communities we serve, we’re covering and discovering the stories that impact your life.

From Center City and the Philly suburbs to Delaware and South Jersey, we're uncovering the heart behind the headline and investing in the communities we call home.

Subscribe on YouTube: http://www.youtube.com/CBSPHILLY
Check out our content: https://newsin.bio/cbsphiladelphia
Follow us on X: @CBSPhiladelphia
Like us on Facebook: https://www.facebook.com/cbsphiladelphia/
Follow us on TikTok: @CBSPhiladelphia 
Follow us on Instagram: @CBSPhiladelphia","cbs3viewermail@cbs3.com; stahl@kyw.com; bailey@cbs.com; newsdesk@cbs3.com; salesinfo@cbsphilly.com","United States"
"WCCO - CBS Minnesota","420000","Welcome to the official YouTube channel for WCCO News and CBS News Minnesota, your destination for everything local -- including breaking news and the best of Minnesota!  

Stream live worldwide on CBS Minnesota: https://wcco.com/live
Like us on Facebook: https://facebook.com/CBSMinnesota
Follow us on Twitter: https://twitter.com/wcco","","United States"
"WTHR","400000","WTHR 13NEWS is the news leader for Indianapolis and central Indiana. Get the latest news and breaking news.","","United States"
"KCRA 3","388000","KCRA 3 is Where the News Comes First in Northern California. Look to KCRA 3 for the latest breaking news, daily headlines, California weather, political coverage and more.  KCRA 3's viewing area includes the communities of Sacramento, Stockton and Modesto as well as the surrounding communities.","KGong@hearst.com.questions; Ashley.Zavala@hearst.com; fccinfo@fcc.gov; kcracaptioning@hearst.com; KGong@hearst.com","United States"
"dev naz Animal Rescue","381000","Hello! I'm Devnaz, an animal lover living in the beautiful district of Karataş in Adana, Turkey. Although I was born in Australia, my roots trace back to Turkey, and I'm dedicated to helping animals here. What started with my pet dog has now extended to street animals as well. On my YouTube channel, my team and I organize animal rescue operations, touching the lives of many creatures, including cats and dogs. Our goal is to share these meaningful stories with you, inspiring more people to help animals. Come on, join us in this amazing adventure and let's work together to create a better world!""

""Merhaba! Ben Devnaz,  YouTube kanalımda, ekibimle birlikte hayvan kurtarma operasyonları düzenliyor, kedi ve köpek başta olmak üzere pek çok canlının hayatına dokunuyoruz. Amacımız, bu anlamlı hikayeleri sizinle paylaşarak daha fazla insanın hayvanlara yardım etmesine ilham vermek. Hadi, gelin bu müthiş maceraya katılın ve birlikte daha iyi bir dünya yaratmaya çalışalım!""","","United States"
"How To Train A Dream Dog","380000","I help new puppy parents ditch the frustration and fix unwanted behaviors like biting, barking, jumping, and potty accidents using positive training that actually works. My goal is to help you raise a calm, well-mannered puppy that has a stronger bond with you. 

On this channel, you’ll find weekly videos covering real-life puppy challenges: crate training, leash skills, routines, enrichment, and more. Everything is designed to be practical, positive, and easy to follow.

With over 25 years of experience, I’ve helped thousands of families feel confident raising their dream dog. I know how overwhelming puppyhood can be, and I’m here to guide you every step of the way.

🎁 Grab my free New Puppy Starter Kit to get started: https://learn.howtotrainadreamdog.com/yt/new-puppy-starter-kit/","","United States"
"Paisley's Corner - Educational Videos for Kids","378000","Come learn through play with Silly Miss Lily in fun, family-friendly educational videos for kids. From baby and toddler learning to ages 1–5 and beyond, Paisley’s Corner offers fun learning adventures that are calm, engaging, and meaningful.

We explore science concepts like gravity, inertia, helicopters, and geodes, plus teach first words, baby sign language, ABCs, colors, shapes, nursery rhymes, and early reading, all in a safe, non-overstimulating space.

Created by a mom of two, homeschool teacher, and University of Washington business graduate, every video is thoughtfully designed to be educational, interactive, and parent-approved.

💡 Gentle but engaging, our videos use repetition, pretend play, and simple activities to help toddlers and preschoolers learn naturally through play.

We believe kids are capable of learning so much, and when learning feels fun and calm, it sticks.

Subscribe for family-friendly learning videos, toddler learning, and fun educational adventures 💛","","United States"
"PIX11 News","366000","PIX11 is New York's Very Own — and this page is your home for the best in tri-state news, weather and more.

New York's WPIX-TV (Channel 11) is seen in more than 10 million homes through over-the-air and satellite distribution. 

Learn more at www.pix11.com","","United States"
"Atrin and Soren with Nikan","361000","Fun and Educational Videos for Toddlers and Kids | Farm Animals, Wild Animals & Dinosaur Adventures! Welcome to Atrin and Soren with Nikan's Channel, your go-to spot for fun educational videos for toddlers and kids! Dive into exciting adventures featuring farm animals, wild animals, and dinosaurs—designed to make learning fun and engaging for young children. Our videos combine entertainment and education, sparking curiosity and wonder as kids discover fascinating facts about animals and dinosaurs.

Join Atrin, Soren, and Nikan, three adventurous siblings, as they explore the world of animals and prehistoric creatures. Whether at the zoo, a museum, or from home, your kids will learn about animals, develop empathy, and understand the importance of kindness and diversity.

This channel supports developmental milestones, encouraging learning through play and exploration. Subscribe now for a fun-filled, educational adventure with Atrin, Soren, and Nikan!","","United States"
"Cuddle Buddies TV","356000","Hey, fellow animal lovers!🐾

Cuddle Buddies TV is a project of our main channel Cuddle Buddies. 

Here, we share animal stories in a longer format — slow down and enjoy the full journeys of your fav animals! Easy to watch on TV,  on your phone, or to share with friends.
If you want to watch our shorter 3-minute stories, please check out our main channel 👉 https://www.youtube.com/@CuddleBuddiesChannel

All stories published on Cuddle Buddies TV are created together with animal owners, with their permission and involvement.

Cuddle Buddies was created in 2022 by Iegor Bakhariev, and we’re proud to see how the project has grown from a small YouTube channel into one of the biggest animal media. Every day, our team works to bring unique animal stories to the public. Please support us if you can.

We’re always looking for new stories and partnerships. If you’re an animal organization, a media outlet, or you have a story to tell, feel free to reach out using the links below👇","","United States"
"Arthurs Acres Animal Sanctuary","355556","Welcome to Arthur's Acres! Our mission is to rescue animals who have been abused, exploited or discarded, rehabilitate through patience, love, and respect, and to educate humans on cruelty-free life from daily choices. We also celebrate the individuality, personality and soul of each animal at our sanctuary. Meet some of our friends and follow their stories on our videos and lives!","ArthursAcresAnimalSanctuary@gmail.com","United States"
"Teddy Kitten - Rescue Center","350000","","","Pakistan"
"Robert Cabral","350000","DOG LOVERS...  This is the page for you!

Whether you are a casual dog lover, a seasoned trainer or somewhere in between, my YouTube channel has something for you! This is the best place to find my newest dog training videos, podcasts and more.    

I’ve worked with, trained and evaluated 1000's of dogs.  I have titled and trained obedience & protection dogs as well as pet dogs through my private dog training practice.

Through Bound Angels I instruct animal shelters, SPCA's and humane societies nationwide on canine behavior theory, behavior assessment, dog playgroups and more.   This instruction and knowledge of canine behavior and my rehabilitation techniques have saved countless thousands of dogs from shelters nationwide often giving them their only chance at adoption. 

I want you to have a happy and balanced relationship with your dog.   Let me help you!

My videos are  for all dogs, breeds;  puppies and adults.  

New content constantly added!","info@robertcabral.com","United States"
"NBC4 Washington","342000","Working 4 You 🦚 
NBC4 Washington / WRC-TV is the No. 1 broadcast television station and the home of the most-watched local news in Washington, D.C. Along with a suite of free apps, NBCWashington.com is the market’s most-visited local television station website.

FOLLOW & STREAM NBC4 WASHINGTON
Xumo Play: https://play.xumo.com/live-guide/nbc-washington-dc-news
Roku: https://therokuchannel.roku.com/watch/021707311e0b595597f97a389e0051e6/nbc-washington-dc-news
Also available on Freevee, Google TV, and Samsung TV Plus.
More here: https://www.nbcwashington.com/watchlive/

Instagram: http://nbc4dc.com/3HxYkYH
Threads: http://nbc4dc.com/ZYZAAHJ
Facebook: http://nbc4dc.com/iD1GvRQ
X: http://nbc4dc.com/APF7vQM
TikTok: http://nbc4dc.com/pg5Nx67

VISIT OUR SITE: https://www.nbcwashington.com/
DOWNLOAD OUR FREE APPS: https://www.nbcwashington.com/products/
WATCH NBC4 LIVE ON AMAZON FIRE TV: https://www.nbcwashington.com/firetv/
WATCH NBC4 LIVE ON ROKU: https://www.nbcwashington.com/roku/d","","United States"
"Sheldrick Trust","340000","Sheldrick Wildlife Trust (SWT) is a global leader in elephant conservation and one of Africa’s most respected wildlife charities. SWT works across Kenya to protect wildlife and preserve habitats through field-based operations and broad community support. At the heart of its work is its pioneering Orphans’ Project — a first-of-its-kind programme to rescue, raise, and rewild orphaned elephants and rhinos.

Backed by 50 years of field experience, SWT delivers practical solutions and long-term impact across Kenya’s most critical landscapes. This channel brings you the latest from the frontlines of conservation: orphan rescues, field operations, and more.","","Kenya"
"Aria_cats_rescue","339000","🐾Aria Cats Rescue! 🐾

🐾 Welcome to our rescue family ❤️

We’re a small team of friends dedicated to rescuing, treating, and giving vulnerable cats a second chance at life. Every rescue has a story, and we do everything we can to help those who have been abandoned, injured, sick, or forgotten.

We rely on donations. Your support helps provide food, medical care, and hope. 🐱❤️

🙏 Help us save more lives and cover our growing veterinary debts. Every donation means another chance.
👇Click link below to donate 🙏🐾","","United States"
"Paddy Doyle","339000","SUBSCRIBE if you like going on ADVENTURES

Documenting life, travels, and epic adventures in Thailand and beyond!","","United States"
"DAR Animal Rescue","338000","Hello, I am Ermioni, and I am from Karditsa, Greece. I rescue animals that are found abandoned, abused, mistreated and starving, and I am trying to offer them a better life. All rescue animals receive the necessary medical care, they are vaccinated, neutered and spayed, and promoted for adoption. The more animals are adopted out, the more I can rescue. 

For adoptions please email me at: ermionirescue@gmail.com","ermionirescue@gmail.com","Greece"
"Idaho Horseshoeing School","332000","Work of Journeyman Farrier Riley Mickelsen  
Americas #1 Horse Hoof Care Channel.","idahohorseshoes@gmail.com","United States"
"Tutoring Hour","327000","Tutoring Hour a Creative Solution to Your Learning Woes!
Experience the joy of learning Math, English, and Science with videos that deliver the concepts in the form of fun, relatable stories buoyed by addictive, lively animation. Our video lessons are a surefire hit with children from preschool through grade 8. 
We @TutoringHour are here to bust all the myths and misconceptions surrounding math and drive away your math blues with solved examples, simple strategies, and step-by-step how-to-solve procedures. 
Gorge on this feast of lessons dished out with a range of topics in English grammar and English vocabulary that are not only motivating and engaging but also entertaining.
These educational videos bridge the gap between knowledge gain and knowledge retention with their fun animations and real-life examples, making Tutoring Hour an ideal destination for kids, parents, and teachers.
Subscribe and stay tuned for simple tricks and strategies that’ll make learning a breeze.","","India"
"BBC Earth Kids","327000","Welcome to BBC Earth Kids, combining fun facts, amazing creatures, your favourite faces and a whole load of cool stuff about our planet. Be prepared to squeal and squirm as creepy crawlies frolic over some famous faces, discover all the best tips, tricks and hacks to help you draw incredible animals, and poke your nose into every part of life with a pampered pet pal.

Not to mention bringing you the best clips from the BBC’s natural history programmes, chosen specially for our most curious explorers.

This is a commercial channel from BBC Studios.","","United Kingdom"
"Dublin Shelter","322000","Hello,

We are a group of animal rescue volunteers who have main jobs but love to spend an extra time trying to do something good. Our goals to share rescue abandoned, homeless, neglected, stray dogs (and other animals) from the streets or from local terrible shelters... treatment and give for them our warm care and love and finally find for them a forever home.

Our headquarter is in Blanchardstown, Dublin but our network/volunteers are around the world. We don't receive donation via our headquarter, but donation please send directly into our volunteers/partners which we always put link and information in the video description.

If you love dogs/animals or have any case need our help. Please contact us at the email below: dublinworkinghard@gmail.com

Thank you so much!","dublinworkinghard@gmail.com","Ireland"
"Dino Island Park","317000","Welcome to our channel!

Fun animal adventures, dinosaur videos, wildlife facts, and educational content for kids and toddlers.

🌐 Dino Animal World:
https://www.dinoanimalworld.com

Animal Facts • Coloring Pages • Worksheets • Quizzes

▶ Subscribe:
https://www.youtube.com/@dinoislandpark

Thank you for watching! 😊","","Pakistan"
"Pet Adoption Center","316000","We're from Viet Nam!
We are some of the younger members who love animals and pets. 
The place where I live, human life is still difficult, dog meat is considered a popular food, animals are often not paid attention. 
The animals were starved and abandoned.
It is our daily job to find and help them. By getting in touch on social media or by anyone calling us, we will be there.
Everyone, let's love and protect animals, let's live together in peace.
We love you. God will protect us.
Join the group by subscribing to our channel,  and enjoy new videos posted!
Thank you for watching my video.

We are the official, international channel for Asian Pet Rescue Team.
Contact : 
                          - Email: Pet Adoption Center ( adoptapet.asia@gmail.com )
                          - Phone: +84 908 3914 17
                          - DONATE Paypal: https://www.paypal.me/AdoptAPetCenter","adoptapet.asia@gmail.com","United States"
"CBS 17","314000","CBS 17, also known by call letters WNCN, is the local CBS affiliate serving Raleigh, Durham, Fayetteville and surrounding communities in North Carolina. We share award-winning journalism, professional-quality content, and powerful human stories.  This channel is not just for breaking daily news or weather forecasts - it's where you can also find original shows streaming on CBS 17 PLUS!","","United States"
"Peepal Farm Updates","311000","Weekly updates from Peepal Farm Animal Hospital in Village Dhanotu, District Kangra, Himachal Pradesh, India","","India"
"Abigail Pinehaven","305000","Hello friends! I am a horse gamer and I make all sorts of equestrian game content from Red Dead, to Rival Stars, to Minecraft! 

All my videos are family friendly.

⛏️Looking for an Equestrian Minecraft Server? Look no further than Pinecraft Equestrian - https://discord.gg/YRVp2XCGuF

🐴Looking for Model Horses? Look no further than Pinehaven Ponies - https://pinehavenponies.co.uk/

💌PO Box:

Abigail Pinehaven
Pinehaven Productions LTD
7 Bell Yard
London
WC2A 2JR
United Kingdom","","United Kingdom"
"WLWT","297000","WLWT.com is Leading The Way with Cincinnati breaking news, weather and important local news coverage.  Look to WLWT for political coverage, viral videos and more from Cincinnati's NBC affiliate.","","United States"
"LolliPop Animated Book","294000","we are making animated stories for children. 

If you like our content, please subscribe our channel and share it with your friends. 
 
Your likes will cheer us up to make another series of animation.

Thanks,","","United States"
"Job Jams- Kids Songs About Fun Jobs and Careers","283000","Job Jams! Where kids can dream big and learn about fun and exciting careers.

Come and get a behind the scenes look at countless careers, from Artists to Zookeepers.

Sing along with our fun and educational music as we explore this exciting world together.

Fun for toddlers, pre-k, and young students who want to learn more about this exciting world we live in!

If you have an idea for a Job Jams we should make, send your idea to JobJamsVideo@gmail.com","JobJamsVideo@gmail.com","United States"
"Vegan FTA","275000","We are a small team of vegan activists who are committed to fighting for a vegan world. We want people to get involved in vegan activism across the board, whether it's protesting or creating a positive dialogue for change -- we support activism in all its forms.

We create videos highlighting the work of activists and animal rescuers. We write and publish articles on all aspects of veganism. We share articles, videos, and images from other creators. We've grown a large community of people who are vegan for the animals.

By joining our community, you can help expand the amount that we're able to do and increase both its reach and impact!","","United States"
"Cats","274000","Since 2016, Cats.com has been on a mission to give caring humans the knowledge they need to give their furkids happier, healthier lives. We believe every cat deserves outstanding products and the best care—and that simple, honest information will get you there. Join the community for free courses, helpful tools and interesting forums.","media@cats.com","United States"
"Kayla Lyman","270000","🧍🏻‍♀️Kayla the volunteer
🐾Rosie my rescue pup
🏔️& lots of Utah shelter pups, kitty’s & bunnies
💌teamkayla@undercurrent.net","teamkayla@undercurrent.net",""
"FOX 4 Now","269000","WFTX-TV, Channel 4, Fort Myers - Naples, Florida
At FOX 4, we focus on community based journalism. Our Community Correspondents work in the same neighborhoods everyday, so they can build connections with the people who live there. That leads to better relationships and a better understanding of what truly matters in your community. 

News Tips: Call 239-574-NEWS or email news@fox4now.com 

Please send Press Releases to news@fox4now.com","news@fox4now.com","United States"
"KVUE","267000","","","United States"
"Carmella Abel - Equine Helper","260000","Welcome to my channel!  My name is Carmella, and my horse's names are Tucker & Ruach. 🐴

You can read my full bio here: https://equinehelper.com/about-carmella-abel/

For business inquiries, you can email equinehelperllc@gmail.com.","equinehelperllc@gmail.com","United States"
"TODAYonline","252000","The official YouTube channel for CNA TODAY (https://www.channelnewsasia.com/today). Please email todayonline@mediacorp.com.sg for any enquiries on syndication, video usage and rights.","todayonline@mediacorp.com.sg","Singapore"
"Ima Survivor Sanctuary","249000","Ima Survivor Sanctuary was created after the devastating floods from  Hurricane Harvey.  Along with our lone surviving donkey, Ima Jean, our farm now offers a forever home to other surviving farm-animals of the worst natural disaster in US history.  We have opened our doors as a rescue and have become a home to abandoned, abused, and neglected farm animals.  Although we may be a forever home to farm animals in need, we realize that 'we're all survivors of something' and we welcome you to join us as together we heal from life's ups and downs.  

imasurvivorsanctuary@thestation.io","imasurvivorsanctuary@thestation.io","United States"
"The Purring Journal","246000","ABOUT

Welcome to The Purring Journal, your go-to source for cat facts, cat behavior tips, cat breed guides, top product recommendations, and more! Whether you want to understand your cat better, explore different breeds, or find the best products for your furry friend, we’ve got you covered. 😺✨

***

CONTACT

⭐️ Contact Form
➡️ https://thepurringjournal.com/contact/

***

PAWSOME STUFF

⭐️ FAVORITE Cat Products
➡️ https://linktr.ee/thepurringjournal","","United States"
"Wild Rush","240000","Pakistan’s first YouTube-verified wildlife education channel.
I am Abdul Rahman, also known as “Venom Boy,” from Mandi Yazman, Bahawalpur, near the Cholistan Desert. My wildlife journey started in 2013, I am a professional Survivalist, Self-defence Instructor, Reptile Handler, and Wildlife Documentarian, dedicated to protecting wildlife and promoting animal welfare. Trained by Discovery Channel Instructor Chad Keel.
I have rescued and safely released over 16,000 animals, including snakes, reptiles, and birds. I travel across Pakistan, sometimes barefoot or by bicycle, to explore wildlife, document their behavior, and raise awareness.Wild Rush Mission is to break myths about wildlife passed down through generations, promotes conservation, and encourages safe coexistence between humans and animals.

Subscribe my channel and Join me on this journey, be part of our mission, and help protect wildlife, our ecosystem, and the environment.


✉️: WildRushorg@gmail.com","WildRushorg@gmail.com","Pakistan"
"Dogs That","235000","Our DogsThat YouTube Channel is brought to you by Susan Garrett and her Team. Leading educators of owners of family pet dogs, dog sport competitors and dog trainers. Susan was one of the very first dog trainers to share knowledge online. Susan has helped hundreds of thousands of people enjoy a great relationship with their dogs through her workshops and keynote speaking around the world, award winning books, DVDs, magazine articles, blog posts, podcasts, free dog training and dog agility video series, and online dog training programs. 

Susan is world-renowned for her innovative game-based positive reinforcement training that is grounded in the science of animal behaviour. A life long learner, Susan has been at the cutting edge of online education development since 2008 with her popular classroom Recallers. We are planning even more sharing, education and fun here on our Dogs That YouTube page!","","Canada"
"Dog Rescue Home","227000","Dog Rescue Home is dedicated to real abandoned dog rescue stories, emotional rescue dog transformations, and helping every dog find a forever home.

Every video tells a true story. A real dog. A real rescue.
A real second chance at life.

The rescue videos featured on this channel are shared by the people who rescued these abandoned, stray, and neglected dogs. We share their stories to inspire compassion, encourage dog adoption, and advocate for rescuing more dogs in need.

What you will find here:
🐾 Abandoned dog rescue stories
🐾 Rescue dog transformations
🐾 Dog adoption journeys
🐾 Stray and neglected dog rescues
🐾 Loyal dogs finding forever homes

Every rescue story shared here celebrates kindness, hope, and second chances. Together, we can inspire more people to rescue, adopt, and give abandoned dogs the loving homes they deserve.

Subscribe and follow every rescue story from beginning to forever home. New rescue story every week. 🐾","","United States"
"ANIMAL'S HEALTH CARE","227000","Animal’s Health Care is created by a group of #animal lovers in Vietnam!
Please Subscribe to follow channel at: https://bit.ly/2WGyQo5

Channel Content included: 
-  We share meaningful stories about animal rescue around the world to support those rescue team to spread their world! WE DO NOT RECEIPT OR CALL FOR ANY DONATION AND FUNDS! IF YOU WANT TO DONATE SOME, PLEASE SEND IT DIRECTLY TO Original RESCUER( Their information is in discription or inside  video) 

Follow us at: https://bit.ly/2WGyQo5
Contact us at: #Animal’shealthcare
Fan page: Updating
Twitter: https://twitter.com/home
Website: Upddating
Gmail: Updating

Subscribe (Free): https://goo.gl/K7HYoS

If there is any problem about copyright of content and video on this channel.We will follow your requirement or come to an agreement! Thank you so much!","","United States"
"KXAN","222000","KXAN News - In-depth, Investigative.

We tell Austin and Central Texas stories.","","United States"
"Carly Incontro","219000","CarlyIncontroBusiness@gmail.com","CarlyIncontroBusiness@gmail.com","United States"
"23ABC News | KERO","214000","23ABC News covers the heart of California's Central Valley, bringing you breaking news, weather, and agricultural updates that impact Kern County and beyond. We're your trusted local source for the stories that matter to our diverse communities from Bakersfield to the surrounding valley towns.","","United States"
"Baba Blast! Animal & Dinosaur Videos for Kids","210000","What do we say when things get tough? That’s right: I can do this! I can do this! And, you can do it!

Baba Blast models resilience for young viewers and inspires them to explore their natural world. Baba Blast helps move screen time to playtime and outdoor time! 

Through educational videos for preschoolers, toddlers, and kids who love dinosaurs, animals, music, and adventure. Explore dinosaur videos for kids, animal videos for kids, scavenger hunts, songs, movement, pretend play, and preschool learning designed for early childhood. Baba Blast and his trusty wand, the Blaster, lead fun, story-driven adventures with King Bobo and his mischievous gobos. Along the way, kids build confidence, empathy, curiosity, problem-solving skills, and perseverance. If your child loves dinos, animals, interactive learning, and family-friendly educational entertainment, Baba Blast is here to help them learn, grow, and bounce back strong.

Created by mental health advocate, Kyle Kittleson.","","United States"
"Doctor Poppy - Animals for Kids","210000","Come on down to Doctor Poppy's Pet Rescue Centre and learn about the amazing animals who come to visit. Doctor Poppy is a brilliant vet who with the help of her robot friend Robbo helps any animal in need. Doctor Poppy's Pet Rescue is a fun place for poorly pets to be treated and where children can learn all about animals.

SUBSCRIBE for new videos and loads of fun!

FOLLOW
IG @moonbugentertainment : https://www.instagram.com/moonbugentertainment/
FB @MoonbugEntertainment : https://www.facebook.com/MoonbugEntertainment  

About Moonbug: 
Moonbug Entertainment is behind some of the most popular kids’ titles in the world. Moonbug's shows include global sensations CoComelon, Blippi, Little Baby Bum, My Magic Pet Morphle, Supa Strikas, Go Buster, Playtime with Twinkle, Gecko’s Garage, ARPO and many more. Moonbug's titles are available in 27 languages on all major streaming platforms.","","United States"
"CBS News Sacramento","209000","CBS News Sacramento brings you the latest news, First Alert Weather, and sports. You'll also get a healthy dose of Sacramento's top morning show, GoodDay.

#cbssacramento #sacramento #news #localnews","",""
"TutWay","208000","Welcome to Tutway, a unique platform where learning is fun. 
An online learning program for enhancing the quality of learning and teaching where children can learn quickly.

Now there is no distinction between kids fun time and study time... 
Say goodbye to the days of cramming those dull and ponderous books which made learning a tedious task. At Tutway, we believe in a very simple idea, that audio-visual learning is the most effective tool for learning. Many researchers have proven that kids learn a lot by playing the interactive games and watching audio-visual animated lessons as compared to reading from books. To learn the new concepts, Kids show more interest in adopting unique ways of learning. We have brought programme that not only covers the important concepts but also makes learning more stable that stimulates the critical thinking of the young learners.","","Canada"
"Waco Wildlife Rescue","207000","Waco Wildlife Rescue is a 501(c)3 non-profit organization located in Waco, TX that rescues and rehabilitates wildlife all over central texas 🦝❤️","",""
"RescueFur","207000","Welcome to RescueFur
A space dedicated to the unshakable love shared by humans and animals. Watch moving rescue journeys, joyful homecomings, and brave, heartwarming moments that showcase pure compassion. We hope our videos soften your heart, remind you of humanity’s goodness, and inspire you to lend a hand to animals waiting for care. Every paw print holds meaning, and every story builds a kinder community.
✉️ Contact for inquiries, copyright or content removal: rumelove34840@gmail.com
Guaranteed 24-hour email response.","rumelove34840@gmail.com","United States"
"CBS Pittsburgh","207000","Welcome to the official YouTube page for KDKA-TV CBS Pittsburgh. Your #1 source for breaking news and the Best of Pittsburgh, PA! 

Subscribe to us on YouTube: http://www.youtube.com/user/CBS Pittsburgh
Like us on Facebook:  https://www.facebook.com/CBSPittsburgh
Follow us on Twitter: https://twitter.com/CBSPittsburgh
Check out our Instagram: https://instagram.com/CBSPittsburgh
Join Us On TikTok: https://www.tiktok.com/@cbspittsburgh","karas@kdka.com; caption@kdka.com; caption@wpcwtv.com; dbraddock@cbs.com; feedback@kdka.com; investigators@kdka.com; newsdesk@kdka.com; programming@kdka.com; PTL@kdka.com; webteam@kdka.com","US"
"eHowPets","204000","With a mix of practical tips, amazing stories and pure entertainment, eHow Pets has something for every pet owner and animal lover.

In Teacher's Pet, Victoria Stilwell demonstrates her Positively Method of dog training, giving you the tools to create a mutual respect between you and your pet. Farm Raised looks at life on P. Allen Smith's Moss Mountain Farm through the eyes of the animals that live there. And these are just the beginning. Check back often or follow eHow Pets to be the first to know about our upcoming original series.","",""
"Critter Rescue","202000","🐾 Welcome to Critter Rescue!

Every day, we share heartwarming stories of animal rescues, unforgettable reunions, acts of kindness, and the incredible bond between humans and animals.

Our mission is simple:

❤️ To spread kindness, compassion, and hope—one story at a time.

If one of our videos has ever made you smile, brought tears to your eyes, or reminded you that goodness still exists in the world, then you've become part of the Critter Rescue family.

Thank you for every view, every like, every comment, and every share. Your support helps these stories reach millions of people around the world.

❤️ Want to help us create more stories like these?
Support our mission here:
https://critterrescue.gumroad.com/coffee","jessonfall30@gmail.com","Pakistan"
"KSHB 41","200000","Kansas City’s KSHB 41 News provides coverage of important news and events across both sides of the state line in Kansas and Missouri, offering stories about people making a difference in the community. 

We keep our community in the know with the latest weather and traffic.

We know how much Kansas Citians love sports, so our coverage includes the Chiefs, Royals, Sporting KC, the KC Current, KU, MU, K-State and high school sports.","","United States"
"Animal Shelter","196000","Hello,

Welcome to Animal Shelter channel. 

We are an amateur volunteer team with each individual who rescues animals but does not specialize in uploading videos into YouTube. Then we unite together, share our videos here in order to help rescued videos get discovered and go viral.

Contact us here: info.taiwananimalshelter@gmail.com

-------------------------------------------------------------------------------------
►Subscribe Now! Click Here: https://goo.gl/oqwXTi
►Thanks For Watching! Like, Share & Comment
 -------------------------------------------------------------------------------------
© Copyright by Animal Shelter ☞ Do not Re-up
#AnimalShelter, #PuppyRescue, #RescueDogs","info.taiwananimalshelter@gmail.com","Taiwan"
"Enoch Wildlife Rescue","195000","Enoch Wildlife Rescue

The Southwest Wildlife Foundation of Utah DBA Enoch Wildlife Rescue & Gowildlife, was founded in 1997 in Cedar City Utah, we are a 501c3 non-profit organization dedicated to wildlife rescue, rehabilitation and education.

Enoch Wildlife Rescue provides approximately 100 educational outreach programs, reaching over 30,000 people annually, and is based in the Cedar City area.

Enoch Wildlife Rescue cares for approximately 100 sick, injured and orphaned native wildlife each year. Restoring these animals to health and returning them to the wild is our primary goal.","","United States"
"Shield K9 Dog Training","193000","www.shieldk9.ca 
Haz Othman is a professional dog trainer and author of the book No Nonsense Dog Training.","","Canada"
"KGET News","193000","KGET TV 17 is the NBC affiliate in the Bakersfield and Kern County region. Find us on broadcast, cable, online at www.KGET.com and in your favorite app store. Contact us at 661-283-1700 or email us at 17News@kget.com","17News@kget.com","United States"
"NoAnimalBehind","188000","NoAnimalBehind on YouTube is a place for everyone who loves animals and cares about their wellbeing. Our goals: 
1. Good Health
Every animal should be healthy, fit and whole.
2. A Happy Life
Every animal should have the space to thrive.
3. Natural Behaviours
Every animal should be able to express themselves.
4. Good Nutrition
Every animal should enjoy nutritious food and clean water
5. Positive mental experiences
Every animal deserves to enjoy life.
6. Expanding the circle of compassion to include all species
Every animal deserves protection and care and love!

If necessary, you can contact us via Email: daviddelima777@gmail.com


Thank you so much!","daviddelima777@gmail.com","United States"
"International Animal Rescue IAR","185000","At International Animal Rescue we not only save animals from suffering, we also rehabilitate and release them back into the wild and work to protect their precious natural habitats. Our work includes cutting free and caring for captive bears in India and Armenia, rescuing and rehabilitating orangutans and other primates in Indonesia and treating injured and orphaned howler monkeys in Costa Rica. Our aim is to return animals to their natural environment wherever possible, but we also provide a permanent home for those that can no longer fend for themselves.","","United Kingdom"
"Horse Plus Humane Society","184000","Horse Plus Humane Society is dedicated to preventing cruelty to horses, donkeys, ponies, mules, all other equine and other animals. Since 2004 we have been rescuing, sheltering and protecting animals across the United States and around the world.  With our Platinum rating on Guidestar, you know your donation does the maximum good to help horses and other members of the equine family.","","United States"
"Think Like A Horse","183000","","","United States"
"Tiny Kittens - Rescue Center","182000","","","Pakistan"
"Animal Rescue","180000","Hello everyone!
Welcome to the North Clwyd Animal Rescue channel. With the goal of sustainable development and spreading useful values. In addition to inspirational videos about animal love. Our channel will make videos to save and rescue animals that have been injured or abused by raising welfare funds dedicated to helping non-profit animal rescue organizations around the world.
Hopefully they will really bring value to the audience and help you relieve stress after a day of work.
Thank you everyone!
Thank you for your cooperation.
© Copyright belongs to the North Clwyd Animal Rescue channel Do not repost
01/05/2024: 1000 subscribers
01/08/2024: 10000 subscribers
#shorts #story #rescue","","United States"
"WLOS News 13","177000","WLOS ABC 13 News serves the Asheville, NC area and the rest of western North Carolina and Upstate South Carolina. We keep our audience informed through local news, weather forecasts, traffic updates, notices of community events, sports and entertainment programming since 1954.

Follow WLOS on social media:

WLOS ABC 13 News on Facebook: https://www.facebook.com/News13/
WLOS ABC 13 News on Twitter: https://twitter.com/WLOS_13
WLOS ABC 13 News on Instagram: https://instagram.com/wlos_13

For all of the day’s top local and national news, visit http://www.wlos.com
Watch our live newscasts and other live video at https://wlos.com/watch

Have a news tip? Send it directly to us: 

Email us: news@wlos.com 
Call the Newsroom: 828.684.1340","news@wlos.com","United States"
"JSHorsemanship","173000","Joan is an avid horse enthusiast and rider who has been training horses and students in the equestrian industry for over 16 years. She has worked with some of the top names in the industry and is the CEO of JSHorsemanship. Joan has trained and worked with a variety of different breeds; giving lessons to students of all ages in both Western and English disciplines. Her approach places a focus on building a healthy & happy relationship between the horse and rider. Throughout her career Joan has carried a passion to help others connect deeper with their horses and help them to achieve their goals in the equestrian industry.","","United States"
"CBS Colorado","172000","Welcome to the official CBS Colorado channel! Watch video coverage from Your Reporters, get the latest breaking news, and see First Alert Weather updates from CBS News Colorado.

Subscribe on YouTube: http://www.youtube.com/@CBSColorado
Follow us on X: https://twitter.com/CBSNewsColorado
Like us on Facebook: https://www.facebook.com/CBSColorado","david.harpe@cbs.com; kcnccaptioning@cbs.com; KCNCNews@cbs.com","United States"
"RTÉ KIDS","166000","🌟📺 Welcome to the official RTÉ KIDS YouTube channel! Dive into your favourite shows, including Nova Jones, The Big Pet Project, Space Camp, Royals Next Door, Flix, and many more new and upcoming favourites. Watch full episodes, best moments, behind-the-scenes clips, and special exclusives from top animation, live-action, and family entertainment, all in one place. We’ve got the best shows and fun content covered all year round!

Subscribe now so you never miss a moment, and check out RTÉ Player for even more amazing shows and content.

#RTÉKIDS #FamilyEntertainment #FullEpisodes #Animation #LiveAction #BehindTheScenes","","Ireland"
"LOLY KIDS","165000","LOLY KIDS creates engaging children's entertainment with original storytelling, educational adventures, fun songs, and creative characters designed for toddlers and preschoolers.

Our mission is to make learning fun through colorful stories, music, and interactive experiences that inspire curiosity, creativity, and imagination.

On our channel, you'll discover:
🧩 Educational videos
📖 Original stories
🎵 Kids songs & sing-alongs
🎨 Colors, numbers, letters & shapes
🐘 Animals & nature
💛 Positive values like kindness, friendship, and teamwork

We also celebrate special moments throughout the year with seasonal adventures and festive songs, including Christmas, Halloween, birthdays, and other family-friendly celebrations.

✨ New videos every week!

Thank you for being part of the LOLY KIDS family. 💖","","Egypt"
"NEWS CENTER Maine","164000","Through in-depth storytelling, through direct contact on digital on social platforms, through long-standing community service programs like Coats & Toys for Kids, Project Heat and Buddy to Buddy, NEWS CENTER Maine is dedicated to keeping Mainers connected. We can't do it alone, though. Only by listening and interacting with YOU can we continue to connect ALL Mainers.","","United States"
"The Clever Cowgirl","157000","I find horses in unexpected places and help them reach their full potential. 

Learn tips and tricks as I go to auctions looking for diamonds in the rough!

Although I do buy horses in need of ""rescue"" I am NOT a rescue. 
Just one person trying to make a difference in the world one horse at a time!
 


~Help out by SUBSCRIBING, LIKING videos, and SHARING with a friend!
~I've created a special membership for fans.  You can earn loyalty badges and get access to custom emojis of the horses and Tiny!
~For those of you who are moved by the work I do and want to say thank you another way, I do have an Amazon wishlist
https://www.amazon.com/hz/wishlist/ls/30SJMSAO011KD?ref_=wl_share
~ You can now also ""buy a bale of hay"" for your favorite horse! 
https://www.buymeacoffee.com/theclevercowgirl


~ Snail Mail ~
The Clever Cowgirl
2536 RIMROCK AVE STE 400,  BOX 325
GRAND JUNCTION, CO 81505-8667","","United States"
"FOX31 Denver","157000","FOX31 KDVR is your source for news, weather, and sports in Denver and throughout Colorado. We're always covering the latest breaking news 24/7. We bring you Problem Solvers investigations; news stories dedicated to military members, veterans and their families through Serving Those Who Serve; and we cover our state's unique and changing forecast with Pinpoint Weather.

» Get the free FOX31+ app on your smart TV: https://kdvr.com/plus

Contact our newsroom: tips@kdvr.com or 303-566-7600

Visit our homepage: https://KDVR.com​
Download the FOX31 App: https://KDVR.com/Apps​
Subscribe to FOX31 newsletters: https://KDVR.com/Newsletters

Like FOX31 on Facebook: https://facebook.com/fox31denver
Follow FOX31 on X (Twitter): https://twitter.com/kdvr
FOX31 on Instagram: https://instagram.com/fox31denver","tips@kdvr.com","United States"
"BigCatDerek","147000","Hi, my name is Derek and I'm the resident unofficial attention-seeker for the Center for Animal Research and Education (CARE), a non-profit big cat sanctuary in Texas. 

I've been working with big cats for over 15 years, and my wife, Heidi, is CARE's Founder & Executive Director. She's a pretty cool lady. Since CARE is a non-profit, I don't ""own"" any of the cats shown in my videos, but I think of them as my dearest friends, my babies.

Anyway, hope you like the vids!

-Derek","","United States"
"Rescue Vet","147000","Dr Scott Miller, formerly the Vet on the Hill, is now the Rescue Vet. If you love heartfelt stories of rescue pets, need a quick how to guide and top tips to care for your pet, or simply enjoy a laugh, cry and warm virtual hug while watching amazing animal stories, then Rescue Vet is your new happy place.

Dr Scott has over 25 years experience as a Veterinary Surgeon. Originally from Australia, he has worked all over the world including at his practices in the UK, providing dedicated care to all creatures great and small. Now he wants to offer his Veterinary services to those less fortunate, travelling far and wide to help rescue animals and the welfare warriors that care for them.

Rescue Vet is the only channel with fresh and new Dr Scott content, so if you enjoy his warm and caring approach (as seen on Bondi Vet), love cute, cheeky or cuddly animal stories or taking a sneek peek inside a Veterinary practice especially set up with rescue animals in mind, then why not subscribe today!","","United Kingdom"
"Iowa PBS","144000","Iowa PBS is Iowa's statewide public broadcasting network. Iowa PBS provides quality, alternative programming that educates, enlightens, and entertains Iowans throughout the state.","","United States"
"WKRN News 2","139000","WKRN News 2, the ABC affiliate in Nashville, is your source for news, weather, sports, and entertainment across Middle Tennessee and Southern Kentucky.","","United States"
"Stray Paws of Istanbul","138000","As many of you know, there is a lot of stray paws in Istanbul and I try my best to take care of them. I feed and pet them after work and also on the weekends. I will be sharing some of the moments with you.","","United States"
"Bryan The Diamond","136000","📩 bryanthediamond@greenlightgroup.co
IG-Bryanthediamond","bryanthediamond@greenlightgroup.co",""
"WQAD News 8","134000","WQAD (Quad Cities) is your source for breaking news, weather, traffic, and live coverage in the Quad Cities and surrounding communities. Get the latest updates from the WQAD team — from major local headlines and investigations to severe weather, community stories, and the moments everyone’s talking about.
Watch live newscasts, stream breaking coverage, and catch up on the top stories shaping Davenport, Rock Island, Moline, Bettendorf, and nearby areas.

Subscribe for:
• Quad Cities breaking news + live updates
• Weather forecasts and severe weather alerts
• Investigations and accountability reporting
• Community stories across the region
• Major events, sports, and local explainers

WQAD — Quad Cities news and weather, live and on demand.

🔗 More: https://www.wqad.com","TEGNA@nimia.com; orders@universal-info.com","United States"
"Bubbabop","133000","Let's go on an Adventure with Explorer Riley!
🌟 Human-Led Adventures for Kids 🌟

Get ready for some epic explorations and loads of learning! Our channel provides high-quality, human-created content designed to spark imagination and curiosity in a safe environment.

🎒 What to Expect:
✅ Interactive Stories: Quests that encourage movement and play.
✅ Early Learning: Letters, numbers, colours, and vocabulary.
✅ Active Fun: Indoor workouts and ""brain breaks"" for kids.
✅ Safe & Trusted: Perfect for preschoolers and early learners!

👤 Verified Human Creator
We believe in the power of human connection in children’s media. Every video is thoughtfully scripted, performed, and produced by our small team to ensure the highest quality for your family.

✨ For Parents:
Visit our website: https://www.bubbabop.com
📚 Get Explorer Riley activity books and free printable samples!
(All links are for adults. Children should ask a grown-up first!)

✉️ Contact: hello@bubbabop.com

© Bubbabop Videos","hello@bubbabop.com","New Zealand"
"The Farm","132000","20 Dogs, 3 Dingoes (Wild Canines), 6 Cats + 3 Kids call the farm home here in Australia. Dad, Luke was once in the Military in the Australian Special Forces + Clearance Diver (Aussie equiv. to US Seal) 3 active deployments, was also once a dog daycare owner & a dog trainer. But not anymore. We adopted all our animals during our days of fostering (80+ dogs), except the Pug. We have a few with special needs, some with lifelong behavioural issues & some who are even wild born - who we're trying to help live as close as possible to what they were meant for. We love them all no matter what.","","Australia"
"D.K - The wildlife rescuer","132000","In the heart of Uttarakhand's breathtaking wilderness, a dedicated wildlife rescuer on a mission to protect and save the incredible flora and fauna of this pristine region. Join us on an extraordinary journey as we follow [Dk harbola] through dense forests, rugged mountains, and untamed rivers, witnessing his unwavering commitment to wildlife conservation. 
This video is a testament to the importance of wildlife conservation and the incredible individuals who devote their lives to safeguarding our planet's natural treasures. Join us on this unforgettable journey as we celebrate the dedication and passion of [Dk Harbola] and the incredible wildlife of Uttarakhand.

Don't forget to like, share, and subscribe to our channel to support the heroes of wildlife conservation in Uttarakhand and around the world. Together, we can make a difference in preserving our planet's most precious inhabitants. #WildlifeRescue #UttarakhandWildlife #ConservationHeroes","",""
"Heart of Gold Sanctuary","130000","Https://www.daintyrascaldancing.com
Help support our Horse Rescue, Heart of Gold Sanctuary a 501c3 nonprofit by watching me dance in Vintage dresses and lingerie! See what all the hot fuss is about!

You can also donate directly to https://www.heartofgoldsanctuary.org by clicking the donate now button on the home page. 

Find me on Instagram for more links! Https://www.instagram.com/daintyrascalvintage 

Thank you for your support!
Suzy","","United States"
"SOUTH LA ANIMAL SHELTER","129000","please kindly save furry friends in need by donating anything you can to save them ❤️","",""
"TED-Ed Student Talks","127000","TED's youth and education initiative, TED-Ed, aims to spark and celebrate student ideas around the world. The TED-Ed Student Talks Program supports students in discovering, exploring and presenting their big ideas. Members meet regularly to discuss, develop and craft presentations in the form of short TED-style talks. 

Within the curated TED-Ed Student Talks YouTube channel, you will see inspiring youth Talks and TED-Ed Student resources. To learn more about TED-Ed's Student Talk Program or to join, visit https://ed.ted.com/student_talks","tededstudents@ted.com",""
"Twinkl Teaching Resources - United States","122000","Twinkl serves educators across the United States and around the world. Created by teachers, for teachers, Twinkl's videos and resources are for teachers and homeschoolers in early childhood, elementary, and middle school settings. 

Unlimited resources. Unbeatable value. We help those who teach!","","United States"
"George To The Rescue","120000","George Oliphant's surprise renovations for deserving families facing unique challenges.

To learn more or submit a story, visit georgetotherescue.com","","United States"
"South Florida PBS","119000","South Florida PBS, Florida’s largest public media company, includes public media stations WPBT2 and WXEL. On this channel you'll discover South Florida PBS original productions, digital series, and exclusive community videos.

We couldn’t do this without you! Support South Florida PBS by donating here: https://bit.ly/SupportSFPBS","","United States"
"Animal Adventures","118000","Welcome to Pets & Vets, the home of all things animals.

We are a channel dedicated to our favourite felines, man's best friends and animal odd couples! We publish the funny and fantastic furry friends in our life with content to entertain and amuse.

Pets & Vets is part of the Little Dot Studios Network. To get in touch please email owned-enquiries@littledotstudios.com.","owned-enquiries@littledotstudios.com","United Kingdom"
"Stray Rescue of St.Louis Official","116000","We seek out and take in those who no other organization will help or would simply euthanize because they are too expensive to heal. We rescue the abandoned, beaten, bred, fought, injured, terrified, defeated and betrayed. The minute they enter our doors, we look in their eyes and promise them ALL the second chance they deserve for health, home, commitment and love, no matter the time or cost.","",""
"Animal Rescue India","116000","Animal Rescue India is leading wild / Domestic  animal rescue organization in Maharashtra, based in NASHIK. our team always strives to help all the injured , sick, abused animals in distress. we have been working for wildlife conservation sines 10 years .

Please share our videos to support wild & street animal rescue and to help spreading awareness.

and SUBSCRIBE our channel to see beautiful animal rescue videos.

Contact: animalrescueindiaorg@gmail.com

Instagram: https://instagram.com/eco_echo_foundation?igshid=1hybdsygb45i0

Facebook: Eco Echo","animalrescueindiaorg@gmail.com","India"
"The Dog House","115000","Home of Channel 4's BAFTA nominated series - The Dog House 🐕💙 Subscribe for touching stories of love, loyalty, and new beginnings! ☺️🐾

APPLY NOW for the New Series - Filming Spring 2026! 🐶🙌 Take Part here: https://c4thedoghousetakepart.co.uk  

POSTING SCHEDULE 

Monday – Every three weeks, members exclusive. A brand new video drops specially for our members.

Wednesday – A video of a previously seen story from a different perspective. 

Friday – Brand new video day! Fresh content drops for everyone to enjoy.

Sunday – Compilation time. We’ll group together videos with similar themes so you can binge your favourites in one go.

That’s the weekly schedule, hopefully something for everyone all week long. Occasionally we might drop extra videos but that’s the broad pattern. Make sure you’ve got notifications on, so you don’t miss a drop.","","United Kingdom"
"Scripps News Life","114000","Inspiring stories, practical hacks, and wellness tips to enrich your daily life and spark your curiosity.


Like Us on Facebook
https://www.facebook.com/simplemost

Follow Us on Twitter
https://twitter.com/scrippsnewslife

Go Behind the Scenes on Instagram
https://www.instagram.com/scrippsnewslife","","United States"
"Asian Pet Rescue Center","113000","Contact mail: Asian Pet Rescue Center ( asianpetrescuecenter@gmail.com ).
- DONATE Paypal: https://www.paypal.me/AdoptAPetCenter

Addresses  you can contact:
- 555 Le Van Khuong Street, Hiep Thanh Ward, District 12, Ho Chi Minh City, Vietnam.
- 1522 Nguyen Cuu Phu Street, Tan Kien Commune, Binh Chanh District, Ho Chi Minh City, Vietnam.
- 131 D4 Pham Hung, Phuoc Loc, Nha Be, Ho Chi Minh City, Vietnam.
- Street 2, Khang Dien Residential Area, District 9, Ho Chi Minh City, Vietnam.
- Dong Hoa ward, Di An city, Binh Duong province, Vietnam.
Contact on Facebook:
https://www.facebook.com/AsianPetRescueCenter","asianpetrescuecenter@gmail.com","United States"
"YCA Dog Training","112000","Expert Global Dog Trainers 🐕
Helping Reactive Dogs & Owners Worldwide 🌎

Probably not the first dog trainer you've tried, but guaranteed to be the last. Book a FREE consultation call⁠⁠⁠ below ⬇️💥","","United Kingdom"
"Agelina Animal Rescue And Sanctuary 🐾","111000","Hello brothers and sisters, I'm Agelina Animals RescueAnd Sanctuary.
We are in a very difficult situation. Right now, we are caring for 99 dogs and 36 cats, and we continue rescuing animals from the streets whenever we can. Some of them are sick, and all of them depend on us for food, clean water, medical treatment, and love.
The expenses have become overwhelming. Rent, daily food, and constant vet bills are more than I can manage alone, and I am struggling to keep up.
That is why I am reaching out for help. We are trying to raise $21,000 to give these dogs and cats a chance at life—to keep them fed, treated, and safe.
If you can spare even a small donation, it would mean so much. If you are unable to donate, please consider sharing our GoFundMe with your friends and family. Every share helps.
Together, we can make a difference and give these innocent lives a second chance 🐾","",""
"Northeast Animal Rescue, China","109000","Northeast Animal Rescue is a regional non-profit organization located in China. Our commitments are rescue street animals, support sterilization and develop animal protection education. 

Although our current capabilities are limited, we can only give priority to helping the young, sick and in danger. But we believe that with the help of passionate supporters, our organization will continue to grow and will save more stray animals. Our goal is to promote the animal rescue work of the whole society through our continuous efforts, and finally establish a national animal rescue system.

Our work depends on donations from enthusiastic people. Please support us to save more poor animals.","northeastanimalrescue@hotmail.com","Hong Kong"
"Dog Haven","104000","Welcome to dog haven, your go-to source for heartwarming and inspiring dog rescue stories! 🐾 Here, we’re dedicated to rescuing abandoned, abused, and neglected dogs, giving them a second chance at life and showing the world the incredible bond between humans and dogs.

Our channel features real-life rescues, rehabilitation journeys, adoption success stories, and tips for dog lovers on how to make a difference in the lives of animals. Whether you're an animal advocate or simply a dog lover, you'll find touching stories, educational content, and behind-the-scenes footage of the incredible transformations of these beautiful animals.

Join us on our mission to spread compassion, save lives, and raise awareness about animal welfare. Every like, share, and subscription helps us continue our work in giving these lovable dogs the happy, safe homes they deserve!

Together, we can make the world a better place for our furry friends.","","United States"
"Canine Revolution Dog Training","102000","Welcome to Canine Revolution Dog Training – your resource for dog training tips, puppy training tutorials, and dog behavior solutions.  Host of the dog training podcast ""Pack Talk Podcast"".

Learn how to train your dog using balanced training methods.

What You'll Learn:
✅ Dog Training & Obedience – commands, focus-building, leash training
✅ Puppy Training – socialization, crate training, behavioral development
✅ E Collar Training – safe remote collar techniques for beginners and advanced users
✅ Dog Behavior – dog body language, anxiety, stopping unwanted behaviors, reactivity
✅ Advanced Training – off-leash dog training, dog recall mastery
✅ Specialized Dog Training – service dog training, therapy dog training
✅ AND MORE

Professional Services: Board & Train | Private Lessons | Virtual Training
www.caninerevolutiondogtraining.com/contact

#DogTraining #PuppyTraining #DogBehavior #ECollarTraining #DogObedience #BalancedDogTraining","","United States"
"DOGGY•U","101000","Practical, Positive Online Service Dog and Pet Dog Training
Get live monthly Q&A and online training video review along with more how-to videos at https://patreon.com/doggyu
Sign up for my free newsletter (and get notified when courses come out!) at https://www.doggyu.com/

Laura is a certified guide dog mobility instructor (GDMI), certified service dog trainer (Atlas CT), certified dog trainer (CPDT-KA) and certified trick dog trainer (CTDI). She's also an AKC CGC Evaluator. Laura has been training and placing service dogs for 15 years and can show you how to raise and train your dog the service dog way!","","United States"
"Galgos del Sol Animal Rescue","98300","www.galgosdelsol.org 
Follow us on Facebook https://www.facebook.com/pages/Galgos-del-Sol/175718192447988?fref=ts

Galgos del Sol was founded by Tina Solera & is a registered charity (G30856736) based in Murcia, Spain. 

Recently we have been accepted as a registered USA 501c charity & a UK non profit!

We rescue and rehabilitate abandoned and injured Galgos for placement in forever homes in the UK, Europe, and US. Bred solely for hunting, thousands of Galgos are abandoned or killed annually at the end of each short hunting season. 

Galgos are not typically considered as pets in Spain and their lives end in less than humane ways either in perreras (kill stations) or abandoned to a life of persecution on the streets. 

GDS is passionately committed to the welfare of galgos and works tirelessly to educate the public about their plight & are currently raising funds to build an education & rescue centre. You can find out more about the Centre on our webpage www.galgosdelsol.org","",""
"Facts about Cats","96200","✅What's this channel all about?

Cats, cats, and even more cats! This channel's goal is to become a resource for all cat lovers and cat owners out there.  I also want to help new cat owners with all the information they need.

✅Who am I?

A crazy cat lady who loves to know as much as possible about cats and share that information with anyone interested.
I think cats are amazing, and they don't deserve the bad reputation they sometimes have. I really want to help change this!","alex.niculescu13@yahoo.com","United States"
"KATVchannel7","95300","KATV is Arkansas' #1 source for news and weather. Providing local coverage in Little Rock and Central Arkansas. #ARnews","newsroom@katv.com","United States"
"Scotty's Animals","93600","Scotty's Animals channel is about animal rescue. I am an animal rescue volunteer in Los Angeles. I volunteer at the Los Angeles Guinea Pig Rescue.  My channel aims to help people care for animals. https://www.scottysanimals.com I have been volunteering with different animal rescues in California for a number of years now. Rescues like: The Feral Cat Foundation, Reptile and Amphibian Rescue Network, Wee Companions, Orange County Cavy Haven, Rabbit Rescue Inc, Los Angeles Guinea Pig Rescue, and others.  Caring for animals requires adult supervision. This information is intended for adults. Only adults can make the decision about adopting animals, and taking home new pets.","","United States"
"Amber Melanie Smith","93500","Tips and strategies to help aspiring changemakers change the world and live a life of impact and purpose! Whether you're trying to make a social impact...

By growing or starting a nonprofit or volunteer organization
Through social entrepreneurship or a socially responsible company
By finding volunteer opportunities to lend your time and talents 
By investing in social change as a philanthropist
By raising your voice as an activist
By being (or raising) an overall awesome, kind person who does good things 

...This channel is for you! Subscribe for a new video each week.

The information contained in these videos is for educational and entertainment purposes only.","","United States"
"Cheetah Stories","93000","Welcome to Cheetah Stories channel! 🐾

We bring wildlife to life through education and storytelling — every video is built from the ground up, with 3 to 4 hours of research, scriptwriting, and editing poured into each one to give our audience something truly unique.

Important Note:
The images, music, and video clips featured here are the property of their respective owners. No copyright infringement is intended. If you hold rights to any material shown, please contact us and we'll address your concerns promptly.
✉️ For partnerships, inquiries and removal requests contact: nohasalah5447@gmail.com

With respect and love to all creators and viewers. 🤍","nohasalah5447@gmail.com","United States"
"A Safefurr Place Animal Rescue","92400","A Safefurr Place is a non-profit animal rescue organization in Bakersfield California that also serves the surrounding areas of Kern County.

Our animal rescue channel features the stories of the abandoned, homeless, and neglected dogs and cats we have saved from the streets and rural areas of Kern County. There is nothing more rewarding than seeing these discarded pets transform back into the healthy and happy dogs and cats they once were, and helping them find the loving, forever homes they deserve.

PayPal donations  - http://www.paypal.com (Our account is @asafefurrplace)
Venmo donations - http://www.venmo.com (Our account is @ASP-Rescue)
Cash App donations - https://cash.app/$asafefurrplace","","United States"
"United Hope for Animals","91800","United Hope for Animals works to reduce companion animal homelessness through our Shelter Support Program at the LA County Baldwin Park Animal Care Center. Twice monthly Glamour Shots and videos for homeless pets are back!

If you are interested adopting a pet featured on this channel, please contact the Adoption Coordinator listed in the video description or visit the Baldwin Park Animal Care Center at 4275 Elton Ave., Baldwin Park, CA 91706. This is an LA County Shelter, and the status of pets updates daily. 

United Hope for Animals is an all-volunteer 501(c)(3) charitable organization. To volunteer, donate, or learn more, please visit unitedhopeforanimals.org.","0224maryr@gmail.com","United States"
"KTSM 9 NEWS","89200","","",""
"Banijay Wild","87500","Welcome to Banijay Wild, the best place to watch amazing nature and travel documentaries from all over the world! Here you will find both full episodes and documentaries featuring all your favourite animals, insects and birds!

All content distributed via Banijay Rights & its affiliate production labels.","","United States"
"GOOD LUCK ANIMAL SHELTER 🐾","87100","Hello brothers and sisters, I'm Patricia FROM GOOD LUCK Animal shelter And Sanctuary.

We are in a very difficult situation. Right now, we are caring for 25 dogs and 20 cats, and we continue rescuing animals from the streets whenever we can.

Some of them are sick, and all of them depend on us for food, clean water, medical treatment, and love.

The expenses have become overwhelming. Rent, daily food, and constant vet bills are more than I can manage alone, and I am struggling to keep up. That is why I am reaching out for help. We are trying to raise  ( $25,000 ) to give these dogs and cats a chance at life-to keep them fed, treated, and safe.

If you can spare even a small donation, it would mean so much. If you are unable to donate, please consider sharing our GoFundMe with your friends and family. Every share helps.

Together, we can make a difference and give these innocent lives a second chance🙏

CONTACT ME VIA EMAIL 👇👇👇

👉📧 promotelove300@gmail.com","promotelove300@gmail.com","United States"
"Furball Farm Cat Sanctuary","83000","We are an amazing sanctuary for feral cats! We are located in Faribault, Minnesota. 

The cats that live here are cats that had to be live trapped as they were completely un-socialized to humans.  

Regular rescues and shelters cannot take in these cats as it can take years for them to be come adoptable.  We have a full time Veterinarian on site for these lucky formerly homeless cats.

Over time, some of these cats gradually learn to trust and love humans and we can adopt them out!  If they don't ever learn to like humans, that is where the word ""sanctuary"" is important.  They can live out their lives with us.  No threat for euthanasia for lack of space or for being with us too long.  

Please watch our videos and you will see how this truly is a heaven on earth for these cats who lived a life of struggles before coming to us.  Thank you! 😻😻","furballfarmcatsanctuary@gmail.com; info@furballcats.com; Board@furballcats.com; furballfarmpetsanctuary@gmail.com","United States"
"World Horse Welfare","81100","World Horse Welfare is an international horse charity that improves the lives of horses in the UK and around the world through education, campaigning, and hands-on care.

Please subscribe to our channel to keep up to date!

Please visit http://www.worldhorsewelfare.org","international@worldhorsewelfare.org; press@worldhorsewelfare.org; info@worldhorsewelfare.org","United Kingdom"
"The Greenwood Dog Rescue Foundation","80200","500+ Dogs saved 💪 | 🚨 Fighting high-kill shelter deadlines twice a week. DONATE👇🏻

Saving abandoned and injured dogs across Florida 🐾
Founded by Linda Jenkins, The Greenwood Dog Rescue Foundation helps dogs in urgent need with rescue, medical care, rehabilitation, and safe shelter.

Through our videos, we share real rescue stories, recovery journeys, and adoption updates.

Your support helps provide:
• Food & shelter
• Emergency medical care
• Rescue transport
• Second chances for dogs in need

📍Location: 14500 Myakka Road, Sarasota, FL 34240 
☎️ (941) 294-1170

Or email us directly:
📩 General: info@greenwoodrescue.org
📧 Sarah: sccr.sarahmonroe@gmail.com

📱 WhatsApp: +1 (912) 793-3681

⬇️ Donation & support links below","info@greenwoodrescue.org; sccr.sarahmonroe@gmail.com","United States"
"World of Animals","78000","Welcome to 'World of Animals,' our channel is devoted to the heartfelt mission of rescuing, feeding, and rehoming street cats and abandoned kittens in our local community. Each video is a testament to the transformative power of love and care, showcasing the incredible journeys of our feline friends—from their days on the streets to finding safe, loving homes. By joining us, you become a crucial part of this mission, helping us extend our reach and make a lasting difference in the lives of these deserving animals. 
Together, we can create a future where no cat goes hungry and every kitten finds the warmth and affection they deserve. Subscribe to 'My Paws' and take part in this life-changing journey! 🐱💖 #CatResue #KittenAdoption #StreetCatFeeding","",""
"Hertfordshire Zoo","76200","Hertfordshire Zoo (www.hertfordshirezoo.com) is a registered conservation and education charity that supports projects around the world. We have a very knowledgeable and passionate team to care for our animals and raise funds to support wildlife conservation projects both in the UK and around the globe. Our sister site is The Big Cat Sanctuary based in Smarden, Kent.","info@hertfordshirezoo.com","United Kingdom"
"Rescue Dog Rangers","75300","Saving One Paw At A Time","","United States"
"Rescue cats in Uganda","73400","","",""
"Life With Pigs Farm Animal Sanctuary","73100","Live at 9pm ET nightly.  Life with Pigs Farm Animal Sanctuary provides forever homes to farm animals in need and compassion-filled educational experiences to the public.  We are home to pigs, cows, turkeys, chickens, sheep, a rabbit, a parrot, and three dogs. 

Life with Pigs is dedicated to educating people about the injustices faced by animals and how we can better coexist with our fellow earthlings. We operate under the guiding principle that animals are our equals and deserve equal consideration for their needs and desires.

Please subscribe to our channel for regular videos!","","United States"
"Reagan Animals care","71700","Help us Feed, Shelter and Heal Rescued Dogs.Hello friends, my name is MATOVU REAGAN and I run (Reagan Animals Care) at Kassanda Bukuya.

Our mission is simple but urgent: to rescue, feed, shelter and rehabilitate abandoned, abused and starving animals giving them a second chance of life.

Many rescued dogs are found emaciated,sick or injured left to survive on their own. We provide them with food, medical care,safe shelter, and love they have been at denied for too long.

BUT WE ARE FACING SERIOUS CHALLENGES;

1): Daily food costs for our animals.Feeding one dog

costs about $. Every day is a struggle.

2): Medical expenses for vaccinations, deworming, emergency treatment and spraying external parasites (ticks and fleas).

The Truth is, without your help, we can not continue to give these innocent souls the care they desperately need.","","Uganda"
"Sadies Dog Rescue","71400","Sadies Dog Rescue is a European non-profit organisation, registered in UK and run solely by volunteers & via donations.
We seek to change the fortunes of animals in and around Bacau, Romania through Rescue, Rehabilitation, Sterilisation and Education.","","United States"
"Jacobs Ridge Animal Sanctuary","70000","Jacobs Ridge is a private animal sanctuary in Murcia, Spain offering a forever home to 140+ animals. This includes: horses, pigs, donkeys, goats, sheep, cats and dogs, many of which have been neglected, abused or abandoned. 
We offer all-inclusive volunteer experience breaks, making us not just a sanctuary for animals, but a sanctuary for people too. 

Our mission is to be completely self-sustainable and not rely on hand-outs or donations. However, the pandemic had a massive impact on our funding model and so we have had to turn to other fundraising methods.

We promote a vegan lifestyle because we believe that every being has a right to life and a Life Without Fear.

Donate to our current fundraiser: https://www.gofundme.com/f/jacobs-ridge-infirmary
.","","United Kingdom"
"Sidewalk Specials","68900","Sidewalk Specials are a mass sterilisation unit & dog rescue based in the township of De Doorns, South Africa. 

We are PBO approved & can issue Section 18A certificates for donations received. 

NPC 2017/316326/08, NPO 230-918, PBO 930059565, UK CIC 9957429

Sidewalk Specials work through a culture of respect, education & upliftment, helping township families care for their pets.

We provide free vet care with the understanding that sterilisation is mandatory.

We run regular, free mass sterilisation drives in order to control overpopulation.

We provide free kennels for sterilised dogs to ensure they are safe from the elements.

We conduct weekly outreaches & check-ups to integrate with the community, earn their trust and educate the youth on pet ownership & care.

We provide free & effective chemotherapy treatment for dogs with TVT (Transmissible Venereal Tumors).

We safely rehome dogs from cases of abuse and/or severe neglect where education & upliftment are not possible.","","South Africa"
"Dog Rescue TV","68000","Dog Rescue TV is your home on YouTube for dog rescues from partners of the World Animal Awareness Society & World Animal Rescue Network from around the world. 

Videos from the World Animal Awareness Society are produced in the field and in our post production facilities using state of the art cameras, technology and more than 20 years of experience releasing content about humans rescuing animals.  #WA2SFilms has directly captured stories with over 2,200 NGO's and government organizations around the world. We use new state of the art a i to script, automate, paint, sing our stories to life. Tools that allow us to support animal rescues around the world. In the past five years the WA2S has donated more than $500,000 to animal rescuers.  We are the World Animal Awareness Society, World Animal Rescue Network and WA2S Films. We are about animals being rescued and the people doing the rescues...

To donate: https://www.paypal.com/cgi-bin/webscr?cmd=_s-xclick&hosted_button_id=ZEXBJW3E8RPW2","info@wa2s.org","United States"
"gofundme","66200","Start a fundraiser today, and join our community of over 200M donors and fundraisers to support people and causes you care about in just a few simple steps. GoFundMe has everything you need to succeed. Let our advanced features, AI integrations, and team of experts help you on your fundraising journey, and remember–we’re here to help!","","United States"
"Pupa to Butterfly","66100","","","India"
"Kitten School","65000","A fun and interactive place for learning about cat behavior and great training tips! Kitten School is a loving foster home for cats and kittens to get them ready for their ""forever"" homes. We will tackle all kinds of cat issues here--from how to tame a fearful cat to gentle solutions for behavioral problems to taking care of sick kitties. And along the way we'll have some tail-chasing, whisker-lickin' fun!","","United States"
"Hope Haven Animal Rescue","64500","🐾 Hope Haven Animal Rescue ❤️

We are dedicated to helping abandoned, neglected, and vulnerable animals find safety, care, and a second chance.

Our mission is to provide compassionate rescue support, veterinary care, rehabilitation, foster placement, and adoption opportunities. We share rescue stories to raise awareness and help connect animals with loving homes.

We believe every animal deserves kindness, dignity, and the opportunity for a better future.

📍 Austin, Texas, USA 🇺🇸
📞 Contact us: +1 (770) 626-0965
📧 Email: kindhopefulrescue@gmail.com

💗 Support our mission:
Donations help support veterinary care, medication, food, transportation, foster care, and other rescue needs.

👉 Donate through the PayPal link below.

Join us by following, sharing, fostering, adopting, or supporting our mission.

🐾 Every life matters. Every paw deserves hope. ❤️","kindhopefulrescue@gmail.com","United States"
"Little School","63500","Little School has entertaining educational videos for kids. Currently we focus on Science for Kids and Science Facts.

Soon we'll add content like Coding for Kids, Math for Kids & Grammar for Kids.

We add something new at least once a week, so you’ll want to subscribe to be in, on all the fun.
 If you enjoy our videos, please support us by subscribing and give our videos a “thumbs up.”  

Thank You and Happy Learning!","","Philippines"
"The Moons Farm","63300","Welcome to Legacy of Legends, our real-life animal rescue and sanctuary based at The Magical Moon Farm in rural France 🌿

Here, once-forgotten horses, donkeys, and other animals find safety, kindness, and a second chance at life. We care for retired elite sport horses, elderly equines, and endangered Poitou donkeys — giving them the dignity, comfort, and love they deserve.

Every video shares a true story: from the rescue of an elderly horse to the first steps of a tiny newborn donkey. We believe every life matters, and every legend deserves a beautiful ending 🌙💫

Join our worldwide family of animal lovers, follow the daily lives of our rescued souls, and be part of something magical — a place where hope and compassion truly live.

🩶 Subscribe to follow their journeys and help us continue our mission of rescue, rehabilitation, and love.","","France"
"FOX40 News","62900","FOX40 News in Sacramento is committed to “News That Matters,” sharing stories and creating content that informs and empowers people throughout the Sacramento-Stockton-Modesto region. You can always expect the latest local news, sports and weather coverage across multiple platforms. Sign up for the FOX40 newsletter to get “News That Matters” directly to your inbox. Download the FOX40 mobile app to stay up-to-date anywhere, anytime.","","United States"
"Pets & Vets","62600","Join us for heartwarming stories, educational content, and a community passionate about the well-being of all pets.

Pets & Vets is part of the Little Dot Studios network.","owned-enquiries@littledotstudios.com","United States"
"Local 3 News","62200","Welcome to the official Local 3 News YouTube Page. Visit https://www.local3news.com for more news, weather and sports from across the Tennessee Valley. Copyright © 2025 Sarkes Tarzian, Inc. (owner of WRCB-TV Local 3).","","United States"
"ACC NYC","60400","Welcome to the official Animal Care Centers of NYC (ACC) YouTube channel!  Individuals from all over New York City come to Animal Care Centers every day of the week for reasons as diverse as surrendering pets, reclaiming lost cats and dogs, and adopting new furry family members. We strive to find loving homes for homeless and abandoned cats, dogs, and rabbits, both by adopting animals directly to the public and by partnering with more than 300 dedicated animal placement organizations (our New Hope partners). Our field services division responds to calls from the public to help keep NYC communities safe and rescue animals in need, and we have facilities in all five boroughs.","info@nycacc.org; adopt@nycacc.org; CommunityCats@nycacc.org; donate@nycacc.org; foil@nycacc.org; foster@nycacc.org; hr@nycacc.org; media@nycacc.org; volunteerinfo@nycacc.org","United States"
"Megan and the Rescues","59000","Wonky Wednesdays, Bean Bakeries, Kitty Chaos, and so much more! Welcome to the realm of chaos. A safe place for wonky kitties and humans alike.

Join in the bananas that is special needs animal rescue!","",""
"WBTV News - Charlotte","58800","This is the official page for WBTV News in Charlotte, North Carolina. WBTV has been “On Your Side” for more than 75 years as the first TV broadcaster in the Carolinas.","","United States"
"Best Friends Animal Society","57700","Best Friends Animal Society is a leading animal welfare organization dedicated to saving the lives of dogs and cats in America's shelters and making the entire country no-kill. Founded in 1984, Best Friends runs lifesaving facilities and programs nationwide in partnership with more than 6,000 shelters and rescue organizations. From our headquarters in Kanab, Utah, we also operate the nation's largest no-kill animal sanctuary — a destination that brings our mission to life for thousands of visitors each year. We maintain the most comprehensive animal sheltering data in the country and make it accessible to the public — empowering communities with critical insights into the needs of their local shelters and how they can help. We believe every dog and cat deserves a home. And we believe that, by working together, we can Save Them All®.
Sub goals
57,000 ✅ we appreciate you, tysm! 🧡
75,000 🙏 let's do this! 💪
📣100K 🐐 GOALS","informacion@bestfriends.org","United States"
"Rescue Cat Sanctuary","56800","We’re a small sanctuary based in Lahore, Pakistan, dedicated to rescuing and caring for cats, dogs, kittens, and puppies.
Watch, support, and be part of their journey.","","Pakistan"
"MOYA - Animal Rescues","56600","MOYA Animal Rescues shares powerful, emotional stories about the rescue of abandoned, injured, or endangered animals in nature. Our content is built on original storytelling, creative visual techniques, and a strong commitment to animal protection and public education.

🎯 Our Mission:
To raise awareness about animal welfare, inspire compassionate action, and encourage responsible behavior when encountering animals in need.

📌 Important Note:
All stories are fictional recreations based on real-world scenarios, produced to deliver positive and educational messages. No real animals were harmed or used in the making of these videos.

Subscribe to support our mission – every view helps spread compassion and care for wildlife.

Fanpage: https://www.facebook.com/moyaanimalresucues/

#MOYAAnimalRescue #AnimalRescue #OceanWildlife #SaveAnimals #WildlifeRescue #RescueMission #RescueStories","","United States"
"Wildz Pawz","56400","Stories created for entertainment, inspiration, and creative storytelling.

All videos on this channel are fictional. The animals, characters, locations, and scenarios shown are not real. No real rescues are shown and no animals are harmed.

Some scenes depict simulated wildlife situations and should not be copied.
If you encounter an animal in distress in real life, contact certified wildlife professionals.

This content is created with the help of AI tools. 🐾🦊","","United States"
"Flip Flops Animal Sanctuary","56400","Flip Flops Animal Sanctuary is a vegan operated 501 (c)3 certified nonprofit organization. We specialize in helping neglected or abused farm animals live their best life on sanctuary. We currently care for approximately 70 rescued animals on our small sanctuary in Southern Maryland.","","United States"
"KIII 3 News","54800","KIII 3NEWS is the ABC affiliate in Corpus Christi, Texas, operating to serve, inform and improve communities in the Coastal Bend. The station began broadcasting in South Texas on May 4, 1964.  Today, KIII 3NEWS dominates one of the fastest-growing markets in Texas. The station’s service to the community and commitment to local news and weather coverage has consistently made it the Coastal Bend's news leader for decades.","TEGNA@nimia.com","United States"
"FOFRescueCenter","54200","Friends of Felines Rescue Center - FFRC is a cage-free, no-kill rescue center for cats located in Defiance, OH. FFRC is run by Megan Fischer and numerous volunteers.","","United States"
"AnimalCareTV","53700","Patterson Veterinary Academy has produced hundreds of pet care videos for loving pet owners and veterinary professionals, and are a world leader in providing educational resources for veterinary hospitals.","",""
"Saahas For Pune","53700","Official YouTube channel!
Helpline Number- 8459592034

Based in PCMC (Pune) and surrounding areas, SAAHAS FOR PUNE is a dedicated NGO working tirelessly to rescue, treat, and care for stray animals. Since 2019, we’ve been on the streets helping voiceless souls find safety, health, and love.

💛 What We Do:
	•	Rescue and treatment of injured stray animals
	•	Sterilization and vaccination drives
	•	Adoption support and awareness
	•	On-ground stories, animal recoveries, and behind-the-scenes shelter life

Your overwhelming love, support, and visits make all the difference. Every donation – no matter how small – brings us closer to saving another life.


🎥 Subscribe to witness heart-touching rescues, healing journeys, and the unspoken bond between humans and animals.

📍 Want to visit us or support our cause? You’re always welcome!
#saahas #animalrescue #animal","support@saahasforpune.org","India"
"Tv for dogs, brought to you by Doggy Woods Retreat","53200","TV for Dogs – Real Pack Life from Doggy Woods Retreat

Welcome to Doggy Woods Retreat — your pup’s new favorite network for DogTV-style videos filmed around the world.

We create TV for dogs: long, calming videos that entertain and comfort pups who are home alone, anxious, or just love watching other dogs.

These are real-life pack walks, forest adventures, and social time from our dog boarding and daycare business and friends around the world — not artificial loops or stock clips.

If your dog gets anxious, bored, or just loves watching other dogs… this is the real DogTV alternative they’ll love.

Josh, Colette, Eve, and our friends are proud to share real dogs playing, exploring, and relaxing together.

Leave a comment with your dog's name written in phonetic English so I can pronounce it correctly!

DogTV worldwide:
🇯🇵 日本の犬向け DogTV  
🇪🇸 DogTV para perros  
🇧🇷 DogTV para cães  
🇩🇪 DogTV für Hunde  
🇫🇷 DogTV pour chiens  
🇰🇷 강아지 DogTV  
🇹🇼 狗狗 DogTV  
🇮🇳 कुत्तों के लिए DogTV","","United States"
"Canine Companions®","51900","Canine Companions is a national 501(c)(3) nonprofit organization in the U.S., dedicated to providing service dogs to adults, children and veterans with disabilities. 

We also offer facility dogs to professionals working in healthcare, criminal justice and educational settings. All our dogs and follow-up services are provided free of charge to clients in the U.S.

#servicedog #LeadWithIndependence","","United States"
"The Tiny Tutors","51400","Welcome to ""The Tiny Tutors"" – your daily destination for fun and educational content designed specifically for young minds! 

🎉 At ""The Tiny Tutors,"" we believe that learning should be an exciting adventure, and our channel is dedicated to making every moment an opportunity to discover, explore, and grow. Join us on a journey filled with colorful animations, captivating storytelling, and interactive lessons crafted to engage and inspire children of all ages.

From ABCs to 123s, rhymes, fun fact videos, our videos cover a wide range of topics to ignite curiosity and foster a love for learning. Whether your little one is just beginning their educational journey or looking to expand their knowledge, our team of enthusiastic tutors is here to make learning both entertaining and enriching.

So, dive into our ever-expanding library of content, where each video is carefully crafted to spark imagination, encourage critical thinking, and empower young learners to reach for the stars.","","India"
"Wagent 00","50400","If Agent doesn't upload it Wagent will.

This is an unofficial fan account and not affiliated with Agent 00

NOT IMPERSONATING Agent 00, just a fan channel uploading extra content from segments Agent 00 does not upload. This channel is exclusively for Agent 00.

For Video Removal and Copyright Issues, please contact me at callmedoublezero@gmail.com
and I will respectfully take the video down.

⚠️DISCLAIMER⚠️:
This channel is not affiliated with, endorsed by, or impersonating any individual, brand, or organization featured in its content. All names, likenesses, and references are used for commentary, entertainment, educational, or parody purposes only, in accordance with YouTube's Terms of Service and community guidelines. Any similarities to real persons, living or dead, are purely coincidental unless explicitly stated.","callmedoublezero@gmail.com",""
"KET - Kentucky Educational Television","50000","Serving the public interest, Kentucky Educational Television (KET) enriches lives and builds stronger communities by educating, informing, inspiring, and connecting people of every age and circumstance through the power of public media.

We're an innovative and efficient producer of digital education tools for the classroom and Kentucky’s highest-quality source for public affairs and cultural programming. We work each day to help people everywhere continue to learn throughout their lives.

KET relies on financial support from viewers like you!

Contributions from people like you allow us to deliver content from PBS and other sources to more than 7 million people across Kentucky and the surrounding states. Your generosity also helps KET advance as Kentucky’s largest classroom, town hall, concert stage, history and science center, and so much more.","","United States"
"Wildlife Rescue","49600","“True animal rescue stories that restore faith in humanity.”
Join us in spreading this message so more wild lives can be saved.
🤗Thanks for your support! Don't forget to give us a like, subscribe and hit the little bell if you enjoyed this video!

⚠️This video was recreated with the help of artificial intelligence (AI) to tell a powerful story.
But the message we bring to our audience is real and urgent:
Protect nature - Reduce plastic waste - Save wildlife.
At Wildlife Rescue, we value compassion, respect for life, and the unsung heroes who choose not to turn a blind eye.","","United States"
"Gregs Turtle Haven","49400","Welcome to Greg's Turtle Haven,! Captive care inspired by nature, conservation through education and adventure!","","United States"
"Wildlife Trust of India","48200","Wildlife Trust of India (WTI) is a wildlife conservation action institution, established in 1998 in response to the growing challenges facing India’s wildlife and natural habitats. Its mission is to conserve wildlife and its habitats, and to work for the welfare of individual wild animals, in partnership with communities and government agencies.

WTI's central mandate is wildlife crisis management—delivering timely, effective, and science-based interventions to safeguard animals, species, and habitats in distress. The organisation is committed to preventing and mitigating threats through practical, on-ground solutions that drive meaningful and lasting conservation impact.","","India"
"Nine PBS","47300","Official YouTube of Nine PBS, a public media organization located in St. Louis, MO. 

Through the power of our stories, Nine PBS shares diverse perspectives, explores unfamiliar  places, celebrates what unites us, and connects us to new ideas. Since 1954, we have worked to be the essential and relevant community institution we are today by telling stories that move us. Watch live at ninepbs.org/live.","","United States"
"Clayton County AC Volunteers","47300","Supply List please help if you can
https://www.amazon.com/registries/gl/guest-view/3S227E0ACW0UJ?ref_=cm_sw_r_apann_ggr-subnav-share_6T8FBP0K432Y7HW35VA8&language=en-US

We are volunteers posting hidden shelter animals who have no volunteer visits, walks, treats, 
or cute pictures 💔

YOU can help save them by subscribing and sharing. THANK YOU FOR BEING HERE

Volunteers.ccac@gmail.com 

DONATE for all dogs Blake's Buddies Rescue 

https://givebutter.com/blakes-buddies-rescue-ckv2bw
Zero out all fees 



Thanks for supporting euthanasia list dogs.","Volunteers.ccac@gmail.com",""
"Good Day Sacramento","46600","Welcome to the official YouTube channel for Good Day Sacramento!

NEW VIDEOS POSTED DAILY!

Subscribe to us on YouTube: http://www.youtube.com/c/GoodDaySacramento 
Like us on Facebook:  https://www.facebook.com/GoodDaySacramento
Follow us on Twitter:  https://twitter.com/GoodDaySac
Follow us on Instagram: http://instagram.com/GoodDaySac","generalmgr@kmaxtv.com; gjoe@cbs.com; goodday@kmaxtv.com; tony.motta@cbs.com; web@cbssacramento.com; booking@kmaxtv.com; captioning@kovr.com; Sarah.Kemper-McCall@cbs.com","United States"
"Jaguar Rescue Center","46000","","",""
"Cats Protection","45700","We are the UK’s leading cat welfare charity. 
Scruffy cats. Shy cats. Stray cats. We’re here for all cats.  
Our videos help cat lovers understand their cats better. Our mission is to make a better life for cats, because life is better with cats. 

Cats.org.uk

Reg Charity 203644 (England and Wales) and SC037711 (Scotland)","","United Kingdom"
"freehandtv","45000","Freehand is an Australian Television production and content creation company, founded in 2004.

Since its inception, Freehand has delivered to Australian audiences an enviable catalogue of high quality, high profile content, including light and factual entertainment, observational documentary, specials and children's television","",""
"Rescue furry kids","44300","Hello everyone, this is Rescue furry kids,
home for stray animals.
I regularly share stories about rescuing stray animals,
Please don't abandon your pets.
Thank you for your encouragement and support💖💖💖","","United States"
"Adri Rachelle","42300","Daily life on my 200 year old, family farm compound. Raising kids, running a 501c3 animal rescue, gardening, baking, hauls, hobbies. Just a collection of my life.","","United States"
"Animal Rescue Nasa","42200","Welcome to Animal Rescue Nasa 🐾
We share powerful rescue moments to spread awareness, compassion, and respect for every living being. Each video is carefully edited to inspire emotion and kindness through real-life stories.

Subscribe for meaningful and heart-touching rescue content.

Educational & entertainment purposes only.","",""
"WHNT News 19","40700","","","United States"
"Shan Cats Rescue","40100","Rescuing abandoned kittens, giving them a second chance, and sharing their journey from survival to a loving home. 🐾❤️","","Pakistan"
"Explore Tiger & Kitten Cams","39600","Cats, Kittens, Lions and Tiger Live Nature Cams powered by EXPLORE.ORG.
Enjoy watching all our live nature cams and be sure to subscribe.

EXPLORE.ORG is the largest live nature cam network on the planet. We bring nature to you, raw, unscripted, and unedited. Enjoy the natural world as it unfolds in real time in front of our cameras. EXPLORE.org takes you from Kenya, Africa to the riverbanks of Katmai, Alaska and everywhere in between. 

Explore Live Nature Cams @ExploreLiveNatureCams","","United States"
"San Francisco SPCA","39300","Founded in 1868, the San Francisco SPCA is an independent, community-supported nonprofit. Our mission is to ensure every companion animal has access to quality medical care, compassionate shelter, and a loving home.","info@sfspca.org; publicrelations@sfspca.org; AAT@sfspca.org; adoptions@sfspca.org; behaviorinfo@sfspca.org; careers@sfspca.org; CVclinics@sfspca.org; development@sfspca.org; hospital@sfspca.org; partnerships@sfspca.org; spayneuterfrontdesk@sfspca.org; tour@sfspca.org; volunteers@sfspca.org; surrender@sfspca.org","United States"
"Battersea Dogs and Cats Home","37800","Here for every dog and cat since 1860. 💙 #AllInForThem

www.facebook.com/battersea
Follow us on Instagram: www.instagram.com/Battersea
Follow us on Twitter: @Battersea_","","United Kingdom"
"Farm Sanctuary","37600","Farm Sanctuary was founded in 1986 to combat the abuses of factory farming and to encourage a new awareness and understanding about ""farm animals."" At Farm Sanctuary, these animals are our friends, not our food.

Over the years, we have rescued thousands of animals, and educated millions of people about their plight. People are shocked to learn about the intolerable conditions that are commonplace on today's industrialized farms.

Our rescue and education work continues, as we advocate for laws and policies to prevent suffering and promote compassion. We are reaching out to legislators and businesses, and working to bring about institutional reforms.

Please visit www.farmsanctuary.org for more information.","info@farmsanctuary.org; mturner-smith@farmsanctuary.org; shelter@farmsanctuary.org; volunteer@farmsanctuary.org","United States"
"Alyssa's Animal Sanctuary","37300","","","United States"
"NBC 26","36800","","",""
"Caitie’s Foster Fam","36500","Come with me to rescue some dogs (& cats)!","",""
"Kabugo Animal Shelter Zigoti","35900","Welcome to Kabugo Sadick's Animal Rescue Channel!

Hi, I’m Kabugo Sadick from Uganda, and I’m passionate about rescuing and caring for dogs and cats in need. Through this channel, I share the inspiring stories of the animals we save and the efforts we make to provide them with love, care, and a second chance at life.

Your support means the world to us! Please subscribe, like, comment, and share our videos to help spread the word. Together, we can make a difference for these amazing animals.

Want to go a step further? Support our shelter by donating or sharing our mission. Every little bit helps!

Thank you for being part of this journey to rescue and protect our furry friends. 

MOBILE WALLET TRANSFER 
Names: Kabugo Sadick
City: Kampala
Country: Uganda 
Receive method: Mobile Money
Mobile money partner: MTN
Phone no: +256790242736

#AnimalRescue #SupportShelterAnimals #rescuedogs #shelterdogs","","Uganda"
"Tenerife Animal Sanctuary","35800","Tenerife Animal Sanctuary - sustainable centre for rescued animals in Tenerife, Canary Island, Spain. 

Previously known as Tenerife Horse Rescue

Registered charity (NGO) created by a couple with a dream to help animals in need. Self funded and run by a big community of volunteers.

Rescuing animals and giving them a voice. Horses, cats, dogs, goats, chickens, tortoises, turkeys, ducks, guinea pigs, pigs and more ... All living happily in our little hand built finca. Created around the basis of recycle, reuse and reduce. 

We invite you to join our sustainable and animal full journey and witness honest and raw videos with so much emotion, chaos, animals, knowledge and honesty.

Subscribe and follow us to help save the lives of hundreds of animals in need. By watching our videos you are helping us fund the sanctuary. 

Join the finca family for the ride!

You can also donate via paypal: donations@tenerifehorserescue or visit our website to help futher www.tenerifeanimalsanctuary.org","","Spain"
"Isabel Klee","35700","""Welcome to our Dog Channel, the ultimate destination for dog lovers! Join us as we celebrate everything about our furry friends—training tips, fun facts, adorable puppy videos, grooming advice, and heartwarming rescue stories. Whether you're a seasoned dog owner or just considering bringing a pup into your life, our channel is here to provide you with valuable insights and loads of entertainment. Subscribe for weekly content that highlights the joy, challenges, and unconditional love that dogs bring to our lives!""

Feel free to adjust it according to your specific focus or target audience!","","United States"
"Tennessee Wildlife Resources Agency","34800","Welcome to the official YouTube Channel of the Tennessee Wildlife Resources Agency! Check out our videos bringing you information about Tennessee's outdoors, the mission of the Tennessee Wildlife Resources Agency and many other wild adventures in Tennessee. Don't miss our episodes of Tennessee WildCast, Drop The Tailgate and Tennessee Outdoor Journal.","","United States"
"RH Farm Rescue and Stables","34400","Follow along as we save equines in need! We show the journeys of horses rescued from unfavorable circumstances, the retraining process and how we rehabilitate the mind and body. 

RH Farm Rescue is a registered 501 (c)(3) Nonprofit charity dedicated to the rescue, care and rehabilitation of abused, neglected and at-risk horses. We accept surrenders, pull from auction and other avenues of rescue. We work very hard to find them a forever home, and a better future. 

We are always in need of financial help, we care for these horses as long as they need us and our donors support this vital mission. With your donation we can save more horses from slaughter, rehabilitate neglected ponies and help equines in need find the love they deserve. 

To Donate: https://donorbox.org/rhfarmrescue
https://rh-farm.com/donations","",""
"Colby's Crew Rescue","34000","Colby and Ally have become a beloved tiktok sensation. Now they are coming to YouTube!","",""
"Pawspot","34000","Welcome to the Pawspot where you can find lots of cute, funny and adorable Dog videos. If you are an Dog lover, you are in the right place. Because we will bring you daily videos of cutest Paws on the internet. Are you ready for that? 
Make sure to subscribe and hit the bell for daily updates. Pawspot is always waiting for you.","","United States"
"Skydog Sanctuary","33900","Skydog Sanctuary is a 501c3 non-profit that rescues at-risk mustangs and burros across the United States from neglect, abuse and mistreatment as well as reunites families of mustangs separated during roundups where possible.  Our equally important mission is to educate, inform and raise awareness of wild horse and burro issues to inspire others to get involved also.   Wildness matters.  Mustangs matter.

Right now America’s wild horses are being threatened with being killed or sterilized by the Government and this is unacceptable and wrong. There are over 44,000 wild horses currently locked up in BLM holding pens across the American West and they need our help NOW. There are better humane ways to manage wild horses on the range without roundups and holding pens.    

Please join us in fighting for our wild horses and for keeping more horses free on our public lands ❤️❤️

Please support us by sponsoring our rescued horses and burros via our website or Patreon.","exsec_exsec@ios.doi.gov; contact@skydogranch.org; store@skydogranch.org; aebbers@blm.gov; askusda@usda.gov; comments@whitehouse.gov; horsesinneed@skydogranch.org; kfjohnso@blm.gov","United States"
"Happy Paws Adoption","33600","Happy Paws Adoption is a channel dedicated to the love, rescue, and happiness of dogs around the world. 🐶❤️

Here you’ll find heartwarming dog rescue stories, adorable puppy moments, funny dog videos, and inspiring adoption journeys that show how amazing our four-legged friends truly are.

Our mission is simple — to spread kindness, encourage dog adoption, and share the joy that dogs bring into our lives. Every rescued dog deserves a second chance, a safe home, and a loving family.

From emotional rescue stories to hilarious dog moments that will make you smile, Happy Paws Adoption celebrates the beautiful bond between humans and dogs.

Whether you love cute puppies, rescue transformations, or funny dog behavior — this channel is for every dog lover.

🎬 Videos on this channel may include storytelling and AI-assisted visuals created for awareness, inspiration, and entertainment.

💛 If you love dogs, rescue stories, and heartwarming animal moments — subscribe and join our community!","","United States"
"Animals Cottage - Rescue Center","31900","Animals Cottage – Rescue Center is a safe place for cats and kittens in Lahore, Pakistan.","animalscottage@gmail.com","United States"
"BUNTY Animal Rescue","31600","मेरा नाम बंटी है, मैं उत्तराखंड, नैनीताल जिले के हल्द्वानी में रहता हूँ। मुझे पशु चिकित्सा का थोड़ा व्यवहारिक ज्ञान है, इसका प्रयोग मैं अपने खाली समय में उन जानवरों की सहायता करने के लिए करता हूँ जो किसी भी प्रकार की दुर्घटनाओं में घायल होते हैं या जिनके साथ लोगों द्वारा क्रूरता की जाती है।
यदि आपको हल्द्वानी और उसके आसपास के क्षेत्र में ऐसा कोई बेजुबान जानवर दिखाई दे जिसे सहायता या इलाज की आवश्यकता हो तो कृपया दिए गए नंबरों पर मुझसे संपर्क करें। 

Contact Numbers 
9675135315
8954999010

My name is Bunty, and I live in Haldwani, in the Nainital district of Uttarakhand. I have some basic knowledge of veterinary care, which I use in my free time to help animals that are injured in accidents or subjected to cruelty by people. If you come across any such voiceless animal in need of assistance or treatment in Haldwani or the surrounding areas, please feel free to contact me at the numbers provided.","","India"
"Wild Rescue Mission","30000","Through powerful short films and documentary-style stories, we aim to inspire compassion, responsibility, and action toward animals who cannot speak for themselves.

👉This channel is created for:

- Wildlife lovers.
- Environmental advocates.
- Viewers who believe in ethical storytelling.
- Anyone who wants to help protect the planet.

If you care about wildlife rescue, plastic pollution, and a more sustainable future, you are in the right place.","","United States"
"Chasing News","29900","The place for News like you've never seen before. Weeknights at 11PM ET on My9 and 1AM on FOX 5 WNYW","",""
"Tony Tai","29600","i pursue the Dao of shitposting","","United States"
"Turpentine Creek Wildlife Refuge","29600","Turpentine Creek Wildlife Refuge is striving to see the end of the big cat and bear trade, within our lifetime. Allowing these magnificent animals to enjoy life without fear, abuse, abandonment, or neglect; letting them be the wild animals they were truly meant to be. Through education, advocacy, and quality care for our current rescues, we are making strides in changing the mindset of a nation. As a 501(c)3 nonprofit organization, our mission is to provide lifetime refuge for abused and neglected “Big Cats” with emphasis on tigers, lions, leopards, and cougars. We have created a place that these animals can finally get the care and piece of freedom that they deserve. With your help, we will be able to expand our public educational outreach, education programming, and continue to rescue animals in need.","marketing@tcwr.org","United States"
"The Animal Rescue Center Of California","29600","THE ANIMAL RESCUE CENTER OF CALIFORNIA is a non-profit 501c3 dedicated to rescuing stray and unwanted animals and ensuring they find loving forever homes.","",""
"Animal Rescue Corps","29400","With the help of people like you, Animal Rescue Corps conducts large-scale emergency rescues of animals who fall victim to abuse, neglect, and disaster; provides shelter relief; and offers education & training on actionable ways to end animal suffering.","hripley@orangeorchardpr.com; info@animalrescuecorps.org","United States"
"Zamora Animal Rescue","29300","🐾 600+ Dogs Rescued | Saving Dogs from High-Kill Shelters Every Day. DONATE 👇👇 to Give a Dog a Second Chance ❤️

We are a foster-based, volunteer-run rescue helping abandoned, neglected, and abused dogs.

❤️ Help save lives:
• Adopt
• Foster
• Donate
• Subscribe & share

Every donation matters:
🐶 $5 – Feeds a hungry dog
💉 $10 – Antibiotics & wound care
🚐 $25 – Transport & parasite treatment
🏥 $50 – Emergency vet care
❤️ $100 – Ongoing medical care
🩸 $200 – Advanced treatment
🚑 $300 – Hospitalization
🦴 $400 – Emergency surgery
🐾 $500 – Can completely save a life

We have no corporate sponsors—every rescue depends on your support.

🙏 Thank you for standing with us and giving these dogs the future they deserve.

📍 8464 Beach Blvd, Jacksonville, FL 32216, USA
📧 Donations & Partnerships:
zamoraanimalrescue@gmail.com

📧 General Inquiries:
rescueanimalcare@gmail.com","rescueanimalcare@gmail.com; zamoraanimalrescue@gmail.com","United States"
"NParksSG","28500","Welcome to NParksSG - the YouTube channel for National Parks Board, Singapore. 

We are dedicated to transforming Singapore into a City in Nature and to create the best living environment through greenery and recreation.

Find out more about nature, gardening, biodiversity and our green spaces here!

For feedback, please submit at www.nparks.gov.sg/feedback. The info required will help us to tend to your query.","","Singapore"
"Equine Rescues","28400","""Horse Rescue: A Journey of Hope and Unconditional Love""","","United States"
"Explore Farm Life","27700","Tune in to our 24/7 live streams and spend your day with gentle horses, relaxing sheep, cows, and other farm friends as they roam, graze, and interact in real time. 

EXPLORE.org is the largest live nature cam network on the planet.  We bring nature to you, raw, unscripted, and unedited.  Enjoy the natural world as it unfolds in real time in front of our cameras.  EXPLORE.org takes you to the most remote places around the globe, from the plains of Kenya, Africa to the riverbanks of Katmai, Alaska.  Be sure to check out all the EXPLORE.org live cam channels.

Explore Live Nature Cams @ExploreLiveNatureCams","","United States"
"KVIA ABC-7","27700","KVIA-TV has a proud 60-year history of serving as the ABC network affiliate in El Paso, Texas; Las Cruces, New Mexico; and Juarez, Mexico.","silvia.castro@kvia.com; fccinfo@fcc.gov; news@kvia.com","United States"
"Animal Rescue Haven","26600","Welcome to Animal Rescue Haven 🐾

Animal Rescue Haven is where you can discover heartwarming real-life animal rescue stories from around the world.

Here, you'll find inspiring rescue stories, miraculous recoveries, touching reunions, and loving moments that celebrate compassion, courage, and the extraordinary bond between humans and animals.

Our goal is to share inspiring stories of kindness, raise awareness about animal protection, and remind everyone that every life is precious, deserves love, care, and a second chance.

Every rescue has a story.

Thank you for being a part of our community and helping us spread hope—one story at a time.","","United States"
"AMA Animal Rescue","25700","","",""
"Gigantic Industry","25600","Welcome to Gigantic Industry - where manufacturing transforms into an art wrapped in pure silence.
Step into a cinematic world of machines, materials, and hypnotic production flows, all brought to life through ultra-realistic AI visuals and calming factory ASMR. No narration. No clutter. Just the quiet reveal of how things come to life behind the scenes.

⚠️ DISCLAIMER
All videos on this channel are created using advanced AI technology for educational and documentary-style purposes.

⚖️ For Informational Use Only:
The content is not an exact replication of real factories or professional procedures.
It is designed solely for learning, inspiration, and entertainment.","","United States"
"South Florida SPCA Horse Rescue","25600","Driven by the need to serve abandoned and starving horses, and with the vision to create a safe haven for them, the South Florida SPCA, a 501(c)(3) charitable organization was formed. The mission of the South Florida Society for the Prevention of Cruelty to Animals is to rescue, rehabilitate horses and other livestock in Miami Dade County and safely rehome them across the country.","info@helpthehorses.org; adoption@helpthehorses.org; chris@helpthehorses.org",""
"Pony Tales Refuge","25000","Pony Tales Refuge is a 501c3 full circle of life shelter dedicated to helping all equines in danger of abuse, neglect, and slaughter. As a full circle of life shelter, we will never turn away a horse in need regardless of age, breed, health or training.","","United States"
"alisWebsite","24700","Wondering what type of work you want to do? Watch these videos, learn about occupations and plan your future!

The Alis website is Alberta's online gateway to services and information related to career planning, education, jobs and the workplace. This online service is sponsored by  the Government of Alberta. 

The Alis website is located at https://alis.alberta.ca","","Canada"
"Dog Rescue","24500","Welcome to Dog Rescue Channel!

We will upload stories of rescued animals and we hope all videos will be inspirational stories, we always try to help animals from wild, homeless, abandoned, abused or from difficult situations to give them a better life and love.

God bless all rescuers and all those who always save animals from any situation.","","Vietnam"
"In Ruff Company","24300","I’m Jackie, and I’m unapologetically crazy about dogs :)

So much so that I've decided to revolve my life around them! I was a professional dog walker for 6 years, and am now carving out my dream of starting a dog rescue. This channel offers guidance, tips, encouragement, and a sense of community to dog owners and pet professionals with weekly videos all about dogs!

My goal is to help put a smile on every dog’s face by building a community of unapologetically dog-crazy people who want to give dogs the same love and respect that they show us every single day. 

Connect With Me:
Email - inruffcompany@gmail.com
Instagram - http://www.instagram.com/jackietodd_
Facebook - http://www.facebook.com/inruffcompany","inruffcompany@gmail.com","United States"
"Trips To Discover","24200","Discover the best travel destinations to add to your bucket list! Dream, Discover, and Go!","","United States"
"The Royal Agricultural Winter Fair","24000","The Royal Agricultural Winter Fair is celebrating 100 years of World Class Equine & Agricultural excellence | Join us Nov 4-13, 2022 for #RAWF100","csura@royalfair.org; info@royalfair.org",""
"Charlie Freak & The Shire Animal Rescue Sanctuary","24000","The new home on Youtube for Charlie Freak and The Shire Animal Rescue Sanctuary, run by Charlie and his wife Colleen.","","Mexico"
"CBS Local News","23600","CBS Local personalizes the global reach of CBS-owned and operated television and radio stations with a local perspective.

Subscribe for the latest  look at what’s happening across CBS LOCAL TV news stations.  
For more breaking news, visit the  Local Tips Live Stream:  http://cbslocal.com/2015/08/31/daily-news-tips-from-cbs-local-sites/

SUBSCRIBE ON YOUTUBE:  http://www.youtube.com/c/CBSLocal
FOLLOW ON TWITTER:  https://twitter.com/cbslocal
LIKE ON FACEBOOK:  https://www.facebook.com/CBSLocal

RADIO.COM:  http://radio.com
CBS LOCAL SPORTS:   http://sports.cbslocal.com","","United States"
"Animal Humane Society","23500","Every year, Animal Humane Society provides direct care and services to help nearly 100,000 animals in need across Minnesota.

As one of the nation's leading animal welfare organizations, AHS is transforming the way shelters care for animals and engage their communities. From innovative medical and behavior programs to investments in outreach and advocacy, we’re advancing animal welfare and creating a more humane world for animals everywhere.

Mission
To engage the hearts, hands, and minds of the community to help animals.

Vision
To compassionately and responsibly create a more humane world for animals.

Values
- Be good to animals. Act kindly and think progressively to improve the lives of animals.
- Partner with people. Harness the creativity and passion of people through collaboration and teamwork.
- Lead responsibly with compassion. Inspire trust through leadership that balances the head and heart.","","United States"
"Animal Rescue Kharkiv","23300","Ми - ""Порятунок тварин Харків"".
Виїжджаємо на виклики, де життю тварини - кота, собаки, птаха, дикої тварини - загрожує небезпека: збиті, поранені, у важкодоступних місцях, на дереві, в ямі.
Працюємо 24/7.
На нашому каналі дивіться відео порятунку пухнастиків, історії тварин, тих, хто шукають родину, історії людей, які врятували цих тварин кожного вівторка та кожної пятниці о 20:00.

Ми у Facebook: https://www.facebook.com/spt.kh
Ми в Instagram: https://www.instagram.com/animal.rescue.kharkiv","info@animalrescuekharkiv.com; info@animalrescuekharkiv.org","Ukraine"
"ACF Animal Rescue","23000","ACF Animal Rescue (Ayesha Chundrigar Foundation)

Pioneering animal rescue in Pakistan since 2013 🐾
Sanctuary to over 2,000 souls & a daily rescue service 💛

📞 0334-5665000 | Mon–Sat 10–5 | 📍Karachi

----------------------
Donate ❤️‍🩹

** For US 🇺🇸 donors (tax exempt):
- https://www.usa-acf.org/donate
- https://linktr.ee/acfanimalrescueusa (Linktree)

For direct bank transfer to our US account, please email us at info@usa-acf.org

** For donors around the world 🌍:
Go Fund Me: 
- https://gofund.me/c13cf610
- https://www.gofundme.com/f/y9234v-help-us-build-pakistans-first-ever-animal-sanctuary

** For Pakistani 🇵🇰 donors (tax exempt):
- https://www.acfanimalrescue.org/donate/

Message us via Inbox with amount deposited / date, purpose you would like us to use it for and we will send you a receipt. Thank you for helping us change lives 🙏🏼✨

Thank you 🙏🏼♥️

__________________

** Featured by The Dodo 🤩🌟🦤

- https://youtu.be/KhJP-vnbDvk?si=RjNqmPb8XHdjYt23","info@usa-acf.org; info@acfanimalrescue.org",""
"ManyPaws Animal Rescue","22500","We are a foster based rescue Located in UT. You can find more info at: manypaws.org
Amazon wishlist for our foster animals:
https://www.amazon.com/hz/wishlist/ls/3B5TV7BBKZKFV?ref_=wl_share","",""
"Joanna's Animal Sanctuary & Art","22400","my channel is about senior dogs and cats, i care for, as well as the music i make, also i am wanting to make videos on how to better care for senior dogs and cats, the supplements and treatments that work, i research everything","","United States"
"Harmony Horsemanship and Country Mom Chaos","22300","🌟 Harmony Horsemanship with Lindsey Partridge – Where Horses Meet Real Family Life! 🐴✨
International champion & OTTB/mustang makeover winner Lindsey shares gentle, positive training that transforms horses + everyday farm-mom chaos.
You’ll find:
• Wild-to-champion makeovers
• Step-by-step tutorials & vlogs
• Bridleless shows & adventures
• Country Mom Life → kid baking, animal chaos, budget family trips & healthy-ish recipes
Whether you’re here to master horsemanship or just love watching toddlers feed goats while muffins bake – welcome home!
Start learning → harmonyhorsemanship.com
Visit the farm → partridgehorsehill.com
Questions → info@harmonyhorsemanship.com
Hit subscribe for new horse magic + farm-mom fun every week! 🐴❤️🍪","info@harmonyhorsemanship.com","Canada"
"Easy Horse Care Rescue Centre","22300","Our mission is to rescue and rehabilitate abused, neglected and abandoned horses, ponies and donkeys, while campaigning for the better treatment of animals across Spain. We are a no-kill foundation and provide each rescued animal with a safe and loving sanctuary – either here at our centre or via rehoming – for the rest of their lives.","","Spain"
"tina","22200","","","United States"
"Experience Gold Coast","22100","The official YouTube channel of the Gold Coast, Queensland, Australia. Inspiring your next holiday with events, things to do and see, accommodation, attractions, dining and exploring, visit www.ExperienceGoldCoast.com for more information.","","Australia"
"countysandiego","22100","Official YouTube page for the County of San Diego government, including programs that are cablecast & shown on CountyNewsCenter.com and CNC TV.","","United States"
"RSPCA","21800","We’re here for every kind. Subscribe to see our rescues, campaigns and handy how to guides! Visit our website for advice about how to help animals, or to report cruelty or neglect: https://www.rspca.org.uk/utilities/contactus/reportcruelty","",""
"The Dog Vlog","21500","You can be your dog's hero!  We share tips, training, and fun stuff to make life better for you and your dog!

I am a dog trainer and border collie (and many other breed) lover who continually learns and practices new skills. I believe that the dog in front of you has a lot to teach you. 

My dogs have had health issues (epilepsy is one) and behavior challenges (including severe separation anxiety), so I've learned about effective, science based forms of dog training. Your dog, whether sweet, excitable, mischievous or extra smart,  has something to teach you. A challenging dog challenges us to learn more! I hope this dog vlog inspires you to understand and interact more with your amazing dog!","","Canada"
"Navnit Wildlife Rescuer","21300","Animal Lover Navnit Roy ,One of the Professional Snake Saver has Done great work for the Contribution in Saving the Snake lives and its species. Due to his Activeness and Sincerity he saved thousands of unique species of snakes for which forest department salutes him and respect him. Navnit Roy is a fearless snake Saver who rescues some of the world’s most dangerous snakes on his own risks.","","India"
"P’Nuts Freedom Farm Animal Sanctuary INC","20400","P'nuts Freedom Farm Animal Sanctuary is a place where hope, healing, and second chances flourish. We rescue animals from situations of neglect, abuse, and abandonment, offering them a safe, loving environment to recover and rebuild their lives. Our dedicated team provides personalized care to help each animal heal physically and emotionally, giving them the opportunity to trust again. Beyond rescue, we are passionate about raising awareness and advocating for a world where all animals are treated with kindness and compassion.

At P’nuts Freedom Farm, every animal’s story is worth telling, and every second chance is a chance to thrive","",""
"pawsitive personals","20200","Pawsitive Personals is your comprehensive destination for everything related to animal welfare, advocacy, and care. Our mission is to champion the lives of animals through heartwarming stories, critical rescue efforts, and actionable tips for pet owners and rescuers alike. Whether you're seeking advice on adopting a new furry friend, understanding animal behavior, or learning about the heroes who work tirelessly to save animals, you'll find it here. As a 501(c)(3) nonprofit, we’re dedicated to making a real difference—raising awareness, supporting shelters, and connecting compassionate people who want to help animals in need. Together, we can give animals the love and respect they deserve.","","United States"
"BOSS Farms","20000","🐾 Welcome to the Wild Side of Rescue with Tye Friis 🐾
With over a decade of hands-on animal rescue experience, Tye Friis has dedicated his life to saving animals in need—from local emergencies to international missions. He’s built shelters, led life-saving operations across borders, and never turns away from a creature in distress.

As the founder of B.O.S.S. Farms, Tye is now developing a 500-acre off-grid sanctuary deep in Oregon, designed to be a self-sustaining haven for both animals and people.

Now a father of two, Tye’s mission is evolving—blending homesteading, family life, and large-scale rescue into a one-of-a-kind adventure. Whether you’re here for the animals, the builds, or the raw honesty of life off-grid…

Subscribe and be part of the journey—every wild, muddy, beautiful step.","care@bossfarms.com","United States"
"RESQCT - ANIMAL RESCUES INDIA","19900","RESQ Charitable Trust (RESQ CT), headquartered in Pune, India, has been a pivotal figure in Maharashtra's animal welfare sector since 2007. The organisation provides state-wide emergency wildlife response, advanced veterinary care, and rehabilitation at the Transit Treatment Centre. 
#wildlife #wildliferescue #animalrescue #wildlifeconservation #snake #birds #leopardrescue #pangolinrescue #wildliferehabilitation","info@resqct.org; admin@resqct.org; communications@resqct.org; outreachteam@resqct.org; team@resqct.org","India"
"The Big House Cats","19700","I’m Kristine, Founder of The Big House Sanctuary and Rehab 🐾
Sharing behind-the-scenes of rescuing, advocating, and caring for chonky cats, from wellness tips to the daily chaos of sanctuary life!","",""
"OPH Rescue","19300","Operation Paws for Homes is a 501(c)3 nonprofit organization devoted to the rescue, rehabilitation and placement of dogs and cats who have overcome great odds and deserve wonderful, caring forever homes. These dogs and cats are rescued from overcrowded shelters in the southern region of the United States, primarily shelters in South and North Carolina, as well as Virginia. We partner with local shelters as needed. We also rescue a few international dogs partnering with shelters and rescues in India who rescue dogs from dangerous and deplorable conditions. Our organization is volunteer-powered by a dedicated group of animal lovers who have seen the horrors and sad fate of animals who find themselves abandoned and left to fend for themselves in the world.","","United States"
"SPCA International","19200","What does SPCA International do?  Our mission is to advance the safety and well-being of animals

SPCA International specializes in assisting animals in areas of conflict and disaster. During times of natural disaster, political turmoil, war and man-made disaster - SPCA International is ready to take action for the protection of animals. Along with partner organizations around the world, we focus on helping in crisis situations where animals are at risk or in danger.  Learn more here by watching our videos and by visiting our website at https://www.spcai.org","partnerships@spcai.org",""
"Drone Pet Recovery","19100","Heartwarming stories of thermal drones finding lost pets, tips for recovering your missing pet and help for folks wanting to start their own drone service. 
If you've lost a pet in Ohio, call us: 740-334-4099
Or visit DronePetRecovery.com","info@avodadrones.com; sales@dronepetrecovery.com","United States"
"LTT Animal - Rescue","18800","🆘 LTT Animal - Rescue | Every Life Matters 🆘
At LTT Animal - Rescue, we believe that every injured or abandoned animal deserves a second chance. Our channel documents real-life rescue missions, rehabilitation stories, and the emotional journeys of cats, dogs, and other small animals fighting to survive.

💔 Found a cat in pain?
🏥 An abandoned puppy on the street?
❤️ We step in when hope is almost gone.

🎥 What you’ll experience on this channel:
🔹 Emergency animal rescues from harsh environments
🔹 Before & after transformations
🔹 Behind-the-scenes care, feeding, medical treatment
🔹 Educational content on animal welfare & pet care
🔹 Touching stories that raise awareness and empathy

🛎 Subscribe now and become a part of LTT Animal - Rescue — where hope begins, and healing happens.

Animal rescue, cat rescue videos, dog rescue, pet rehabilitation, abandoned animals, rescue missions, LTT Animal Rescue, saving animals, animal help stories, cat recovery, pet rescue channel","","United States"
"Rabbit Rescue Squad","18200","🐾 Welcome to Rabbit Rescue Squad! 🌿
Join us on thrilling adventures as our heroic rabbits step in to rescue animals and overcome challenges in the wild. With exciting stories, heartwarming moments, and a love for nature, we bring you unique, family-friendly content full of fun and inspiration.
Discover the power of teamwork, kindness, and courage with the Rabbit Rescue Squad! 🐇
                                              Subscribe now and become part of the squad! 🔔
Tag:
#RabbitRescueSquad #AnimalAdventures #WildlifeHeroes #FamilyFriendlyContent
                                                            Copyright Disclaimer
This channel uses copyrighted materials under the ""Fair Use"" provisions of Section 107 of the Copyright Act 1976, for purposes such as commentary and education. All rights belong to their respective owners.

If you believe your work has been used improperly, please contact us at: squadrabbit856@gmail.com","squadrabbit856@gmail.com","Malaysia"
"Bold Eyes","18200","🎬 Welcome to 【Bold Eyes】! 🔥
Experience a thrilling plot and revenge story. Power, wealth, love, and vengeance intertwine as you rise from the bottom, reverse your social status, and ultimately triumph—exciting episodes unfold daily.
👇 Subscribe🔔 for daily updates! Experience the thrill of climbing from the bottom to the top!
#StressReliefDrama #Revenge #Twist #Passion #Energetic","","United States"
"Dr. Elie Pet Rescue ™","18100","Dr. Elie Pet Rescue Mission dedicated to worldwide collaboration, rescuing and saving animals, preserving our planet, living and existing in harmony with all types of species.

Shop my skincare & makeup line today: www.drelieskincare.com","","United States"
"Connecticut Public","18100","Award-winning documentaries... from Connecticut Public.

Connecticut Public is home to award-winning documentaries, local journalism, historical storytelling, and public media that explores Connecticut's past, present, and future.

From compelling documentaries and in-depth reporting to local history, arts, and culture, along with iconic Connecticut stories. Our videos celebrate the people, places, and events that shape our state.

Whether you're revisiting familiar moments or discovering something new, you'll find trusted storytelling rooted in public service and decades of community connection.","","United States"
"Tabby Tails Cat Rescue","17900","The official channel of Tabby Tails Cat Rescue. A nonprofit it Custar, ohio. Ein 85-1033917 
Donate here https://linktr.ee/tabbytails","",""
"Heavy Petting - Animal Documentaries","17900","From heart-stopping dog rescues to incredible animal transformations, we bring you the most inspiring animal rescue stories! Witness the life-changing work of organizations like the RSPCA and other dedicated rescuers as they save abandoned dogs, stray cats, and wildlife in danger.

Join us on TikTok: https://tinyurl.com/3wz2937w","","United Kingdom"
"Maddie's Fund Education","17700","Maddie's Fund Education is a program of Maddie's Fund, the nation's leading funder of shelter medicine education.  Visit university.maddiesfund.org for free courses and a chance to earn certificates! 

If your pet is experiencing medical issues, please contact your veterinarian. Maddie's Fund welcomes your comments, but we cannot endorse or recommend medical advice posted by third parties in the comments section.","","United States"
"ATXN | City of Austin","17500","Welcome to the the official City of Austin YouTube channel. Looking for meeting coverage? 
Watch ATXN's live stream & see the archive at https://atxn.tv/","","United States"
"Arctic Fox Daily Wildlife Rescue, Inc.","17400","I'm Kim, President and Founder of Arctic Fox Daily. At our unique, home-based sanctuary, we provide a forever home to unwanted, neglected, abandoned, or confiscated captive-bred and non-releasable wildlife, specializing in foxes and wolfdogs.

I also volunteer my time raising orphaned and/or injured New York-native wildlife, with the ultimate goal being release back into nature - where they belong.

I rescued wildlife as a licensed individual for over a decade, and then officially founded Arctic Fox Daily Wildlife Rescue, Inc. in 2020, a 501(c)(3) nonprofit organization. We rely fully on contributions from our amazing supporters. The more support we receive, the more animals we can help. Follow @arcticfoxdaily on our other platforms, and visit www.arcticfoxdaily.org to learn more or to see the different ways you can show support.

I'm making my childhood dreams of rescue come true, while raising two babies of my own, Ella and Clay. Thanks for tagging along on our rescue journey!","","United States"
"ShaMif Muslim","17200","Welcome to ShaMif Kids — a joyful world of colorful 3D animation, catchy nursery rhymes, and fun preschool learning!

We create cheerful, high-quality musical adventures designed to spark imagination, encourage early speech, and help toddlers and preschoolers explore the world around them.

What your little ones will discover on ShaMif Kids:

Foundational Learning: Colors, counting, ABCs, and shapes

Favorite Nursery Rhymes: Classic sing-alongs with playful new twists

Animal Adventures: Catchy sounds, nature, and fun rescue missions

Healthy Habits: Sharing, kindness, and morning routines

A Safe Screen-Time Space: Our videos provide gentle pacing, positive messaging, and wholesome family entertainment that parents can trust 100%.

Subscribe to @shamifkids and join our musical family today! New videos every week!
#ShaMifKids #NurseryRhymes #ToddlerLearning","","Indonesia"
"Williamson County Television","16900","WC-TV is the Government and Education Channel for Williamson County, Tennessee.","","United States"
"Tiffany Dodd","16900","❤️ Join me to share my love and excitement in getting abandoned, homeless, semi feral, unwanted, stray, community, alley and street cats into loving homes. 

I hope you’ll find my videos entertaining, educational and emotive.

Please consider donating, to help me grow this channel. Thank you for your kind support.

BANK DETAILS:
❤️❤️ UK DONATIONS:  Account Name: Tiffany Dodd      Bank: HSBC     Sort Code: 401262      Account Number: 00671274
❤️❤️ OVERSEAS DONATIONS:   Account Name: Tiffany Dodd      Bank: HSBC      Branch Identifier Code: HBUKGB4B    International Bank Account Number: GB73HBUK40126200671274  
❤️❤️ PAYPAL:  Link Below.
❤️❤️ GOFUNDME:  Link Below.

❤️ To sponsor a video or collaborate please email:  tiffanydoddcatrescue@gmail.com

Tiffany Dodd, Cat Rescue, Manchester, UK.  @rescuecatsmanchester

#catrescue #cat #cats #catlover #animals #catvideos #collaboration #collab #rescuecatsmanchester","tiffanydoddcatrescue@gmail.com","United Kingdom"
"EdwardX Cat Rescue","16600","Hi everyone my name is Edward and I help homeless animals!
Now I live in Georgia, the city of Batumi.
Unfortunately there are a huge number of homeless cats and dogs here.
Animals are sick, injured and have poor nutrition.
I and other volunteers are trying to help animals, we catch them, we spay them, if the animal can live with a family of people then we try to find a home, if the animal is completely feral then after recovery and vaccination we let it go to live on.
Subscribe, it will be very interesting!","","United States"
"New Life Animal Rescue","16200","🐾 New Life Animal Rescue 🐾

Every animal deserves love, care, and a safe forever home. ❤️

At New Life Animal Rescue, our mission is to rescue abandoned, injured, and homeless animals, provide them with medical care and rehabilitation, and help them find loving families through adoption.

✨ Rescue • Care • Rehome • Repeat

Join us in giving every rescued animal a second chance at life.

📩 Contact us for adoption, fostering, volunteering, or donations.

Adopt, Don't Shop. 🐶🐱❤️","",""
"Mutual Rescue","16200","Official Mutual Rescue™ YouTube Channel 🎥 Creators of Eric & Peety 🧡 We are a global nonprofit initiative dedicated to saving lives and telling stores about the human-animal bond.

Read about our mission and how we work with animal shelters in the links below👇","","United States"
"The City of Irving","15900","Centrally located in the Dallas-Fort Worth Metroplex, Irving has a population of 256,000+ residents and is one of the most culturally diverse cities in the state and nation. The City of Irving is home to 9 Fortune 500 corporate headquarters, over 8,500 businesses, four 18-hole championship golf courses and the DFW International Airport.

ICTN videos and programs can also be seen on Spectrum Channel 16 and Frontier Channel 30. And look for updates on events and initiatives across the major social media platforms @TheCityOfIrving.","","United States"
"Rakha Ai","15600","📢 𝐏𝐚𝐢𝐝 𝐏𝐫𝐨𝐦𝐨𝐭𝐢𝐨𝐧 𝐀𝐯𝐚𝐢𝐥𝐚𝐛𝐥𝐞
📩: rakha1897@gmail.com

Welcome to [@RakhaAi]!
🎉 Your ultimate destination for YouTube & TikTok automation. 📸✨ Discover how to use AI tools to create stunning content and explore the best Ai Niches to make passive income & go viral. 🔥 Learn top tips every day on how to make money with AI tools. 💰 Perfect for beginners and experts alike.
By subscribing to our channel 🔔, you will stay updated on new AI photo & AI video editing tools.
📢 OUR CHANNEL VIDEO TOPICS:
1 - Ai Automation
2 - AI Niches
3 - AI Content Creation
4 - Prompt Engineering
5 - Passive Income 
6 - AI Tools 
7 - Viral Ai Video 
8 - USA Faceless Niches
9 - USA YouTube Channel Ideas
CONTACT WITH US:
📩 For Business Inquiries & Sponsorships: (rakha1897@gmail.com)
🔴INSTAGRAM 🖇️
https://www.instagram.com/rakkha.ai?igsh=bmt6eW1jbjI3cDU3
TIKTOK 
🔴FACEBOOK 🖇️
https://www.facebook.com/profile.php?id=100020006296775&mibextid=ZbWKwL
🔴 X 🖇️
https://x.com/RakhaAi?t=__i62k1BS989i8busyNgJg&s=09","rakha1897@gmail.com","Pakistan"
"MarleysMutts","15100","Marley’s Mutts is a non profit animal rescue organization tirelessly devoted to saving lives by exploring and cultivating the human-canine bond. Our approach to success is three fold: 1) Proactive community education and therapy programs which target youth, the incarcerated, the underprivileged, the disadvantaged and the needy, 2) Exhaustive spay and neuter programs for low income, high euthanasia districts and 3) World-wide rescue and rehabilitation programs aimed at saving lives of desperate dogs wherever we can be of service. 
Donations can be made at MarleysMutts.org/donate/  
Dog Rescue - Adoptable Dogs","inquiries@marleysmutts.org","United States"
"The Kind Canine","15100","Welcome! My name is Erica Pashia and I am the owner and head trainer for The Kind Canine. I am a certified dog trainer (ABCDT) and have raised and worked with many wonderful dogs throughout the course of my life. From an early age, I was fascinated and intrigued by animals and animal behavior as a whole. When I rescued my first dog as an adult - who also came to me with several behaviors of concern - I became fully entrenched in dog training strategies, philosophies and how to better communicate with my new canine companion, thus beginning my journey as a professional dog trainer!
#AvantLink","thekindcaninepetservices@gmail.com","United States"
"City of Arlington, TX","14800","Arlington, Texas, is a thriving community of more than 400,000 residents and the entertainment destination for more than 6.5 million visitors to North Texas each year.","","United States"
"Stronger Shot Adoption Photos","14800","AGoldPhoto Pet Photography is made up of, husband and wife team, Mary and Adam Goldberg.

AGoldPhoto hosts Pet Photo Shoot Fundraisers all over the country and raises awareness about pet rescue and adoption.","","United States"
"Wildlife Rescue of Dade County","14400","","",""
"Zappos.com","14000","Your go-to destination for shoes & more! #WinTheDay","","United States"
"NLB Singapore","13900","The official YouTube account of the National Library Board, Singapore.","","Singapore"
"Payton Christian","13700","We share updates about horse rescue and rehabilitation work supported by voluntary contributions from individual supporters. Funds received are used exclusively for operational rescue expenses and animal care.","","United States"
"Jutta Shelter","13500","Jutta Shelter is a non-profit animal shelter in Ierapetra Crete. We rescue and take care of stray animals. We  give these animals a better future by offering them for adoption. The backbone of our ethics is to defend animal's rights and their freedom. We are also against unnecessary euthanasia of healthy animals. We receive NO government funding and rely entirely on donations.","","Greece"
"IAMS","13400","IAMS premium nutrition helps promote healthy vitality throughout the life of your pet. IAMS offers three families of products: IAMS ProActive Health, IAMS Healthy Naturals, and IAMS Premium Protection. 

About Mars: https://www.mars.com/about
Mars Privacy Statement: https://www.mars.com/privacy
Mars Legal: https://www.mars.com/legal
Note to Parents: https://www.mars.com/about/policies-and-practices/note-to-parents/np-english
Contact Mars: https://www.mars.com/contact-us","",""
"FOX56 WOLF TV","13300","Northeast and Central PA's FOX56 is the home of the FOX56 News First at Ten. We are the sports leader in producing many live high school and college games with our FOX56 Sports team that air on MyTV WQMY as well as locally produced shows like The Great Outdoors, NEPA Marketplace and more!","advertising@sbgtv.com; ChildrensTV@sbgtv.com; comments@sbgi.net; Contentsales@sbgtv.com; FOX56news@sbgtv.com; jcadman@sbgtv.com; sdomozyc@sbgi.net","United States"
"Michigan Humane","13100","Michigan Humane improves and saves lives through compassionate care, community engagement and advocacy for animals.","bwright@michiganhumane.org; mgonzales@michiganhumane.org; cwilliams@michiganhumane.org; dscola@michiganhumane.org; mail@michiganhumane.org",""
"The Wild Animal Sanctuary","13100","Established in 1980, The Wild Animal Sanctuary is a state and federally licensed zoological facility and a 501(c)(3) nonprofit organization. We currently operate three accredited facilities within the United States and travel the world to rescue captive exotic and endangered large carnivores that have been abused, abandoned, exploited or illegally kept. Once the rescued animals arrive at our state of the art facility, they are rehabilitated and provided with veterinary care. Thereafter, we provide our rescued animals with a forever home and place them in large natural habitats. We operate two facilities within Colorado, and one in Texas, totaling more than 40,000-acres, and currently care for more than 950 Lions, Tigers, Bears, Wolves and other rescued animals! We are the largest and oldest network of sanctuary facilities in the World.","information@wildanimalsanctuary.org","United States"
"Horse Rescue","13000","Welcome to the YouTube channel ""Horse Rescue""! Here, we share heartfelt stories about saving horses in need, restoring their health, and finding them loving homes. Follow us to experience memorable moments, learn about horse care, and get involved in the mission to protect these four-legged friends. Together, we can bring hope and happiness to the horses that need rescuing!","","United States"
"ClarkCountyNV","12900","Clark County is a dynamic and innovative organization dedicated to providing top-quality service with integrity, respect and accountability.  With jurisdiction over the world-famous Las Vegas Strip and covering an area the size of New Jersey, Clark is the nation’s 11th-largest county and provides extensive regional services to 2.4 million citizens and 43 million visitors a year. Included are the nation’s 7th-busiest airport, air quality compliance, social services and the state’s largest public hospital, University Medical Center. The County also provides municipal services that are traditionally provided by cities to 1 million residents in the unincorporated area. Those include fire protection, roads and other public works, parks and recreation, and planning and development.","AOCustomerServiceREquests@clarkcountynv.gov","United States"
"Foster Tales","12900","If you love dogs and want to support animal rescue, then welcome to our YouTube home. We are Foster Tales Rescue, a 501c3 nonprofit dog rescue in Bakersfield California. We save dogs from over-crowded animal shelters where they are at risk of euthanasia. Follow our True Rescue Stories series to get the whole story from a shelter dog's freedom moment, to their veterinary care if needed and then life with their foster family and hopefully their adoption to their forever home. Our stories are original, when you support this channel you are supporting true animal lovers who are working to save dogs every day. We actually place homeless dogs in their forever homes! Join us for every episode True Rescue Stories for heartwarming tales about these beautiful and resiliant dogs. Your views, likes, and shares help us save more dogs and keep us making new episodes.","","United States"
"Kristina Houwer","12300","International travel presenter and adventure seeker. I film guides, tours, bucket list experiences and share global travels - be it magical and dreamy or a little rough around the edges.

Make sure to subscribe to this channel and follow my Instagram https://www.instagram.com/kristinahouwer/ to stay updated in real time.","","United States"
"Matt from Nomads","12200","Animal adventures, conspiracies, true crime, and scary stories","",""
"Travelocity","12200","Welcome to the official Travelocity channel. Get inspired to take off and #WanderWisely","","United States"
"Seb Alex","11900","Hi I'm Seb, born and raised in Lebanon, I dedicate my time to animal rights advocacy and creating content to raise awareness about anthropocentrism and our discrimination towards other animals.","lasstdietiereleben@gmail.com","Spain"
"Gouves Animal Shelter","11600","Gouves Animal Shelter provides care for injured strays and abandoned pets. We are located in Gouves, Crete and take care of 200 dogs and 200 cats every day.","gouvesshelter@gmail.com","Greece"
"Nirvana Mustang Sanctuary & Kind Horse Training","11400","Nirvana Mustang Sanctuary works to save Mustangs from at risk slaughter situations, and provide them a better life! We re-wild mustangs with no chance elsewhere, educate about the wild horse issue, and teach empathic relationship based training methods to inspire others to adopt their own lifelong mustang parter and have the confidence to connect with and train their own equine partner in an ethical, horse-centered manner!

Nirvana Mustang Sanctuary is a 501(c)3 charity organization home to 600+ mustangs. We are located in East Texas! You can learn more about the sanctuary at www.nirvanamustangsanctuary.org

Be sure to check out ""The Ultimate Guide to Connecting with Any Horse"", a course that is filled with the most valuable information that will enable you to connect with absolutely ANY horse and transform your time with them into something MAGICAL! Check out the course here: https://www.kindhorsetraining.com/offers/FPc4EZSs/checkout

Be sure to subscribe! 🚨","",""
"TheScholarlyEquestrian","11400","","","United States"
"Bound Angels","11400","helping shelters save more lives!","","United States"
"Hillside Animal Sanctuary","11300","","","United Kingdom"
"Blind Cat Rescue & Sanctuary, Inc","10900","Blind Cat Rescue and Sanctuary fulfills the need for a safe haven for blind, FIV+ (Feline Immunodeficiency Virus) and FELV+ (Feline Leukemia) cats that are deemed unadoptable by regular shelters and at risk for euthanization because they are blind, FIV+, and/or FELV+. If you believe that these cats deserve to have an opportunity to live rather than be euthanized, please help us have the resources to help them.

We are a registered non-profit with the state of North Carolina. We are a 501(c)(3). Our tax number is 20-3410498, and all donations are tax deductible.","","United States"
"The Pet Parenting Reset","10800","Helping people with holistic health, nutrition + training for healthier happier 🐕 dogs + 🐈‍⬛ cats
Certified in canine nutrition, holistic pet health coaching
Curated apothecary and consultation packages at Wild Wellness Pet","jess@trainpositivedogs.com","United States"
"Little Duck","10800","Thank you for watching our videos and we hope you have enjoyed visiting our Little Duck - Kids Videos Channel.
Please Don't forget to Subscribe to our Channel and Hit a Like.

Thank You.","","United Kingdom"
"Rescue Cats and Stuff","10700","Mainly cat rescue and care with other interesting stuff, too.

We are a cat rescue and sanctuary affiliated with a local charity and work in conjunction with other local and regional cat rescues and charities to re-habilitate and re-home local strays, surrenders and rescues.
Although many of our cats find forever homes, we have a few holdouts, a few strays that periodically return and new cats arriving frequently.
We also have friendly dogs who join the cats in just about everything.
They all form the channel's recurring cast and special guests found throughout our videos.

We're not the fanciest rescue channel but we're sincere, authentic and committed to providing for whoever is in need.
Join and watch as we help the cats (and a few dogs 😉) of Cyprus live the healthy, well-fed, well-loved lives they deserve.","","Cyprus"
"Lehigh Valley Public Media | PBS39","10600","Lehigh Valley Public Media is your home for local news, local stories and local events that connect you to important issues affecting life in the Lehigh Valley – with clarity and context you’ll only find here to understand what is happening and why it matters.","contact@lehighvalleypublicmedia.org; news@lehighvalleypublicmedia.org","United States"
"Naperville Community Television NCTV17","10600","Founded in 1987, NCTV17 is Naperville's nonprofit, community-centered media hub, dedicated to keeping our community informed, connected, and engaged.

Every day, we bring Naperville to life through trusted local journalism—covering local government, schools, elections, high school sports, community events, and the people, places, and perspectives that shape our city. Our reporting is guided by accuracy, integrity, and a commitment to serving the public with information and community storytelling that is free and accessible to everyone.

Your support makes this work possible.

By donating, you're helping preserve trusted local journalism for today and for future generations of Naperville residents.

Keeping Naperville Informed. Connecting a Community.","sponsorship@nctv17.org; info@nctv17.org; info@rentagardener.com; info@thestudiosperformingarts.com","United States"
"Romania Animal Rescue, Inc.","10500","Saving animals lives in Romania with veterinary treatments, spays and neuters, veterinary training, providing shelter food, and education. www.romaniaanimalrescue.org/donate","",""
"劉丽小動物救助站","10500","哈爾濱劉麗小動物救助站（ Harbin City Li Liu small animals rescue camp）
地處寒冷的東北哈爾濱市，流浪動物和屠宰/繁殖場氾濫，可想而知，救助是多麼艱難。
希望大家 訂閱/点赞/分享/看完广告 是對救助站最大的支持。有大家的支持,我們更有信心繼續救助更多受苦受難的毛孩子們。

从2006年開始救助小動物至今救助18年，劉麗在負重前行。
關愛流浪小動物，愿每個小生命都被世界溫柔以待。
哈爾濱劉麗小動物救助站是官方認證有資質的非營利民間救助機構。
Hope all dog lovers and who pay attention to stray dogs, follow and subscribe to Liu Li。 

劉麗小動物救助站 歡迎各位愛狗人士的加入。

Wechat: 15244603146 微信和支付宝同步
paypal账号：
https://www.paypal.me/liulijiuzhuzhan
13664618893@139.com

应粉丝要求， 为方便大家汇款， 现将救助站专属账号告知如下：
汇款 请务必备注用途： 救助流浪狗 （For Rescue Homeless Dogs)

汇入银行： 中国银行   哈尔滨松北支行
银行地址：黑龙江省哈尔滨市松北区新湾路88号
SWIFT 代码：BKCHCNBJ860
收款人： 刘丽
电话：（+86） 15244603146
账号：6217855300019160690
地址： 中国黑龙江省哈尔滨市道理区安阳路168号

Name of Bank: Bank of China,  Harbin Song Bei Sub-Branch
Bank Address: No. 88 The Xin Wan Street, Song Bei District
Swift Code: BKCHCNBJ860
Account No.:6217855300019160690
Name:  Liu Li
Address: No. 168 An Yang Road, DaoLi District, Harbin City, Hei Long Jiang Province, China
Mobile: (+86)15244603146","13664618893@139.com","Hong Kong"
"luckydoganimalrescue","10500","Lucky Dog Animal Rescue is a volunteer powered animal rescue that saves homeless and abandoned dogs and cats from certain euthanasia. With no boarding facility or shelter of their own, Lucky Dog holds events across D.C., Maryland and Virginia. Lucky Dog seeks not only to place dogs in loving homes, but also to educate dog owners about responsible pet ownership.","","United States"
"Animal Charity Channel","10300","Just a volunteer with Autism wanting this to raise money for Animal Charities. I volunteer for the RSPCA doing 'Animal Care' which has helped me cope with life. And I thought I would try and give back. 

 I will upload videos and shorts

If you feel like supporting this channel and the animals you can at http://www.patreon.com/c/AnimalCharityChannel","","United Kingdom"
"Chisholm Law Firm","10200","Chisholm Law Firm, in Orlando, FL, helps companies and individuals start and grow nonprofits that impact the world. We'll provide legal tips and more to help you pursue your mission of starting and growing a nonprofit that makes a difference in the world. 

BONUS: Visit www.Starta501c3Nonprofit.com/free  to get a FREE paperback copy of my bestselling nonprofit book that sells for $23 on Amazon. You just pay shipping and handling ($7.95).

Ready to start your nonprofit? Call us at 407-674-2657 for a FREE Nonprofit Consult (Value: $450) to see how we can help you or schedule online at www.ChisholmFirm.com
 
DISCLAIMER: The content is provided for general informational purposes only and does not constitute legal, financial, tax or professional advice. We are a federal practice and serve clients in all 50 states and U.S. territories for federal 501c3 nonprofit applications, federal trademarks and related legal matters.","","United States"
"INTI International University & Colleges","10100","INTI Universal Holdings Sdn. Bhd. [199301011991 (266729-P)]","","Malaysia"
"Powder Blue","10100","Make The Internet Feel Smaller.

About us: We're Powder Blue, an indie creative studio based in Chicago, IL. We produce original narrative projects across documentary, print, and newsletter-based journalism.

Join our neighborhood (and stay up to date on new stories, drops, and events) by signing up for our free newsletter: https://offlinemagazine.net","","United States"
"Go.Compare","10000","Go.Compare is dedicated to making people's lives just that little bit easier. We're committed to helping you find the right insurance policy at the right price, so that you can buy with confidence. 

Go.Compare - for when the unexpected happens. 

Go.Compare is authorised and regulated by the Financial Conduct Authority (FCA).","","United Kingdom"
"naturalistoutreach","10000","Unlock the secrets of nature.  Naturalist Outreach videos are short scientifically accurate videos that illuminate powerful concepts about nature and biological diversity.  The videos are engaging and beautiful to help inspire the next generation of scientists and passion for the environment.  The videos are presented to accessible and appealing Cornell University students who are role models for younger students.  They bring to life core ideas from the Next Generation Science Standards (NGSS).  See http://blogs.cornell.edu/naturalistoutreach and NYS 4H Stem pages for more guides and worksheets on these topics.  A co-production of Dr. Linda Rayor, NYS-4H, and the Ithaca College Park Media Lab.","",""
"Ziggy's Refuge Farm Sanctuary","9830","Welcome to Ziggy’s Refuge, where love knows no limits! We are a 501c3 farm animal sanctuary dedicated to rescuing the most neglected, abused, and disabled farm animals, giving them the second chance they deserve. From heartwarming transformations to everyday moments of joy, our channel takes you inside the lives of these incredible animals as they heal, thrive, and experience unconditional love.

We have 87 permanent residents, 30 of them living with special needs. Here, we believe that just because an animal is disabled or deemed “unwanted” doesn’t mean they don’t deserve to live a happy, fulfilling life. Every day, we prove that with compassion and dedication, even the most vulnerable souls can flourish.

Subscribe to follow our journey, meet our amazing residents, and be part of a movement that values every life. Together, we can change the world—one rescue at a time! ❤️","info@ziggysrefuge.org; kristin.hartness@gmail.com","United States"
"Wag! Dog Walking","9820","Wag! is a technology platform that supports dog walking, pet sitting, veterinary care, and training services across 4,600 cities and all 50 states. Hundreds of thousands of Pet Caregivers across America, from coast to coast, use Wag! to build their business online.

Whether you're looking for daily walks, planning a trip, stuck at work, or just want your best friend to have some company — we offer any day, anytime care.

Your dog's safety is our top priority. Every Pet Caregiver passes an enhanced background check, our services are insured, and support is standing by around the clock.

We've thought of everything, so you don't have to. From GPS-tracked walks and customized lockboxes, to easy booking on the Wag! app, we make your life easier at every step.

Wag! has a trusted record of experience with over 10M pet care services across 4,600 cities and counting. More than 150,000 Pet Caregivers nationwide are dog people, and it shows.","","United States"
"Explore With Lily","9780","Let's explore!

Have fun learning about shapes, numbers, colors, and other fun things with Lily!  We are going to explore all of these subjects and topics from Lily's exploration videos.  Babies, Toddlers, Pre-Schoolers, and above will love these fun, educational videos, that will help them along the way with their learning!

Explore with lily is a safe fun place for your kids to learn! 
Ages 1-6","","United States"
"WVHorseRescue","9590","“THE MISSION OF HEART OF PHOENIX IS TO SAVE THE HORSES OF APPALACHIA THROUGH COLLABORATION, EDUCATION AND THE PROVISION OF EQUINE RESOURCES.”
OUR VISION FOR THE FUTURE

“Saving the Horses of Appalachia until we create a future where all horses can thrive.”

We do not just rescue, we strive to see the future requires less need for rescue. We hope you continue to listen to the stories of our horses and allow us to continue to promote great horsemanship for years to come.

Learn about the costs to operate Heart of Phoenix Here, and then we invite you to help us grow and impact more lives.

HEART OF PHOENIX IS A 501(C)3 Charity /  EIN: 45-4421742 / Thoroughbred Aftercare Accredited /
Guidestar Bronze Participant / Top Rated Great Non-Profits Charity / The Right Horse ASPCA Partner / Homes for Horses Coalition Member

We have saved over 1,200 horses to date.","","United States"
"The Tiny Herd","9530","Welcome to The Tiny Herd, a channel dedicated to sharing everyday pet care for guinea pigs and other small pets! I share cage cleans, pet supply hauls, guinea pig care guides, and DIY pet projects!

🐹 Come hang out with us!
http://www.thetinyherd.com
http://instagram.com/thetinyherd
http://tiktok.com/thetinyherd
http://pinterest.com/thetinyherd

🐰 For all press or sponsorships inquiries, email allison@thetinyherd.com.

This channel shares my experience and my knowledge, but I am not a veterinarian. It is for entertainment and educational purposes only. Please seek the help of a veterinarian if you have any health or medical questions about your animals!","allison@thetinyherd.com","United States"
"ABC12","9500","🔔 SUBSCRIBE for daily coverage of:

Breaking News: Rapid updates from across Mid-Michigan, including Genesee, Saginaw, Bay, and Midland counties.

Storm Alert WX 12: The region’s most accurate forecasts, specialized in tracking lake-effect snow and severe storms.

Spirit of Mid-Michigan: Uplifting stories featuring the people, places, and community events that make our region strong.

📧 News Tips: Email abc12news@abc12.com or call our newsroom at (810) 257-2800.","abc12news@abc12.com","United States"
"Saving Animal Centers","9370","Saving Animal Centers is a channel about animal rescue, rehabilitation, and the people who give animals a second chance.

On this channel, you will find videos about different animal rehabilitation centers, wildlife hospitals, sanctuaries, rescue shelters, and organizations that help injured, abandoned, or endangered animals.

We share real stories inspired by volunteers, rescuers, animal care workers, and rehabilitation centers from around the world. Some events may be recreated with the help of AI to better show the rescue journey, but the goal is always the same - to raise awareness, support kindness, and show how important animal rescue work really is.

Every animal deserves care, safety, and hope.

Have a rescue video or animal story to share? Contact us: admin@savinganimalcenters.help","admin@savinganimalcenters.help","United States"
"Drone Animal Rescue","9250","Founded by Josh and Zach, Drone Animal Rescue uses cutting-edge thermal drone technology to help locate and reunite missing animals with their families when time matters most.

Watch trusted Drone Animal Rescue pilots use advanced thermal imaging drones to locate animals that are nearly impossible to detect from the ground, bringing real-world rescue missions to life.

Through our interactive rescue map, we connect lost pet owners with experienced, vetted thermal Drone Animal Rescue pilots, creating a trusted network that responds quickly during time-critical searches.

Follow along as we share real rescue stories, behind-the-scenes footage, and field updates from active searches in real time.

Real Rescues. Real Technology. Real Heroes.

THIS is Drone Animal Rescue.🐾🚁","support@droneanimalrescue.com; Droneanimalrescue@gmail.com","United States"
"Border Horse Slaughter Rescus","9250","✨ Border Horse Slaughter Rescue documents the journey of saving, rehabilitating, and rehoming horses in danger — including abused and slaughter-bound horses.

Our mission is to:
🐴 Rescue horses from harmful environments
🌿 Provide medical care and emotional rehabilitation
💛 Give them love, trust, and a second chance
🏡 Help each horse find a safe, forever home

On this channel, you’ll find:
🔹 Real rescue missions
🔹 Full rehabilitation progress
🔹 Emotional before-and-after stories
🔹 Daily farm life & horse care
🔹 Successful adoption journeys

💬 Your subscription helps save more horses.
👉 Hit Subscribe to join our rescue mission!","","United States"
"Lazy B Equine Rescue and Sanctuary","8970","Lazy B Equine Rescue and Sanctuary is a 501(c)3 non-profit organization in Plain City, UT established in 2017. Dedicated to the rescue, rehabilitation, and lifelong well-being of horses in need.","",""
"Ready Set Explore -Educational Videos for Kids","8900","Welcome to Lt. Learning! Lieutenant Learning is an educational and entertainment YouTube platform, geared toward helping young minds to grow while having fun doing so.   

We put on our big thinking caps while exploring the world around us. We learn about everything from tractors, to farm animals, construction vehicles, numbers, letters in the alphabet, counting, dancing, singing, doing art, painting, and more. We teach toddlers and kids about fun topics that will spark their imaginations. We encourage vocabulary development and engage children with our upbeat and joyous energy. Our content is friendly for boys and girls, something for the whole family to enjoy.  Now let's ""Ready, Set, Explore"" with your new best friend Lieutenant Learning!

Educational Videos for Toddlers & Kids 
Educational Videos for Boys & Girls 
Cooking Videos for Kids
Baking Videos for Kids 
Animal Videos for Toddlers and Kids 
Bulldozers, Children's Museum's, Playgrounds, Zoos, Etc.","","United States"
"Duane Hook","8860","I rescue cats from trees in my spare time. www.getmeowtahere.com.","","United States"
"FPG Plant & Animal Sanctuary","8850","Teaching the people living in Hawai'i to become food independent, and the non-exploitative care of animals.","","United States"
"Elena Marie Thoms","8780","Cat Care Advice | Cat Lady Life | Best Cat Products","elenamariethoms@gmail.com","United States"
"Muttville Senior Dog Rescue","8710","Meet our wonderful senior dogs for adoption through these videos created by Muttville's talented volunteers. See more dogs for adoption at muttville.org. Visit our cage-free shelter at 750 Florida Street in San Francisco! Open Tues-Sat, 11 - 4.","","United States"
"City of Boston","8660","Boston is one of the most livable, most innovative cities in the United States. Boston was first incorporated as a town in 1630, and later as a city in 1822. Our Mayor is Michelle Wu and the City is currently home to more than 675,000 residents.

We expect conversations to follow the rules of polite discourse and we ask that participants treat each other, as well as our employees, with respect. Read our full external user agreement at Boston.gov: bit.ly/soctos","","United States"
"Mended Paws","8580","Mended Paws 🐾 — where instinct turns into comfort, and every rescued soul finds a reason to stay. Real stories. Real connections. Real companions.
From loyal dogs and brave rescue cats to the quiet souls waiting for a second chance — these are the moments when love speaks louder than fear. Watch rescued pets discover trust again, witness gentle acts of protection, and feel the unbreakable bond between humans and the animals who choose to stand beside them.
Sometimes, the one who saves you…isn’t human. This is about loyalty, healing, second chances, and the unseen connection that transforms forgotten lives into unforgettable stories.
🔔 Subscribe now and turn on notifications so you never miss a touching rescue story! ❤️","","United States"
"MeowToonsOfficial","8570","Welcome to MeowToonsOfficial! 🐾✨
Step into a world of magic, hard work, and heartwarming adventures! At MeowToonsOfficial, we are dedicated to bringing you high-quality 3D animated stories featuring our adorable ginger mother cat and her curious kitten. 🐱❤️
Our stories celebrate the power of dreams and the bond of family. Watch as our cat duo goes on incredible ""Rags to Riches"" journeys—from building space rockets and exploring the deep sea for treasure, to running magical farms and successful businesses! 🚀🍯💎
🌈 Why Subscribe to MeowToonsOfficial?
Inspirational Stories: We believe that with hard work and determination, any dream is possible.
High-Quality 3D Animation: We take pride in creating cinematic visuals that capture the imagination of kids and cat lovers alike.
Family Friendly: Our content is designed to be safe, fun, and heartwarming for viewers of all ages.
Epic Adventures: Whether it's farming magic mushrooms, selling popcorn at a fair, or navigating a submarine—there's","","Bangladesh"
"In Defense of Animals","8440","Working to protect the rights,welfare and habitats of animals.  

FIGHTING APATHY, BUILDING EMPATHY:  In Defense of Animals works to educate the public to fight apathy, build empathy and take concrete action to end all forms of animal exploitation worldwide. We work to ensure that decisions made involving animals, from the legislative level to the dinner table, are made with consideration of their needs and interests.

We seek to redefine the role of animals in society on local, national and international levels by elevating human perception of animals from that of mere property, objects and things, to that where animals are recognized to be individuals, with feelings, needs and interests of their own. Through our work to inspire and shift the way people think about non-human beings, we believe a positive change will result in the way people treat them today and in the future.","","United States"
"Wild Cat Rescue","8290","Welcome to Wild Cat Rescue — a channel dedicated to saving, protecting, and restoring the lives of rare and endangered wild cats.

From injured lynx in frozen forests to Pallas’s cats struggling to survive in extreme climates, we document real rescue efforts, rehabilitation journeys, and the quiet fight for survival faced by the world’s most misunderstood felines.

On this channel, you’ll see:
🐾 Rescue missions involving lynx, Pallas’s cats, and other wild felines
🌿 Rehabilitation and recovery in safe environments
🩺 Veterinary care and release preparations
🌍 Stories that raise awareness about habitat loss and human impact

If you care about wildlife, nature, and animal rescue, you’re in the right place.
Subscribe and help give wild cats a second chance.

⚠️ DISCLAIMER
This content is created with the support of artificial intelligence (AI) to visually tell animal rescue stories.
No real animals were harmed in the creation of this video.","","United States"
"Dumaguete Animal Sanctuary Inc.","8260","Welcome to Dumaguete Animal Sanctuary (DAS), a nonprofit no-kill animal shelter in the Philippines.

We rescue, rehabilitate, and care for animals in vulnerable situations while working toward long-term solutions to animal welfare. Alongside caring for hundreds of rescued animals, we run an ongoing sterilisation, vaccination, and microchipping programme for both owned and stray dogs and cats, helping reduce suffering at its source.

Alongside our community programmes, we care for hundreds of rescued animals and are building a new 2.8-hectare sanctuary that will provide veterinary services, rehabilitation facilities, and lifelong care for animals with nowhere else to go.

On this channel you’ll find new content daily:
🐾 Rescue stories
🐾 Weekly updates
🐾 Meet our dogs
🐾 Shelter life
🐾 Adoption journeys
🐾 Behind-the-scenes animal welfare work in the Philippines

Subscribe to follow the stories of the animals, staff, and volunteers creating a better future for animals in the Philippines.","","Philippines"
"Fox Run Environmental Education Center","8140","Organic Gardening, Wildlife Conservation, and Environmental Education. 
I am Ame Vanorio, master gardener, wildlife rehabilitator, author, licensed science teacher, & environmental educator.
1. I help beginner gardeners go from growing a few vegetables to having a productive garden to provide nutritious organic food for their family/friends. I share things that have worked (and some that didn't) for me. 

2. I help wildlife lovers and rehabilitators learn more about wildlife rescue, building backyard wildlife habitat, and humane ways to protect your garden. 

3. I teach ways to connect with nature, explore wild areas, and support local eco-systems. Teacher support & lesson plans. 

We are a Safe Community. Rudeness/Trolls not tolerated. Proudly science-backed and science-positive.
Fox Run EEC is a 501c3 non-profit. A portion of the proceeds from our books, YouTube content, and affiliates is put back into our programs and used to purchase supplies for licensed wildlife rehabilitators.","","United States"
"OnlyPaws Cat Rescue Jamaica","7970","OnlyPaws Cat Rescue is a volunteer-led nonprofit helping Jamaica’s street cats through rescue, advocacy and Trap-Neuter-Return or Rehome (TNR). We provide food, emergency vet care and raise awareness to end the cycle of suffering. Supported by donors, sponsors and volunteers. Together, we can protect Jamaica’s street cats. 🐾 

Donate to rescue street cats in Jamaica at onlypawscatrescue.org 🩷","help@onlypawscatrescue.org","Jamaica"
"Cat Rescue Mission","7900","Cat Rescue Mission (CRM)

Every cat has a story. Some begin with fear, hunger, and loneliness. Others begin with a second chance.

At Cat Rescue Mission (CRM), we share inspiring rescue journeys of stray and abandoned cats through storytelling, subtitles, and carefully edited videos. From life-saving rescues to heartwarming recoveries, our goal is to celebrate the bond between humans and animals while encouraging compassion for cats in need.

We believe that every rescued cat deserves safety, love, and a place to call home.

Thank you for being part of our mission and helping us spread kindness, one cat at a time.

🐾 Rescue • Care • Heal • Love
❤️ Every Cat Deserves a Second Chance

📩 For copyright or content concerns, please contact us directly.","","United States"
"University of South Carolina","7810","The flagship university of the state of South Carolina. Home of the South Carolina Gamecocks.","","United States"
"Noah's Ark Animal Sanctuary","7760","Noah's Ark Animal Sanctuary is a 501(c)3 Non-Profit Organization. Open Tuesday through Sunday. Home to several hundred animals including different species.","email@example.com; noah@noahs-ark.org","United States"
"PHOENIX EQUINE RESCUE","7570","Showing love and mercy to the equine family. Based in USA Virginia. Each hoof tells a story of resilience. Donate now to save a life. 👇👇👇","","United States"
"Dachshund Station","7560","Welcome to Dachshund Station! Your ultimate destination for dachshund care, mini dachshund tips, and dachshund puppy training guides. 

Join me (experienced doxie mom) and my two sweet long dogs, Eko and Gretta, for expert advice, health tips, and honest doxie gear reviews. Whether you're raising a brand-new puppy or an older sausage dog, we've got you covered.

As an Amazon Associate, I earn from qualifying purchases.
🐾 Shop my favorite doxie essentials: https://www.amazon.com/shop/dachshundstation

Expert Dachshund Guides: https://www.dachshundstation.com

Privacy Policy: https://www.dachshundstation.com/privacy-policy/
Recipe Disclaimer: https://www.dachshundstation.com/food-and-nutrition-disclaimer/

#dachshund #minidachshund #dachshundpuppy #doxie","","United States"
"Woodgreen Pets Charity","7390","We exist to ensure that every pet can have a healthy and happy home, and for every owner to get the practical, hands-on support they need to make this possible. Keeping pets and their people together – this is how we rescue. 

https://woodgreen.org.uk","","United Kingdom"
"Gentle Giants Draft Horse Rescue","7360","Gentle Giants Draft Horse Rescue is a 501c(3) Equine Welfare Organization committed to saving draft and draft cross horses from slaughter, abuse, and neglect. We’ve rescued over 2,000 horses since we were founded in 2005. 

For those less likely to be adopted, we offer lifetime sanctuary at our 300+ acre facility in Maryland. We house over 200 horses at a time and bring over 350 horses to safety each year. Gentle Giants continues to be one of the loudest national voices fighting to permanently end the slaughter of U.S. horses for human consumption. 

We are located in Mount Airy, Maryland, USA and are open for tours by appointment. Please email tours@gentlegiants.org to visit the farm and meet your favorite gentle giant(s)!","tours@gentlegiants.org","United States"
"Furkids Animal Rescue and Shelters Cat Shelter","7300","Furkids, headquartered in Atlanta, GA, is a 501c3 nonprofit charitable organization that operates the largest cage-free, no-kill shelter in the Southeast for rescued cats and Sadie’s Place, a no-kill shelter for dogs. Furkids also operates one of the only facilities in the Southeast dedicated to the care of FIV positive cats. The Furkids mission is to rescue homeless animals, provide them with the best medical care and nurturing environment while working to find them a forever home. Furkids heals the whole animal, physically and emotionally, restoring its health and its spirit.

Visit Furkids.org to learn more!","ickup@furkids.org; info@furkids.org; adopt@furkids.org; cynthia.bueno@furkids.org; dogadoptions@furkids.org; donate@furkids.org; foster@furkids.org; Paige.Smith@furkids.org; Shilohgardens@furkids.org; volunteer@furkids.org; Zac.Hadlock@furkids.org","United States"
"Kent County Animal Rescue","7220","Welcome to our Animal Rescue channel ❤️🐾 — where every life matters and every rescue has a story. We are dedicated to saving abandoned dogs, stray cats, injured wildlife, and neglected pets, giving them a second chance at love and a forever home. From emotional rescue missions and inspiring before-and-after transformations to adoption success stories, our videos show the true meaning of compassion.

Whether it’s pulling a scared puppy from the streets, helping a kitten find a new family, or rehabilitating wildlife back into nature, we share every step of the journey. Our mission is simple: rescue, heal, and inspire.

Join our growing community of animal lovers, foster families, and rescue supporters who believe that kindness can change the world — one paw at a time. 🐶🐱🦉🐴🐾

👉 Subscribe and be part of the rescue family. Together, we can give hope, save lives, and spread unconditional love

animal rescue, dog rescue, cat rescue, wildlife rescue, rescue animals, adopt don’t shop,","","Canada"
"DiscoverNEPA","7180","DiscoverNEPA was created to highlight what makes Northeastern Pennsylvania such a great place to explore. From scenic trails and outdoor adventures to local eats, events and small businesses, it’s all about experiencing the best of NEPA.

Follow along for videos featuring local spots, regional guides and things to do throughout every season. Whether it’s a weekend getaway, a favorite restaurant or a new trail, there’s always something worth checking out.

Join the community, plan your next outing and share your experience with #DiscoverNEPA. Visit DiscoverNEPA.com to learn more.","","United States"
"BunnyJanie","7100","I make videos on all things cute such as Build a Bear, Squishmallow, Sanrio, Squishable, Loungefly and more! I love plushies and Blind boxes but I also enjoy sprinkling in a few skincare and haircare videos. I've always considered myself to have a variety channel because I don't have just ONE interest. I like a little bit of everything.








For Business Inquiries: bunny@bunnyjanie.com","bunny@bunnyjanie.com","United States"
"RSPCA The Stubbington Ark","7070","RSPCA The Ark is an independent and fully self-funded charity, located in Fareham, UK. We receive no funding from the main RSPCA charity. We rehabilitate, rehome or release domestic pets, stock animals & wildlife at our animal centre, The Stubbington Ark.","",""
"BC SPCA (BCSPCA Official Page)","6930","The BC SPCA is a not-for-profit organization dedicated to protecting vulnerable animals and mobilizing communities so animals and people thrive together in British Columbia. Across the province, the BC SPCA provides a wide range of services for more than 32,000 injured, abused and homeless animals each year.","",""
"Woodstock Farm Sanctuary","6910","🐮501(c)(3) Nonprofit Animal Sanctuary
📍High Falls, NY
✌️#whywoodstock
💕 donations are tax deductible 
🐷Public Education tours and events at Woodstock sanctuary.org/visit","AnimalHelp@woodstocksanctuary.org; info@woodstocksanctuary.org; interns@woodstocksanctuary.org; visit@woodstocksanctuary.org; volunteer@woodstocksanctuary.org; Donations@woodstocksanctuary.org","United States"
"Twisted Critterz Rescue and Rehab","6860","","",""
"Pet Rescue","6730","Welcome to Pet Rescue! 🐾  Heartwarming stories of pets and the vets who save them.

Join us on a journey into the world of pet healthcare as we explore the bonds that make pets family. 

Subscribe for a regular dose of heartwarming stories, expert insights, and amazing displays of resilience and recovery.
 
Join our community and be part of something truly special. Together, we celebrate the love, care, and companionship that pets bring into our lives. ❤️","","United States"
"KSTR Wildlife Rescue","6660","Kids Saving the Rainforest (KSTR) is a 501 (c)(3) non-profit organization founded in 1999 in Manuel Antonio, Costa Rica dedicated to the preservation of rainforest and its inhabitants. Our mission is to educate children about the rainforest, reforest local land, rehabilitate and provide sanctuary for wildlife in need, and ensure the survival of the Titi monkey.","","Costa Rica"
"Pilots To The Rescue","6580","Pilots To The Rescue is a nonprofit, volunteer-driven organization dedicated to saving animals by air. We transport at-risk dogs, cats, wildlife, and farm animals from overcrowded or under-resourced shelters to rescue partners and adoption centers where they have a real chance at life.

On this channel, you’ll go behind the scenes of real rescue missions... inside the cockpit, on the tarmac, and at shelters across the country. You’ll meet the animals whose lives are changed forever, the pilots and volunteers who make these missions possible, and the rescue partners working tirelessly on the ground.

Whether it’s a last-minute emergency transport, disaster response, or a freedom flight years in the making, our goal is always the same: move animals to safety and give them the futures they deserve.

Subscribe to follow our life-saving missions and be part of a community that believes love, and hope can fly.

💛 Learn more, support our work, or get involved:
👉 pilotstotherescue.org","","United States"
"Journey Daily English","6500","Welcome to Journey Daily English 🌟

Hi! I'm Journey! Here you can practice English every day with slow, simple, and clear lessons through engaging stories and everyday conversations.

My videos are designed for beginners and A2 learners who want to improve their listening and speaking skills naturally.

🎧 What you'll discover on this channel:
- Relatable stories about family, friends, and daily life
- Easy-to-follow English at a comfortable, clear pace
- Practical phrases and vocabulary you can use right away
- Natural conversation practice in familiar situations

From everyday moments to interesting adventures, I'll guide you step by step to help you feel more confident speaking English.

👉 Subscribe and let's make learning English an enjoyable part of your day!","","United States"
"All Creatures Farm and Rescue","6410","Welcome to our life of organized chaos! You never know what a day holds here in the Ozark mountains.  Between having 14 children (and 7 bonus kids through marriages), plus the daily craziness of farm life, and all that topped off with the unpredictability of wildlife rehab and rescue, there is always something happening around here! God has truly blessed us with daily opportunities to care for and enjoy HIS creatures, and we'd love to share a bit of our lives with you. Please join us and subscribe!

Aaron, Lori, and all the kids 

Philippians 2:14-15

Feel free to contact us at:
All Creatures Farm and Rescue
PO Box 182
Kirbyville, MO 65679","","United States"
"Animal Protection Shelter by Hira Khan","6350","Animal Rescue Service & Shelter Home.","","Pakistan"
"The Goat Pen & Animal Sanctuary","6260","Visit our website to help give these animals a fighting chance! Link Below 👇

At The Goat Pen Animal Sanctuary, we passionately rescue and nurture rural and farm animals in need, providing them a haven and a second chance at life. Our petting zoo offers a unique and safe experience for children to bond with and feed these wonderful creatures, allowing for joyous memories to be made. We strive to uplift moods, foster education, and promote conscious living through our adoptions, enlightening programs, and curated retail offerings. We believe in the power of human-animal connections to inspire happiness, understanding, and change, one animal and one smile at a time.","","Australia"
"Ontario SPCA and Humane Society","6260","The Ontario SPCA and Humane Society is a registered charity, established in 1873. The Society and its network of animal welfare communities facilitate and provide for province-wide leadership on matters relating to the prevention of cruelty to animals and the promotion of animal well-being. Offering a variety of mission-based programs, including community-based sheltering, animal wellness services, provincial animal transfers, shelter health & wellness, high-volume spay/neuter services, animal rescue, animal advocacy, Indigenous partnership programs and humane education, the Ontario SPCA is Ontario’s animal welfare charity.","","Canada"
"Canopy Cat Rescue","6210","","",""
"Blue Ridge Echo TV","6190","Blue Ridge presents ECHO, a education channel designed to meet the needs of learners in all stages of life. ECHO stands for Education, Community, Health, and Opportunity; these are the pillars that build the foundation for our educational, community-oriented content, serving southwest Virginia. 
ECHO features documentaries and programs that feature the region's people and communities.
By providing a space that values education, community, health, and opportunity, ECHO encourages viewers to learn with us. Together, we strengthen our communities and its members to create a world where we never stop learning.","","United States"
"CARE Rescue Texas","6180","The Center for Animal Research and Education's mission is to provide for a safe, permanent and loving home to exotic animals in need. CARE focuses on excellence in physical and emotional care, advocating animal welfare through education, and conducting minimally-invasive research that will improve living conditions for captive animal populations world-wide.

The Center for Animal Research and Education is a 501(c)(3) non-profit organization dedicated to education, research, rescue, and long-term care for exotic animals. Established in Bridgeport, TX in 2003, CARE currently provides a permanent home to over 50 animals including snow leopards, mountain lions, African lions, tigers, black and spotted leopards, ring-tail lemurs and a South American coati.","",""
"Be my savior","6180","Fighting cancer and urgently seeking help for my treatment. Every donation, prayer, and share brings me closer to the care I desperately need. Please support me through the link in my bio. 🙏❤️","",""
"Christina Youngren","6090","","",""
"paytonchristians","5890","Thanks to your support, we can continue rescuing and providing a better life for these wonderful beings.
PayPal: paypal.me/paytonchristians4","","United States"
"Little Buckets Farm Sanctuary","5860","Little Buckets Farm Sanctuary is a nonprofit registered 501(c)(3) animal rescue, striving to give as many animals a safe and loving home they all so deserve. We offer a forever sanctuary to horses, goats, cows, donkeys, pigs, dogs, and cats who all need a place to call home. 
In 2017, I created a bucket list to save a life at a livestock auction and that life was a little baby calf who I named Bucket. He is now 8 years old, best friends with my dog, Colton and his pal, Bailey who was also saved in 2017. Saving Bucket's life inspired me to move to a new state to start this sanctuary. We hope you decide to follow Little Buckets gang. I promise you will laugh, smile, and love a lot, and sometimes cry.  
All donations are tax-deductible and help with the daily care, hay, and feed of all the animals as well as allow us to save more lives. We want as many precious souls to have a happy, long life here at Little Buckets. We hope you see our gang is no different than your dog or cat.","","United States"
"NC Now","5660","NC Now continues a long tradition of sharing stories from North Carolina. Every Thursday at 8PM, NC Now will present stories about the people that make our state the unique place it is. We will travel from our beautiful coast to our majestic mountains and then back again. Bringing stories from your communities, your neighbors and you.","",""
"Volunteer dog videos, Harbor shelter, San Pedro CA","5570","Showing shelter dogs on walks outside their kennels. Most of these dogs only get walked 1-2x/wk due to overcrowding and underfunded conditions. The shelter dog situation in SoCal is dire and good dogs are being euthanized daily. Please visit LA Animal services website to see videos & description of each dog. Harbor Animal shelter is an LA City shelter located in San Pedro, CA.","",""
"Animal Rescue PH","5550","Solo Independent Volunteer Indigent Animal Rescuer in Manila Philippines.","",""
"DoggyTV","5530","Don't step in poop, watch Doggy Television.

Facebook Fan Page - http://www.Facebook.com/DoggyTV

http://www.MySpace.com/Doggy_Television

http://Twitter.com/DoggyTV

Henry Sidgwick (1838 - 1900) wrote: ""The good of any one individual is of no more importance, from the point of view ... of the Universe, than the good of any other.

- thus, couldn't the same be said for animals.

2009 Video Comment of the Year by 
(Coming soon)

2009 Video Comment of the Year by HSWB08

""people who care for animals are the best people on this world. If you don't want the same to be done to you, what makes it ok to do it to animals? That is a double standard. Animals feel pain just like humans and have emotions just like us""","",""
"Kitty Help Desk","5520","SCIENCE-BASED, NON-JUDGEMENTAL, CAT BEHAVIOR HELP
Much like tech support for computers and devices, I offer support for feline caregivers. My name is Tom Kirby, UW-AAB and I’m a certified animal behavior consultant with a wealth of experience in cat behavior. On this channel, I provide you with the most up to date cat care resources to help you and your feline friends live happier, healthier lives together.","","United States"
"A.A.R.F. Volunteers","5490","A.A.R.F. (All About Rescue and Fixin’ Inc.) is small group of volunteers with a passion for animals. Check out some of our adoptable pets and alumni videos here! It is our goal to save as many lives as we can from needless death.  We are a foster based animal rescue organization based in the beautiful Upper Cumberland region of Tennessee.  We pull animals from high risk situations, such as local animal shelters and local strays from counties who do not have the luxury of having an animal shelter. 

A.A.R.F. is operated out of our volunteers’ homes. We are ALWAYS in need of foster parents to help save more lives.  To become an A.A.R.F. foster parent, the only true requirement is that you love animals as much as we do, and that you would treat your foster animals as if they were your own.","","United States"
"Rabbit Rescue Squad","5460","Welcomes the children to the  Balofun TV Channel - Space of Learning and Entertainment for Children!
Thank you for watching!

The content revolves around superhero characters, and popular cartoon characters such as, Spiderman, Frozen Elsa, Minions, Joker, Hulk, Captain American, Flash, Iron Man, Aladin, Patman Deedpool, Venom, Superman...

Please subscribe and enjoy more: https://goo.gl/IU2Gak
Welcome to website and see more: http://www.tubekids.net/","","United States"
"Gentle Souls Stories","5360","Gentle Souls Stories 🐾 — where instinct turns into protection, and every soul finds a reason to stay. Real stories. Real connections. Real guardians.
From loyal dogs and brave cats to unexpected heroes across the animal world — these are the moments when instinct speaks louder than fear. Watch rescued souls discover purpose, witness quiet acts of protection, and feel the unbreakable bond between humans and the ones who choose to stand beside them.
Sometimes, the one who saves you…isn’t human. This is about loyalty, second chances, and the unseen connection that transforms ordinary lives into unforgettable stories.
🔔 Subscribe now and turn on notifications so you never miss a captivating story!🔥","","United States"
"PurebredCatRescue","5270","Specialty Purebred Cat Rescue is a foster-based cat rescue located in the Midwest that specializes in finding homes for abandoned and surrendered purebred cats as well as special needs domestic cats.  We are the only all breed purebred rescue in the Midwest.  On our channel we feature videos on how to care for purebred cats, showcase adoptable kitties and provide sneak peaks of cats which will soon be available for adoption.","adoptions@purebredcatrescue.org; purebredcatrescue@gmail.com","United States"
"Toucan Rescue Ranch","5270","The mission of Toucan Rescue Ranch (TRR) is to rescue, rehabilitate, and release Costa Rican wildlife. TRR works with a model focusing on conservation, education, and research to ensure a brighter future for native animals.

TRR receives and cares for confiscated, sick, and injured animals from government agencies. The Toucan Rescue Ranch works closely with the Ministry of Environment and Energy of Costa Rica (MINAE), bringing injured and displaced wildlife to the center. TRR provides sanctuary while giving treatment, rehabilitation, and eventual release to their natural environment. 

DONATE TODAY
The Toucan Rescue Ranch is a licensed Costa Rica wildlife rescue facility, Costa Rica Foundation (300667701803), and a 501(c)3 Nonprofit organization (EIN: 80-0516453). 

www.toucanrescueranch.org","","Costa Rica"
"The Animal Rescue League of Boston","5220","Pets are family. This belief is at the heart of everything we do at the Animal Rescue League of Boston.

We are the first female-founded animal welfare organization in Massachusetts and are proud to carry on a legacy of kindness and compassion, helping more than 20,000 animals annually since 1899.

Recognized for our innovative, award-winning programs that go beyond sheltering, we address the root causes of the issues facing animals and the people who love them.

By partnering with communities, we help animals heal and thrive, keep pets and people together, and protect animals from harm.

Because there is no government funding for this important work, animals must rely on people like you to get the care they need, when they need it most, 365 days a year.

Sign up for ARL’s e-newsletter for the most current animal stories, advocacy and program updates, events, and more at https://arl.boston/e-news-sign-up","info@arlboston.org; boston-adoption@arlboston.org; brewster-adoption@arlboston.org; bvc@arlboston.org; dedham-adoption@arlboston.org","United States"
"Cobb County Animal Services","5180","Guided by unwavering commitment to animal welfare, Cobb County Animal Services proudly serves our community through lifesaving programs, education initiatives, and collaborative partnerships. While ensuring public safety through responsible enforcement, our primary focus remains on fostering a thriving community where all animals find the love and care they deserve.","","United States"
"Panhandle Equine Rescue","5100","A 501(c) 3 organization; we rely on public donations and volunteers located in Florida 

If you would like to make a contribution towards our mission, please click here for PayPal https://www.paypal.com/donate/?hosted_button_id=R9JTDU7F8A2YY.   

We also accept Venmo at https://venmo.com/code?user_id=3783383691822196490&created=1754603572.018559&printed=1","",""
"Dharamsala Animal Rescue","5050","Dharamsala Animal Rescue
Our mission is to end the human/street dog conflict by creating a humane and sustainable environment for animals with direct benefits to the people of Dharamsala, India.
What do we do?
We provide several key programs to achieve our goals: spay/neuter, rabies vaccination, rescue and adoption, street animal feeding, and community education for rabies safety and compassion.","","United States"
"MBY Pet Rescue and Sanctuary","5040","Named after its founder, Marita Baquiran Yasuda, this homegrown sanctuary first started in earnest back in 2007, right in Yasuda’s own backyard in Antipolo, Rizal, Philippines. What started out as an effort to rehabilitate one injured stray soon grew into a full-blown sanctuary; one that rarely (if ever) turns away the many abandoned, abused, and neglected stray cats and dogs that turn up on their doorstep. Having since relocated to a more sizeable lot in Morong, Rizal, the shelter now counts over 1400 feline and canine residents under its care. Of course, along with the ever increasing number of animals is a seemingly endless stream of veterinary and utility bills—one day’s worth of food alone can cost upwards of P25,000 (approximately USD500).","","Philippines"
"Vatika Animal Sanctuary","4990","We are a stray Animal Rescue organisation based in Raipur CG. We run our Shelter with the name Vatika Animal Sanctuary. We help animals by giving them treatment and care. We have rescued 10K+ animals till now and currently nour shelter takes care of 250+ paralysed, blind, sick animals. 
Make a Donation for the animals please 😊👇

DONATION DETAILS :

Paytm 7225888800
UPI ID 7225888800.ibz@icici

BANK DETAILS
PEOPLE FOR ANIMALS RAIPUR 
A/C No: 658101700056
ICICI BANK, SADAR BAZAR, RAIPUR 
IFSC Code:ICIC0006581 

Donation Link:
https://pages.razorpay.com/donateforvatika","","India"
"PasadenaChannel","4890","OFFICIAL account for the City of Pasadena,TX municipal channel. Social media user rules and visitor policies can be found at:
https://www.pasadenatx.gov/DocumentCenter/View/4801/Social-Media-User-Agreement-PDF
Users who submit comments to this channel page agree they have read, understand, and agree to such terms and conditions.","",""
"RSPCA South Australia","4890","Established in 1875, RSPCA South Australia is the state's leading animal welfare charity dedicated to preventing animal cruelty and saving lives.","","Australia"
"Lotterywest","4890","Welcome to the official Lotterywest YouTube channel. 

Each week Lotterywest gives Western Australians a chance to dream through playing a range of lottery games. 

These include Saturday Lotto, OZ Lotto, Powerball, Millionaire Medley, Set for Life, Super66, Cash 3 and a great range of Scratch’n’Win tickets. 

It’s thanks to Western Australian players who purchase these games that Lotterywest is able to raise funds to support Western Australian hospitals, sports and arts groups, and thousands of community groups across the State.

By playing Lotterywest games, you get to help your dreams and those of WA, come to life.","","Australia"
"tails.com UK","4840","Hi, we’re Tails.com 👋 🐾 

We’re a Pack of dog experts, owners and lovers who know every pup is one-of-a-kind. We’re all about feeding your dog’s individuality – 100% tailored food based on their age, breed, zoomie level and tastebuds (seriously, we can handle those picky eaters.)

Subscribe for all the canine content you’re craving:

Free vet & behaviourist advice (cha-ching) 
Training hacks (for the foodies AND the non-foodies) 
Dog-friendly recipes (with flavours for every craving 
Discussion on all things dog (and what makes them special)

It’s great to have you with us.","","United Kingdom"
"PBS Michiana - WNIT","4800","PBS Michiana - WNIT is a trusted, community-owned public media source that is dedicated to inspire, inform, educate, entertain, and unify the communities we serve.","","United States"
"SlideFrame Studio","4760","SlideFrame Studio is a visual-focused YouTube channel dedicated to simple, clean photo slideshow videos.
We turn everyday images into smooth, engaging slide videos — perfect for relaxing, scrolling, and enjoying visual moments.

✨ Simple photo slideshows
📸 Clean visuals & smooth transitions
🎵 Relaxing and trending music
🔥 Short-form friendly & easy to watch

Subscribe and enjoy visual stories, one frame at a time.","","United States"
"Harmony Fund   (International animal charity)","4750","Welcome to the Youtube channel of the Harmony Fund international animal rescue charity.  We are a USA-based charity throwing a lifeline to underdog animal rescue squads all over the planet.  We help feed homeless animals on the street, sponsor care in shelters, host spay/neuter campaigns, provide emergency veterinary care, protect wildlife in their habitat and fight cruelty internationally.","","United States"
"Zoodles Animal Sanctuary","4700","America’s Only 21-And-Over Exotic Wildlife Sanctuary — located just outside of Nashville. Visit our website to schedule a tour. Also available for private all-ages events. 

Frequent rescuers of non-native species
Licensed and Insured USDA Facility","",""
"No Regrets Farm Sanctuary","4680","Creators of the Original Goat Yoga & Goat Happy Hour Experiences and home to LEVI the Boer Goat. It's all about getting out in nature, bonding with loving animals and disconnecting from this crazy world we live in. At No Regrets Farm Sanctuary, we're farming happiness! Subscribe to our channel, sit back and enjoy the adventures and LET IT ALL GOAT!","","United States"
"Grand Valley Horse Rescue - GVHR","4630","Welcome to the Grand Valley Horse Rescue YouTube Channel.   Some of our videos will be serious but most will be great fun.  Please enjoy our channel.","info@mysite.com; GVHorseRescue@gmail.com","United States"
"Youth Cinema Project","4390","YCP brings industry professionals directly into the most underserved classrooms across the state, partnering with school districts to integrate our curriculum into public schools from 5th to 12th grade. Each class is conducted twice a week in ninety-minute sessions throughout the school year. Unlike any other program in the country, our approach is not an after-school program; it is an in-class, push-in model. What sets our program apart is our belief in the students’ potential to meet high expectations. We guide them through the entire filmmaking process – from story development and production to post production – and culminate with industry screenings at the end of the year.

Learn more at: youthcinemaproject.org","","United States"
"ISUNewsService","4380","News from Iowa State University","",""
"Rabbit Rescue Sanctuary","4310","The Rabbit Sanctuary 
Rabbit Rescue & Rabbit Adoption. 
We rescue rabbits from: council pounds, vets, off the street or in the bush, or private surrenders.
We rescue rabbits in partnership with RSPCA, AWL Animal Welfare League and other organisations that need our help.
States we rescue rabbits in: NSW | QLD | VIC | ACT
The Rabbit Sanctuary Locations:
Tweed Heads, Gold Coast, Coffs Harbour, Grafton, Lismore, Central Coast, Newcastle, Sydney, Melbourne. 
The Rabbit Sanctuary is located in Grafton, Northern Rivers in the Clarence Valley NSW Australia. 

The Rabbit Sanctuary assists people with rabbits with advice and with long term care when they have no other options. 
Adoptions to Sydney, Melbourne, Canberra, Ballina, Byron Bay, Coffs Harbour, Lismore and other places. 
Rabbit Services and Rabbit Training Courses
Rabbit Boarding | Pair Bonding Services | Rabbit Trick and Behaviour Training | Rabbit Handling & Care Skills","","Australia"
"Arizona Humane Society (AZ Humane)","4220","Every pet deserves a good life. With a vision to end animal suffering, we rescue, heal, adopt and advocate for sick, injured and abused animals.

Visit us at azhumane.org","","United States"
"Owl Adventures","4220","Owl Adventures is a mobile falconry business based in North Yorkshire, England, providing flying shows, static displays, school visits and we wild bird rescue, rehabilitation and release.","","United Kingdom"
"punpun's diary","4090","A diary of my adventurous life :)","","Thailand"
"My Lovely Horse Rescue","4060","Videos about My Lovely Horse Rescue, showing the work we have done, the events we are involved in and the good news stories.","","Ireland"
"Rescue Dogs 101","4040","You’ve opened your heart to a rescue dog... now discover how to give them the happiest, healthiest life. Here, you’ll find practical guidance for training, health care, and behavior solutions designed for new rescue dog parents. Subscribe now and start building the best life together.

🎁 Don’t miss your free Rescue to Home Survival Kit, Natural Dog Remedies Guide, and 5-Day Confidence Challenge – link below!","","United States"
"Uganda Wildlife Authority","3970","Uganda's National parks, managed by the Uganda Wildlife Authority (UWA) offers the best of East Africa and surpasses the competition in terms of sheer variety of the flora and fauna within its borders.

Uganda's parks offer 'traditional' savannah safari game parks along with unique species, leading edge conservation strategies and wildlife research activities. Uganda, the ""Pearl of Africa"" is unrivalled in the continent as a bird watching destination with over 1,000 species. It offers an unbelievable selection of 13 types of primates including many of the world's 800 or so endangered mountain gorillas.

Explore the range of geographic settings: the wild Kidepo Valley; Queen Elizabeth's tree-climbing lions;  Virunga Volcanic range and rainforest; up the Rwenzori Mountains - 3rd highest peak in Africa and the source of the Nile River; plus much more.

Explore Uganda -- on the tip of discovery with the safest and most hospitable parks in Africa!
http://ugandawildlife.org","","Uganda"
"Tracy’s Paws Rescue","3960","Welcome to Tracy's Paws Rescue where every rescue has a story, and every dog deserves a second chance. ❤️🐾

We rescue abandoned, neglected, abused, and homeless dogs throughout Texas, providing the medical care, rehabilitation, and love they need before helping them find safe, forever homes.

On this channel, you'll discover:

🐶 Rescue dog transformations
🐾 Rescue puppies and newborn litters
❤️ Adoption success stories
🏡 Dogs available for adoption
🚑 Medical rescue journeys and recoveries
🎥 Behind-the-scenes rescue missions
📚 Dog care, rescue education, and advocacy

Every like, comment, share, and subscription helps us reach more people, find more forever families, and save even more lives.

Whether you're looking to adopt, foster, volunteer, donate, or simply follow inspiring rescue stories, you're part of this mission.

❤️ Subscribe today and help us give every dog the loving home they deserve.

🏡 Adopt • Foster • Volunteer • Donate

Because every dog deserves a second chance.","",""
"Kittenfoster64","3880","Channel Description for KittenFoster64:

Welcome to KittenFoster64! 🐾 Here, we are passionate about saving and nurturing animals in need, especially our furry friends - kittens! Join us on this heartwarming journey as we rescue, foster, and rehabilitate these adorable little ones. From heart-melting rescue stories to helpful tips on animal care, our channel is dedicated to creating awareness about animal welfare and the importance of rescue.

Every view and subscription helps us continue our mission to give these animals the love and care they deserve.

🐱What to Expect:
- Inspiring rescue stories 
- Kitten care tips 
- Updates on our foster kitties and their journeys to loving homes.

Thank you for being a part of our community! Let's spread kindness and compassion for animals together. 

#KittenFoster64 #AnimalRescue #Kittens #FosterCare #CatLovers #RescueAnimals

---

Feel free to modify any part of this description to better fit your style or the specific content you plan to create!","","Bangladesh"
"Homeward Pet Adoption Center","3870","Homeward Pet Adoption Center is one of the leading non-profit,  no-kill animal shelters in Washington State. Our mission is to transform the lives of cats and dogs in need through compassionate medical care, positive behavior training, and successful adoption while building a more humane community.","","United States"
"Illinois Horse Rescue of Will County","3850","","",""
"FureverHome Romania Cat Rescue","3810","We rescue cats from the streets in Romania, Carei and surrounding towns. We spay/neuter them and try to find them a forever home with responsible and loving owners.
A bit about us, we are a brother and sister that have had cats since we were little, and 3 years ago we started to rescue  abandoned cats from our city and from neighboring villages. We spay/neuter all our cats and many more too, over +200 cats and +30 dogs in the last 3 years, all from our own money but right now we've reached a point where it's impossible for us to help these animals from what we earn, that's why we've started this non-profit organization. We mostly need help with cat food as right now we have 188 cats, some very sick, some with dietary restrictions. We also cook for them but the food that we buy we try to get the best quality as medicine and treatments for the sick cost much more then good food that would prevent them from getting ill. Any help with cat food or small donations would be very welcome.","",""
"Bella Run Equine","3710","","","United States"
"Days End Farm Horse Rescue","3710","Mission: Ensuring quality care and treatment of horses through intervention, education, and outreach.

www.defhr.org

Days End Farm Horse Rescue, Inc. is a 501c3 non-profit equine rescue and rehabilitation organization founded in 1989 with a mission to foster compassion and responsibility through intervention, education, and outreach. All horses that arrive at DEFHR are seized by animal control for varying degrees of abuse and/or neglect and all are in need of rehabilitation. Once the horses are rehabilitated and evaluated, they are made available for adoption. This channel was made to promote those horses currently looking for their new homes.","","United States"
"Jeff Coltenback Dog Training","3570","My life's purpose is to help people and their pets.  This channel will offer valuable educational videos to help you enrich the lives of your pets.

About: Jeff Coltenback was born and raised in a small town in Northern, NJ.  He always had a love for animals.... he has been sober since 1994.  During the early stages of his recovery, he learned the valuable lesson of helping those in need.  And, little did he know, his life purpose would be helping animals in need.  He has been involved in dog training since the early 1990’s and pit bull rescue since 2002.  He is also an international author. For more information, visit www.jeffcoltenback.com

Social Links - @jeffcoltenback ------  www.facebook.com/jeffcoltenback - www.twitter.com/Coltenback - www.instagram.com/jeffcoltenback

If you like the T-Shirt in my videos, get yours here:  https://teespring.com/pitbullstat","","United States"
"Catskill Animal Sanctuary","3550","Celebrating 25 Years Of Animal Rescue & Advocacy
5,000+ lives saved  🐷🐴🐓
Sanctuary for all  🌎🌱

Saugerties, NY | casanctuary.org

Join our HERD: casanctuary.org/herd","communications@casanctuary.org; ED@casanctuary.org; info@casanctuary.org; lauren@casanctuary.org; lesley@casanctuary.org; sponsorship@casanctuary.org; tourstaff@casanctuary.org; volunteer@casanctuary.org; jacob@casanctuary.org; support@casanctuary.org; support@casanctuary.org.thank","United States"
"Dark Horse Rescue Ranch","3510","Helping start the healing process in horses and people that come to Dark Horse Rescue Ranch. Psalms 127- The Lord is our foundation that we build on.","",""
"NKH Animal Rescue And Shelter,","3440","Please Raise Awareness!PLEASE HELP US RESCUE! Please DONATE! 👏🏻! 

Account tittle: NKH ANIMAL RESCUE AND SHELTER 

Account# 3547301000004034

IBAN# PK02FAYS3547301000004034

Bank name: Faysal Bank 

Branch code: 3547

Easypaisa/JazzCash 
03004000093 

💻 PayPal: naveed.saad@gmail.com
🔗 GoFundMe: https://gofund.me/36124fe0

#animalrescue #helpingothers #donate #savelives #animalwelfare #kindnessmatters #petlovers #compassion #nonprofitorganization #animalrights #generosity #givingback #supportanimals #spreadawareness #careforanimals #makeadifference #strayanimals #loveanimals pk #strayanimals #carelessdrivers #saynotocruelty","naveed.saad@gmail.com",""
"VVHTV Hamptons TV","3390","About WVVH-TV: 

WVVH-TV, Hamptons TV® is the largest FCC licensed TV station in Suffolk County, broadcasting on UHF Channel 50, Cablevision 78, Verizon FiOS Channel 14 . Hamptons TV® is seen throughout New York, New Jersey and Westchester worldwide, YouTUBE Broadcast partner and at webstream www.wvvh.tv and is the official TV station for the Hampton Classic Horse Show (Winner 2008 Telly Award) and Hamptons International Film Festival (Winner 2008 Telly Award) and the State designated station for Amber Alerts and National Hurricane emergency broadcast. 2007 Award Winner for Best Childrens Programming - New York State Broadcasters Association. Website: www.wvvh.com","","United States"
"Marin Humane","3390","Founded in 1907, The Marin Humane Society is a progressive, award-winning animal shelter, offering refuge and rehabilitation to nearly 8,000 animals each year through myriad community services, including adoptions, foster care, behavior and training, humane education, lost-and-found pet services, low-cost clinics, and more.","","United States"
"Front Street Animal Shelter - City of Sacramento","3350","","",""
"Mission Paws'ible","3330","Mission Paws'ible rescue, rehabilitate and re-home homeless animals. Our videos are uplifting and inspiring in the hope to activate others to rescue or to adopt their new best friend. We are a registered Australian Tax Deductible Charity saving animals in Bali, Indonesia in partnership with Yayasan Proyek Peduli (Registered Indonesian Charity) and USA 501c3 USA Tax Deductible Charity Global Canine Cavalry.","","United States"
"Soper Creek Wildlife Rescue","3310","🐾 Welcome to Soper Creek Wildlife Rescue’s YouTube Channel! 🌿

Get ready to meet the incredible animals of Soper Creek Wildlife Rescue, where every critter is a native Canadian species! From heartwarming rescues to fascinating wildlife facts, we’re here to connect you with Ontario’s amazing wildlife.

Located in Clarington, just an hour outside of Toronto, SCWR is proud to be Durham Region's ONLY Wildlife Rehabilitation Hospital. Our mission is to RESCUE, REHABILITATE, and RELEASE Ontario’s wildlife while educating communities about their importance

✨ What You’ll Find on Our Channel:

Weekly videos every #WildlifeWednesday featuring animal ambassadors and rescue stories.
Behind-the-scenes looks at wildlife rehabilitation in action.
Subscribe today to join us on our journey to protect and celebrate Canada’s wildlife!

🌐 Learn more about us:
www.sopercreekwildlife.com
📷 Follow us on Instagram: @sopercreekwildlife
📘 Like us on Facebook: Soper Creek Wildlife Rescue

💚 Be kind to animals!","","Canada"
"Mama's Cradle Animal Sanctuary - Carina Suarez","3240","WE ARE A HOME FOR THE ABUSED, ABANDONED, AND NEGLECTED DOGS AND CATS. WE ARE ALSO A HOME FOR WORLD CLASS POMERANIANS THAT MADE A MARK IN THE PHILIPPINES. 

This page is dedicated to Mama's Cradle, our sanctuary by the lake, and our rescued dogs and cats we rescue, treat, medicate, rehabilitate, rehome and foster.
We are a small group who rescue severe and critical cases of animal abuse, cruelty and neglect.
I am also a dog show exhibitor of pomeranians, successful in producing local Philippine born poms winning Best in Shows, Hall of Famers, Grand Champions, Champions and Award of Merit poms.","",""
"FawnRescue","3170","Welcome to FawnRescue🐈

We believe every tiny cry deserves to be heard.
Every shivering body deserves warmth.
Every scared animal deserves a second chance.
Every rescue story deserves to be told.

That's why we're here.
That's FawnRescue.

One cry. One rescue. One life changed forever. 🐾

Subscribe for Daily Upload!🔔
—

Our rescue stories are crafted using AI video generation to spread awareness about animal rescue and adoption. No real animals were involved or harmed in any video. Every story is 
fictional but the message behind every single one 
is real — millions of animals need homes right now.
—

If our videos inspire even one person to adopt, 
rescue, or foster — we've done our job.

Adopt don't shop ❤️🐾

For businesses enquiries, please contact:
fawnrescue@gmail.com","fawnrescue@gmail.com",""
"Victoria Rose official","3170","Combining the worlds of an Actress and an Equestrian can make for an interesting and multifaceted lifestyle. Follow along to watch me Advocating for animals in need by showcasing rescue facilities. Also having fun with lifestyle and product reviews. Enjoy!","","United States"
"Claws & Effect","3130","A passion for up-cycling, animal rescue, and turning “objectionable” old finds into something useful. 

Follow on Instagram → @miss_rattan","","Canada"
"FacelessAxo","3110","Always Wanted to Succeed on Social Media??? You're at the right place, at the right time.","contactcryptoyt@gmail.com","United States"
"head start animal rescue","3090","head start animal rescue is a 501(c)3 nonprofit animal rescue organization 

learn more at www.headstartanimalrescue.org","amandacarney@headstartanimalrescue.org",""
"Funny Farm Rescue & Sanctuary","3030","Voted one of the TOP 10 places to visit with your family in NJ, we are located in Mays Landing, NJ. Admission and parking are FREE. We are open year round on Sundays and Tuesdays only from 8-4pm. 

We are a Family-Friendly Animal Rescue & Sanctuary with over 500 rescued animals, most roam free. We have 3 of a planned 10 anti-bullying children’s books that we take to schools with some of the friendly animals at the Funny Farm. We teach kids that despite our differences, we can all get along like the animals of the Funny Farm. 

Please check us out on Facebook for true and inspirational stories of the Funny Farm animals under...

“Funny Farm Rescue”

We are also on Instagram. 

No appointment is necessary. Anyone can volunteer at any age. If you are under 15, just bring an adult with you. You can volunteer any Sunday or Tuesday any time between 8-4pm. 

We have hayrides!!!

We hope you will come see us very soon!","","United States"
"Unitedpaw Network","3020",">Nonprofit dog rescue 🐾🐾
>Adopt . Foster . Volunteer 🤝 
> Welcome to United Paw Network – a global community of animal lovers. We post videos about animal rescue, pet care, kindness to animals, and inspiring stories. Subscribe and become part of a movement that speaks for animals who cannot speak for themselves.","",""
"Almost Home Cat Rescue MKE","3020","Welcome to Almost Home Cat Rescue MKE—a 100% volunteer-run, cage-free cat rescue in Milwaukee dedicated to helping cats find safety, healing, and forever homes.

Here, you’ll get an inside look at what rescue life is REALLY like! 

🐱 Adorable cat & kitten videos
🎥 Behind-the-scenes rescue moments
🏠 Foster life and daily rescue operations
😺 Cat personalities, funny moments & transformations
💙 Rescue stories and adoption journeys
📚 Cat behavior, care, health & education
🤝 Community outreach and pet support

From tiny kittens to cats who have been waiting for their second chance, our channel shares the highs, challenges, surprises, and unforgettable moments that happen behind the scenes of cat rescue.

Subscribe, watch, like, comment, and share to help more people discover rescue cats—and help us get more cats one step closer to HOME. 

#AlmostHomeCatRescueMKE #CatRescue #video #Cat #Kitten #BehindTheScenes #FosterCats #AdoptDontShop #CatLovers #CatCare #CatBehavior #Milwaukee #wisconsin","","United States"
"Magic Kids","3010","**Welcome to Magic Kids 
Your go-to destination for fun, educational, and family-friendly videos for babies, toddlers, and young children! At BABYWORLD068, we create engaging content designed to help little ones learn, laugh, and grow. From catchy nursery rhymes and playful songs to colorful learning videos, we offer a variety of entertaining and educational videos that parents in the **UK** and **USA** trust for their kids' enjoyment.

🍼 **What We Offer:**

* **Baby Learning Videos**: ABCs, 123s, colors, shapes, and more!
* **Fun Nursery Rhymes & Songs**: Sing along with your little one to popular tunes.
* **Animated Baby Videos**: Cute, colorful, and educational animated videos for toddlers.
* **Playful Stories for Kids**: Engaging and imaginative stories to spark creativity.","","United States"
"Smaterr","2920","","","India"
"Kelly Animal Shelter","2850","Writing


🐾 Hi, I'm Kellyanimalcare. I rescue and care for 75 abandoned dogs. Every donation helps provide food, shelter, and life-saving medical care. Subscribe and support our mission to give every dog a second chance. ❤️
Donate using link below 👇 👇","",""
"North Clwyd Animal Rescue","2770","This channel showcases some of our dogs, who are looking for forever homes, by showing them as we at the rescue see them. We also have videos showing some of the training and behavioural work we do with our dogs as we help them through any issues they might have. Through this work we can guide and teach these dogs thus increasing their chances of being adopted into a forever home!
We also put a lot of work into socialising the dogs to increase their social skills, plus it's great fun for them (and us!).

North Clwyd Animal Rescue (NCAR) is a registered charity (No: 515195) founded in 1978 by Anne Owen and is largest animal welfare charity in the North Wales. From one thin little Lurcher, we now care for over 1500 domestic pets a year. 
We have grown to meet these new demands and with the current economic situation these services are vital for the wider community.

supported by;
www.K999.com & @6csocial","","United Kingdom"
"George Cook","2760","Hello, I'm George and welcome to my channel! I'm a wildlife photographer, birdwatcher and nature lover currently working in wildlife conservation and communications. Subscribe to the channel for outdoor adventures, to learn more about wildlife, and reconnect with the natural world ✨","",""
"Dog Rescue Station","2730","Welcome to Dog Rescue Station — a channel dedicated to the emotional rescue journeys of abandoned and homeless dogs, brought to life through powerful AI driven storytelling.

We recreate authentic rescue scenarios inspired by real life events — from puppies left alone in freezing rain, injured strays struggling to survive, to loyal dogs abandoned in their old age.

The heartbreaking reality faced by abandoned dogs.
Life changing encounters that rebuild trust between dogs and humans.
Moments where compassion, patience, and care bring a broken dog back to life.

Our mission is to raise awareness about responsible dog ownership and promote the message adopt, don’t abandon. We believe that even a small act of kindness can completely change the destiny of a helpless dog.

Behind the scenes, our dedicated team transforms real rescue stories into deeply emotional and visually immersive experiences. Let Dog Rescue Station take you to the moments where love, compassion, and action save a life.","","United States"
"Carrie Lippert Gillaspie","2690","YAY - YOU'RE HERE! 

I'm Carrie, a tv host from Wisconsin living in Kansas City, Missouri. Here you'll find a new video once a week - typically about my advocacy work in animal rescue, my job as a tv host, books I'm reading, clothes i'm thrifting, or just regular life things. I hope you stick around! 

xx

-Carrie","","United States"
"Goldy's Farm Live (www.GoldysFarm.com)","2670","OUR MISSION is to improve the welfare of community seniors and veterans by interacting with our rescued and rehabilitated sanctuary animals.  

www.GoldysFarm.com

Goldy's Farm offers free visits to senior centers and veterans centers on the North Shore of Boston, Massachusetts.  Our farm in Ipswich, Massachusetts is also open for schedule visits from seniors and veterans.  
Goldy's Farm is a positively fun and adventurous atmosphere.  We excel at the joy and humor of animals.  Follow us on Facebook, enjoy the Livestream cameras, or meet others online who enjoy our animals virtually.","","United States"
"Sumit The wildlife Rescuer","2670","I’m Sumit Mondal from Chittaranjan ,Asansol,West Bengal . I’m Rescuing lots of Snake since 2011 in our locality But Now I’m uploading My rescue Related Videos in YouTube, For Sent a message in our Locality To Save Reptiles.I also Save Wildlife Animals,Birds etc.I love Social Work helping poor & Needy people.So guys I Need all your Love Support & Blessings to continue my work with Safety,Manners & Respect.Thank you 🙏 

For Rescue Related Query Contact me:- +917063029108
Email :mondalsumit445@gmail.com","mondalsumit445@gmail.com","India"
"Rescate Wildlife Rescue Center","2530","Rescate Wildlife Rescue Center es una organización sin fines de lucro que busca liberar a las especies que ingresan a su centro de Rescate. Cada año ingresan más de 3000 animales, con el objeto principal de rehabilitar y regresarlos a su habitat natural. Tenemos el único hospital para vida silvestre en Costa Rica, y somos el centro de rescate más grande en Centro America. 
El Santuario está ubicado en La Garita de Alajuela (anteriormente conocido como ZooAve), cuenta con más de 14 hectáreas que están dividas entre el Santuario de Vida Silvestre abierto al publico, el Centro de Rescate de vida Silvestre Tropical, el Centro de Reproducción de Animales en peligro de Extinción. En 2km de senderos puede encontrar mas de 120 diferente especias de animales.
Contamos con numerosas especies animales que han sido rescatadas y que por diversos motivos no pueden ser liberados. Su entrada al santuario apoya la vida silvestre de Costa Rica!","","Costa Rica"
"Big Dog Ranch Rescue","2520","Our mission is to rescue, rehabilitate, legislate, and educate until every dog has a loving and safe place to call home. We believe we can and will see an end to dog homelessness and abuse through legislative efforts, hard work, and strategic partnerships near and far. We will never give up, and we will never back down from the needs of these heartbeats. Big Dog Ranch Rescue is associated with the Weimaraner Rescue & Adoption of Florida and is a 501(c)3 non-profit organization

Learn More: https://www.bdrr.org","","United States"
"Charleston Animal Society","2500","","",""
"Vafa Animal Shelter","2480","Vafa is the first animal shelter in Iran that was founded in 2003 by Fatemeh Motamedi to take care of dogs who were sick or needed care. Before that, there was sadly no such institution in Iran. 
Vafa is a charitable NGO, run by grassroots donations. It runs two animal shelters in Hashtgerd and Qazvin, housing more than 1800 dogs.
As a non-for-profit charity, Vafa has no links to any political or religious organization.
We aim to build a better world where humans and animals co-exist.
Cultural and awareness work, aimed at gathering support for animals, is our main method.","info@vafashelter.com","Canada"
"Official NYPTV","2470","NYPTV is a campus channel managed by Year 3 Diploma in Media and Communication Management students. We keep it fun and fresh here!

Want the hype on the latest trends, tech, and culture? 

Tune in to our different segments of What's Your Take?; Tech Trailblazers; Lifestyle Happenings; Up Close; Innovation and Enterprise; Invisible Stories; Sustainability and Catch+ today!


Check out our socials and our Catch+ website below ↓","",""
"Kern County Animal Services","2430","Kern County Animal Services (KCAS)
3951 Fruitvale Avenue, Bakersfield, CA
Mon–Sat: 10 AM–4 PM | Wed: 2 PM–7 PM

* Adoption fees are always waived for 30-Day Dogs & Cats.
* If you do not live locally, you can adopt over the phone.
* 30 days of complimentary Met Life pet insurance (optional)
* Adoption fees always include Spay/neuter, Microchip,
Vaccinations, and License at no additional cost!

Dogs in Foster Homes - https://direc.to/oK_G
Dogs at Highest Risk - https://direc.to/oK_D

#Adopt: 661-868-7100 - animalservices@kerncounty.com
#Foster: 661-868-7130 - dogfoster@kerncounty.com
#Rescue: 661-549-4355 - rescue@kerncounty.com

#Dogs #Pets #Animals #Shelter","animalservices@kerncounty.com; dogfoster@kerncounty.com; rescue@kerncounty.com","United States"
"The Great Projects","2410","Have you ever considered volunteering abroad with endangered animals? With The Great Projects, you can volunteer responsibly across 4 different continents with an array of endangered wildlife, with their conservation at the forefront of our ethos. 

Here you can discover all you need to know about our Great Projects, from what projects we have to offer, to animal rescues and releases, right through to adorable videos of what daily life looks like for animals on our projects.","",""
"SASHAFarmAnimalSanctuary","2370","SASHA Farm Animal Sanctuary is located in Manchester, Michigan and we are the Midwest's largest farm animal sanctuary.  At our shelter, not only do we provide food, water, shelter, and veterinary care, we also give the animal residents affection, social interaction with others of their own species, and a sense of security.  The sanctuary currently shelters over 200 animals, each with its own story to tell.  Some were dumped and discarded, some were left to die.  They have come from unhappy circumstances, often mistreated or neglected, but now have a safe, permanent home at SASHA Farm.","office@sashafarm.org; donations@sashafarm.org","United States"
"Animal Education with Cole Shirk","2360","I have created this channel to educate the public about animals. If it slithers, crawls, walks, runs or flies, has feathers, scales, fur or hide, I want to learn about it and you will find it here.  I'm thankful for all the people at the zoos, rescues, aquariums, colleges, state parks, animal parks and education centers that work with me and their support.  I've had the great opportunity to work with everything from green tree frogs to the largest elephant, venomous and non-venomous animals and got to meet some great people as well.  So if you love reptiles, amphibians, birds, mammals and fish, just keep watching!","",""
"Mayhew","2350","Mayhew is an animal welfare charity working to improve the lives of dogs, cats and the people in our communities – at our Home in London and internationally.

Mayhew is more than an animal rescue centre. We are working to improve animal welfare in the community and to support the people who live in it. Our team work with people in crisis or in need of support and protect the vital bond they share with their animal.

Our vision: a society where people understand the importance and value of animal welfare.

Our mission: to promote animal welfare by delivering a broad range of community-based veterinary, care and education services in the UK and overseas.","","United Kingdom"
"Tolfa","2320","Welcome to the official YouTube channel of TOLFA (Tree of Life for Animals), a charitable trust founded in 2005 with a vision of a world where animals live free from injury and diseases and are valued as our equals. Our channel is dedicated to bringing you heartwarming rescue stories, animal welfare awareness content, and regular updates on the activities at our shelter and hospital.

With over 60 dedicated staff members and over 400 animals in our care at any time, we have come a long way from a makeshift clinic to a big veterinary hospital spread across 4 bigha of land situated in the foothills of Aravali ranges near Pushkar.

Join us in our mission to provide vital and preventative healthcare to India's ownerless animals and help us create a world where animals and people live together in harmony. Don't forget to subscribe to our channel and hit the notification bell to stay updated on our latest content. Thank you for your support!","","India"
"EQUINE GUELPH- RESEARCH | EDUCATION | CAREERS","2300","Equine Guelph, a not-for-profit Centre at the University of Guelph, serves the horse industry through education, research, and career support.

Equine Guelph is the leader in Online Studies for equine pursuits, boasting 20 accredited 12-week university level courses with highly-qualified instructors and expert guests. Plus, award-winning short courses that provide practical information and tips from equine industry and healthcare experts and feature the most up-to-date research and latest evidence-based resources. With these you can stay with your horses and balance your busy schedule.   

Explore our Free interactive tools to help you address a range of healthcare issues which may affect your horse(s). These free tools allow you to assess your own individual situation with practical recommendations you can take right to your barn.

A channel dedicated to improving the health and well-being of horses and providing evidence-based education for horse people.","","Canada"
"Palm Springs Animal Shelter","2300","The Palm Springs Animal Shelter is the only municipal, open admissions shelter operating under the no-kill model in the Coachella Valley. Visit our website at: www.psanimalshelter.org","info@psanimalshelter.org; media@psanimalshelter.org; adoption@psanimalshelter.org; careers@psanimalshelter.org; donate@psanimalshelter.org; foster@psanimalshelter.org; intake@psanimalshelter.org; licensing@psanimalshelter.org; tnr@psanimalshelter.org; volunteer@psanimalshelter.org; customerservice@psanimalshelter.org","United States"
"Grady Newsource","2290","Grady Newsource is a digital and on-air news organization covering Northeast Georgia with live broadcasts, documentaries and special shows. Its staff is journalism majors at the University of Georgia's Grady College of Journalism and Mass Communication.","","United States"
"CityOfLewisville","2210","Lewisville offers the convenience of DFW Airport 10 minutes away, comfortable hotels, activities on Lewisville Lake and at LLELA Nature Preserve, cultural arts and entertainment, world-class golf, cozy eateries, shopping galore & quaint Old Town Lewisville.","","United States"
"SICSA Pet Adoption and Wellness Center","2190","The Official SICSA YouTube Channel!","","United States"
"Asheville Treetop Cat Rescue","2160","Retired Air Force Colonel Spence Cocanour offers free help through Asheville Tree-Top Cat Rescue, rescuing cats from trees. He went from being a Special Tactics Officer trained as a Combat Controller working special operations and personnel recovery with Air Force Special Operations Command to personal recovery of cats.","","United States"
"Hills meet Plains","2150","Hello, everyone, This is Aditya and Christina from Kolkata. Welcome to our channel, me being from Kolkata and Christina being from Darjeeling, our channel will showcase a mix of bengali and nepali culture. Here, we will show you travel vlogs, food reviews, hotel reviews, product reviews and you will be a part of our family.","","India"
"DorsetWildlifeRescue","2150","JUST TO LET YOU ALL KNOW THAT MY FRIEND AND NEPHEW ,CHRIS, WILL BE CARRYING ON DORSET WILDLIFE RESCUE AND THE WILDLIFE VIDEOS BUT SADLY I HAVE TERMINAL CANCER AND AM UNLIKELY TO SEE ANOTHER SPRING, AND SO IT IS UNLIKELY I WILL BE ABLE TO MAKE ANYMORE OLD CRAFT VIDEOS....BUT THANK YOU SO MUCH FOR ALL THE KIND WORDS ABOUT THEM 
FFF & F NICK","",""
"Animal Rescue Center","2140","Animal Rescue Center is currently undergoing a comprehensive content update.

Our channel is now in a transition phase focused on quality over quantity. During this period, we are refining our creative process, reducing repetitive formats, and restructuring our storytelling approach to ensure clearer context, stronger educational value, and full policy compliance.

Going forward, Animal Rescue Station will:
• Clearly disclose AI-assisted or fictional elements where applicable
• Avoid sensational or misleading narratives
• Focus on responsible animal welfare, prevention, and ethical awareness
• Create more original, thoughtfully structured content with clear purpose

This update is part of our commitment to building a more transparent, meaningful, and sustainable channel. We appreciate the patience and understanding of viewers and the YouTube review team as we work to deliver better content moving forward.","","United States"
"Syl's Purrspective","2140","Don't miss out on the opportunity to learn more ways to love your pet, foster, or follow through as an aspiring Vet!🐾👩‍⚕️
🐱Mochi - 6 year old 
🐱Rico - 2 year old 
🐱Boba -  11 month old 
🐱Simba - 7 year old (???)

Business Inquiries:
sylspawspurrspectives@gmail.com","sylspawspurrspectives@gmail.com","United States"
"eastwoodranch","2120","Our goal is to not only rescue animals from high kill shelters, but to help reduce pet overpopulation and increase pet adoptions through campaigns, events, education, spay/neuter programs and rescue partnerships. We believe that by developing strategic alliances with other non-profits and rescue groups, together we can make a greater impact on animal welfare and save more lives. Eastwood Ranch Foundation is a 501(c)(3) non-for-profit organization. Visit our Rescue & Adoption Center in Agoura Hills, Ca.","",""
"Many Tears Rescue, Carmarthenshire","2100","Many Tears Animal Rescue is a small Not For Profit rescue based in Wales. We primarily take ex-breeding dogs but also take in a number of dogs from the pounds, public hand-ins and some from rescues abroad too. We are always busy and have around 250 fosterers who look after dogs in their homes, as well as our kennels in Carmarthenshire. We rely on donations and kindness to keep going

We rehome approximately 3,000 dogs per year and many of the dogs come to us having never lived in a home before. They often arrive needing veterinary care and our on site vet and volunteer vets spay and neuter all the adult dogs as well as carrying out other procedures such as treating ear/eye infections along with much bigger problems like orthopaedic surgeries, heart operations and cataract surgery. The costs of these can be vast but can transform the lives of the dogs

Please help us to keep going, things are particularly difficult at the moment and we are very worried but together we can save them all","","United Kingdom"
"SkoolDoggery","2100","Welcome to Skooldoggery, where we cut through the noise and bring a common-sense approach to dogs and puppies
We mainly focus on Dog-U-Tainment and puppy advice, but you never know what we might cover next!

Our channel is dedicated to providing expert puppy training advice to help you raise a well-behaved dog who is a joy to live with. Training tricks is only part of the fun of owning a dog, your new best friend needs to be fun to live with too! You don't have to live with a dog who barks at the front door, barges past you when you open it or be bossed around at meal times. Follow our dog training advice to embrace a calmer home life with your pet. 

If you're thinking of getting a dog, we can help you with that too. We produce videos about our favourite breeds of dog so you can learn more about a breed's individual needs to make sure you find the right dog for your lifestyle. 

Hit the subscribe button and watch through our playlists and don't forget to share your story with us.","",""
"Dog rescue team jamshedpur","2100","Dog rescue team jamshedpur ki or se nasbandi or Anti Rebies ka injection lagakar same location 📍 me chhoda jata h ✅ 
 please support me guys 🙏🙏 
contect number{7544059475","",""
"VHAS Hazlehurst","2080","Voices of the Hazlehurst Animal Shelter (VHAS) is a small but dedicated group of volunteers focused on caring for shelter dogs and those in the area community of Hazlehurst,Georgia. We appreciate your kindness in checking out our dogs and helping us  continue saving lives.

Videos are primarily to help potential rescues to get to know our current dogs. 

Additional information on dogs featured and whether they are or are not still be available for adoption or rescue, inquires can be made on our Facebook page. Adoption application is required for all adoptions. Send an email to VHAS.ga@gmail.com for all inquiries","VHAS.ga@gmail.com",""
"Animal Rescue AI","2080","Welcome to our channel, where we share AI-generated animal rescue stories created for educational and storytelling purposes. Each video presents an original, dramatized narrative focused on animals being saved from difficult or dangerous situations by compassionate individuals.

⚠️ Important: All content on this channel is AI-generated and fictional. No real animals or people are ever harmed, placed in danger, or exploited. We do not stage real rescues, promote cruelty, or encourage unsafe behavior. These stories are created to highlight the importance of animal safety, responsible care, and empathy toward all living beings.

Through narration and creative storytelling, our goal is to raise awareness, inspire kindness, and share uplifting rescue moments with positive outcomes. If you appreciate meaningful, respectful animal rescue stories presented responsibly, you’re in the right place.","",""
"ColoradoHorseRescue","2050","We are Colorado Horse Rescue, and we are building a better future for horses. We see it. We believe in it. And we are here to make it happen. As a 501(c)(3) impact organization operating in Colorado since 1986, we work to continuously reimagine what’s possible and create a reality where safe solutions exist for every horse.

On this channel we showcase our horses and offer the community more information about horses in transition.","",""
"Brother Wolf Animal Rescue","2020","Founded in 2007, Brother Wolf Animal Rescue enhances the lives of companion animals and the people who love them. We work across county lines with the goal of saving the greatest number of lives possible through strategic, creative, and impactful programming.","",""
"RuffStartRescue","1990","Ruff Start Rescue is a foster-based 501(c)(3) nonprofit companion animal rescue that serves communities throughout Minnesota and states in the south with severe pet overpopulation. Ruff Start Rescue relies on a complex network of volunteers, fosters, and supporters to save thousands of animals each year. Please visit our website ruffstartrescue.org to learn more.","","United States"
"CROW Clinic","1980","The Clinic for the Rehabilitation of Wildlife (CROW), is a teaching hospital and visitor center located in Sanibel Island, Florida. We are dedicated to saving wildlife through state-of-the-art veterinary care, research, education, and conservation medicine.  

The organization’s primary mission is the rescue, care, rehabilitation and eventual release of sick, injured and orphaned wildlife. Inherent in this mission is the education of adults and children, encouraging them to live a peaceful coexistence with their wild neighbors.","","United States"
"KFR - Animal Shelter","1980","Assalamu alaikum! I'm Fizza 👋🏻, an animal lover who can't bear to see them in pain. I've helped 3500+ animals and now I'm sharing my journey with you. 🌟

Welcome to K.F.R Animal Shelter! 🐈🐕 You can support our cause by donating (details in Instagram bio). On this channel, you'll find:

🐾 Animal-related content
📹 Pet vlogs
📝 Daily vlogs
🐶 Pet information
🎁 Free giveaways
📅 Event visits
📚 Rescue stories

Let's help Them together! ✨
Subscribe now
1 subscribe = Save a Life❤️‍🩹🐕🐈🐇🐦🪿🦜","","Pakistan"
"Charlie's Animal Rescue CentrE","1980","The Official Youtube Channel of Charlie's Animal Rescue centre , Bangalore. Subscribe for awesome, funny, poignant videos of our animal heroes.","","India"
"MAXIMO NIVEL","1970","Founded in 2003, Maximo Nivel is a leading organization in study abroad and educational travel. We are an internationally accredited organization with 4 locally based institutes in 3 of the most beautiful countries in the world—Costa Rica, Guatemala. and Peru. At Maximo Nivel, we strive to set ourselves apart and provide the best education and travel experiences in Latin America, as well as top-notch client service and great home base facilities.

We work with more than 5,000 students, volunteers, clients, and travelers every year. Our success is based on our commitment to quality and the highest level of client service. At Maximo Nivel, we continuously invest in professional staff and first-class facilities to ensure you have a great experience!

We follow the Standards of Good Practice from the Forum on Education Abroad and the Forum’s Code of Ethics for Education Abroad.

https://maximonivel.com/

Email: international@maximonivel.com

Tel: 1-800-866-6358","international@maximonivel.com",""
"Animal Rescue Sofia","1960","More than 10 years we've been working for animals. We have created Animal Rescue Sofia because of our love for the them.
Every day we change the world for the homeless animals in Bulgaria, every day we give a hand to paws and hooves!
Be with us, because only TOGETHER WE HELP!

Създадохме Animal Rescue Sofia от любов към животните и вече десет години работим за тях.
Всеки ден променяме света на животните, всеки ден подаваме ръка на лапи и копита!
Бъдете с нас, защото само ЗАЕДНО ПОМАГАМЕ!","","Bulgaria"
"Odessa Animal Sanctuary          501c3 non-profit","1920","Odessa Animal Sanctuary, Inc. is a 501(c)3 Animal Rescue that has devoted its energy to passionately bettering the lives of Animals that can no longer be cared for by others, to provide the Best Forever Homes we can.
Odessa Animal Sanctuary, Inc.
​813-792-5454
MAILING ADDRESS: 7853 GUNN HWY # 390 TAMPA FL 33626
​PHYSICAL ADDRESS: 18404 RUSTIC WOODS TRL ODESSA FL 33556

We appreciate Donations greatly as 100% goes to help feed our 450+ Animals.

Website OdessaAnimalSanctuary.org 

DONATE HERE https://www.paypal.com/donate/?hosted_button_id=38M22VPPXU5CN","","United States"
"Kabul Small Animal Rescue (KSAR)","1890","#KSAR is a licensed veterinary clinic and animal shelter in Kabul helping animals in need in Afghanistan, putting compassion into action. 501c3 EIN: 86-1456626

We provide routine & emergency medical services for pets, street animals, and working animals. Our staff, on site  24/7 intake can provide animal retrieval in Kabul City if needed, security allowing. Our facilities include quarantine areas to safely treat contagious diseases commonly found in Afghanistan, surgical suite, and long-term boarding, animal sanctuary spaces. 

On June 2, 2024 we pulled off the unimaginable- we airlifted 195 dogs and 100 cats on a charter plane bound for the USA. Almost all of these cats and dogs are in their forever homes in the US while a few are waiting to be adopted. Please reach out if you are interested in adopting a KSAR cutie.

Despite the airlift, today we have over 450 animals (including 250 dogs) residing at KSARl No animal is ever turned away and so our population is growing again.","",""
"Humane Animal Rescue of Pittsburgh","1880","The Western PA Humane Society and the Animal Rescue League each had rich histories of helping animals in our community. In 2017, our two organizations merged to form one of the largest animal welfare associations in Pennsylvania, tasked with providing enhanced services to domestic and wild animals alike. Humane Animal Rescue continues the legacies of the Animal Rescue League & Western Pennsylvania Humane Society, bringing greater efficiency in animal care processes, staff training, and cutting-edge practices to one cohesive organization.

We operate two domestic animal shelters across the City of Pittsburgh along with our Certified Wildlife Rehabilitation Center in Verona, Pennsylvania. Join us in celebrating our combined two-century legacy of giving our region's animals the care they need and the love they deserve. Visit us online at humaneanimalrescue.org or call us at 412-345-7300 to learn more about our programs and adoptable pets.","","United States"
"Jo Cottrell - Dog Trouble","1860","Jo Cottrell- Dog Behaviourist and Owner of Dog Trouble Ltd will be sharing some amazing educational videos each week on Dog Behaviour, Training and Wellness to help you tackle some of the issues you may be having with your dog's behaviour, health and well being!  We might also throw in some of the funny moments we have with all our furry friends on the farm!","","United Kingdom"
"Santa Fe Animal Shelter","1840","Since 1939, the Santa Fe Animal Shelter has been dedicated to its mission to reduce animal suffering by curbing overpopulation, teaching compassion, and supporting healthy relationships between people and animals.","","United States"
"Animal Rescue And Care Kolkata","1820","Animal Rescue and Care (ARC) is a Kolkata based NGO registered under trust act in 2016 that has been working for the welfare of stray animals and their rights. The main objective of this organization is to create a better world for the voiceless friends by spreading awareness among people so that people live in harmony with the less privileged ones and defend their rights. 

ARC has two different shelters, the old one located in Kolkata District and a bigger rehabilitation shelter in Burdwan District.

ARC’ rescues animals those are ill or injured or animals those are subject to torture and abuse. ARC provides them relief, treatment, adequate care and a safe Refuge. ARC also provides shelter to senior and differently abled street dogs.
ARC conducts regular and organized ABC programs, proper Vaccination, De-worming and feeding drives with an aim that one day there will be no animal going to sleep with a hungry tummy or without a roof above his/her head.","","India"
"Happy's Place Senior Dog Rescue","1820","Happy's Place
Old Dogs Make Our Hearts Whole
In home based senior dog rescue for dogs who are at a higher risk of euthanasia due to age or other reason. Building relationships between people & old dogs to promote wellness, happiness, and living your best life.

Our Mission:
We rescue senior dogs by request who are still able to lead a quality life but who are also at a higher risk of euthanasia or unable to find forever adopted homes due to old age, medical needs such as chronic illness or special need, or other factors, including cases where dog guardians can no longer care for their senior dog due to their own health or other reason.","","Canada"
"Zooh Corner Rabbit Rescue","1820","We are a non-profit, no-kill rabbit rescue. 

Our YouTube channel features educational seminars on rabbit care and rabbit health, as well as the occasional fun video starring our rescues and sanctuary bunnies.

Visit our website at www.mybunny.org to get information about our organization, find out how to become a volunteer, and learn about other ways to help bunnies.","","United States"
"SaveAForgottenEquine","1810","Save a Forgotten Equine (SAFE) rescues, rehabilitates, and retrains horses facing neglect or abuse, and provide them with the best opportunity for a permanent home and a lifetime of safety.","","United States"
"Fabled Farm Rescue & Sanctuary","1790","Meet April & Bryan:
When I met Bryan in 2014, he worked in insurance and had never had a pet! I owned my photography business of 20 years and lived in East Nashville. By the time we got married in 2016, we had 5 dogs and a cat and knew we were ready to get out of the city. Moving to the country and starting a nonprofit rescue farm and animal sanctuary soon became a dream for both of us. Join us on this rescue journey, and together we can make a difference!

Fabled Farm Rescue & Sanctuary is a Middle TN based 501(c)3 committed to accepting and placing unwanted equines, farm animals, and kittens in qualified, loving forever homes, while continuing care for the unadoptable animals with medical or behavioral issues through our sanctuary program. In only a few short years Fabled Farm has helped over 500 animals and continues to expand its community outreach and programs.","","United States"
"SmartPaw","1780","SmartPaw is Singapore's First Smart Pet Online Shop E-Commerce platform. Over here, we have the widest range of pet technology related products in Singapore. At the same time, we carry popular pet brands for all kinds of pet care needs. Our key focus is to bring in innovative and premium pet technology products in order to help simplify your lifestyle as a pet owner, as well as your pets' well being. We believe in quality services and pet products to build a good relationship with our customers and at the same time, keep your pets socially engaged and mentally happy. Our mission is to simplify pets' and pet owners' lives with the help of pet technology.

Connect with us at our Facebook  : www.facebook.com/sgsmartpaw
                                         Instagram  : www.instagram.com/sgsmartpaw","","Singapore"
"Lytle ISD","1770","","","United States"
"Animal Rescue Service","1760","Improving lives of stray animals 
Adopt 
 Feed 
 Sponsor 
Rescue 
Nonprofit organization","",""
"Greek Animal Rescue","1750","Greek Animal Rescue is a UK registered charity, founded in 1989. We help abandoned, abused and neglected animals across Greece by supporting the local rescuers on the ground who step in when no one else will.

We’re entirely volunteer-run - no offices, no salaries and no overheads - so every penny you give goes directly to helping animals in need. From UK adoptions, emergency vet care and medication, to life-saving neutering campaigns and practical feed support, we focus on the unglamorous work that prevents suffering and changes lives long-term.

Please subscribe to follow rescue stories, see where your support goes and meet the dogs and cats you’re helping every day. 🐾

All enquiries and requests for assistance, please email: info@greekanimalrescue.com. For UK adoption enquiries please telephone our volunteer homing co-ordinator, Gillian, on 07795 170222.","info@greekanimalrescue.com.for","United Kingdom"
"Future Zoologist Academy","1740","Calling all future zoologists! 

Future Zoologist Academy is the perfect place for animal-loving kids to explore their passion. Our mission is to inspire upper elementary and middle school students to protect the natural world through engaging zoology and ecology resources. Enjoy dozens of videos about wildlife animals and their adaptations, habitats, threats, and more. 

Looking for more? Check out our Future Zoologist Academy curriculum program to access 100+ complete lessons each including videos, readings, quizzes, activities, projects, and more:

www.futurezoologistacademy.com


Questions? Contact us at sarah@futurezoologistacademy.com.","sarah@futurezoologistacademy.com","United States"
"MACC TVCTV","1730","Tualatin Valley Community Television: The mission of TVCTV is to strengthen the fabric of community life by providing communication tools, training and opportunities.

In order to fulfill this mission, TVCTV works in partnership with individuals, community groups, governments, educational institutions and area businesses.

TVCTV manages Public, Educational and Governmental (PEG) Access channels on the area cable systems though the Metropolitan Area Communications Commission, the cable regulatory agency serving the Tualatin Valley.

MACC's mission is to serve the public interest through developing, overseeing, evaluating and promoting an area-wide cable communication system, and acting as a forum on communication issues and alternatives.","","United States"
"GRG Ranch Horse Rescue & Sanctuary","1730","GRG Ranch is a 501c-3 Equine Nonprofit horse rescue, sanctuary, and therapeutic riding facility. We also offer able bodied lessons and horse training both on and off site. Our mission is to give every horse and human the opportunity to heal and to provide quality care to our permanent herd and horses as they transition through rescue and rehabilitation in search of their new lives. Learn more about GRG Ranch and our family, big and small, at www.grgranch.org","",""
"Rachel at the Shelter","1700","Making animal shelter and bully breed education patronizing but palatable.

Now offering freelance services to animal rescue organizations
🌐 www.linktr.ee/rachelattheshelter","","United States"
"EquineVideoProd","1670","Customized videos to precisely meet the client's needs.
Since 1987 Equine Video Productions has provided state of the art Video and Video Production services to the N.W. equestrian community. Specializing in equestrian event and production work EVP provides top quality digital recordings with an artistic touch for promoting your farm, breeding program, business, product or event.","","United States"
"PetAngelAdopt","1660","We never meant to start Pet Angel Adoption. We didn't wake up one day and say ""Let's start a cat rescue!"" It started with two litter of kittens in Nancy and Jim Engel's backyard in little Frankenmuth, Michigan. When that two litter of kittens became cages of cats in the Engel Family's garage, Nancy and Jim realized what they had gotten into. They couldn't just stop saving kitties lives and finding them forever homes, so they rented out a building on List Street in Frankenmuth, moved the cats to the new location, and Pet Angel was born. 

Today, Pet Angel Adoption and Rescue is a volunteer-based, non-profit, no-kill cat shelter in that same building on List Street. We specialize in more than just the saving and rehoming of homeless, helpless and injured kitties, but we also offer awesome programs to the public in the Frankenmuth.","","United States"
"Wildheart Animal Sanctuary","1660","The Wildheart Animal Sanctuary is a registered UK charity. We specialise in rescued and threatened wildlife and aim to put the Isle of Wight at the frontline for the protection of endangered species.","","United Kingdom"
"ARL BerksCo","1620","The Animal Rescue League of Berks County is a charitable 501c3 organization caring for nearly 5,000 animals each year to help them find second chances in a new home, or to help reunite them with their grateful owners. For more than 65 years, we’ve worked tirelessly to care for the sick, treat the injured, comfort the unwanted and protect the abused. Whether helping people in need keep their pets through surrender prevention programs, offering low-cost veterinary services and clinics, as well as outreach and education events throughout the county, our work goes far beyond the walls of the shelter.","info@berksarl.org; abudock@berksarl.org; admissions@berksarl.org; adoption@berksarl.org; animalprotection@berksarl.org; foster@berksarl.org; medical@berksarl.org; volunteer@berksarl.org","United States"
"Adam Hall","1620","","","United States"
"OC Animal Care","1610","This is the Official Channel of OC Animal Care

OC Animal Care promotes responsible pet ownership, the health and safety of people and animals and spay/neuter programs. Through public education, community outreach programs and shelter events, OC Animal Care encourages shelter adoption, animal rescue and community involvement through volunteerism. 

The Animal Care Center provides temporary shelter and medical care for ""lost"" owned or stray animals and opportunities for adoption of these animals. OC Animal Care also provides pet licensing and patrol services to 18 contract cities and all the unincorporated areas of Orange County. OC Animal Care houses and provides medical care for impounded dogs, cats and exotic animals. 

See www.ocpetinfo.com for more information and cities served.","",""
"Living Free Animal Sanctuary","1580","Living Free is a nonprofit animal sanctuary whose primary mission is to rescue dogs and cats whose time is up at public shelters. We are also home to War Horse Creek, an immersive transition training program using rescued wild mustangs to assist veterans as they adjust to civilian life. War Horse Creek will be launching publicly later this year.","",""
"Animal Welfare Association","1540","Animal Welfare Association (AWA), a private, non-profit, 501(c)3 animal welfare organization, operates the oldest and largest low-cost spay/neuter clinic, adoption center and no-kill animal shelter in South Jersey. We do not receive funds from the government or national groups. We rely upon local donations to fund our life-saving programs. Through a variety of innovative programs including adoptions, veterinary services, pet therapy, trap-neuter-return and humane education, we strive to ensure that animal companionship is accessible to all.","","United States"
"Wildlife Rescues","1540","This channel takes you to the heart of thrilling wildlife rescues in the most extreme places on Earth. From icy mountains to dense jungles, our stories showcase the courage of human heroes and the resilience of animals in danger. Join us to discover how together we can save nature, one life at a time.","",""
"Animal Rescue Center","1540","Welcome to Animal Rescue Center – a documentary channel focused on emotional animal rescue stories, brought to life through AI-assisted visual storytelling.
We produce realistic rescue-style films using artificial intelligence, capturing powerful moments of survival. Our stories span all conditions—from animals trapped in harsh winter blizzards to wildlife facing dangers in the blooming spring. We cover every environment where a life needs saving.
Realistic reconstructions of critical rescue missions.
Heartfelt stories of kindness and resilience in all seasons.
Our mission is to raise awareness and inspire compassion. We show how fragile wildlife truly is, teaching responsibility and respect for nature through every second chance we portray.
Our team transforms real, meaningful stories into emotionally powerful visual experiences. Join us where empathy becomes action, and every small life matters.","","United States"
"AnimalFriends","1530","Subscribe today to keep up to date on all the happenings at Animal Friends, located in Pittsburgh, PA!  

Animal Friends, a premier companion animal resource center, is committed to nurturing and promoting the animal-human bond through outreach, education and therapeutic programming and creating a community where our relationship with companion animals is guided by compassion.","","United States"
"Dog Shelter Volunteers","1530","We are volunteers at Benton County Canine Shelter in Kennewick, WA. This channel will feature adoptable shelter dogs. We're a couple of moms new to YouTube - please be nice! 😉","",""
"Farm Sanctuary","1490","Welcome to our animal rescue farm, where every rescued life gets a second chance. We care for abandoned, injured, and neglected animals with love and compassion. Your support helps provide food, shelter, and medical care. Please donate to help us save more lives. Every kindness makes a difference.","",""
"Balkan Underdogs","1490","Balkan Underdogs is a “non profit” UK registered dog rescue charity made up of volunteers dedicated to helping the street dogs of The Balkans.
Please consider one of our dogs, we fight against the odds and without our supporters we wouldn’t be able to help those in need most!!!


Why adopt from us?
There is no animal welfare here in the Balkans. Dogs rarely live long, as they're cruelly treated by people, poisoned and left to die, or caught regularly by dog catchers and destroyed in the worse possible ways. So our small rescue team are fighting to make a difference to some of these dogs, and by adopting you are saving a life, a real rescue.

Email/message us via the website (http://balkanunderdogs.org.uk)","","United Kingdom"
"Animal Education and Rescue","1490","AEAR is a unique Humane Society. In addition to finding homes for rescue pets, we focus a lot of our efforts towards helping the community through educating and inspiring people.  Please visit our website at www.aear.org","","United States"
"EY TV","1490","Hey guys welcome to my channel
continue to support this channel so that it will be more successful and developed
Thank's for watching :)","","Indonesia"
"Carroll County, Georgia","1470","","",""
"Eden Farmed Animal Sanctuary","1440","Eden Farmed Animal Sanctuary, the first vegan sanctuary in Ireland, opened in 2008. It is home to more than two hundred courageous, unique, special beings, all of whom have been rescued from human use. You can connect with them and their lives through these videos. They are no different to the billions of animals used and killed every year by humans every year. The only difference between the animals at Eden and those who are exploited and killed by us is that the rescued animals' rights are respected and they have someone to tell their story. Go Vegan.","",""
"MetroEast Community Media","1440","MetroEast is a 501(c)(3) nonprofit community media hub based in Gresham, Oregon. We educate the public on how to leverage media & technology to create meaningful content relevant to our times.","","United States"
"Pudgey’s Place","1440","Just a girl and her little rescue zoo, doing our best to save some dogs. 💕

You can donate to The Pollosito Project-where I make adoption gift bags for shelter dogs-at the link below!
https://www.amazon.com/hz/wishlist/ls/1ZNJQV7KKP337/ref=nav_wishlist_lists_2

Thank you for supporting us!","",""
"Daviess County Government","1430","Channel of the Daviess County (Kentucky) Government.  Videos of Fiscal Court Meetings, Speak Up, and other informational videos will be posted. Agendas of Meeting are in description to allow you to search for a specific issue that was on the County's agenda. Check out our subscriptions of other Community Channels on left side of page!","",""
"Layla Rose Ranch Equine Rescue","1420","Layla Rose Ranch is a nonprofit organization  5013c. 
It all started with Cletus my heart horse and because of him I have found my calling. We rescue horses and help them trust again so they can have forever homes. It breaks my heart seeing these horses come in in poor shape, non trusting and depressed. They count on us to help them because they don’t have a voice so we have to be a voice for them. Please follow us and share and help us help them. Donations can be made on our website Laylaroseranch.org 

We can also be found on Facebook and Tik Tok","","United States"
"Castoff Pet Rescue - Blairsville Georgia","1420","Castoff Pet Rescue is a nonprofit, no-kill organization serving Union and Towns Counties in Georgia, Clay and Cherokee Counties in North Carolina, and anywhere else our help is needed. We are a 501(c)(3) licensed by the Georgia Department of Agriculture, and we receive no public funding.

Every life we save depends on the generosity of donors, adopters, volunteers, and the community that stands with us. Since our beginnings in 2006, when a handful of volunteers fostered in their homes and later transformed an old boarding kennel into our first shelter,  thousands of animals have found safety, love, and forever homes through Castoff.","","United States"
"Rescue Voice","1420","Welcome to Rescue Voice — your ultimate destination for heartwarming animal rescues and pet transformations! 🐾
📅 NEW STORIES: Wednesdays & Saturdays!
Our mission is to raise awareness about animal welfare and inspire compassion.

⚠️ ABOUT OUR CONTENT & FAIR USE:
Our videos feature creative, first-person dramatizations based on real-world events. We produce 100% original, human-written stories narrated for dramatic effect. All visual elements are carefully curated and highly edited for educational and transformative storytelling, strictly following Fair Use guidelines. We do not claim to be the original rescuers.

⚠️ IMPORTANT NOTE ON DONATIONS:
We do NOT accept monetary donations. Please support and donate to your local verified animal shelters directly!
Hit the SUBSCRIBE button and turn on the notification bell!","","United States"
"Aubrey","1420","tampa, fl 🌴
Email: teamaubreyistnick@gmail.com

https://hoo.be/aubreyist","teamaubreyistnick@gmail.com",""
"Radha Madhav Sewa Kunj - Animal rescue center Una","1400","Welcome to our channel, where every view supports a life saved! 

Our animal rescue center serves as a sanctuary for animals like cow, bull, dog, cats and any other stray in need, providing them with shelter, medical care, and love. In any emergency our helpline number is +91 93175-50543.

Join us on a journey of compassion and hope as we document our team's efforts in rescuing and rehabilitating animals in need. From heartwarming rescue missions to heart wrenching rehabilitation stories, our channel offers a window into the incredible work being done to give animals a second chance at life. Through engaging videos, you'll witness the transformative power of love and dedication, as we strive to make the world a better place for all creatures great and small. Subscribe today and become a part of our community of animal lovers making a difference, one rescue at a time.","radhamadhavsewakunj@gmail.com","India"
"WildQ - Animal Rescue","1400","WildQ – Animal Rescue is where every heartbeat in the wild matters. 🐾
We bring you AI-generated emotional, cinematic rescue stories from forests, oceans, and cities — where compassion meets courage. From injured wildlife to helpless pets, every short captures the fight for survival and the power of kindness.

🌍 What you’ll find here:
• AI-generated recreations of real-life animal rescues that inspire hope
• Wildlife recovery stories and second-chance journeys
• Emotional bonds between humans and animals
• Awareness about conservation, safety, and compassion
• Short, impactful films designed to educate and move hearts

💚 Our mission is simple: to inspire kindness, protect life, and celebrate nature’s miracles.

👉 Subscribe now and be part of a community that believes every rescue counts. 

#wildq #wildlifeshorts #natureshorts #animalshorts #wildlifedocumentary #wildliferescue #animalrescue #rescueshorts #emotionalstories #kindness","","United States"
"K.A.T.H","1390","🥨 Thanks for swinging by! I'm Kath, a twentysomething muddling thru life near Chicago. On the channel, I share video diaries, way too many precious moments with my bunny Luna, tips for (future) bun parents, and anything else I feel like filming.

🦦 Come along for the ride :)","","United States"
"Rabbit Rescue Tv","1380","❤️WELCOME TO MY YOUTUBE CHANNEL ❤️                                            (             ❤️HELLO FRENDS ❤️     ).                      (  ❤️SUBSCRIBE ❤️ KAR DIJYE ❤️ ).                     ❤️❤️❤️                                                                         (       LOVE YOU ALl FRENDS ❤️❤️ ).                     (❤️❤️       THANKS ❤️).                                            (😃❤️   ANIMAL VIDEO SUBSCRIBE PLZ ❤️)","","India"
"Animal Rescue Sargodha","1370","We canny.","","Pakistan"
"Arunachal dog and cat rescue","1360","Motto:- let's be a voice of voiceless

Arunachal dog and cat rescue is self run rescue with one goal- to help street dog and cat and be heard. 

The video here are short documentary videos of our rescue. 

Every donation, no matter how small, makes our life-saving rescues possible. 
Thank you for joining our rescue team. 

Please share our videos to support street animals rescue. 
Thank you🙏
For donation
U can gpay to 7085827646
Also UPI ID tarunjamoh@oksbi","",""
"Pet _ Rescue","1350","","","Pakistan"
"Okie Pet Rescue","1350","Okie Pet Rescue is a 501(c)3 non-profit organization. We are a foster based animal rescue and are located in Oklahoma. We strive to be the difference we wish to see in our community. You can help us on our mission to save neglected, abused, stray, homeless, and unwanted animals by donating and by spaying and neutering your pets.
Listed below are links to make a Venmo donation, make a PayPal donation, our adoption application, and our Amazon Wish List. You can also check out our Facebook page and website to see all of our adoptable pets. Please share this channel so more people can see our adoptable pets. Thank you in advance!
Our email is: okiepetrescue@gmail.com","okiepetrescue@gmail.com","United States"
"Lions Tigers & Bears Sanctuary","1350","Lions Tigers & Bears is a 501(c)(3) non-profit exotic animal sanctuary dedicated to providing a safe haven to abused and abandoned exotic animals while inspiring an educational forum to stop the exotic animal trade. Learn more at: www.LionsTigersandBears.org

New video every Monday, Wednesday, and Friday!","","United States"
"San Diego Humane Society Volunteer Training","1340","This channel was made as a one stop shop for all videos related to any of our volunteer roles organization wide.","",""
"Goodheart Animal Sanctuaries","1330","With the help of our valued supporters, we’re working towards a better future for farm animals through compassion, education, and advocacy. We care for over 300 rescued animals at our flagship site, Goodheart Farm Animal Sanctuary based in Worcestershire. As part of our dedicated Education Programme, we facilitate meaningful connections between visitors and our residents, helping to reshape perceptions of “so-called” farm animals and raise awareness of their suffering. Alongside this, we back national campaigns to prevent animal cruelty and inspire people of all generations to make compassionate lifestyle changes.","","United Kingdom"
"Bradshaw Animal Shelter Cats","1330","Videos of adoptable cats located at the Bradshaw Animal Shelter, 3839 Bradshaw Rd, Sacramento, CA 95827.","",""
"Long Island Rabbit Rescue Group","1320","Founded in 2006, Long Island Rabbit Rescue Group is an all-volunteer organization based on Long Island, New York.  Our mission is to rescue abused, neglected or abandoned rabbits; have them medically treated and spayed/neutered; and place them in loving, indoor homes. We educate the public on the special care and health needs of domestic rabbits, and are sustained by your donations.","","United States"
"Enrich Your Dog's Life","1310","Hello beautiful dog people! 👋🐾

I'm Stephanie, a dog trainer specialising in rescue dogs, dogs adopted from abroad and bully breeds — and guardian to four rescue dogs of my own.

This channel is about understanding the dog in front of you: their behaviour, individual needs, experiences and the context around what they're doing.

You'll find practical videos about rescue dog life, behaviour and training, decompression, enrichment, confidence, living with dogs and all the messy bits that don't always fit neatly into a training tutorial.

I don't believe every dog needs the same recipe. I want to help you understand your dog, make informed decisions and build a life that works for both of you.

You'll also meet my own rescue dogs along the way — usually demonstrating that real life with dogs doesn't happen in a perfectly controlled training setup. 😅

New videos about rescue dogs, behaviour, training, enrichment and the humans living alongside them.

Welcome — I'm glad you're here. ❤️","dogtrainingforbullies@gmail.com","United Kingdom"
"Ventura County Animal Services","1290","Ventura County Animal Services (VCAS) offers a wide array of programs and services to the residents and animals of Ventura County. These services include animal sheltering, pet adoptions, lost & found, field services, cruelty investigations, pet licensing, TNR surgical services, low-cost vaccination clinics, volunteer/foster opportunities and emergency disaster response.

VCAS operates two open admission, life-saving, municipal animal shelters in the County of Ventura. The Camarillo Animal Shelter and the Simi Valley Animal Shelter.  VCAS provides contract services to the residents of Camarillo, Fillmore, Moorpark, Ojai, Oxnard, Port Hueneme, Simi Valley, Ventura, and all unincorporated areas of Ventura County. VCAS is dedicated to improving the lives of the animals in their care, and to safeguard the community through rabies suppression and the sheltering of stray animals.","",""
"KukuSoul","1270","Welcome to KukuSoul ❤️

Here, every rescue has a story…
and every animal has a soul worth saving.

From emotional animal rescues to incredible transformations, KukuSoul brings you heart-touching stories of hope, survival, healing, and second chances. 🐢🐶🐵

Our mission is simple:
To spread kindness, awareness, and love for animals around the world.

If you believe even the smallest act of kindness can change a life, you’re in the right place.

✨ Emotional Rescue Stories
✨ Wildlife Transformations
✨ Real Animal Journeys
✨ Stories That Touch Hearts

Subscribe and become part of the KukuSoul family. ❤️

connect = divyanshumeena40@gmail.com","divyanshumeena40@gmail.com","India"
"National Volunteer and Philanthropy Centre - NVPC","1260","NVPC is the national agency dedicated to growing a culture of volunteerism and philanthropy in Singapore. By engaging individuals, organisations, communities and leaders across the people, private and public sectors, we seek to create a more caring, inclusive, and compassionate society. Together, we envision Singapore as a City of Good, where everyone is able to give every day and everywhere (3Es), contributing their time, talent, treasure, ties, and testimony (5Ts).","","Singapore"
"Dog Rescue Thailand","1260","DRT is a non-profit organization whose main purpose is to give the stray dogs in our area (Laem Mae Phim, Laemson and Chakadone), a better life and to diminish the number of suffering stray dogs.
if you would like to support our mission, please consider donating to our cause here:
 
https://www.paypal.com/paypalme/Dogrescuethailand
https://dogrescuethailand.com/donations-form/
Swish: 1235549084 ⁣
⁣
Swedish Bank Account ⁣
Bank-Giro: 5999-4293 ⁣
Bank: Handelsbanken ⁣
Account no.: 6686 830234438 ⁣
Swift Code: HANDSESS ⁣
IBAN: SE79 6000 0000 0008 3023 4438⁣
⁣
Deutsche Bankverbindung:⁣
Bank: Sparkasse Lörrach-Rheinfelden⁣
Kontonummer: 1116888⁣
Empfänger: Dog Rescue Thailand gUG⁣
IBAN: DE46683500480001116888⁣
BIC / SWIFT: SKLODE66XXX⁣
Wenn ihr aus der SCHWEIZ überweisen möchtet, wählt ""Inlandsüberweisung"":⁣
IBAN: CH8589214000001116888⁣
Thai Bank Account ⁣
Siam Commercial Bank ⁣
Account no.: 4075363348 ⁣
Account name: Theresa Chi ⁣
Swift code: SICOTHBK ⁣
⁣
Thai Prompt Pay: 0871469260⁣","","Thailand"
"Lockwood Animal Rescue Center","1220","The Lockwood Animal Rescue Center (LARC) is a unique animal welfare and veterans’ rehabilitation center. We rescue and provide sanctuary for wolves, wolfdogs and other animals who have been bred to live in a domestic environment and protect wolves in the wild. We also offer a therapeutic environment for combat veterans suffering from trauma through employment, job skill development, sobriety maintenance, and coordination of care. Most of LARC’s facility caregivers are former military personnel.

LARC’s main program is Wolves and Warriors. In this program, veterans suffering from post-traumatic stress disorder (PTSD) and other traumas care for the wolves and wolfdogs at LARC. Our Wolves and Warriors veterans participate in rescue missions across the country, saving wolves and wolfdogs from pelting operations, roadside zoos, and cases of abuse and neglect.","rescue@wolfsanctuary.net; bird@parrotcare.org; doclindner@lockwoodarc.org","United States"
"Animal love Rescue Center","1210","We are 15 life-long friends, all vegan animal-lovers who moved to Costa Rica in 2005.  We established a non-profit, no-kill charitable organization founded on the belief that all animals deserve respectful and loving treatment and must be protected by humans as well as by law.

Whenever we came across animals who are abused, abandoned, sick or injured, we take action to prevent further suffering and give them a safe and loving home. 

In order to continue to provide food, shelter and veterinary needs for our animals, we are appealing to you for help. 

For just a few dollars a month, you can help a cat or dog continue to live a long and happy life in our cloud forest in Costa Rica

*** To donate, please visit: https://animallove.cr/donate/ ***","","Costa Rica"
"Cobb's Exotic Animal Rescue Foundation","1190","We are a non-profit extension of Cobb's Adventure Park.  Our mission is to give unwanted exotic animals a forever home and to educate the public about these fascinating animals.","","Canada"
"Peggy Adams Animal Rescue","1180","Welcome to the Peggy Adams Animal Rescue League's YouTube page! We are also known as the Humane Society of the Palm Beaches.

On this channel you will see videos of facility, staff, volunteers and special events. We will also share videos of loving dogs and cats that are in search of finding their forever homes. Please share these videos!.

About us: Peggy Adams Animal Rescue League's mission is to provide shelter to lost, homeless, and unwanted dogs and cats; to furnish medical and other services for the care of companion animals; to care for, protect, and find quality homes for homeless and neglected animals; to advocate animal welfare; and community involvement and education to further the bond between people and animals, for the mutual benefit of both. The vision of the League is to create a community where 100% of all adoptable animals find loving homes and no animals will be euthanized because of pet overpopulation.","",""
"Mare and Foal Sanctuary","1170","We’re the place for people who want to make a difference to the lives of foals, horses and ponies.

The Mare and Foal Sanctuary rescues horses and ponies that have been abandoned, neglected or abused.  We also ensure that horses and ponies have a sanctuary for life. Most horses and ponies are given care for life through our network of knowledgeable carers. Those horses and ponies with more complex needs are cared for in our peaceful sanctuaries.  

Our charity was founded on the principles that horses and ponies, as sentient beings and close companions of humans over the centuries, have a value and a purpose. They deserve our kindness and care. Our equine centred approach to equine assisted learning enables us to create a sense of sanctuary for people within our sanctuary for horses and ponies. 

We’re also here to offer no shame advice and support.

Registered charity number 1141831","",""
"Northern Lights Wildlife Shelter (NLWS)","1160","Northern Lights Wildlife Society is located in Smithers, BC, Canada and rehabilitates injured and/or orphaned wildlife until it can be returned to the wild. We rewild all native mammals and act as a triage center for birds. We specialize in bears (both black bears and grizzly) and other large mammals. NLWS is primarily operated by volunteers and is not open to public viewing.  We are funded by public donations and licenced by the BC Government since 1990.","","Canada"
"Animal Rescue Mission","1160","Welcome to Animal Rescue Mission. 🐾

We bring abandoned dogs and cats back to life through powerful, cinematic rescue stories inspired by real-world events. Using advanced AI storytelling, we shine a light on the voiceless.

On this channel, you will witness: 💔 The heartbreak of pets left behind in the rain, cold, and silence. ❤️‍🩹 The turning point where compassion meets action. 🏡 The beautiful journey from loneliness to a forever home.

Our Mission: To reveal the raw reality of abandonment and the healing power of a second chance. Every video is designed to make you feel, reflect, and believe in kindness.

Your takeaway is clear: Adopt, don’t abandon. Care changes destinies.

🔔 Subscribe to join our mission. If you believe every animal deserves dignity and love, you belong here.

#AnimalRescue #DogRescue #CatRescue #AdoptDontShop #EmotionalStories","","United States"
"Journey of Animal Rescue","1150","The Animal Rescue Stories YouTube channel is a place to spread love and take action for the little lives in need! We document the emotional journeys of abandoned dogs and cats, distressed wildlife, and their incredible recoveries thanks to rescue teams. Each video tells a story of courage, patience, and human kindness. Join us in raising awareness about animal protection, inspiring compassion, and witnessing tear-jerking happy endings. Subscribe now to never miss these heartwarming miracles!"" Tags: #wildliferescue #animalrescue #wildliferescue  #animalrescue  #SaveArcticAnimals #PolarWildlife #SaveWildlife #AnimalHeroes""","","United States"
"All the Foster Pups","1150","Welcome to my channel! I’m passionate about fostering and advocating for senior dogs, sharing heartwarming stories, helpful tips, and the joys of giving these incredible pups a second chance. 

From behind-the-scenes looks at fostering life to inspiring adoption journeys, I create content that celebrates the resilience and love of senior dogs. You’ll also find videos about dog care, my personal pack of senior Chihuahuas, and glimpses into life as a content creator and small business owner. 

Whether you’re here for laughs, learning, or love, this channel is all about showing that senior dogs deserve the spotlight. Subscribe to join the journey!","","United States"
"TheStarpulse","1140","Hi! Welcome to my channel.","",""
"SOS 4 Pets","1130","Welcome to our animal shelter channel — a place where love, care, and second chances come to life. Here, we share the real stories of homeless cats and dogs we rescue from the streets. You’ll see how we care for them: from medical treatments and feeding, to gentle walks, cozy shelter building, and endless cuddles. Every video is a journey from survival to hope, showing how compassion can transform lives.

By simply liking, subscribing, or sharing our videos, you become part of this mission. Your support helps us reach more people, save more animals, and build a better world for our furry friends. Thank you for being here — together, we can make a difference, one paw at a time. 🐾❤️","",""
"In-Sync Exotics Wildlife Rescue and Educational Center","1120","Our Mission:  We provide a caring safe haven to some of God's most beautiful creatures. We put their needs before all else; the old, the maimed, and the unwanted find sanctuary here. In-Sync Exotics is unique because the facility provides a loving home for animals that most other sanctuaries are unable or unwilling to accept due to health or age-related problems.

In-Sync Exotics believes that all God's creatures should be protected and not destroyed due to problems with the animals' ownership circumstances (albeit with private owners, zoos, or other animal zoos or sanctuaries).  We strive in educating the young and the young at heart on the realities of irresponsible captive ownership practices and the need for conservation. Learn, volunteer or donate, please visit our website: http://www.insyncexotics.org","","United States"
"YODA (Youth Organization in Defence of Animals)","1120","Founded in 2011 by four passionate animal lovers, Youth Organisation in Defence of Animals - YODA is a registered charity based in Mumbai serving to make human-animal co-existence better.","",""
"Newhouse Wildlife Rescue","1110","We are a safe haven for injured and orphaned wildlife in Chelmsford, Massachusetts.","","United States"
"Lee Morton (Clickspark)","1110","","",""
"ATX Adoptables","1090","Animal shelters are full of adorable adoptables! Shelter pets cuddle better. Petfinder.com | atxadoptables@gmail.com","atxadoptables@gmail.com",""
"ANIMAL RESCUE KOCHI","1080","Animal Rescue Kochi is a registered non-profit animal welfare organization based in Kochi, Kerala, dedicated to rescuing, treating, rehabilitating, and rehoming injured, abandoned, and neglected animals.

Through our rescue centre,we provide emergency medical care, shelter, sterilization, vaccinations, and lifelong care for animals in need. In collaboration with Mission Rabies India, we also work to create safer communities through free anti-rabies vaccination programs, rabies response, and public awareness initiatives.
On this channel, you’ll find:
• Animal rescue stories
• Medical treatments and rehabilitation
• Happy adoption journeys
• Community animal welfare initiatives
• Rabies awareness and prevention
• Sterilisation & Responsible ownership

Every rescue is made possible by the kindness and support of people like you. Subscribe to follow our journey, share our mission, and help us give vulnerable animals a second chance at life.Together, we can build a kinder world for animals.","","India"
"News Up Now","1080","News UpNOW is a nonprofit organization focused on covering arts and entertainment while fostering community connections in the Bay Area. Through engaging stories and diverse content, we aim to highlight local talent, events, and cultural initiatives that bring people together. Our mission is to create a vibrant platform for artistic expression and community engagement.","","United States"
"New Hope Animal Rescue NFP","1060","We are foster -based, nonprofit animal rescue in Austin Texas.  Our  mission is to save animals who are at risk of being killed, whether they have been abandoned on a roadside with trucks zooming by or are facing euthanasia at a kill shelter. We are also passionate about reducing the over pet population by working to educate the public on the importance of spay/neuter, tagging and microchipping, and not supporting breeders [adopt don't shop!]


If you are interested in supporting our mission, here are some ways  you can help:   

Donations accepted via PayPal: 
http://nhanimalrescue.org/donation/
Want to foster with us? 
http://nhanimalrescue.org/foster-information/
Ready to adopt? 
http://nhanimalrescue.org/foster-information/
Want to inquire about other volunteer opportunities? 
Email NHgivelife@gmail.com","NHgivelife@gmail.com","United States"
"Noah's Ark Dog Rescue","1050","We are a  small, non profit rescue saving the lives of stray dogs and keeping them safe until adoption/foster. 
Supporting spay and neuter campaigns 🐾
We couldn't do this work without your support! Together we are stronger 💪 🐾

""Dogs are our best friends, they are always loyal and love us unconditionally.
Whether we are rich or poor, strong or weak, sad or happy, they will be with us until the very end.""

The less time we have to spend on fundraising for these animals, the more time we have to actually go out there and get them off the streets.  Vet bills are extremely expensive, and you are making it all possible when you support our efforts! If you would like to donate then our Paypal is - paypal.me/Noahsarkdogrescue

Please follow our social media for regular updates on rescues & adoptions.

Facebook - https://www.facebook.com/NARR4Paws
Twitter - https://twitter.com/NoahArkrr
Donate - http://paypal.me/Noahsarkdogrescue

Thank you

Noah's Ark Team","","United Kingdom"
"De souza animal sanctuary","1050","My name is Colin and English man living in Brazil 

I run an animal sanctuary in Brazil where rescued dogs, cats, and other animals find safety, love, and a second chance. 💚 Every day I care for them, making sure they are fed, healthy, and know what it feels like to be safe. My biggest challenge is covering the cost of food and care each month — but with your support, we can keep every paw protected. Even the smallest donation makes a huge difference. Together, we can turn compassion into action 

https://gofund.me/4725597f2","",""
"Friends of the Alameda Animal Shelter (FAAS)","1050","","",""
"Let’s Tabi | Yian Lu","1040","Singaporean traveller documenting her (Japan) trips, fangirl moments and pop culture finds.","","Singapore"
"Indiana Homeland Security","1010","The official YouTube channel of the Indiana Department of Homeland Security and the Indiana State Fire Marshal.","","United States"
"Lost Our Home Pet Rescue","1000","Lost Our Home Pet Rescue is a non-profit organization dedicated to rescuing abandoned or neglected pets resulting from financial distress or foreclosures. Fostering, food banks, adoption, and immediate rescue assistance are just a few of our services. Please visit our website, share our videos, and spread the word to those you know. Together, we can make a difference.","community@lostourhome.org.thank; Info@lostourhome.org; help@lostourhome.org","United States"
"iHeart Animal Rescue","1000","i Heart Animal Rescue is a 501c3 (non-profit) organization based in South Florida.  We've been working tirelessly the past 7 years, fully staffed by volunteers and fully funded by donations, to rescue South Florida's most vulnerable animals.  We take on medical cases, abuse and the absolute horrors of the rescue world.  We try to get news coverage and spread the word but often throw thousands of dollars into the stabilization and rehabilitation of each animal so a GREAT way to support us is to follow us on social media, repost and share on links on apps like Facebook and Nextdoor and COMMENT  / LIKE / SUBSCRIBE and watch our YouTube videos!  YOU can make the difference, right from your phone! 

Thank you for helping us save lifes!  
Team i Heart","",""
"A.E.R.O. Animal Education and Rescue Organziation","1000","Welcome to A Day in the Life of a Rehabber!

Join us behind the scenes at A.E.R.O., where we rescue, rehabilitate, and release injured and orphaned wildlife in northern Virginia. Our video blog takes you into the daily routines, challenges, and heartwarming moments of wildlife rehab. From animal intake and medical care to release day, we’re here to educate, inspire, and share the incredible stories of the animals we help. Subscribe to learn about the vital work of wildlife rescue and discover how you can make a difference for our native wildlife!","",""
"Bachpan ki Pathshala","997","Welcome to Bachpan Ki Pathshala! 

Your child's first step towards fun learning! - Nanhe Kadam, Badi Seekh!🌟

We create engaging educational videos specially designed for young children who have just started their learning journey. From A to Z Alphabets, Numbers, Animals, and much more — our content helps kids learn in a simple and interactive way.

What makes us special?

1) Hindi Explanations for better understanding and faster learning.
2) Short and effective 10-minute daily videos to keep your little ones ahead.
3) Fun visuals and clear pronunciation to make learning enjoyable!

Let your child explore the world of knowledge with Bachpan Ki Pathshala — where learning becomes play! 🎓✨

Subscribe now and give your child a head start!","",""
"Riverdale Animal Shelter","991","These video's are of pets looking to find their forever home at Adams County Animal Shelter in Brighton, Colorado. More information can be found at http://animalshelter.adcogov.org/","","United States"
"PF - Angels Among Us Pet Rescue","986",".
Meet Tommie Truffles! My name is TOMMIE TRUFFLES! I like sticks. I like stones and I like pine cones. Foster mom says, “Twuffles wanna tweets?” Silly, she talks to me like I’m a baby.  Well, I am quite young, maybe 9-12 months, and I do have a lot to learn. I hope you can help teach me.



Angels Among Pet Rescue located in the Atlanta, Georgia metro area.
You can also email inquiry@angelsrescue.org to ask additional questions.

For Information on a specific dog or for additional information regarding our 501c organization, email inquiry@angelsrescue.org

To apply to Adopt, www.angelsrescue.org/adopt","inquiry@angelsrescue.org","United States"
"Global Animal Rescue And Response","981","GARR Is Comprised Of Highly Trained Veterans And Emergency Responders Ready To Assist Animals In Need Worldwide.","","United States"
"Applewood Auto Group","966","Discover the ultimate destination for automotive excellence in the stunning city of Vancouver, British Columbia. At Applewood, we're more than just a dealer group; we're your trusted source for an extensive range of automotive brands, including Nissan, Kia, Mitsubishi, Ford, GM, and a carefully curated selection of pre-owned vehicles.

Explore our world-class inventory and services online at www.Applewood.ca or immerse yourself in the automotive experience by visiting one of our eight conveniently located showrooms throughout the Vancouver area. At Applewood, we're not just about cars; we're about delivering an exceptional customer experience. Come see us today, where exceptional quality and service meet in harmony because, at Applewood, it's all about making your automotive journey extraordinary!

It's all good at Applewood","","Canada"
"horse rescue sanctuary","965","Our horse rescue sanctuary is a safe haven for horses who have been abandoned, abused, or neglected. We are dedicated to rescuing these beautiful and gentle animals, giving them medical care, proper nutrition, and a peaceful place where they can heal and live with dignity.
Every horse that arrives at our sanctuary has a story of hardship, but with love, patience, and care, we help them find trust again. Our mission is to protect horses, give them a second chance at life, and ensure they are never forgotten.
With the support of kind people like you, we can continue rescuing horses in need and giving them the freedom and compassion they deserve. 🐎💚","",""
"Gold Country Wildlife Rescue","965","","",""
"Wild Sun Rescue Center","964","","",""
"Luvin Arms Animal Sanctuary","962","Rescued Farmed Animal Sanctuary, Erie Colorado (30 minutes from Denver)
1091 animals rescued from abuse and neglect since 2015
Currently home to 27 Pigs, 13 Sheep, 10 Cows, 9 Goats, 3 Donkeys, 2 Horses, 56 Chickens, 24 Ducks, 5 Turkeys, 2 Peacocks

Founded on Karuna, Ahimsa, and Jivdaya
Volunteer-built, Non-profit, Community-funded

VISIT
Cow Cuddles
Family Tours
School Tours

LEARN
Middle- and High-School Animal Welfare Fellowship [Humane, compassionate education alternative to FFA 4H.]
High-School and College Internships
Corporate and Family Volunteering
Young Jain Professionals' Retreat

ENJOY
Luvin Arms Weddings
Spring Fest
Fall Fest
Music Fest
Gala
Turkey Trot

SUPPORT
Sponsor a Rescued Animal
Sponsor Food, Bedding, and Other Supplies","","United States"
"KYAZZE RABBIT RESCUE SHELTER","962","Donate to support our Vision of ⬇️🐰 Rabbit Rescue & Welfare- Uganda.
providing Shelter, food & medical care.
Helping abandoned and homeless  rabbits.
🤍 Support is appreciated","",""
"Deliberately Lost","956","Hey there! We're Juju and Marko, a couple from Belgium and Croatia who love to explore the world. Traveling is for everyone, and we'll show you how to do it on a budget. We'll share our tips and tricks for making the most out of your money, so you can see more without breaking the bank.

We're all about unique experiences and pushing our boundaries. We're always on the lookout for local gems and aren't afraid to step out of our comfort zones. We'll take you on a journey, showing you the real and raw side of traveling, including the challenges and unexpected moments.

So, come join us and explore different countries and cultures with us, one budget-friendly trip at a time. Don't forget to subscribe and hit the notification bell so you never miss an adventure! And if you have any suggestions, let us know!

If you want to support us, you can buy us a tea/coffee 😁
https://www.buymeacoffee.com/DliberatelyLost

Check out our Instagram: https://www.instagram.com/wearedeliberatelylost/","",""
"Delta Rescue","943","D.E.L.T.A. Rescue (Dedication and Everlasting Love to Animals) is the largest ""No Kill, Care-for-Life,"" Sanctuary of its kind in the world.

The D.E.L.T.A. Rescue Super Sanctuary is home to more than 1500 animals that have all been abandoned in the wilderness. The animals at the sanctuary will never have to worry about being lost and alone again.

D.E.L.T.A. Rescue receives no help from the government and relies solely on donor contributions and is tax -exempt 501 [c] 3 organization dedicated to rescuing animals abandoned in the wilderness and stopping the cruel practice of animal abandonment.

D.E.L.T.A. Rescue was awarded BEST IN AMERICA status by Independent Charities of America! In a letter congratulating D.E.L.T.A. Rescue, ICA said to be proud -- only about 3% of the charities they deal with earn this recognition. They study charities, analyze their expenses and their mission, and make a determination.

D.E.L.T.A. Rescue also received a 4 STAR Rating on Charity Navigator.","","United States"
"JoshuasWildOutpost","924","Wildlife Rehabilitation Outpost is a non-profit wildlife rescue dedicated to the indigenous animals of Mississippi. Our goal is to rehabilitate and release injured, orphaned, and sick wildlife while educating and sharing our dream along the way! We are not a sanctuary, our goal is ALWAYS release back into the wild.","","United States"
"Animal Rescue Karachi","923","We rescue animals and have a small shelter in Pakistan. To report a rescue WhatsApp ( 03242627051)

for donating 
gofund me : https://gofund.me/30c99fa4
easypaisa/Jazzcash: 03242627051","",""
"Lees-McRae College","913","Lees-McRae is a four-year, coeducational residential college offering diverse baccalaureate degrees, strong athletic programs and outstanding faculty. The College offers online programs and degree-completion opportunities in surrounding communities to nontraditional learners. All academic programs incorporate a broad core curriculum and field-specific career preparation and experiential learning with an emphasis in leadership and service.","",""
"Margaret Green Animal Rescue","894","Established in 1965, Margaret Green Animal Rescue is the oldest and largest animal rescue charity founded in Dorset. Every year we cares for over 1,200 animals, many of which have been abandoned, unwanted and ill-treated, and rehome them to loving owners. We have centres in Devon and Dorset and always have a large variety of animals that are looking for new, loving homes. These include dogs, cats, rabbits, donkeys, goats and pigs, to name just a few. We receive no government funding and rely heavily on the support of the public to carry out our work.","","United Kingdom"
"Friends of the Cuyahoga County Animal Shelter","867","","","United States"
"Pacific Coast Dog Rescue","866","","",""
"Blue Daily Elephant Care Sanctuary","863","Welcome to Blue Daily Elephant Care Sanctuary channel, our elephant sanctuary is not only to make you happy with these domesticated elephants in a truly beautiful nature environment, but it is also giving a good chance to support the hill tribes and local Thai farmers who live in the villages nearby our elephant sanctuary, we buy some agricultural products from them such as : Napier grasses, sweet corn stumps, rice grains, tamarinds, sugar canes, bananas, and local shoulder bags.

Visit our website: https://www.bluedailyelephantcare.com/
Our facebook fanpage: https://www.facebook.com/bluedailyelephantcaresanctuary","","Thailand"
"Cuan Wildlife Rescue","860","Cuan Wildlife Rescue is Shropshire's only 24/7 centre looking after sick and injured animals. We treat and release all wildlife that come into our hospital and run entirely on donations. 

See what it’s like behind the scenes at one of the UK’s busiest wildlife hospitals. 

OUR WEBSITE 
www.cuanwildlife.org.uk

Registered Charity No: 1096812","","United Kingdom"
"Desert Haven Animal Rescue","856","We are a no-kill 501(c)(3) animal rescue in Sierra County NM specializing in compassion, care plans & adoption for our rescues plus spay/neuter aid for our community.❤️🧡🩵

“Meows” and “Woofs” from an animal rescue in the Chihuahuan Desert in southern New Mexico looking for their forever homes.🏜 

Come visit us! Adopt us! Share our videos! Thank you in advance!🐾

Location: Desert Haven Animal Rescue is in Williamsburg, NM (right outside of Truth or Consequences, NM)

*This channel is maintained and kept up to date*","info@deserthavenanimalrescue.org; dhanimalrescue@gmail.com","United States"
"EigenMoto","849","Going to be documenting my journey as I learn how to ride a bike, from class 2B all the way to class 2... This will be the beginning of a great journey and I welcome you to join me!","","Singapore"
"Angels Among Us Pet Rescue","846","Angels Among Us Pet Rescue, Inc. is a 501(c)(3), non-profit, volunteer-based organization dedicated to rescuing dogs and cats from high-kill shelters in North Georgia. It was created in February 2009 by a group of people in the Atlanta area who wanted to do more to save the many adoptable dogs and cats who found themselves on death row in Georgia animal control facilities. Our motto is “Rescue One Until There are None.” As of May 12, 2021 we have rescued more than 18,000 dogs and cats. Most of these animals came into our program from high-kill animal control facilities throughout Georgia.  If you want to make a difference and help animal rescue in Georgia, you can donate, adopt a pet, foster a pet, or volunteer your time to advocate for animal welfare policies in Georgia, like low cost spay neuter, anti-tethering and protections for K9 officers and dogs in hot cars.","","United States"
"Animal Rescue Tangier","843","charity organization 
SCO51353🐾
Romanian and UK rescue dogs |Full UK RBU| foster assessment | post adoption support |pet care.... 
more","","Australia"
"Connecticut's Kid Governor®","836","Connecticut’s Kid Governor® empowers 5th graders to change the world. This ground-breaking approach to civics education immerses students in a real election for their state’s Kid Governor, a fellow 5th grader who will represent them during a one-year term of active leadership. More than a contest and not just about the position of governor, the program teaches important lessons about state government, voting, elections, and civic participation.

Subscribe to the Connecticut's Kid Governor® YouTube channel or follow the program on Facebook, Instagram, and Twitter (@CTKidGovernor) for the latest updates. Learn more at CT.KidGovernor.org.

Connecticut's Kid Governor® is an award-winning civics program for 5th graders created by The Connecticut Democracy Center at Connecticut's Old State House.","",""
"Barb's Dog Rescue","829","Barb's Dog Rescue of Puerto Peñasco, Mexico
👉🏻Donations can be made at: www.barbsdogrescue.org

Barb's Dog Rescue is a 501C3 nonprofit organization (your donations are tax-deductible in the USA).

For these dogs in Puerto Penasco, Mexico, also known as Rocky Point, Barb's Dog Rescue is their only hope.​
Thousands of homeless dogs roam the streets in this community.  Many are injured or caring for young litters of puppies.  
We open our doors to dogs in need and provide them with food, shelter, veterinary care, and a place to call home, for however long they need. 
 
We give them hope. Please join us.","barbsdogrescue@gmail.com","MX"
"Wildlife rescue animals","823","","","India"
"Spitfire Equine Rescue","815","Hi, my name is Jayden, and I'm 16 with big dreams! Someday, I want to run my own horse rescue. Currently, we have already rescued and are caring for three beautiful mares, Evergreen, Sparky, and Sage, on our family farm. My biggest goal is to save as many horses as possible and advocate for proper care and respectful treatment. Follow along to watch my dreams unfold ! 


Thank you so much for watching! if you feel led to donate to Spitfire Equine Rescue, please send your donation to 
https://cash.app/$Jaydensheene7090 all donations go towards feeds and medicines, etc, to help care for these horses. I work all the jobs I can, and my mom and I are doing our very best to provide a loving and safe environment for them! 


If you would like to support spitfire.equine.rescue, you can oder off of our Amazon wish list. Thank you so much it really helps out the channel and the horses!!
Spitfire Equine Rescue  - Amazon Gift List - https://www.amazon.com/registries/gl/guest-view/1GCDTFYK002S7","",""
"Gingers Pet Rescue","814","","",""
"Maplelatte Animal Shelter Society","811","Discover ""MAPLELATTE ANIMAL SHELTER SOCIETY"" in Alberta, 🍁

Our mission is to provide compassionate care, protection, and second chances to animals in need. We are a non-profit, volunteer-based organization dedicated to rescuing homeless, abandoned, and neglected animals, offering them safety, medical care, and the love they deserve while they wait to find their forever homes.

Our shelter operates as a community of caring individuals — people who come together out of a shared love for animals and a commitment to making a difference. Every volunteer, foster, and donor plays a vital role in giving these animals a new beginning and a brighter future.
---
To support our rescue efforts, we offer services such as dog boarding, dog daycare, and cat boarding. These services help fund the food and supplies needed to care for our fosters.

Contact Us & E-Transfer
Non-Profit Organization:
📧 maplelatte@mass-care.org","maplelatte@mass-care.org","Canada"
"World Horse Welfare Center","807","The World Horse Welfare Center is dedicated to advocating for horses on a worldwide level.","",""
"Wildlife Rescue Association of BC","807","Western Canada's busiest wildlife rehabilitation centre, caring for nearly 5,000 animals every year. #WildlifeRescueBC

The Wildlife Rescue Association of BC was established in 1979 to rehabilitate wildlife affected by human activity and provide education to the public on co-existing with urban wildlife.

With a team of professional wildlife rehabilitators and an army of volunteers, we are able to provide temporary refuge to a diverse range of animals. We are not a wildlife sanctuary and once the animals in our care are healthy and ready to live in the wild, we release them back to their natural habitat.

Your donation supports our efforts to care for and rehabilitate an annual average of 5,000 wild animals representing 150 species. Together, we are giving injured, orphaned and pollution damaged wildlife a second chance at life. 

https://www.wildliferescue.ca/give/","","Canada"
"Living in Northern VA, Stafford, & Fredericksburg","806","The Give Back Team is a group of dedicated local Realtors in the Stafford and Northern Virginia area who believe in doing good! We want our clients to feel comfortable during the process when they Buy and Sell their homes, new construction, investment properties, and land.

We are highly skilled in getting our clients the best deal possible and have set records in doing so and love overdelivering wherever we can. We are proud to say we are the #1 Team for all of Coldwell Banker Elite.

We Social Responsibility to help the Communities that we live, work & play in. We volunteer in the Community Fundraising, providing resources & making contributions to local charities. We even donate back to the charity of our clients’ choice after closings.

Ginger Walker is a licensed real estate agent in the Commonwealth of Virginia. I serve as the Team Lead of Give Back Team with Coldwell Banker Elite 100 Parkway Blvd Stafford VA 22554 Visit www.GiveBackTeam.com","","United States"
"Lions Creative","803","Welcome to Lions Creative – where bold ideas meet badass execution. Based in Sevierville and serving Knoxville and East Tennessee, we specialize in crafting jaw-dropping photos & videos, standout graphic design, next-level website development, and digital marketing strategies that don’t just tell your story—they make an impact.

Whether you’re building a brand, launching a product, or dominating your online space, we deliver results that set you apart. From cinematic commercials that demand attention to scroll-stopping social media content, SEO-powered websites, and data-driven campaigns, we bring the creativity and expertise to make your vision roar.

We partner with businesses in Sevierville, Knoxville, and beyond who are ready to break the mold and lead the pack. Your brand deserves more than ""good enough""—let’s create something unforgettable.

🌐 Ready to level up? Visit www.lionscreativemedia.com and let’s make it happen for your business in East Tennessee.","","United States"
"Rasa Animal Shelter - پناهگاه حیوانات رسا","797","EN:
Rasa Animal Shelter is a street animal rescue NGO near Tehran, founded and managed by Mr. Yashar Asadi, and home to hundreds rescued dogs, cats, donkeys …
Your donation will save animals that otherwise would not survive. Please share our videos and help us to rescue animals in Iran.

DE:
Rasa Animal Shelter ist eine NGO für die Rettung von kranken und verletzten Straßentieren in der Nähe von Tehran, gegründet und geführt durch Hrn. Yashar Asadi. Wir haben derzeit hunderte gerettete Straßentiere: Hunde, Katzen und sogar Eseln.
Wir arbeiten ausschließlich basierend auf Spenden. Ihre Spenden ermöglichen die Rettung und Behandlung von Tieren, die sonst nicht überleben würden. Teilen Sie unsere Videos und helfen Sie uns Straßentiere zu retten.

پناهگاه رسا سازمانی مردم نهاد است  با هدف درمان و نگهداری حیوانات معلول و آسیب دیده در استان تهران که توسط آقای یاشار اسدی تاسیس شده و امروز پذیرای  صدها سگ ،گربه ،الاغ  و …می باشد.","","Austria"
"Rebound Hounds","797","Rebound Hounds is a 501c3 non-profit organization dedicated to making a difference in the lives of shelter animals, foster homes, and adopters. 

Named 2015 Top Rescue Fundraiser for Best Friends Animal Society's NYC Strut Your Mutt fundraising event and dog walk.

www.ReboundHounds.org","",""
"Kindness Ranch Animal Sanctuary Official","793","All of the animals at Kindness Ranch Animal Sanctuary have previously been used in laboratory research. We have a small but hardworking staff, all of who live on site to provide the animals with the best possible hands-on care.

Some of our experienced staff members live with the dogs and work daily on socialization, crate-training, housebreaking, leash-walking, and basic commands. The cats receive an abundance of play time, trees for climbing, an outdoor space for exploring, and socialization with other cats and visitors.

Our horses and other farm animals also receive daily care and socialization. The horses and cows are free to roam most of our 1,000 acres, and the sheep and pigs have access to open grazing land, as well. These animals are visitor favorites and will likely live out their lives at Kindness Ranch.","info@kindnessranch.org; john@kindnessranch.org.all; lorye@kindnessranch.org","United States"
"Hungary Hearts Dog Rescue","793","This is the official YouTube channel for Hungary Hearts Dog Rescue. We are a registered charity with the purpose of finding loving homes for abandoned and neglected animals in Hungary and the UK. 

Check us out on: http://www.hungaryheartsdogrescue.com/","","United Kingdom"
"Alberta Animal Rescue Crew Society","771","Alberta Animal Rescue Crew Society - AARCS

MISSION: Changing Lives Through Kindness
VISION: A Compassionate World For All Animals

In Alberta, thousands of cats and dogs are homeless, abandoned, abused or living in horrendous conditions. We work closely with rural and First Nations communities where there is limited to no animal services. In 2015, AARCS took in over 2,000 cats and dogs. We cared for them by providing medical care, spaying/neutering, vaccinating and then found their forever families. AARCS also has assistance programs such as Spay/Neuter, TNR (Trap-Neuter-Return) for Cats and Emergency Medical Assistance.","info@aarcs.ca; adoptions@aarcs.ca; aimee.greene@aarcs.ca; amanda.tipper@aarcs.ca; amy.corpe@aarcs.ca; annie.link@aarcs.ca; behaviour@aarcs.ca; brianna.ellchuk@aarcs.ca; catadoptions@aarcs.ca; critteradoptions@aarcs.ca; deanna@aarcs.ca; debby.herold@aarcs.ca; foster@aarcs.ca; kayli.mcclelland@aarcs.ca; kim@aarcs.ca; membership@aarcs.ca; nicole.janke@aarcs.ca; niki.wilson@aarcs.ca; payments@aarcs.ca; rachel.harper@aarcs.ca; rachel@aarcs.ca; robyn.wilson@aarcs.ca; shannon.mackay@aarcs.ca; socialmedia@aarcs.ca; volunteer@aarcs.ca","Canada"
"🐾FIERCE Animal Rescue🐾","758","Hello we are Fierce animal rescue we foster and rescue cats. You can find more information about us on Facebook and pet finder to help you find your next furry friend. Most of the cats we post on here our cats we currently have in our program but some of them have already been adopted while others are pets of our own. To find out more about what pets are adoptable you can check our pet finder page. Hopefully we can help you find a cute cuddly companion.🐈‍⬛🐈🐱","",""
"Horse rescue sanctuary 🙏","730","our mission is rescue horses from abuse,neglect, slaughter and give them are safe home full of needs in order to feel that love which was lost again♥️","",""
"Unity Farm Sanctuary","727","Unity Farm Sanctuary is a 501(c)(3) non-profit animal rescue organization founded in December 2016. Stop by to see video updates on our animals and activities! Find us on facebook, twitter, and instagram as well!","info@unityfarmsanctuary.org; kindness@unityfarmsanctuary.org","US"
"Hope In The Valley Equine Rescue","727","Horses from all walks of life, can find a safe and welcoming place at Hope In The Valley Equine Rescue and Sanctuary in Valley Center, KS.  Since 2005, the rescue has helped over 500 horses, donkeys, and mules find a better life.

Horses can be offered hope in emergency situations where their owners have passed or can no longer provide for them, in the event of neglect or abandonment cases under investigation by law enforcement, or on the occasion when the Hope Team finds an equine in need of rescue at auction.

Hope exists to rescue, rehabilitate, reconnect, and rehome –

“To Give Them A Better Life”.","info@hitveras.org","United States"
"Addie's Wildlife Rescue","696","","",""
"Thru Jeremiah's Eyes","685","🌍 Just livin’ life for the story
🐙 Stories: Vet Med | Conservation | Travel | Entrepreneurship
👇🏾 SUBSCRIBE :) BTS & STREAMS 👇🏾","",""
"Wildlife Images Rehabilitation and Education Center","682","Wildlife Images Rehabilitation and Education Center was founded as a non-profit corporation in 1981 by renowned wildlife rehabilitator J. David Siddon. The facility was created in order to provide for the care and treatment of sick, injured and orphaned wildlife.

Wildlife Images has since expanded to provide educational programs on wildlife, conservation, and the environment to schools, organizations and the general public. The Center, and its programs and activities are a direct outgrowth and continuation of the late Founder J. David Siddon’s personal involvement with wildlife rehabilitation and education for more than 40 years. The center currently operates under the direction of David Siddon Jr., who continues on with his father’s mission.

The organization’s clinic, animal sanctuary, and education center are located on 24 acres of land adjacent to the wild and scenic section of Oregon’s famous Rogue River. Animals treated at Wildlife Images have included everything from baby squir","",""
"Hawaiian Humane Society","676","","",""
"Greyhound Rescue","676","Greyhound Rescue ethically rescues, lovingly rehabilitates, and safely rehomes greyhounds; giving them a voice through advocacy and education.

Greyhound Rescue focuses on adopting out greyhounds as family pets and also has a thriving foster care program. Our kennel facility in Sydney offers a home to dozens of greyhounds, giving them a chance to decompress from their time as a racing greyhound and expose them to new experiences in preparation for the transition from racing dog to pet greyhound. 

Adoptions are carefully matched on a case-by-case basis with our experienced staff and volunteers evaluating the temperament of the greyhounds and the needs of the adopters. Once hounds are adopted we provide support to adoptive families to ensure that our greyhounds are living their happily ever after.

Greyhound Rescue believes that all greyhounds deserve a chance at pet life and we follow positive and force-free training practices.

http://www.greyhoundrescue.com.au","","Australia"
"Synergy Horsemanship & Happy Valley Horse Rescue","663","Synergy Horsemanship is a punishment-free form of interaction with a horse. Positive reinforcement and the most drama/stress-free we can make the learning and communication process. Together with Criadero El Ocaso Farm & Happy Valley Horse Rescue, we strive to teach people the natural way of communicating with horses to reach your goals whatever they may be alongside your equine partner.         Horse videos, Paso Fino horses","","United States"
"Goodwill Animal Shelter - Kalimpong / Darjeeling","663","Darjeeling Animal Shelter is a registered Indian Trust founded in the year, 1995 founded by Dr. Christine Townend. The Trust runs two projects - Kalimpong Animal Shelter (KAS) and Darjeeling Animal Shelter (DAS). Both these sister Shelters focus primarily on the Animal Birth Control Programme on street and community dogs, Anti-Rabies Vaccination camp, Village camps - Where community service is provided to animals, and general plus emergency treatment of animals.","","India"
"Rebel Animal Rescue","662","Rebel Animal Rescue is a Texas Panhandle nonprofit pulling dogs and cats from local kill shelters and urgent situations.
We care for them in our rescue shop with 7 dog kennels and 10 cat areas, plus a small but dedicated network of foster homes—until they’re ready for adoption.

🐾 Want to help save lives?
➡️ Donate or shop our wishlists: https://www.rebelanimalrescue.org/support

➡️ Foster, adopt, or volunteer to make a direct impact.

Real rescue. Real stories. Real second chances.","rebelrescuetx@gmail.com",""
"Red Bucket Equine Rescue","658","","","United States"
"The Kind Farm Inc. Horse Rescue","651","The Kind Farm Inc. is a horse rescue helping horses who, without us, have no other hope. Saving horses from slaughter, racing and sporting injury and neglect.
Follow their healing journeys and see the beauty and magic of horses and consent, freedom-based handling, connecting and training.
See the horses heal and find loving forever homes.","","Australia"
"Big Little Life Animal Rescue","649","Big Little Life Animal Rescue is a volunteer-run 501(c)(3) nonprofit dedicated to giving abandoned, injured, and forgotten dogs a second chance.

Every video on this channel is part of a real rescue story.
Some of these dogs arrive starving, sick, or badly injured. Some have spent years on chains. Some have never known kindness at all. 
We share their journeys exactly as they happen, from emergency rescues and veterinary care to recovery, adoption, and the quiet moments that remind us why we keep going.
Not every story has a happy ending. But every dog deserves someone to fight for them.
If you've ever wondered whether one person can make a difference, you're in the right place.

Thank you for being here, for watching, for sharing these stories, and for helping us change lives, one dog at a time. ❤️","","United States"
"Noelle and Cats","647","Expect loads of adorable kittens meowing and precious cat faces!🐱💕 We help cats and kittens keep clean while they wait to be adopted from the cat shelter!🐾

Here's what you can look forward to on this channel:

🧹 Cat Shelter Cleaning: Get a direct view of the before-and-after magic as we scrub, and sanitize cat rooms—they are so happy after!

😻 Kitten Stories: Meet the incredible cats who have found their temporary homes in shelters and learn about their unique journeys.

🤗 Volunteering: Discover the heartwarming experiences of being a cat caregiver and maybe even be inspired to help out at your local cat or animal shelter.","","United States"
"4 Gus","639","I volunteer at animal shelters in Cyprus and share the sad and happy stories of these poor animals. Join me at the shelter as I give some love to the animals in need. There is a huge problem here in Cyprus with abandoned, abused, and neglected animals. These shelters work to save these animals and to find them their forever homes in nearby countries. I hope to spread the word that adoption is a rewarding choice. 

Some rescue groups I love:

TAKIS SHELTER - A wonderful man in Crete, dedicates his life to rescuing and running a large non-profit shelter. He offers short stay live-in volunteer opportunities if you want to combine a vacation with giving.

ARC - Animal Rescue Corps in Tennessee, called in situations such as puppy mill raids, hoarding, and police involved cruelty cases. Volunteer opportunities.

HOPE FOR PAWS - An angel in California who dedicates his life to rescuing.","","United States"
"Doobert.com","637","Supporting animal rescue organizations and their volunteers by improving the coordination and communications required during animal rescue. Doobert.com is web-based software designed to simplify the animal rescue process, allowing rescues to focus time and resources on saving more of the estimated 3-4 million companion animals that are euthanized each year. 

Designed by animal rescuers, Doobert.com connects animal welfare and rescue organizations with ground and aviation transporters nationwide. It simplifies the scheduling and management of animal transports, and streamlines fundraising and sponsorship efforts.","","United States"
"Southampton Animal Shelter Foundation","630","The Southampton Animal Shelter Foundation (SASF) is a 501(c)3 non-profit, open-admission, no-kill- shelter that relies on the generosity of our donors and volunteers to care for the homeless animals in our community and place them in loving forever homes.

Our mission is to nurture the bond between humans and companion animals through education, advocacy, and adoption. We enrich the lives of the animals in our care through training, affection, and veterinary services, ultimately placing them in a loving forever home!","donations@sasf.org; grants@sasf.org; info@sasf.org; adoptions@sasf.org; clinic@sasf.org; education@sasf.org; marketing@sasf.org; training@sasf.org; volunteer@sasf.org","United States"
"Guardians of Florida Animal Rescue","611","Guardians of Florida Animal Rescue, Inc (“GOFAR”). was founded by a group of professional women on 4/27/21 who are passionate about making a difference in the lives of animals who have no voice, no hope and no GUARDIAN.  We are a 501(c)3 organization whose mission includes: 

—Removal of animals from situations that are abusive, endangering and/or neglectful, which include, but are not limited to, kill shelters, stray animals, owner surrenders and puppy mills; 
—Providing temporary homes and appropriate care (general and medical) for rescued animals; 
—Placing rescued animals into responsible, permanent adoptive homes or provide sanctuary for rescued animals for which adoption is not feasible; and
—Promoting and advancing public education on the importance of spaying/neutering and responsible animal ownership.","info@gofar.dog; admin@gofar.dog; admin@gofar.dog.for",""
"Getting2Zero","601","Hundreds of thousands of healthy and treatable cats and dogs are being abandoned and killed in pounds, shelters and vet clinics each year in Australia.
 
This is preventable.
 
Getting to Zero (G2Z) aims to increase responsibility for companion animals so that every community and municipality can achieve zero euthanasia of all healthy and treatable cats and dogs.
 
G2Z is relevant to state governments, local government, pounds, shelters, rescue groups, breed organisations, breeders, pet shops, animal trainers, groomers, wildlife organisations, veterinarians, and all community members who are concerned about better management and welfare of cats and dogs.
The Getting to Zero Model details the principles, structures and strategies for achieving zero killing of healthy and treatable cats and dogs (more than 90% of all incoming stray and surrendered cats and dogs) in whole communities.

Go to www.g2z.org.au to find out more.","",""
"Southern Arizona Cat Rescue","601","","","United States"
"Dunya's Rescue Haven","597","Fostering a world where every dog is valued and loved 🐾
🫶🏼Volunteer
❤️Donate
🦴Join our events","",""
"Lanta Animal Welfare","596","Lanta Animal Welfare is a nonprofit Animal rescue charity based on Koh Lanta on the Southern Coast of Thailand. LAW's objective is to relieve the suffering and pain of the animals on the island through sterilisation and care. To date, we have sterilised and treated over 10,000 animals.","info@lantaanimalwelfare.com; volunteer@lantaanimalwelfare.com; adoption@lantaanimalwelfare.com; dm@lantaanimalwelfare.com; gm@lantaanimalwelfare.com; johnsmith@example.com; junie@lantaanimalwelfare.com","Thailand"
"Wildlife Rescue & Rehabilitation, Inc.","596","Our mission: To rescue, rehabilitate, and release native wildlife and to provide sanctuary, individualized care, and a voice for other animals in need.","",""
"Dove Creek Equine Rescue","593","We rescue, rehabilitate, re-train, and re-home horses in the Texas Panhandle who need a second chance in life. those who have been neglected, abandoned, or surrendered. We also provide compassionate care and connection for humans in need through our Equine-Assisted Learning program, Led By Horses. 

Dove Creek Equine Rescue serves what is referred to as “The Unwanted Horse Population”, horses within the domestic equine population that are no longer needed or useful, or their owners are no longer interested in or capable of providing financial or physical care. According to the Equine Rescue Network there are over 200,000 unwanted horses in the US.","","United States"
"Outlaw Equine Rescue and Rehab","586","As a 501 (C)3 our mission is to end the slaughter pipeline by rescuing, sheltering and treating  horses with love and compassion.  We also do our best to take in surrendered animals that might end up at the auction or their owners are unable to care for them.  We have recently become a Full Circle of Life Shelter.  Commited to do what is best for the animals.

Subscribe to our channel now to see what exciting adventure we get into next. It is only with the support and help of our subscribers we can go out and save more horse, mules, donkeys and other farm animals in need of a safe home. 

We look forward to see you all as we help as many animals as we can.","",""
"United Animal Rescue","581","United Animal Rescue (UAR) is CA non profit organization 501 c (3). UAR saves stray animals in Brazil. Brazil has one of the most largest stray population in the world and weakest legislation in animal sector. We rescue injured, abused, sick animals from street and giving them a chance to start a better life 2.0. We create castrations and vaccinations campaign among poor communities by offering free castration and vaccines for stray animals only and low income families. You can participate by donating to our organization or buy sharing our videos that others can get more familiar with lives of stray animals in Brazil. We believe that world can help Brazil by providing a financial assistance in castration and vaccinations of stray animals. There are 30+ million strays here. Please help these forgotten animals to have a better life. Vaccinations and castrations limit animals struggles. You can donate directly to United Animal rescue through PayPal: donations@unitedanimalrescue.com","donations@unitedanimalrescue.com",""
"Pet Life Radio","575","Pet Life Radio is the largest and #1 pet podcast and radio network on the planet, featuring all-original content as weekly pet-related talk shows and podcasts, hosted by the most well-known pet experts, authors and radio and TV personalities in the world of animals and pets. With over seven million monthly listeners Pet Life Radio has hosted celebrity guests like Jennifer Aniston, Owen Wilson, Betty White, Amy Schumer, Rachael Ray, Ryan O'Neal, Paris Hilton and many more. Pet Life Radio just recently won a prestigious Genesis Award, a 2021 Vetty Award, and is the Official Radio Network of the American Humane Association.  Pet Life Radio has millions of pet loving listeners worldwide","","United States"
"WIRES","569","WIRES Wildlife Rescue has been rescuing and caring for native Australian animals for more than 35 years. 
Our mission is to actively rehabilitate and preserve Australian wildlife and inspire others to do the same.

WIRES has over 3500 volunteers in 28 branches involved in the rescue and care of wildlife. Our Rescue Office operates 365 days a year assisting the community to help native animals in distress. WIRES assist tens of thousands of animals every year, receiving over 100,000 requests for rescue advice & assistance in the last financial year.","","Australia"
"Horse Rescue Alliance","564","Welcome to Horse Rescue Alliance 🐎
Where every hoofprint matters.

At Horse Rescue Alliance, we rescue, rehabilitate, and rehome horses in need—giving neglected, abandoned, and slaughter-bound equines a second chance at life. Based in Davie Fl, our mission is to provide safe haven, medical care, training, and love to horses who have suffered abuse, starvation, or abandonment.

We believe every horse deserves a life of dignity, and through our work, we strive to raise awareness about horse slaughter, neglect, and the importance of responsible ownership. On this channel, you’ll find:

✨ Heartwarming rescue stories
🐴 Before-and-after transformations
🏡 Adoption success videos
📚 Horse care tips & educational content
📸 Behind-the-scenes of our daily rescue life

Subscribe to join our herd and help us spread hope, healing, and compassion—one horse at a time.

🌟 Let’s change lives together.
#HorseRescue #AdoptDontShop #EquineWelfare #HorseRehab #HorseRescueAlliance","",""
"Discovery World","557","Discovery Education Kids","",""
"Paws2Freedom Dog Rescue Charity","554","We are a Dog Rescue Charity based in Cornwall, in Great Britain. Our channel shows videos about some of the dogs that we have rescued from home and abroad, including those that we look after as Forever Fosters. Even more importantly, here you will find videos of our latest gorgeous dogs, just waiting for their forever homes.","info@paws2freedom.org; woof@paws2freedom.org","United Kingdom"
"KET Public Affairs","553","Public policy, state politics and legislative coverage from Kentucky Educational Television.

Through programs like Kentucky Edition, Kentucky Tonight and Comment on Kentucky, KET’s public affairs coverage takes viewers beyond the headlines and fosters civil conversations that encourage greater understanding of the complex issues facing our state and nation.","","United States"
"Animals In Need Rescue Network","545","Animals In Need Rescue Network is  a 501c3  nonprofit  animal rescue dedicated to rescuing and saving animals and helping the people who want to help animals.  We focus on cats since there are so many millions  of kitties on the street and in shelters that need help and  are so misunderstood.  We also  rescue dogs and horses and any other animals we come across that need our help!  Please support our work  so we can save more  lives and make a tax deductible donation!
www.animalsinneedrescuenetwork.org Please Subscribe!","animalsinneedrescuenetwork@gmail.com; christine@animalsinneedrescuenetwork.org","United States"
"die-tansaniareise","544","Reisevideos und Reiseinformation über Tansania, eines der schönsten Safariziele in Ostafrika.","",""
"Equine Voices Rescue & Sanctuary","538","Nestled in the foothills of the Santa Rita Mountains in Southern Arizona, Jumpin' Jack Ranch is home to Equine Voices Rescue & Sanctuary. 
Equine Voices Rescue & Sanctuary is a 501 (c)(3) non-profit organization whose mission is to rescue equines from neglect, abuse, abandonment and slaughter. Additionally, we rehabilitate, adopt and/or provide a safe and loving sanctuary to those equines who need a forever home. Through education, we empower individuals to learn about Premarin and horse slaughter.

Visit our Website at equinevoices.org","",""
"Skylands Animal Sanctuary and Rescue","537","","",""
"Desert Oasis Insider","531","Hyper Local Knowledge - Coachella Valley, CA","","United States"
"MidAtlanticHorseResc","529","Cartoon City.","",""
"Sarvoham Animal Foundation","529","Sarvoham Animal Foundation is a remarkable dog shelter that has been dedicated to rescuing and caring for stray animals.
In the past 6 years Sarvoham has grown from a small charity and has blossomed into a well-organized animal welfare organization which has rescued more than 3000 street animals and currently homes to more than 200 dogs at its shelter.

Through our YouTube channel, we aim to share heartwarming rescue stories, heart-touching journeys of rehabilitation, and joyful tales of successful adoptions. By watching and subscribing to our channel, you can become a part of our mission and help us spread awareness about the importance of animal welfare and adoption.

Don't forget to hit the subscribe button and click the bell icon to stay updated with our latest rescue missions and adoption success stories. Your support means the world to us and the animals we care for","","India"
"Puck Verheul","522","Welcome to my Youtube Channel!
My name is Puck and I'm a 20 year old Video Maker from the Netherlands. I specialize in creating videos of my travels and experiences. I'm always looking for new and exciting places to explore and capture on camera. I also like to include a bit of fun in my videos, I am not always super serious. So come join me on my channel, and let's explore the world together! And remember, don't forget to have fun!","","Netherlands"
"National Trust (NSW)","510","We welcome everyone to join us in helping protect Australia’s special places. As a not-for-profit organisation National Trust (NSW) we relies on support generated through membership, subscriptions, sponsorship, donations and bequests, property admissions and our commercial operations.","","Australia"
"Hopefield Animal Sanctuary","508","Here At Hopefield our mission is to provide a safe and loving home for abused, abandoned and neglected animals. 

We aim to promote humane behaviour towards animals around the world starting right here in Essex by providing appropriate care, protection, treatment, dietary needs and security for animals which are in need of care and attention because of sickness, mistreatment, abuse, poor circumstances or ill usage and to educate the public in matters of animal welfare and the prevention of cruelty and suffering among animals.

We are open to the public which is a vital part of our fundraising to enable the sanctuary to care for our resident animals and allows us to educate and encourage visitors to think about their own animals at home and in the wild.  

Our hope is that Hopefield inspires others to become advocates themselves for better animal welfare so we can continue our work.........Saving Animals Together","","United Kingdom"
"Animal Rescue Brigade","508","Animal Rescue Brigade is dedicated to rescuing, treating, and caring for stray animals.

Our mission is simple:
Saving one dog won't change the world, but it will change the world for that one dog.

On this channel, we share:
• Animal rescue stories
• Dog treatment & recovery
• Street feeding
• Adoption stories
• Awareness about stray animals

📍 https://maps.app.goo.gl/kruua4qXNfv93NpLA

Support our mission by subscribing to and sharing our videos.","",""
"Shropshire Cat Rescue","505","Welcome to Shropshire Cat Rescue.

For 35 years, we've been rescuing and rehoming cats across Shropshire. We're a volunteer-run shelter caring for cats and kittens who need somewhere safe to recover, receive care and, where possible, find a suitable forever home.

Here you'll find the cats behind the rescue: their stories, personalities, progress and journeys to new homes, alongside behind-the-scenes content from life at the shelter.

We'll also share practical cat advice, educational content, fundraising appeals and a look at the people and work that keep the rescue running.

Follow the cats, meet the people behind their care and discover more about the work that happens every day at Shropshire Cat Rescue.

Subscribe, Sponsor and donate to support our work ↓","sponsorship@shropshirecatrescue.org.uk; info@shropshirecatrescue.org.uk; donation@shropshirecatrescue.org.uk; Emaildonation@shropshirecatrescue.org.uk","United Kingdom"
"Happy Feet Pet Rescue","504","","",""
"AnimO - Mina's Animal Sanctuary","493","My name is Mina and I rescue animals in Japan. I have been diagnosed with terminal cancer and I'm using the time I have left to finish building my dream sanctuary so we can keep saving animals long after I'm gone. My sanctuary, AnimO (""Animal Oasis"") is located near Tokyo. It is Japan's first true land-based exotic animal sanctuary. Together with volunteers we usually care for up to 100 unwanted & special needs animals, which otherwise would have stayed in cages or even worse... 

We try to give them the best possible life at the sanctuary, so they can recover from their past and live happily in the present. 

In the future, I hope that I can build an education centre spreading awareness about animal welfare.","",""
"Farm Animal Rescue (Australia)","483","Farm Animal Rescue is a not for profit refuge for animals that have been freed from abusive situations and factory farms.  Once at sanctuary they live blissfully, free roaming in their forever home, receiving the best care to live out their natural lives in safety and harmony.  As well as rescue farmed animals, our mission is to speak up for animals farmed in the agriculture and food industry, exposing institutional cruelty and enabling people to emotionally connect with animals normally consumed for food.  

The farm is open to visitors on a regular basis, so that people can come to meet our residents. Each visitor has the opportunity to rub a pigs belly, pat a sheep, tumble around with a goat, and feed a rooster. During these animal contact sessions, we will tell visitors what the animals endured before they were rescued, and what life is really like for the millions of others on factory farms that we cannot save.","","Australia"
"LivingKind","475","","",""
"Real Horse Rescues","465","REAL HORSE RESCUES is an original series created and hosted by award-winning producer Susan Kayne on ABC-WTEN Every Saturday at 6:00AM. Its mission is to raise public awareness of equine welfare concerns, and bring visibility to the compassionate work of equine sanctuaries, rescues, and adoption organizations. Guests range from boots-on-the-ground rescuers, to legislators, to celebrities, to young advocates, and of course many four-legged stars.

RHR focuses on rescue success stories to encourage viewers to participate directly with equine organizations in their communities to give horses a second chance. Real Horse Rescues is a program of the Unbridled Thoroughbred Foundation, a 501 c (3) not-for-profit educational organization guided by the belief that every equine life deserves humane treatment, compassion, respect, and protection from harm.","","United States"
"Let's be S.M.A.R.T. Animal Welfare Organization","465","🐾 Cat rescue in Greece | Stray & abandoned cats rescued, rehabilitated & rehomed | Let's Be S.M.A.R.T. From street kittens to forgotten seniors, from disabled cats to the ones nobody wanted — every cat gets the care they deserve.

🔔 Subscribe and hit the bell to follow more rescues.

We proudly uphold the S.M.A.R.T. Code, pledging to:
⭐ Show kindness to all animals
⭐ Make a difference for animals in distress
⭐ Advocate against abuse of any kind
⭐ Raise awareness about animals' importance
⭐ Treat animals with understanding and respect
By working together, we can ensure a brighter future for all living beings.

Every small donation helps:
PayPal: donations@letsbesmart.org
Bank Transfer: https://www.letsbesmart-greece.org/donations
Ongoing Emergency Vet Bill Fundraiser: https://justgiving.com/fundraising/let-s-be-smart
PATREON: https://www.patreon.com/LetsBeSmartRescue

#catrescue #straycats #greece #catsanctuary #animalrescue #disabledcat #adoptdontshop #catadoption #cats #catlovers","donations@letsbesmart.org","Greece"
"Unity Animal Sanctuary","463","We will post videos and live streams of animals, games and anything else to raise money for the animals here. We are a 501(c)3 Non-Profit in the US. we have helped with our actions. As well we tackle issues like trash clean ups in parks to ensure nature and animals are safe and even helping other sanctuaries.","","United States"
"RSPCA Radcliffe","462","Our mission is to take in unwanted, abandoned, stray and mistreated animals and find them loving, permanent homes. We always make sure that all the animals in our shelter are given all the love and care they need before they are rehomed. We support the RSPCA Inspectors with their case and abandoned animals. We never compromise on animal welfare.

Each year the RSPCA Radcliffe Animal Shelter cares for many hundreds of animals as they are brought in by RSPCA Inspectors or members of the public having been found abandoned, injured or as victims of cruelty and abuse. It costs the shelter over £500,000 a year to help local animals. All of our funds are raised locally from members of the public, companies and other organisations.","education@rspca-radcliffe.org.uk; info@rspca-radcliffe.org.uk","United Kingdom"
"CATHERINE VIOLET HUBBARD ANIMAL SANCTUARY","462","Catherine Violet Hubbard Animal Sanctuary http://www.cvhfoundation.org.","",""
"Juliana's Animal Sanctuary","456","","",""
"Forget Me Not Animal Shelter","456","The YouTube video channel for the Forget Me Not Animal Shelter in Republic, WA.","","United States"
"Raising The Bar Animal Rescue","451","","",""
"Hanoi Pet Adoption","447","https://hanoipetadoption.com
Established in 2015, we have rescued over 2,000 cases and re-homed hundreds of dogs and cats.

     Hanoi Pet Adoption is a group of Vietnamese volunteers with the support of some international volunteers. Our mission is to provide a no-kill shelter with adequate care and treatment for lost, stray, and abandoned animals that we rescue. 
     Also, we make efforts to increase their adoption opportunities, as well as find permanent, and loving homes for them. 
     Last but not least, we promote responsible pet ownership through education, community outreach, and collaboration while maintaining respect and compassion for animals.

🙏If You Can't Adopt - Get Temporary Care
🙏If you can't provide temporary care - Please sponsor
🙏If you can't sponsor - Volunteer
🙏If you can't volunteer - Please donate
🙏If you can't donate - Please spread the word

💛 Please Like, Share and Subscribe the channel to help us! 💛","","Vietnam"
"Indian Star Tortoise Daily Routine & Care (Vasu)","442","Welcome to our Channel. 
Indian Star Tortoise Daily Routine & Care (Vasu)
We make content about Indian Star Tortoise for Fun and education purpose only. 
So don't judge and jumps in any kind of Suggestion, discussion or conclusion.
Just enjoy with this beautiful creature.
Indian Star Tortoise (rescued one)🐢🐢🐢
We call him Vasu. 😎👍 
Inspired name from Lord Vishnu.
Some more exciting videos are coming soon... So don't go away.
We will always try to make FHD or 4K UHD videos for better viewing.

Please Like, Subscribe to our channel and Share our videos.

👇 Subscribe to our channel link🔗👇
https://www.youtube.com/channel/UCfZOaxnW4rnBg-UtfvoF5Ww?sub_confirmation=1

Thank You. 🙏 🇮🇳

🐢🐢🐢🐢🐢🌟🌟🌟🌟🌟","","India"
"Santa Cruz County Animal Shelter","434","","",""
"Foothills Animal Shelter","433","Foothills Animal Shelter is an open admissions facility, which means we never turn away an animal. We care for more than 8  ,000 orphaned cats, kittens, dogs, puppies and critters every year with a compassionate team of staff and volunteers. We are a true community resource and offer a variety of services including pet adoption, Jefferson County pet licensing, affordable spaying and neutering, vaccinations, microchipping and lost and found pets. Foothills Animal Shelter is dedicated to providing the best care possible for every animal that enters our doors. We are committed to our important mission and the life-saving work that we do every day of the year.

We encourage candid discussions on our Facebook page, but please be respectful! Any comments that are offensive, obscene, inappropriate or contain spam will be deleted. All service-related questions or comments that require an immediate response should be directed to us at (303) 278-7575.","","United States"
"Lost Dog and Cat Rescue Foundation","431","LDCRF is a Virginia based rescue organization that helps homeless and abandoned animals find permanent, loving homes. We reduce pet overpopulation by spaying or neutering every pet in our care before we put him or her up for adoption. The animals at our rescue are pulled from crowded rural shelters, where their chances of being adopted are very slim. 

Please watch our videos for more information about Lost Dog and Cat Rescue, and check out our website at www.lostdogrescue.org for even more information!","",""
"Open Door Animal Sanctuary","427","Open Door Animal Sanctuary, founded in 1975, is the largest no-kill shelter in the greater St. Louis area and State of Missouri.  Open Door’s Mission is to provide homeless cats and dogs with the highest quality of life and a second chance to find a forever family. We serve the community by taking in stray, abused, neglected and otherwise unwanted cats and dogs and placing them up for adoption. Each day we provide shelter, food, medical care and LOVE to more than 400 animals. Every animal that comes to us has a home and a second chance at life.","Cats@odas.org; Development@odas.org; Dogs@odas.org; Jeanette@odas.org; jeangutch@hotmail.com; Melissa@odas.org; office@odas.org; Tracie@odas.org; volunteer@odas.org",""
"Street Cat Rescue Salon","427","🐾 Street Cat Rescue Salon

Every tiny life deserves a second chance.

Welcome to Street Cat Rescue Salon, where abandoned, injured, and neglected kittens begin a journey from fear to hope. Every rescue tells a story, and every transformation reminds us that kindness can change a life.

On this channel, you'll watch heartwarming rescue stories featuring:

🐱 Stray kitten rescues
🛁 Gentle grooming and rehabilitation
💕 Before & after transformations
🏡 Rescue journeys from the streets to safety
📸 Our growing Street Cat Rescue Album

Each rescued kitten earns a place in our Rescue Album, and every new video adds another page to the collection. Follow along as we help one tiny life at a time and watch the album fill with stories of hope.

If you love animal rescues, kitten transformations, and wholesome content, you're in the right place.

❤️ Subscribe and become part of our rescue journey.

🐾 One Tiny Life at a Time.","","Pakistan"
"ARF Hamptons - Animal Rescue Fund of the Hamptons","423","Established in 1974, the Animal Rescue Fund of the Hamptons, also known as ARF Hamptons, is a nonprofit organization that has rescued more than 33,500 cats and dogs. Entirely funded by donations, ARF provides food, shelter, love, medical care, and behavioral training for its rescue animals for as long as it takes to find loving homes. To learn more about ARF Hamptons and ways you can support ARF's rescue efforts, visit arfhamptons.org and follow @arfhamptons","info@arfhamptons.org","United States"
"Animal Rescue Ukraine","420","Animal Rescue Ukraine is a danish organisation working in Ukraine since 2022. 

** All donations should be made directly on https://animalrescue.dk

BEWARE OF SCAMMERS AND FAKERS !!! WE ONLY HAVE 1 PROFILE ON EACH PLATFORM !!!","ukraine@animalrescue.dk","Denmark"
"Sleepy Pig Farm Animal Sanctuary","416","It’s a Beautiful Day to Save Animals
501c3 Non Profit Animal Sanctuary
Venmo: sleepypigfarm
Become a monthly patron to support the animals at patreon.com/sleepypigfarm

For more info:
linktr.ee/sleepypigfarm","","United States"
"Secret World Wildlife Rescue","414","Secret World Wildlife Rescue specialises in the rescue, rehabilitation and eventual release of orphaned and injured wild creatures. It is run entirely on donations and runs a 24 hours wildlife rescue service in the South West of England.

In each year approximately 5,000 wild animals are helped by Secret World Wildlife Rescue. Together with a dedicated team of staff and volunteers, we continue to care for all manner of creatures, from the tiniest harvest mice and bats to badgers, swans, foxes, deer and otters.","","United Kingdom"
"Ann Brownell","414","","","United States"
"CrazyKFarm","402","Welcome to Crazy K Farm! 🐔🐱🦆

We're a Texas-based animal sanctuary AND the makers of award-winning pet products trusted by 50,000+ pet owners worldwide

🏡 OUR SANCTUARY (501c3 Nonprofit - EIN 46-2942130)
Caring for 200+ rescued animals including chickens, ducks, geese, cats, dogs, horses, goats, sheep, pigs & parrots in Hempstead, Texas. Featured on CBS Sunday Morning & Animal Planet.

🛒 OUR PRODUCTS (Made in USA)
• Kitty Holster® - #1 rated cat walking harness
• Hen Saver® - Chicken saddles & protection
• Hen Holster® - Bird diapers for chickens, ducks & geese  
• Birdy Bootie® - Bumblefoot treatment & foot protection
• Diapurr® - Cat diapers for special needs cats

Every purchase supports rescued animals! 🐾

📺 Watch how-to videos, animal rescue stories & product tutorials
🎓 20+ patents | Featured on CBS, in Houston Chronicle & Backyard Poultry
👩‍🔬 Founded by Dr. Tobi Kosanke, Ph.D. Geologist turned entrepreneur

#CrazyKFarm #AnimalRescue #BackyardChickens #CatHarness #MadeInUSA","","United States"
"Da Vinci's Dream","400","Welcome to Da Vinci's Dream, a registered 501(c)(3) nonprofit animal rescue based in Kentucky dedicated to saving dogs and cats through foster care, responsible adoption, transport coordination, and community outreach.

Our animals come from high-risk shelters, neglect cases, and urgent rescue situations. Each animal is placed in foster care, where we learn about personality, routine, and ideal home placement before adoption.

Through adoption, transport, and community support, our volunteers work to give vulnerable animals a second chance and connect them with loving forever homes.

If you are interested in adopting, fostering, or supporting our mission, visit davincisdream.org to learn more about our adoption process, available animals, and transport options.

Subscribe to follow rescue stories, available animals, and the daily work behind foster-based rescue in Kentucky.","","United States"
"Lancaster Farm Sanctuary","396","Lancaster Farm Sanctuary is a 501(c)(3) non-profit farmed animal sanctuary.

LFS is an LGBTQ-founded and led organization. It is the mission of LFS to rescue farmed animals and provide them with sanctuary and inspire humans to live with compassion and respect. The purpose of LFS is to reduce animal suffering and lead humanity to a kinder and more sustainable future by connecting the seemingly disparate, but deeply connected issues of animal exploitation, social injustice, failing human healthcare, and environmental degradation. By connecting with individuals, educating the general public, and collaborating with local organizations, LFS models the change necessary to improve the lives of community members, human and nonhuman alike. 

Our core values: Justice, Integrity, Compassion, Responsibility, and Courage","","United States"
"Hold Fast To Dreams Animal Sanctuary & Rescue ODV","389","Welcome to our Italian Farm!🐴🐔🐶 We are an animal rescue, sanctuary, and horse farm here in the countryside of Italy. We started out as two cousins traveling around Europe in a caravan saving all the animals we could safely fit in our van. We’ve re-homed over 200 rescue dogs and now that we have our land to call home, we are a forever home to many of our horses, dogs, cats, goats, donkeys, birds and whatever other wonderful creatures join us along the way. We also open our doors to many van-lifers as a place for them to come spend some time with the animals whether it’s just a stop over on their travels or a place they’d like to spend some time volunteering with the animals and our team. 😅🚐🐶🐱🐰🐴✨

FB: https://www.facebook.com/share/1EVLcZp8r6/?mibextid=LQQJ4d

IG: https://www.instagram.com/holdfasttodreamsitaly

🐴 Donate to bring Liam home:
https://www.gofundme.com/f/donate-to-help-bring-liam-home","",""
"Voices of Foster Pets Studios","385","Family friendly entertainment for animal lovers of all ages. We are a nonprofit YouTube series dedicated to helping foster dogs and cats find loving homes through the power of storytelling and voice acting. Our talented voiceover artists bring foster pets to life, giving them a voice while showcasing their unique personalities. Through creativity, compassion, and collaboration with rescue organizations, we help raise awareness for animals in need of adoption. Every pet deserves to be heard, and every pet deserves a loving home. 
You can find us on Instagram @voices_of_foster_pets
 

family-friendly entertainment for animal lovers of all ages.
#adoptdontshop  #familyfriendlyentertainment   #animalrescue","","United States"
"Soul Dog Rescue Channel","385","Soul Dog is a 501 (c)(3) nonprofit animal rescue organization founded with the mission to spay/neuter and protect animals. Soul Dog is proactive in animal welfare, advancing the need for spaying and neutering our pets to reduce overpopulation. We travel to rural communities on Native American reservations, where spaying and neutering will only happen if it is nearly free or very convenient. Soul Dog works with volunteer veterinarians to provide the spaying and neutering service at no cost to the public. Donations are used to defray the costs associated with medications, supplies, and the operating cost for clinics.

Our Mission:
Soul Dog Rescue performs collaborative, targeted work, primarily through spay/neuter, in underserved regions in order to create sustainable change and promote cultural shifts regarding the treatment of companion animals.

www.souldog.org
LOCATION & HOURS
1245 Factory Circle, Fort Lupton, CO, 80621
Clinic Hours
Mon - Sat9:00 am - 5:00 pm
Sunday Closed","admin@souldog.org","United States"
"Downtown Dog Rescue","384","Downtown Dog Rescue is an all volunteer run 501C3 nonprofit organization that believes in second chances for both dogs and people. We rescue dogs and provide services for low income pet owners in under served communities in Los Angeles County.
Visit www.downtowndogrescue.org to learn more about our programs and on how to adopt a dog from DDR.","",""
"Alaqua Animal Refuge","382","As the premier no-kill animal shelter and sanctuary in the Southeast, Alaqua Animal Refuge believes that every abused, neglected and homeless animal deserves a second chance. Committed to providing protection, shelter and care to animals in need, this private, 501(c)3 non-profit also offers a full-service adoption center, educational outreach, and community programs that touch a diverse constituency.

 Since its inception in 2007, Alaqua has been pushing the boundaries of animal welfare services, cruelty prevention, and advocacy for all animals and is a recognized leader on these issues in our region, our state, and around the U.S.—all the while rescuing, rehabilitating and finding new homes for animals of all kinds. 

To learn more, visit our website at www.Alaqua.org","","United States"
"West Shore Wildlife Center","375","Nonprofit wildlife rehabilitation and education center in York County, PA","","United States"
"Whispering Hearts Horse Rescue, Hagersville Ontario","372","Whispering Hearts Horse Rescue Center is a federally registered non-profit organization with charitable status.

Our mandate is 
To provide care and rehabilitation 
to abused and neglected horses. 
To assist members of the community 
that can no longer care for their horses 
in an attempt to prevent innocent animals 
being subjected to cruelty and neglect.

Our Goals and Objectives are:

Create a volunteer-based, equine welfare organization to ensure quality care and treatment of horses through intervention, education and outreach. 

Create a partnership to provide a reputable facility for the care and rehabilitation of horses under investigation.

Educate the public on equine welfare issues

Establish a program to assist other rescue organizations in Ontario as more facilities are needed to take in the increasing number of abused and neglected horses across the Province.","","Canada"
"Just Paws Animal Rescue","372","Just Paws Animal Rescue is a not for profit animal rescue and rehoming organization, established in 2014. We are a foster based rescue based in the Greater Toronto Area of Ontario, Canada. 


Mission
Our mission is to rescue and rehome unwanted, abandoned, abused and unloved pets that find themselves alone and frightened in shelters. These animals give unconditional love and should receive the same love back. Unfortunately there is a need and while ever there is a need we will be there to help. Our long term goal is to build towards the opening of our own shelter and be able to help with behavioral issues, special needs, and to offer a haven to less adoptable pets.","",""
"Aimee's Farm Animal Sanctuary","372","Standing up for those without a voice, our mission is to rescue, rehabilitate and to spread awareness of farm animals in need. Aimee's Farm Animal Sanctuary is a 501(c)(3) non-profit home to 100+ sentient beings in sunny Queen Creek, Arizona!

Tax Deductible Donation Links:⁣
⁣
❤️PayPal: http://paypal.me/aimeesfarm⁣
❤️Venmo: aimeesfarm 

Please subscribe!","","United States"
"AnimalX Care","368","Welcome to AnimalX Care 🐾 — where every life matters.
We share real animal rescue stories, heart-touching recoveries, and inspiring moments of kindness every day.
From injured strays to abandoned pets, we believe every creature deserves love, care, and a second chance. 💚
Our mission is simple:
👉 To rescue and heal the voiceless
👉 To inspire compassion around the world
👉 To build a community that cares
If you love animals and believe in kindness, you’re in the right place.
Subscribe now and join the Official AnimalX Care Family — together, we can make the world a safer, kinder place for every paw. 🐕🐈🦜
📅 New videos every week | ❤️ Real rescues, real care, real hope
#AnimalXCare
#AnimalRescue
#SaveAnimals
#KindnessMatters
#AdoptDontShop
#AnimalLovers
#RescueStories
#InspireCompassion
#HelpStrayAnimals
#SecondChanceLives
#PetRescue
#AnimalsOfTheWorld","",""
"Cinn, Chins & Clover","366","Hi, I'm Halina. I have 4 pets and I love to share them with all of you! I upload new videos every Saturday, so make sure to have your notifications turned on! Thanks for watching my videos! I hope you can learn something new from them!","",""
"Spirit Keeper Animal Sanctuary","363","Spirit Keeper Animal Sanctuary is a 501(c)(3) nonprofit animal welfare organization dedicated to providing lifelong sanctuary for animals with special medical, behavioral, and welfare needs. We care for horses, snakes, dogs, cats, and other companion animals who have been neglected, abused, relinquished, or require specialized long-term care that makes placement difficult. Our mission extends beyond rescue. Through science-based behavioral husbandry, positive welfare practices, education, and community outreach, we strive to help every animal experience a life well lived while inspiring compassionate, evidence-based care for animals everywhere. Our journey began as a safe haven for horses in need of lifetime sanctuary and has grown into an organization able to offer those same services across species, specializing in unique veterinary, behavioral, and nutritional needs.","SpiritKeeper_Equine@aol.com; SpiritKeeperEquineSanctuary@gmail.com","United States"
"Dallas Animal Services","362","Dallas Animal Services is the fourth largest intake shelter in the country, helping more than 35,000 pets each year. Our vision is to lead the nation in compassionate care of animals while finding positive outcomes for all placeable pets through innovative shelter operations and community engagement.","",""
"Alturas Wildlife Rescue","361","Alturas Wildlife Sanctuary is a refuge for injured, orphaned, and displaced animals near the coastal town of Dominical in Osa. Since our founding in 2014, we have rescued over 3,500 animals from three different conservation areas, covering 19% of Costa Rica’s land. Our key missions are to rescue, rehabilitate, and release wildlife back into their natural habitats.","tours@alturaswildlifesanctuary.org","Costa Rica"
"Second Chance Animal Services","359","Second Chance Animal Services is a nationally recognized organization that provides innovative programs and services to help animals. Second Chance Animal Services has been helping animals since 1999. We are a non-profit charitable 501c3 organization that operates a no-kill animal shelter, veterinary hospitals that offer subsidized rates, and more. We help over 56,000 pets through adoption, low cost spay/neuter, full service veterinary care with subsidized rates for qualified households, community outreach, educational programs, training, a pet food pantry, and other services.  We strive to keep pets in loving homes whenever possible by providing services to help pets in the community.  We also operate an animal shelter that helps thousands of pets each year.","","United States"
"City of San Antonio Animal Care Services","355","The City of San Antonio Animal Care Services is the largest, open admission, municipal shelter in South Texas. Serving San Antonio residents, ACS resides on a 14-acre campus boasting a variety of programs and services aimed at encouraging responsible pet ownership and compliance in our community","","United States"
"Dog & Cat Rescue Foundation Koh Samui","354","Dog & Cat Rescue Center Koh Samui Thailand","",""
"TARZAN Animal Rescue & Shelter","354","","",""
"Scratching Florida Lotto For Pet Rescues","352","Goal of this channel is to raise money for Pet Rescues.  When we scratch lotto tickets the money is used to keep channel going and shared with Pet rescues. If you have a rescue of choice let us know!!!
 


Our email is Kwazytown56@gmail.com.  

If you would like for us to scratch one of your States tickets on our videos please email us and we would so appreciate the support  You sharing your tickets helps us to do videos.  All tickets sent to us ARE SENT BACK to that person with our gratitude for helping us 

Pleaseeee. LIKE. SUBSCRIBE and SHARE","Kwazytown56@gmail.com","United States"
"Pawprints to Freedom Dog Rescue","352","Pawprints to Freedom is a dog rescue with a difference. We work with rescuers in Romania to help find homes for their dogs in the UK. Compassion has no borders, and we fight daily to save lives.","enquiries@pawprints2freedom.co.uk; kirstyd@pawprints2freedom.co.uk","United Kingdom"
"Friends of Strays Animal Shelter","347","Friends of Strays is a non-profit organization founded in 1978 in St. Petersburg, FL, dedicated to the care and adoption of homeless pets.
We believe that love saves lives – and it takes everyone to make that work happen. As a nonprofit, we rely on the generosity of our community to save the lives of more than 4,000 cats and dogs each year, giving them the refuge, care, and love they deserve. Every animal who comes in our door is treated as an individual, with their own needs and preferences. Through our adoption and trap-neuter-vaccinate-return programs, we seek to humanely reduce the number of homeless animals Pinellas County, Tampa Bay, and the state of Florida.","",""
"Animal Rescue Service","339","""Welcome to Animal Rescue Service!
We are dedicated to saving and caring for animals in need. Our mission is to provide love, care, and second chances to stray, abandoned, and injured animals. On this channel, you’ll find heartwarming rescue stories, tips on animal care, and inspiring moments that highlight the importance of compassion for our furry friends.

Join us in making a difference, one paw at a time. Don’t forget to like, subscribe, and share to support our journey in rescuing and protecting animals worldwide!""","","Bangladesh"
"Nature Animal Rescue","336","Welcome to Nature Animal Rescue 🐾🌿

This channel is dedicated to saving and helping animals in need. We share real rescue stories, animal care tips, and heartwarming moments from nature. Our mission is to protect wildlife, support injured animals, and spread awareness about animal welfare.

On this channel, you will find:
• Animal rescue videos
• Wildlife protection content
• Emotional animal stories
• Pet care tips and guidance
• Nature and animal awareness

If you love animals and want to support rescue efforts, subscribe and join our journey ❤️

📍 Stay connected and be a voice for the voiceless.","","Pakistan"
"Washington German Shepherd Rescue","327","Washington German Shepherd Rescue (WGSR) finds loving homes for surrendered, abandoned and neglected German Shepherd dogs in Washington state and the greater Pacific Northwest region.

We hope to ease the problem of population overflow occurring in many of our shelters today. WGSR educates the individual on the importance of sterilizing the pet and providing superior care.

WGSR is composed of a network of foster families and volunteers.  We are always in need of more foster care providers with the time and commitment necessary to care for these animals in transition. We are also in need of volunteers who can shuttle dogs from shelters and other sites to our foster homes.

If you would like to adopt a German Shepherd dog or volunteer for our rescue, please visit our website today: http://www.washingtongsd.org/","","United States"
"Reenies Rabbit Rescue","325","Home of: ReeniesRabbitRescue & ThetaHealingForPets.com.","","United States"
"ALTRES Hawaii","324","Over the past 50 years, we’ve grown into a leader in staffing and human resources. From the beginning, our mission has always been to make business simple for Hawaii’s employers and jobseekers.","","United States"
"AZCARE RESCUE Foster Families","323","","","United States"
"Fur Warriors","323","Fur Warriors is a charity organization that helps to rescue, rehabilitate, and find forever homes for survivors of the dog meat trade, high kill shelters, and animal abuse cases world wide.   

We work hard to rescue local stray cats, rehabilitate, and specialize in socializing feral cats to be loving house pets to keep them safe off the streets forever.   

All our animals are rescued, sterilized, vaccinated and rehabilitated to be loving family pets.  We also do feeding, sterilization & vaccination programs to stray animals outside of our rescue.  

Our rescue is as strong as our community support behind us. We rely on donations and community fundraisers to help hundreds of animals in need. 

Our rescue is 100% volunteered based with dedicated individuals who have an extreme love and passion for animals. We are not paid,  but passionate about being a voice for the voiceless. 

. 

To contribute towards our mission, donations can be made via 
WWW.FURWARRIORS.COM/DONATE","",""
"Happy Animal Rescue","322","Welcome to Happy Animal Rescue! 🐘🦒🦓🦁
Join us on fun and satisfying adventures where muddy toy animals are rescued, cleaned, and ready to play again!
Perfect for toddlers and preschoolers, our videos are full of bright colors, gentle sounds, and fascinating animal facts.

We make learning fun! From elephants and lions to penguins and zebras – kids will love watching their favorite animals go from muddy to squeaky clean.

Wash, Learn, Smile! ✨
Don’t forget to subscribe and join the rescue team!","","United States"
"Animal rescue center","319","We save animal lives over here 🏡 
Goal is to hit 100,000 subscribers ❤️ 
Email me at 👉frenchregiement@gmail.com

Enjoy our videos while we save some lives 

AI CONTENT","frenchregiement@gmail.com",""
"North Mountain Animal Sanctuary","318","North Mountain Animal Sanctuary is a registered charity and farm animal rescue in the Annapolis Valley, Nova Scotia, Canada.  NMAS provided care, comfort, and rehabilitation to abused, neglected, and unwanted farm animals.   At present there are sheep, goats, chickens, pigs, turkeys, rabbits, guinea pigs, hedgehogs, and turtles in care.  For more information or to make a donation, visit our website at www.nmas.ca and follow us on Facebook & Instagram.","",""
"Bristol Animal Rescue Centre","315","Bristol A.R.C. has been caring for the city’s pets and wildlife since 1887, helping, healing and homing over 14,000 vulnerable animals each year. We are the longest-standing and largest local animal charity, and although we are proud to be affiliated with the RSPCA, we receive no automatic funding from it. We rely entirely on local support within the community to fund our vital work.

Bristol A.R.C. is the working name of RSPCA Bristol and Bristol Dogs and Cats Home. Our name may have changed, but we continue to provide the best quality care to the sick, injured and neglected animals of Bristol.","","United Kingdom"
"SPCA of Northern Nevada","314","Welcome to the official SPCA of Northern Nevada YouTube Channel – we’re so glad you’re here! 🐾

We're a nonprofit, no-kill Adoption Center whose mission is to save and improve the lives of pets and people who love them. We strive to connect people and pets through adoption, accessible veterinary care, and community support. On our channel, you'll find heartwarming adoption stories, behind-the-scenes peeks at our lifesaving work, pet care tips, training how-tos, and updates on our low-cost clinic and spay/neuter services.

Subscribe and share with your fellow animal lovers so they can join the fun and help us make northern Nevada a more compassionate place for pets and their people! 💜","","United States"
"Indraloka Animal Sanctuary","313","","",""
"Homeward Trails Animal Rescue","312","Homeward Trails Animal Rescue is a non-profit 501(c)(3) organization that provides pet adoption in Virginia, Washington, DC and Maryland. We find homes for dogs and cats rescued from high-kill animal shelters, whose owners could no longer care for them or those found as strays.  Learn more at http://homewardtrails.org/","spayneuter@homewardtrails.org; info@homewardtrails.org; donate@homewardtrails.org; fosterdog@homewardtrails.org; kelseym@homewardtrails.org; surrendercat@homewardtrails.org; surrenderdog@homewardtrails.org; volunteer@homewardtrails.org",""
"D&R Cat Rescue","312","Cat rescue, foster, and adoption organization. Based out of Hyattsville, MD. 

DandRCatRescue.org","",""
"Wild Animal Rescue Stories","310","Welcome to Wild Animal Rescue Stories –We are dedicated to saving, rehabilitating, and protecting the incredible creatures of the wild. From heartwarming rescues to inspiring recoveries, we share real stories of animals getting a second chance at life. We create AI-powered videos based on real rescue stories that shine a light on animals in need and inspire action. Watch short, emotion-filled videos or dive into long, detailed stories. From dramatic rescues to heartwarming recoveries, join us in celebrating the hope and connection between people and animals.
 What You’ll Find Here:
✅ Wildlife rescues & rehabilitation stories
✅ Educational insights about wild animals
✅ Conservation efforts & ways to help
✅ Heartwarming transformations
Join us on this journey to protect and care for nature’s most vulnerable creatures. Subscribe now and be part of the rescue mission!  #animalrescue #AnimalHeroes #Saveanimal  #KindnessToAnimals #animals #wilflife #wildlifeanimalrescues","","United States"
"Austin Farm Sanctuary","305","","",""
"Rabbit Rescue","302","","","India"
"It Takes A Village Dog Rescue","300","It Takes a Village is a Canadian Registered Charity, non-profit organization that focuses on finding homes for Canada's dogs in need. Our organization is foster based and is made up entirely of dedicated volunteers and experienced rescuers who have united to improve the lives of dogs who find themselves without a home. We believe in giving dogs in need a fresh start at a new life.

Our mission is to rescue, rehabilitate, and rehome dogs in need. The happiness and success of the dogs in our rescue community is our priority and the reason we do what we do.

If you share our passion then get involved! We are always looking for committed volunteers to join our team. We welcome new fosters, events volunteers, transportation volunteers, administrative volunteers, and short term dog sitters. We operate out of EASTERN ONTARIO, CANADA and are always eager to welcome new volunteers from the area.","",""
"halorescue","299","HALO is a No-kill, 501c3 non-profit organization dedicated to Helping Animals Live On through increased adoption, sterilization and pet care education.

HALO was founded in 1994 by two women, Michel and Heather, out of their home in Phoenix, Arizona. Michel and Heather started HALO because they love animals and couldn't just stand by and watch millions of cats and dogs being killed needlessly.

HALO provides temporary shelter to abandoned cats and dogs until they can be adopted into a permanent home.

Each year, HALO places over 3,000 abandoned animals in loving, forever homes.","",""
"DCH Animal Adoptions","298","About DCH

DCH Animal Adoptions, which stands for ""dogs, cats and horses"", is a NSW-based non-profit animal rescue charity (CFN 18284) committed to the rescue and rehoming of unwanted and neglected domestic animals - mainly dogs, cats and horses - but occasionally other animals such as rabbits and guinea pigs.
Our volunteers rescue animals from certain death in Sydney's pounds and shelters, and horses from the knackery and ensure they are provided with veterinary attention and foster care until a permanent and loving home can be found.
The foster care system benefits you and the foster pet. By providing you with valuable information about the animal gained through the carer's experiences in a home environment, we can help match you up with the right pet for your home. The animals also benefit from being in a loving home environment until their permanent homes are found.","enquiries@dchanimaladoptions.com.au; webdesign@hanusi.com","Australia"
"Pet Adoption Fund","298","Pet Adoption Fund is an all breed, 501(c)3, Non-Profit, No-Kill, Dog & Cat rescue and adoption organization since 1983, and it is located in the city of Canoga Park, Los Angeles county, CA. EIN# 95-3842460.

Visiting and Viewing our adoptable pets are by appointment only.  Please visit our website for more info. https://www.petadoptionfund.org

For more info on our ADOPTABLE pets, please call our shelter at (818) 340-1687 or (818) 340-1186. 

FOLLOW US on Facebook:  https://www.facebook.com/petadoptionfund
FOLLOW US on X:                 https://X.com/petadoptionfund
FOLLOW US on Instagram: https://www.instagram.com/petadoptionfundrescue

Kennel and Adoption Center Location:
7507 Deering Avenue - Canoga Park, California 91303
(818) 340-1687 or (818) 340-1186
Email: adopt@petadoptionfund.org or admin@petadoptionfund.org","adopt@petadoptionfund.org; admin@petadoptionfund.org","United States"
"meehoo","298","I don't need reasons tho.","","Japan"
"RVR Horse Rescue","297","Current videos from RVR Horse Rescue in PlantCity, FL.","","United States"
"Beautiful Together Animal Sanctuary","297","We are Beautiful Together Animal Sanctuary, an animal rescue nonprofit located in the Chapel Hill area of North Carolina. Rescuing dogs and cats in need and finding them loving homes is what we do! 🐾  Visit this link to get to know all of our adoptable pets, and to learn how to foster, donate, and volunteer with us: https://linktr.ee/BeautifulTogetherSanctuary

🐶 🐱 #BeautifulTogetherAnimalSanctuary

We Believe:

We believe that no animal should be mistreated, abandoned or neglected.

We believe that patience, kindness and love can change everything for a previously homeless pet.

We believe that animals can offer extraordinary joy, comfort, and companionship to the people who care for them.

And we believe in the collective impact of all who work toward the day when no animal is euthanized for lack of a home.","","United States"
"RVR Horse Rescue Channel","296","RVR Horse Rescue will be a voice for horses. We are Horse Angels on a C.L.E.A.R. Mission.  Care.Learn.Educate.Act.Rescue.
RVR takes in the worst cases and breathes life back into those who have the will to fight.
We also provide hospice care to those who can no longer fight.
The greatest reward is to rehome a rehabilitated horse. To see them happy making others happy.","","United States"
"The Happy Herd Farm Sanctuary","292","Welcome to The Happy Herd Farm Sanctuary! 🐮💛

Nestled in Aldergrove, British Columbia, we provide a forever home for abused and abandoned farm animals, giving them a second chance at life in a safe and loving environment. Thanks to our incredible volunteers, donors, and sponsors, our rescues receive the care, food, and veterinary support they need to thrive.

📽️ Join us behind the scenes! Experience heartwarming rescue stories, touching moments, and the daily joys of sanctuary life. Watch our animals roam freely, form unlikely friendships, and finally receive the love they deserve.

🌻 Be part of the journey! Follow along and help us celebrate the beauty of farm animal rescue.

🤝 Get involved! Donate, volunteer, sponsor an animal, or book a private tour: www.happyherd.org","","Canada"
"Animal Rescue","289","🌿 Welcome to Animal Rescue – your haven for exciting and heartwarming animal rescues from around the world! 🌍

Explore real-life rescue stories with cinematic visuals and AI-powered storytelling. Each video shows animals in distress and the heroes who save them, facing challenges like dangerous parasites.

🌬️ With a relaxing ASMR-style experience, every rescue is presented from a first-person perspective, making you feel as if you're there, offering care and healing. From life-or-death situations to moments of recovery, our journey immerses you in the miracle of animal rescue.

⚠️ Be inspired by the strength and courage of the animals and their rescuers. Join us in sharing hope, empathy, and the power of change!

🔔 Subscribe to be part of a movement that makes a difference every day!

Disclaimer: The content on this channel is for entertainment and is not meant to deceive. The stories are created using advanced methods to highlight the bond between humans and animals.","","United States"
"PACC911","283","PACC911 is a nonprofit 501(c)3  animal welfare coalition of over 140 animal rescue groups in the greater Phoenix area. 

We fulfill four vital community functions. Large-scale pet adoption events (Adoptathons); Education about Animal Welfare (particularly the need to spay and neuter); A Pet Food Pantry, Chuck Waggin'  supporting families in need to feed pets during financial difficulties; And most of all, we fundraise to provide much-needed Medical Assistance funds for our coalition partners. 

Veterinary expenses can be daunting and the biggest challenge to rescuers. Our coalition groups depend on our raised funds to help them save neglected, abused and abandoned animals and ultimately place them in loving homes.  We have fundraised over 8 million dollars since we've started, and in 2023 alone PACC911 partners have saved 36,000 animals in Arizona. 

Please visit PACC911.org to learn more about us.","",""
"Aspen Valley Wildlife Sanctuary","281","Located in Rosseau, Aspen Valley Wildlife Sanctuary offers rescue, rehabilitation and release to Ontario wildlife. ​In addition to our rehabilitation work, we also provide long-term care to a variety of North American mammals that cannot be returned to the wild.","",""
"HorseNet Horse Rescue","276","","",""
"BlueMtnWildlife","276","Blue Mountain Wildlife is a non-profit organization dedicated to wildlife rehabilitation.  We have been caring for injured, sick, and orphaned wildlife for over two decades, with the goal of releasing back to the wild.","",""
"CharlottesvilleSPCA","275","","",""
"HorseCouncilBC","270","","","Canada"
"Harbin SHS Animal Rescue","270","We're a registered 501c3 non-profit (EIN 83-4274095). 

Founded by 3 girls from Australia, England and Ireland, whilst living in China. We're just trying to save as many animals as we possibly can, and bring greater animal welfare and support to Harbin and the surrounding areas in China. Working with locals and the authorities to make it a safer, kinder and happier place for all species. 

We have been rescuing in China for over 8 years. 

Our Instagram is  @Slaughterhouse_survivors for daily content and live videos.

We have over 1000 animals currently in our care at our Safehouse facility:

Visit our website for more info:
https://linktr.ee/harbinshs

Thank you for your support!

Volunteer email: volunteer@harbinshs 

Support email: support@harbinshs.com

Venmo: @harbinshs 

Paypal: Support@harbinshs.com

Adoptions email: adoptions@harbinshs.com","support@harbinshs.com; adoptions@harbinshs.com","United Kingdom"
"(NWRF) Noor’s Wildlife Rescue Foundation","269","Hi I’m Noor and I’m a big zoophile, that means that I’m a huge animal lover!

This channel is all about animals and their care and some unique fun facts!

Reminder: never forget to like and share my videos","",""
"Wildlife Animal Rescue v3.0","267","Welcome to Wildlife Animal Rescue v3.0 – The Future of Wildlife Storytelling. 🌍🤖

Experience the animal kingdom like never before. We combine passion for wildlife with cutting-edge Artificial Intelligence to bring you breathtaking, hyper-realistic, and imaginative animal rescue scenarios.

What you'll find here:

🐾 AI-Generated Rescue Missions: Heartwarming and heroic stories visualized through AI.

🦁 Futuristic Conservation: Exploring how technology could save endangered species.

🎥 Cinematic Wildlife Art: Stunning 8K visuals of nature’s most majestic creatures.

Join us on this digital journey to raise awareness and celebrate the beauty of nature through the lens of AI technology.

Subscribe to witness the evolution of rescue. #wildlife #animals #rescue 

https://www.youtube.com/@WildlifeAnimalRescuev3.0","","Pakistan"
"Pasha Adoption & Rehabilitation Center","263","Pasha Adoption and Rehabilitation Center is a non-profit animal rescue established in February 2022. Our Center was founded by members of Vucjak Shelter’s Adoption Team as a pilot project to facilitate the rehabilitation and adoption of special-need animals and provide palliative care for the critically ill ones that would otherwise struggle in a shelter environment.

We offer a spay/neuter program, comprehensive vet care, and adoption services in Serbia and abroad. Thanks to our staff’s skilled handling and training, all our adoptable animals are well socialized and friendly with other dogs, cats, and humans!

As a foster-based rescue, we focus on placing our animals in secure, caring foster homes once they are rehabilitated and ready for adoption. We are dedicated to building a coalition of rescue-minded individuals and organizations across Europe, the U.K., Canada, and the United States so that together, we can save more at-risk stray animals in Serbia.

https://www.PashaARC.co.uk","","United States"
"Belize Wildlife and Referral Clinic","260","On this channel we will share videos documenting the Belize Wildlife and Referral Clinic - BWRC, a non-profit wildlife rescue and teaching clinic in Belize. The BWRC's vision is Wildlife conservation and sustainable development in cooperation. The BWRC plays a small but diverse role in it's mission to support conservation with veterinary services, rehabilitation and education. Videos will cover topics in Wildlife medicine and conservation education, introduce some special patients cases and stories as well as common wildlife conflict species or victims of wildlife traffic. We hope to tell our patients stories to educate humans how to avoid conflict and how to best assist wildlife in need.","","Belize"
"Guayabo Animal Rescue","260","Guayabo Animal Rescue is a 501(c)(3) nonprofit providing a unique opportunity for animals, as well as for people, by creating a healthy and happy existence through excellent care, educational opportunities, job skills training, and environmental conservation of this unique and delicate biosphere.","","Costa Rica"
"Second Chance Animal Rescue","259","Second Chance Animal Rescue Inc. (AKA SCAR), based in Melbourne, Australia, and is a not-for-profit organisation that relies heavily on donations to continue our lifesaving work in the community.","","Australia"
"DOWNEY Shelter Dogs. Don't shop, ADOPT!!!","256","Shelter animal rescue and networking. Primarily Downey Shelter, outside of Los Angeles. Focus is on adult dogs, hard to place and ones that have been at the shelter awhile. Google animal ID, starts with 'A', along with Petharbor.com to get more info on dogs up for adoption. Please adopt or rescue!","",""
"MidMI CatRescue","256","Mid-Michigan Cat Rescue is a non-profit organization dedicated to finding ""forever homes"" for homeless cats. We pride ourselves on a proven ""matching"" system to successfully bring together adoptive families with the right feline companions!
www.mmcr.petfinder.com","",""
"Animal Rescue","254","🙏 Welcome to the Animal Rescues family!

We’re here to rescue, heal, and protect homeless, injured, and neglected animals.
Every day, we work on the ground to give voiceless animals a second chance at life.

📽️ What you'll find on our channel:

🐶 Real-life animal rescues

✨ Heart-touching before & after transformations

❤️ Emotional rescue stories

📢 Awareness & educational content

🏡 Adoption and foster success stories


We believe every animal deserves love, care, and dignity.","",""
"Kind Animal Sanctuary","254","A shelter of Love, A Home for All We are a sanctuary for rescued and homeless animals in Chiang Dao.","",""
"Cape Coral Animal Shelter & Veterinary Clinic","250","Cape Coral Animal Shelter is a 501(c)(3) nonprofit, no-kill shelter, whose mission is to engage a special bond between people and animals by means of adoption services, medical care, education, and training.

Since veterinary care can be expensive, Cape Coral Animal Shelter offers a full-service, low-cost veterinary clinic that is open to the public. Please call 239-573-2002 Ext. 106 to schedule your veterinary clinic appointment; no walk-ins please.","","United States"
"Silverskypets - Delivering WOW!","249","Silversky Pte Ltd- Singapore's leading premium pet food supplier and one-stop solution to all your pet care needs.
Since 2003, Silversky has represented many premium and honest brands of pet food and accessories, championing natural and holistic health choices for beloved pets in Singapore. The company is profoundly equipped with knowledge on the brands it represents and has an unparalleled track record as brand builders with a long history of commitment and integrity to both pet parents and the brands. Information on Silversky can be found on www.silversky.com.sg.","","Singapore"
"Tarzo horse rescue sanctuary","248","rescuing horses for better lives is our mission join us on this journey may God bless us 
Every horse has a story  -and we are here to re write it","","United States"
"Idaho Horse Rescue","248","","","United States"
"Roice-Hurst Humane Society","245","Roice-Hurst Humane Society is a shelter, adoption center and community resource focused on our mission - Promoting bonds between pets and their people.","","United States"
"Harmony Farm Sanctuary","244","Harmony Farm Sanctuary (HFS) is a nonprofit vegan farm sanctuary in beautiful Central Oregon. Our mission is two-fold; first, we rescue, rehabilitate and provide an excellent home for retired, unwanted or abused farmed animals. Second, we strive to build compassion for all sentient beings.

Currently, Harmony Farm Sanctuary is home to more than 130 rescued farm animals! They depend 100% on donors like you for all of their care.

501(c)3 Not-for-Profit for Farm Animal Rescue
Federal ID# 47-4073127.","",""
"Rosies Farm Sanctuary","243","Rosie’s Farm Sanctuary is a non-profit farm animal sanctuary in Potomac, Maryland. We give rescued farmed animals the forever home they deserve. We also help animals through advocacy and educating the public about compassionate lifestyles.","",""
"Animal Care Jobs","242","Welcome to Animal Care Jobs, your go-to channel for all things related to careers in the animal industry! Whether you're interested in animal shelter careers, veterinary assistant jobs, pet grooming positions, zookeeper roles, or animal trainer jobs, we cover a wide range of exciting opportunities. You can find information on wildlife rehabilitation careers, pet sitting, dog walking, veterinary technician roles, and animal rescue jobs as well. 

Our channel is designed to provide you with the information and guidance you need to pursue a fulfilling career working with animals.

DISCLAIMER: This content is independently produced and we are not affiliated with any brands, products, or organizations mentioned. All trademarks belong to their respective owners. While we strive to present accurate information, viewers are encouraged to verify current details through official channels.","","United States"
"pet rescue 01","238","Welcome to 🐾pet rescue 01

We create emotional animated animal rescue stories that inspire kindness, hope, and compassion. Watch incredible rescues, life-saving treatments, and heartwarming recoveries of animals from around the world.

❤️ Rescue • Heal • Hope • Inspire

Subscribe and join our mission to give every animal a second chance!","","Bangladesh"
"Delta Rescue Sanctuary","235","D.E.L.T.A. Rescue (Dedication and Everlasting Love to Animals) is the largest ""No Kill, Care-for-Life,"" Sanctuary of its kind in the world.

The D.E.L.T.A. Rescue Super Sanctuary is home to more than 1500 animals that have all been abandoned in the wilderness. The animals at the sanctuary will never have to worry about being lost and alone again.

D.E.L.T.A. Rescue receives no help from the government and relies solely on donor contributions and is tax -exempt 501 [c] 3 organization dedicated to rescuing animals abandoned in the wilderness and stopping the cruel practice of animal abandonment.

D.E.L.T.A. Rescue was awarded BEST IN AMERICA status by Independent Charities of America! In a letter congratulating D.E.L.T.A. Rescue, ICA said to be proud -- only about 3% of the charities they deal with earn this recognition. They study charities, analyze their expenses and their mission, and make a determination.

D.E.L.T.A. Rescue also received a 4 STAR Rating on Charity Navigator.","",""
"Goatlandia Farm Animal Sanctuary","233","Goatlandia is an animal sanctuary that rescues farm animals and educates the public about the choice for a compassionate lifestyle. In addition to providing a safe and loving forever home to our own feathered and furry family, we also place our rescued animal friends into other loving homes through our adoption program.","",""
"Rabbit Rescues","230","Welcome to Rabbit Rescues!  🌟

Hop into a world of touching, AI-generated tales featuring a brave little rabbit and its heartwarming adventures. 🐰✨ Each story is designed to inspire, move, and bring joy to your heart. From emotional rescues to unbreakable friendships, our stories teach kindness, courage, and the beauty of helping others.

💡 What we offer:
✔️ Unique, story-driven rabbit adventures.
✔️ Stunning AI visuals that bring each tale to life.
✔️ Short, meaningful stories filled with warmth and emotion.

🐾 Join the Rabbit’s Journey family for daily adventures full of love, friendship, and inspiration. Subscribe now and let the journey begin!

#animalsrescue  #bunnyadventures   #heartwarmingtales   #aistories  #cuteanimals #rabbitrescue","","Malaysia"
"Pawprint - weekly podcast for animal rescue","228","Nancy & Harold Rhee focus on animal rescue, foster, adoption, & training in a shelter, SPCA, or humane society. Be a Paw Print hero - volunteer, adopt a dog, cat, or pet. Stop abuse, and help protection & welfare.

Have you ever wondered what it takes to place a stray dog or cat in a permanent home? Meet the everyday heroes of animal rescue and animal foster who use hard work, dedication, and out-of-the-box ideas to give homeless dogs, cats, and other pets a second chance.

Our website is http://thisispawprint. Look for ""thisispawprint"" on social media.","","United States"
"Freyja's Friends Small Farm Animal Rescue","227","We are a nonprofit (501c3) rescue and sanctuary for small farm animals. Located in Southern California.

We help animals and people, as well. The unwanted and the broken need someone to love them. Repurposing gives purpose to something that was seemingly “useless.” I wanted to feel that I still had purpose, so I give that feeling to others whenever I can. 

Become one of Freyja’s Friends at freyjasfriends.org and inquire how donate time, money, supplies, or advice. Find us on Facebook and Instagram. https://www.facebook.com/jennifer.rescuer?mibextid=wwXIfr is monetized, so like, comment, and share to help for free!

It’s okay to not be okay sometimes. You and other animals don’t have to be thrown away, you still have purpose.","",""
"Andy_AnimalVolunteer","224","Hi! 👋

My names Andrea and I volunteer at my local animal shelter.

Come follow along to meet the animals and see days in life content. Watching and sharing helps the pups get seen and maybe even adopted, together we can all make a difference!

Thank you 
Xoxo
😘","",""
"Friends of Lackota Animal Sanctuary","223","Friends of Lackota Animal Sanctuary | Northern Colorado

Named after a rescued horse saved nearly 30 years ago, Friends of Lackota Animal Sanctuary was founded to give animals a second chance at life. The sanctuary began when a young boy refused to let Lackota go to slaughter—working hard to save him and, in the process, finding a lifelong purpose.

Located in Northern Colorado, we specialize in rescuing horses and donkeys from the slaughter pipeline, but no animal is turned away if we can provide proper care. Many arrive from kill pens or auctions, often neglected, afraid, and broken. Here, they receive love, rehabilitation, and safety—whether they find a forever home or remain at the sanctuary.

Our mission is simple: help animals beat the odds and live the life they deserve.","friendsoflackota@gmail.com","United States"
"Lucky 13 Rescue, a KC Foster-Home Based Dog Rescue","222","Lucky 13 Rescue is a federal 501(c)3 organization dedicated to the rescue and aid of homeless and neglected dogs in the Kansas City metro and surrounding rural areas. We do not limit our efforts to a specific breed, but rather strive to assist any dog that is facing neglect, homelessness, abuse or death. Our ultimate goal is to rehabilitate each canine in our care through placement in loving foster homes until they can be carefully matched with adoptive families.","",""
"Nate's Honor Animal Rescue Center","219","Since 2008, we have been dedicated to helping neglected, abandoned, and mistreated dogs and cats in need of loving homes. We started as a small group of animal lovers working out of a garage until Nathan “Nate” Benderson, a local developer with an affinity for animals, caught wind of the group and joined. Nate provided the necessary vision and leadership to establish what is now known as Nate’s Honor Animal Rescue.

Today, together with a staff of caring volunteers and an incredibly supportive community, we save thousands of homeless and at-risk animals each year at our eight-acre, no-kill shelter and adoption facility on Lorraine Road.

As a 501(c)(3) non-profit animal rescue organization, we are proud to provide a place where homeless cats and dogs can receive the love and care they deserve while they wait to be welcomed into their forever homes.","",""
"DOLMA ANIMAL TRUST","217","Dolma dog rescue is dedicated to build awareness towards compassion for animals in need of shelter and medical care. Founded in Tibetan refugee settlement Bylakuppe South India. 
The rescue house operates with few staffs and one veterinarian. It is managed by Dolma and Kalsang. At rescue house, dogs and cats are brought in by kind locals who wish to see them heal from life threatening injuries. Injured animals are brought here for another chance of life. The rescue house was started in order to give comfort and love to the neglected and injured animals. 
Dolma believes in  caring for them and hope to build a sustainable facility.","",""
"Stonewall Films LTD NZ","216","Welcome to Stonewall Productions and Films, which DARES to tell the stories that need to be told!  We fearlessly and without compromise  advocate for both animal rights and human rights issues - bringing to light the huge abhorant injustice and crimes committed against the most vulnerable, who cannot speak fir themselves - - this is their portal to the world to be heard!

 This is also the home of NZAJP (New Zealand Animal Justice Party ) which will be constantly  unrelenting in our political fight for their rights! Please join the revolution to stop animal slavery and exploitation by joining our political party here! www.nzajp.nz

Thank you for your huge support of the stories that need to be told, to help raise the level of consciousness to take a stand against the injustices happening to our most vulnerable!","","New Zealand"
"Metro Cat Rescue","214","Metro Cat Rescue saves kittens and cats from sickness, starvation and death in the streets. We intervene where a cat is about to die. Metro Cat Rescue also coordinates the volunteer care of many outdoor cats in a number of colonies.

Our dream is to establish a facility to provide care for homeless kittens and cats with easily treated but contagious conditions — those innocents that now elsewhere regularly are made to die.

Anthony Olszewski and friends have been saving kittens and cats for for many years. The Metro Cat Rescue Facebook Page shows just some of the many cats and kittens that we rescued in only the last few years.

To learn more, please visit
http://MetroCatRescue.com","",""
"Global Good Group","214","Global Good Group has been doing good in the world for over 10 years now. We have also been bringing you news and stories about others doing good in the world.We love sharing good journalism and all the good things that are happening all over the world.

When there is so much media full of doom and gloom, instead Global Good Group is the website that you can turn to that is dedicated to quality, independent reporting about what’s going right in the world. Let’s all take a moment to find, see, and hear the good, positive news out there!","","United States"
"Life: get amongst it","211","Retirees often don't know what to do with their new-found time. Life can become mundane unless the retiree takes action to avoid it.
Men can have more problems than women in retirement, in part because their identity is more closely tied to their careers. While employed, they develop a strong routine that brings self-esteem and a sense of purpose.
These can be maintained after retirement if the retiree is open to new ideas. There are lots of activities beyond lawn bowls and cards to occupy and challenge a person. Whether they be volunteering, exploring new or old environments, or learning new skills, challenges for everyone are out there and easy to access.
This video project shows how people can become involved in various activities across Australia.

Life: get amongst it would like to thank  Peggy Cameron  for her generous support","","Australia"
"Little Shelter Animal Rescue & Adoption Center","205","One of Long Island's oldest no-kill shelters, is dedicated to saving all companion animals whose lives are in jeopardy.  Through rescue from kill facilities, rehabilitation of sick and un-socialized pets, and a 100% spay/neuter program, Little Shelter hopes to end pet overpopulation and place all dogs and cats in loving homes.  Located in Huntington, NY. Little Shelter is also a part of the Mayor's Alliance for NYC Animals.","",""
"Rabbit rescue & sanctuary","204","🐰🐇 🩵🏡🌲I love the world of pets rabbits 🌎🐰🐇❤️
I care deeply about rabbits and do my best to help them every day. I feed many rabbits in parks and neighborhoods, and I also try to rescue sick or injured rabbits by taking them for proper care and treatment whenever possible.
This work brings me great joy and purpose. It reflects kindness, compassion, cooperation, and a true love for animals and life.
You can support this mission by subscribing to my channel, watching and sharing my videos, and helping spread awareness about caring for rabbits. If you wish, you can also donate to the channel to help support the food, rescue, and medical care for these wonderful animals.
Please share my videos with your friends and help grow a community that cares for rabbits.
Thank you all for your kindness and support.","",""
"Denver Animal Shelter","196","Denver Animal Protection (DAP) provides animal care and protection services for all of Denver County. We foster the human-animal bond by protecting the safety and welfare of Denver's animals and citizens. DAP is committed to providing humane care to companion animals; reuniting lost pets with their owners; adopting pets to loving homes; enforcing Denver County animal ordinances; and proactively educating the public about animals, their needs, and DAP's critical role as a community resource.

DAP operates Denver Animal Shelter (DAS), an open-admission shelter that is home to more than 7,500 lost and abandoned pets each year.

Visit us (M-F) from 10:30am-6:30pm or (Sat/Sun) 11:00am-5:00pm at: 
1241 W. Bayaud Ave
Denver, CO  80223","",""
"Team Pet Rescue","193","Welcome to Team Pet Rescue! 🐾 Our channel is dedicated to showcasing heartwarming rescue stories of animals in need. From abandoned puppies to lost kittens, we capture every moment of their journey to safety and love. Join us in celebrating the courage and resilience of these incredible animals as they find their forever homes. Subscribe and be part of the rescue team! 💖🐶🐱 #Rescue #AnimalRescue #AdoptDontShop","","United States"
"Back to Nature Wildlife Refuge Official","192","www.BTNwildlife.org/donate 
BTN is a non-profit wildlife rehabilitation and education center located in Orlando, FL. We accept Florida native injured and orphaned wildlife for rehabilitation and release (approx. 3.5k animals annually). We are open to the public for visitation and educate with our sanctuary animals. We house approx. 30 non-releasable wild animals including rescued ring tailed lemurs, impaired owls, bobcats, fox, goats, tortoises, squirrels and more! 
View btnwildlife.org to learn about BTN and plan your visit.","",""
"Cuyahoga County Animal Shelter","192","Cuyahoga County Animal Shelter YouTube highlights.","",""
"Abandoned Animal Rescue","191","AAR’s mission is to work towards ending pet overpopulation that results in the euthanasia of unwanted cats and dogs. We do this by providing a rescue and adoption center, by emphasizing the importance of spaying and neutering and by educating on humane animal ownership. AAR is committed to the emotional, physical, and behavioral well being of each animal in our care. In addition to providing a shelter for abandoned animals, AAR has foster families for special needs animals, litters, and rehabilitation.

AAR is a Cat & Dog Center that includes a limited intake adoption facility, community education outreach, and an affordable wellness and spay/neuter clinic through our partners at Texas Litter Control. Founded in 2002 by dedicated animal lovers Angie Fenton, Barbara Schulz, and James Gordon, AAR is entirely managed and maintained by volunteers.

Follow us here and on our other media for more information about our cause, updates and information on our adoptable animals.","info@aartexas.org; cats@aartexas.org; dogs@aartexas.org; events@aartexas.org; lostandfoundpets@aartexas.org; volunteer@aartexas.org","United States"
"Megan","188","Real life fostering. Real rescue. Real impact.

Follow along as we foster kittens, support our shelter animals at Chain of Hope, and show what rescue actually looks like day to day.

It’s messy, emotional, chaotic and completely worth it.

⛓️‍💥What you’ll see:
• Feline fosters
• Day in the life at the shelter
• Rescue + outreach work
• The highs, the heartbreak, and everything in between

If you’ve ever thought about fostering, or just love animals, you’re in the right place.

🐾 Want to help animals too?
Donate: https://checkout.shelterluv.com/donate/chkc","",""
"Charlie's Animal Sanctuary","187","Dedicated to helping animals in need.","",""
"RedBarnRabbitRescue","184","Red Barn Rabbit Rescue is a nonprofit organization in Oregon committed to the rescue and rehabilitation of domestic rabbits with the hope of finding them safe forever homes. RBRR is dedicated to educating the public on the domestic rabbit with the goal of reducing the number of unwanted, abused, and neglected rabbits.
www.redbarnrabbitrescue.org","",""
"Iron Gait Percherons, Inc. - Draft Horse Rescue & Sanctuary","181","We want to try to save as many of these massive horses as we physically can by going to auctions and purchasing & saving them from slaughter, owner surrenders as well as helping authority seizures across the USA. We refurbish all their medical, emotional & nutritional needs and find them safe, loving forever homes. Many people are not aware of how wonderful a Percheron performs as a riding companion, through our Rescue we hope to inform the public & community of this simple & rewarding new job for these gentle giants.","",""
"Bound by Dogs","180","Bound By Dogs is a dog centered lifestyle brand focused on training, rescue, adventure, structure, and vanlife with Arthur and Kronos. Our mission is to help keep dogs out of shelters through education, real world obedience, and purposeful living.","","United States"
"Wild Horse Rescue Center, FL","180","","",""
"A Better Life Animal Sanctuary","178","A Better Life Animal Sanctuary is a forever home based in Perth, Western Australia for farm animals and others who have been rescued or adopted. Sadly many of our animals were saved from abuse or neglect and as a result we hope to educate and raise awareness of living a conscious, ethical life that excludes the exploitation of animals. Oh, and we like cute animal photos just as much as you do!","",""
"The Animal Rescue Mission","178","ARM was created to rescue, rehabilitate, and re-home animals, while educating the public on how to provide a safer and happier world for animals.","","United States"
"Golden Oldies Cat Rescue","177","Golden Oldies Cat Rescue is a 501c3 nonprofit. We are a resource and advocate for cats ages 6 and older residing in Monterey County, CA, whose guardians can no longer care for them or who are at risk in local shelters. When cats are surrendered to us, they live in our volunteer foster homes until we find permanent loving adoptive homes for them. Call us at (831) 200-9232, email us at info@gocatrescue.org or go to our website at www.gocatrescue.org.","info@gocatrescue.org","United States"
"Maria horse rescue sanctuary","175","#l maria l rescue abandoned horses but I lack support in food kindly requesting support donate to the PayPal link↙️⬇️⬇️⬇️⬇️⬇️⬇️⬇️⬇️⬇️⬇️⬇️⬇️","",""
"Animal Rescue Global","174","","",""
"Foster Army Animal Rescue","171","We take in animals most in danger of euthanasia - the young, the overlooked, the ill, the misfits, the outcasts, and the injured. Our mission is rescuing vulnerable at-risk companion animals from animal control facilities and placng them in caring foster homes until they can be placed in forever homes. A key requirment is raising funds to support medical/behavioral treatment, vaccinations, microchips, food, supplies, and spay/neuter surgeries.

Follow Us!

www.fosterarmy.org
www.facebook.com/fosterarmy
Instagram fosterarmy
Twitter Foster_Army
Snapchat Foster Army Animal Rescue","","United States"
"rabbitrescue","171","","",""
"Buddy dog rescue","171","Am holding a non profitable organisation aimed at compassionating care for homeless and abandoned starving stray dogs and am calling for your support 🙏please donate for  dog rescue. every donation saves a life. 💔 https://wa.me/message/AB3GKADQARWQF1","",""
"Wild Exotics Animal Refuge","168","A NJ 501c3 nonprofit exotic animal rescue. Rescuing & rehabilitating animals from the exotic pet trade in the United States.","wearsaves@gmail.com; wearsaves@gmail.com.please",""
"Animal Talk Podcast","166","🎙️ Animal Talk Podcast

Animal Talk Podcast in collaboration with SAAKA (South African Animal Keepers Association) dives deep into the worlds of animal care, training, behavior, and conservation. Hosted by Ryne Ferguson and Ayrton King, each episode brings you expert insights, behind-the-scenes stories, and real-world experiences from zoos, aquariums, sanctuaries, and conservation programs.

Whether you're an industry professional, student, or simply passionate about wildlife, Animal Talk Podcast delivers valuable knowledge and inspiring conversations designed to educate, connect, and uplift the animal care community.

🌍 Conservation | Education | Professional Insight | Animal Welfare

📩 Contact Us:
Got a question, feedback, or want to connect?
👉 Email: animal.talk201@gmail.com
or check out our socials link in Links 

We’d love to hear from you!

SAAKA: www.saaka.org  

eradioSA: www.eradio.com","animal.talk201@gmail.com","South Africa"
"The Herd That Heals: Tecate Horse Rescue","164","Welcome to The Herd That Heals — where rescued horses find new life, and in the process, help humans heal too. 🐴💜

Here you’ll meet incredible rescue stories, learn how horses teach us compassion, resilience, and trust, and see the daily life of running a 100-acre horse rescue and wellness ranch. From before-and-after transformations to inspiring lessons from the herd, each video is a reminder that healing is possible — for horses and humans alike.

Expect:
✨ Heartfelt rescue stories
✨ Equine-assisted therapy insights
✨ Behind-the-scenes ranch life
✨ Live music & storytelling with the herd
✨ Ways you can join our mission

Subscribe and be part of a community that believes in second chances. Together, we rescue, rehabilitate, and reconnect — because when horses heal, humans heal too.","",""
"Shelter to Home Animal Foster and Adoption HK","161","Welcome to Shelter to Home Hong Kong – a channel dedicated to helping rescued dogs find loving homes. 🐾

We work closely with local shelters and fosters to share real stories of adoptable dogs, peaceful moments, and inspiring journeys. From adoption day highlights to relaxing puppy nap videos, every clip is made with heart.

🎥 What you’ll find here:

Relaxing dog sleep videos with calming music

Behind-the-scenes of foster life and adoption events

Life with rescue dogs — hiking, bonding, silly moments, and more

💛 Support us by subscribing and sharing.
Together, we can help more dogs go from shelter to home.

📍 Based in Hong Kong  |  📸 IG: []  |  🌐","","Hong Kong"
"Storm’s Sanctuary Horse Rescue and Rehabilitation","161","","",""
"Rural Animal Rescue Effort (RARE)","161","💙 We rescue animals in rural areas to find them safe foster and forever homes 📍 Middle Tennessee","","United States"
"Bebette's Bunny Rescue","159","","",""
"Kataluna Horse Rescue","158","","",""
"WanderingVolunteerNL","155","Just a guy from the Netherlands traveling and volunteering around the world.","",""
"Lucky Orphans Horse Rescue","155","People Helping Horses Heal People is the mission that guides everything we do. It holds us to the highest standard of care and rehabilitation for our horses and is at the heart of our educational approach and programming. As a sanctuary, we are committed to the life-long wellbeing of our horses and believe in the healing bond between humans and horses. 

Since Lucky Orphans opened its barn doors in 2008 we have helped many horses, along with some sheep and goats, find a more promising and meaningful future. It is our goal to not only save these wonderful animals but to also strengthen the relationship between people and animals to build a more compassionate future.","","United States"
"Happy Trails Farm Animal Sanctuary","153","","","United States"
"Non-Profit Stories","153","Join us each week, as we share inspiring stories about the challenges, strategies, and successes of non-profit organizations and change-makers in Silicon Valley, who are making an impact in their communities.","","United States"
"Hay Burr Inn Equine Rescue & Sanctuary","152","Hay Burr Inn’s all-volunteer staff is dedicated to saving the lives of horses that are victims of starvation, neglect, abuse, bound for slaughter, or whose owners are unable to provide for their needs. It is our goal to rehabilitate and restore the physical and emotional health of the horses and find them a loving home, or continue to give them the special, intensive care they need to live out their days in peace.","","United States"
"Glendale Animal Rescue Home","150","We are dedicated to rescuing dogs and cats in need, placing them in caring foster or adoptive families.

LINKS—————————————————

Website- www.glendaleanimalrescuehome.org

Instagram - glendaleanimalrescuehome2026

Email - glendaleanimalrescuehome@yahoo.com

Facebook - glendaleanimalrescuehome2026","glendaleanimalrescuehome@yahoo.com",""
"Amazon CARES Animal Rescue Charity","150","Please help our non-profit ranking. SUBSCRIBE by clicking on: http://bit.ly/CARES_YouTube.","","United States"
"Rapid Animal Rescue","149","Dr. V.K. Michael, Hazaribag.","",""
"Bunny Love Rabbit Rescue","144","See Rhinelander Bunny rabbits running, zooming, jumping. Baby Mini Lop kits yawning and snoozing. Harlequins being fashionably present, as always!","",""
"Hope for Horse rescue sanctuary","144","Hello friends this is horses shelter from USA.Please stand with us to save  horses🙏🙏.","",""
"Amazing Animal Rescue","144","🌟 Amazing Animal Rescue 🌟

🐾 We are the voice for the voiceless!
At Amazing Animal Rescue, our mission is to save, heal, and inspire compassion for abandoned, weak, and injured animals.

💡 Powered by Artificial Intelligence (AI) and creative storytelling, we bring to life moving rescue tales that:
✔️ Share inspiring journeys of hope and recovery
✔️ Provide essential knowledge on animal care
✔️ Spread kindness and awareness for all living beings

⚠️ Note: All scenes on this channel are AI-generated simulations and not real-life rescue events. Our goal is to raise awareness and promote compassion without causing harm to any animal.

❤️ Every video is a story of transformation — from despair to hope, from suffering to a second chance. Join us in building a more humane world, one rescue at a time!

👉 Subscribe, share, and be part of this movement for animals! 🐶🐱🐢🐦

📩 For collaboration or feedback: amazinganimalrescue.com","","United States"
"HIdden Pond Farm Equine Rescue","143","Hidden Pond Farm Equine Rescue is a registered 501(c)(3) non-profit organization located in Brentwood, NH. Our mission to save horses in danger of entering the slaughter pipeline, either by buying horses at auction, bailing them out from kill pens, or by assisting owners who can no longer take care of them. We rescue, rehab, and rehome them to safe, loving, forever homes. Learn more at https://hiddenpondequinerescue.org","ediefy@yahoo.com",""
"WILDLIFE RESCUE TEAM","143","WILDLIFE RESCUE TEAM
 We give you the experience of how we rescue fauna
 we rescue animals birds and reptiles , we also feed street animals, we are open for adopting your pets  as well
Since  18/04/2013

WILDLIFE RESCUE TEAM :- Registration no E/20240   

Like, Share, Subscribe !!!

Contact :- Arvind Parmar, 9898828609, 8511002410

For Donation 
IFSC            :-SBIN005305
A/C. No.    :-  33485624932
State Bank of India (SBI), Dharamnagar, Ahmadabad, Gujarat, India.","",""
"Friends of Rescue Animals","142","Friends of Rescue Animals (FRAs) is an all-volunteer 501(c)(3) non-profit organization founded in 2004. Our organization has grown to over 300 volunteers, and with this growth, we now support two municipal shelters -- Rowlett, TX and Garland, TX – and operate our own cat rescue program.  FRAs has helped countless pets avoid euthanasia, find their forever homes and live longer, healthier lives.

Our mission is to provide resources, programs and education to promote adoption and care of homeless pets in our community. FRAs’ vision is a world where every companion animal has a safe and loving forever home. 

Our organizational programs include operating the volunteer program for both shelters, providing funding for heartworm treatments and emergency medical care, accepting cats from the shelter and citizens into our foster-based cat rescue, supporting TNR/SNR efforts for community cats and most recently funding dog transport initiatives.","",""
"USERL","141","United States Equine Rescue League, Inc.  Dedicated to the rescue and rehabilitation of horses, ponies, mules and donkeys.","",""
"Piedmont Farm Animal Refuge","138","Piedmont Farm Animal Refuge (The Refuge) is a non-profit organization that provides lifelong sanctuary to farm animals in need, educates the public about the cruelties of factory farms, and promotes veganism by offering knowledge, support, and community to people interested in living cruelty-free lifestyles.

Visit us at http://piedmontrefuge.org","",""
"AHome4EveryHorse","137","A Home for Every Horse was created in 2011 in result to a partnership between the Equine Network, the nation’s leading publisher of equine-related content, and The American Horse Council’s Unwanted Horse Coalition. The program provides a resource for 501(c)(3) horse rescue organizations.

The A Home for Every Horse program helps connect rescue horses in need of homes, in over 600 rescues across the United States, with people looking for horses. To make the connection between rescue horses and homes, rescue organizations can list their horses for free on Equine.com, the world’s largest horse marketplace, where they can be seen by 300,000 visitors each month.","","United States"
"Panchagarh Animal Rescue And Adoption","137","🐾 স্বাগতম Panchagarh Animal Rescue And Adoption এর অফিসিয়াল ইউটিউব চ্যানেলে।
আমরা পঞ্চগড় জেলার অসহায়, আহত ও অসুস্থ পথকুকুরদের উদ্ধার, চিকিৎসা ও পুনর্বাসনের কাজ করে থাকি।
প্রতিটি প্রাণই আল্লাহর সৃষ্টি — তাদের বাঁচানো আমাদের দায়িত্ব।
📍 লোকেশন: পঞ্চগড়, বাংলাদেশ
📞 যোগাযোগ: [আপনার নাম্বার]
💳 ডোনেশন (Bkash/Nagad): 01345417033
আপনার ছোট্ট সহযোগিতাই একটি প্রাণ বাঁচাতে পারে ❤️
#AnimalRescue #DogRescue #Panchagarh #Bangladesh","",""
"Central Virginia Horse Rescue","136","Central Virginia Horse Rescue, Inc (CVHR) is a  501(c)3 non-profit organization dedicated to the compassionate care of equines.  Our mission is to save, protect, and rehabilitate equines in need.  We rescue unwanted, abused, neglected, or abandoned equines; provide them with care and rehabilitation; and finally find them a compatible, loving home.  We believe that education is the long-term solution to improving the lives of equines.

Our goal is to aid abused, neglected, starving, and unwanted horses from surrenders, animal control, or auctions. We provide food, training, and veterinary care for their recovery. Post-recovery, they're evaluated and put up for adoption to approved homes. Economic challenges have led to increased horse sales but fewer buyers, resulting in more horses in danger. Many are abandoned or auctioned. We offer these horses a temporary haven until a permanent, loving home is found.","","United States"
"CAWS - Community Animal Welfare Society","136","CAWS is a no-kill, volunteer and foster-based 501(c)(3) nonprofit organization whose mission is working with the community to help animals. As Utah’s oldest animal rescue group, our ongoing rescue, foster, education and adoption programs help animals whose time is up at shelters, those who are abandoned, and as our resources allow, those whom their owners can no longer keep.

We are committed to saving the animals that are often overlooked and under-appreciated at local shelters; this includes, the sick, injured, senior and neonatal kittens and their mothers. We are dedicated to helping those special needs animals find their forever homes.

Our rescue and adoption process is sustainable, innovative and effective. In 2015, we rescued and adopted out over one thousand dogs and cats from shelters throughout the state of Utah.","","United States"
"Red Dog Farm Animal Rescue Network","136","This channel is for an animal rescue network. The animals seen in our videos are looking for forever homes. Check us out at www.reddogfarm.com.
Our Mission:
Red Dog Farm Animal Rescue Network is a North Carolina 501(c)(3) nonprofit corporation formed on August 23, 2006 to rescue and rehabilitate neglected, abused or otherwise unwanted animals in and around Guilford County, with a particular focus on domestic farm animals. If you would like to help in this effort, by making a tax-deductible donation, by fostering or adopting an animal, or by volunteering your time, please let us know. Please help us help the ""four-leggeds"" of our community with paws, claws, hooves -- together we can make a difference!","info@reddogfarm.com; LaurenR@reddogfarm.com; andread@reddogfarm.com; baileyt@reddogfarm.com; bethm@reddogfarm.com; taylord@reddogfarm.com",""
"CPCAS","136","Cookeville/Putnam County Animal Shelter","",""
"The Retreat Animal Rescue Farm sanctuary And Cafe","136","Vegan animal rescue shelter, Farm sanctuary and cafe. Holiday accommodation in our glamping lodges and camping. Events field with special educational Vegan fundraising events. Open to visitors 12-4pm Thursday - Sunday ( March til 1st December)","",""
"San José Animal Care Center","135","This is your go-to spot for everything happening at the San José Animal Shelter. Meet our amazing adoptable animals, get helpful training and behavior tips, and see behind-the-scenes moments from our shelter and community. We share success stories, adoption spotlights, educational videos, and resources to help pets and people thrive together.

Whether you are looking to adopt, foster, volunteer, or just love animals as much as we do, you are in the right place. Subscribe to stay connected, learn something new, and help us give every animal the loving home they deserve.","",""
"Costa Rica Animal Rescue Center","135","Dedicated to helping wildlife by all means possible. We aim to rescue, rehabilitate and release. Volunteer with us or donate to make a big difference to the lives of our rescued animals:
www.costaricaanimalrescuecenter.org","","Costa Rica"
"Rustic Wildlife Rescue","134","I am a licensed wildlife rehabber that specializes in small mammals and fawns. I do not work with RVS (rabies vector species so coyotes, skunks, raccoons, bats, etc…) THESE ARE NOT PETS. All animals that come into my care will be released as soon as they are old enough and healthy enough the do so. Wildlife should stay wild they are not pets and should not be deprived of the life they were born to live. 

https://linktr.ee/Kassidy_rustic","",""
"Bonaparte's Retreat Dog Rescue","134","Founded in 2004 by Grammy-winning singer-songwriter Emmylou Harris, Bonaparte’s Retreat is named in memory of one of Emmylou’s own beloved dogs. For 10 year, Bonaparte traveled ""on the road"" with her as she performed around the world. When he died suddenly in 2002, Emmylou was heartbroken. But her personal loss became the genesis of something remarkable. Emmylou established Bonaparte’s Retreat, a 501(c)3 nonprofit dog rescue organization in Nashville and dedicated to providing nurturing care for adoptable dogs when their allotted time at a shelter has elapsed. Our mission is to prevent these wonderful animals from being euthanized and to adopt them into permanent, loving homes.","",""
"Animal Care Sanctuary","129","","","United States"
"Global Cat Rescue","127","Welcome to our AI-powered ""Global Cat Rescue"" stories. 🐾
This channel shares emotional and inspiring rescue journeys of abandoned, injured, and homeless cats. Through AI storytelling, we create powerful rescue moments — from dangerous streets to safe and loving homes.
Every video is about hope, kindness, and second chances.
If you truly love cats and believe every life matters, this channel is for you.
Subscribe and be part of spreading compassion — one rescue story at a time. ❤️🐱","","Bangladesh"
"Animal Rescue Rhode Island","126","ARRI is an animal shelter dedicated to rescuing companion animals in need & to the humane welfare of homeless animals.","info@animalrescueri.org; shelter@animalrescueri.org; events@animalrescueri.org","United States"
"Miss Winkles Pet Adoption Center","125","The Miss Winkles Pet Adoption Center is the leading animal care facility in the Valley. We are proud to help pets find their forever home. Miss Winkles is the adoption center for the Clovis Police Department's Animal Services Division.","","United States"
"AA Dog Rescue","124","","",""
"Broome Animal Sanctuary","120","BAS is an animal sanctuary for unwanted farm animals whose lives are threatened. We raise awareness of factory farm atrocities while promoting a happier healthier and more humane way of life between humans, animals and the environment. 501(c)(3)","info@broomeanimalsanctuary.com","United States"
"Horses with Hope Equine Rescue","119","""Helping rescued horses find their human soul mates""

Horses With Hope is a privately funded equine rescue located in Hope, Maine dedicated to rehabilitating and retraining neglected, starved, abused and at-risk equines, and change the stigma surrounding the rescue horse.
HWH Rescue is dedicated to the compassionate care of equines of all shapes, sizes and backgrounds. Our mission is to rescue and rehabilitate abused, neglected, and abandoned equines and match them with compatible and loving homes based on the individual horse's needs. We believe in using true horsemanship to develop a relationship with each horse, and to help each horse reach its full potential. 
Please feel free to contact us if you would like to hear about other horses we may have available for adoption, or if you are interested in learning more about us.
horseswithhopeme.org","",""
"Titan Animal Rescues","118","Welcome to Titan Animal Rescues ❤️🐾🐄🐍 🩺🚑  — the home of dramatic, emotional, and heart-touching animal rescues. From trapped wildlife to injured street animals, every story is crafted with cinematic detail and deep compassion. and join a  global mission to protect every innocent animal in need. 
Subscribe and be part of the rescue family — because every life deserves a second chance. 🌍

⚠️ TRANSPARENCY NOTICE ⚠️
We create content with honesty and clarity.
🎬 How Our Content Is Made:
Scripts are researched and reviewed using verified sources
Visuals are AI-generated (Veo 3, Meta AI, Grok AI) — not real footage
Footage is for educational illustration only
Final video is edited professionally in CapCut with licensed audio

📌 Important:
All visuals are artificial, created only to explain concepts clearly. 
Purely fictional, and no real animals are harmed or affected.
Real-life procedures should always be handled by trained professionals.","","United States"
"KnoxBotz 4H","116","","",""
"Horse Rescue Heroes","115","","",""
"Griffin Pond Animal Shelter","113","Our Mission
Our Mission is to investigate, help prosecute and prevent cruelty to animals while also promote adoption awareness and humane education plus responsible pet ownership. We promote this all while we care for the animals surrendered to our shelter to the best of our ability every day until we find them new loving homes. 

Griffin Pond Animal Shelter was established as the Humane Society of Lackawanna County in 1938 to provide shelter for homeless, unwanted and abused animals. The shelter cares for over 200 animals on a daily basis, which is a considerable cost when you consider how much staff, food, medicine and supplies the shelter requires to operate. We also provide for animals that are sick, elderly and injured that are in our custody due to various reasons such as owner surrender and cruelty case investigations. 

Our shelter is not affiliated with any other organizations and we are completely funded by private donations. Because we do not receive any federal, state or co","",""
"Tri-County Animal Rescue","109","Tri County Humane Society is 100% NO-KILL 501(c)3 non-profit rescue committed to saving the lives of unwanted cats and dogs who would otherwise be euthanized. We are located in Boca Raton, FL. 

Tri-County Animal Rescue  
21287 Boca Rio Rd Boca Raton, FL 33433
(561) 482-8110
tricountyanimalrescue.com
Animal Protection Organization
Tuesday, Thursday-Sunday 9:30 am -- 4:00 pm","",""
"The Ark of San Juan Companion Animal Rescue","108","The Ark of San Juan Companion Animal Rescue is a 100% volunteer organization based in San Juan Capistrano, California. We are a registered 501(c)(3) non-profit group and our Tax ID number is 83-0493818. Our mission is to rescue the lost and forgotten animals and provide much needed food, shelter, medical attention, foster homes and adoption for them using 100% of the money and supplies donated to us for these purposes. Please visit our website for complete information www.ArkofSanJuan.org.","info@arkofsanjuan.org",""
"Wildlife Rescue","108","Wildlife Rescue is a non profit organisation in Delhi which is a Raptor rescue and rehabilitation organisation.","",""
"Manchester Animal Shelter","107","Friends of the Manchester Animal Shelter (FMAS) is a non-profit, NO KILL shelter and pet resource center. We believe that all animals are deserving of life, respect and care. We provide medical care, spay/neuter, vaccinations, and daily care to over 1,500 abused, abandoned and homeless Manchester animals each year, and also aid thousands of pets and their families each year through our free and low-cost spay/neuter programs, community resources, and pet food pantry. 

Over the past 20 years FMAS has provided care and found loving homes for over 20,000 animals. 

Visit us at 490 Dunbarton Rd in Manchester, NH or on the web at www.manchesteranimalshelter.org.","animals@fmasnh.org; felines@fmasnh.org; info@liveoakwealthmanagement.com; info@manchesteranimalshelter.org; miko@fmasnh.org; miko@fmasnh.org.boris; volunteer@fmasnh.org","United States"
"Wildlife Rescue Unit - Sabah Wildlife Department","106","","","Malaysia"
"Community Animal Rescue Effort - C.A.R.E.","105","Community Animal Rescue Effort is an all-volunteer, nonprofit organization with a mission to serve the communities of Chicago's North Shore by fostering and supporting healthy, positive relationships between people and companion animals. C.A.R.E. rehomes companion pets into safe, healthy, lifelong homes; serves as an educational and counseling resource; and works to reduce pet overpopulation.
http://www.care-evanston.org","",""
"AHS Volunteer","105","These videos of animals that are available for adoption from Asheville Humane Society were taken by volunteers. 
For more info call 828-761-2001 or go to 14 Forever Friend Lane, Asheville NC, during normal adoption center hours. www.ashevillehumane.org","","United States"
"Lumi cat rescue","104","Shining Light of Kindness 🐾❤️
cat rescue, kitten rescue, animal rescue, rescue story, heartwarming story
Welcome to Lumi Cat Rescue, where every video tells a real story of hope and kindness. Lumi helps those in need — sometimes a cat, a kitten, an elderly person, or a child. Watch emotional rescues, heartwarming moments, and inspiring acts of love.
Our mission is to spread kindness and save lives. Every short story shows how small acts can make a big difference.
Subscribe and join the Lumi family ❤️🐱
kindness shorts, emotional rescue, cute cat, inspiring story, viral shorts
#animalrescue 
#kindness 
#shorts","","Türkiye"
"Animal Rescue","102","Welcome to Animal Rescue World, where compassion meets action! 🐾❤️ Our mission is to rescue, rehabilitate, and release animals in need—whether it’s a majestic eagle trapped in the wild, an injured wolf struggling to survive, or a stray puppy searching for a second chance.

🌟 What You’ll Find on Our Channel:
✔️ Ai animal rescue missions 🆘
✔️ Heartwarming before & after transformations ✨
✔️ Homeless pet adoptions & second chances 🏡
✔️ Stray dog & cat rescues from the streets 🐕🐈
✔️ Emotional and inspiring rescue stories ❤️

🐾 Wildlife & Exotic Animal Rescues:
✔️ Wolf rescue stories 🐺
✔️ Camel rescue stories 🐪
✔️ Eagle rescue stories 🦅
✔️ Crocodile rescue stories 🐊
✔️ Anaconda rescue stories 🐍

🔔 Subscribe now for, expert animal care tips, and breathtaking moments in the animal kingdom!
📢 Help us spread awareness by liking, sharing, and supporting our mission to protect animals in need!

#AnimalRescue #WildlifeRescue #SavingAnimals #RescueMission  #HelpStrayAnimals #ProtectWildlife","","India"
"Four Paws Foster Family","101","We are @thebloomees a family of 6 with a passion for animal rescue/foster & adoption. We have our own Sassy sweet and crazy babies. Miss Luna and Mr Buddy, our own rescue cats, and Miss Molly, our 8lb pup. Please like and subscribe & help share in our effort of wanting to help save animals in South Florida. Life is short. Make it count. Save lives ❤️","",""
"Blind Spot Animal Sanctuary","100","","",""
"Your Average Animal Shelter Volunteer","99","I'm just a volunteer who works with animals waiting for adoption. I'll occasionally sneak in videos of my own cats doing cat things but most of my videos will be of dogs and cats waiting to be adopted!","","United States"
"save rabbits rescue","97","*Welcome to save rabbit rescue ]! 🐰*

We're a passionate team dedicated to rescuing, rehabilitating, and rehoming rabbits in need. From abandoned bunnies to those rescued from neglect, we provide love, care, and a second chance at a happy life.

*Join us on our mission to make a difference, one hop at a time! 😊*

- Updates on our current rescues and adoptables
- Tips on rabbit care and health
- Heartwarming adoption stories and successes
- And behind-the-scenes peeks at life at the rescue

*Subscribe for adorable bunny videos and updates on how you can help! 🐾*","",""
"PAWS Animal Shelter","97","Pioneer Humane Society/Pendleton Animal Welfare Shelter is a local, private, non-profit 501(c)3 animal shelter located in Pendleton, Oregon. Watch to learn more about our shelter and our adoptable pets!","",""
"Nalani Horse Rescue - Heaven for Horses","97","Welcome to Nalani Horse Rescue! Our mission is to provide care and rehabilitation to horses who have suffered abuse, trauma and neglect, bring awareness to the plight of unwanted horses as well as provide education on proper horse care.","info@nalanihr.org","United States"
"Amazing Grace Equine Sanctuary","96","RESCUE. REHABILITATION. REHOME.

Amazing Grace Equine Sanctuary, Inc., is a horse rescue and adoption facility in Elkhart Lake, Wisconsin, founded in 2008. We are a 501(c)3 organization, therefore donations are tax-deductible. Our facility is dedicated to rehabilitating these magnificent animals, when possible, to their fullest physical and mental potential. Our goal, once the overall health, well-being, and soundness of a horse are accomplished, is to assess them for possible placement and adoption to a qualified owner.","","United States"
"HOPE Animal Shelter","93","","","United States"
"Cheyenne Animal Shelter","93","The mission of the Cheyenne Animal Shelter is to enhance the quality of life for people and pets through compassion, education, and respect. You can learn more about the Cheyenne Animal Shelter, our impact, and our services by visiting www.cheyenneanimalshelter.org","hmjohnson@caswyo.org; bjchristensen@caswyo.org","United States"
"Farm Animal Rescue Sanctuary UK","93","","",""
"The Humane Society of the united states","92","Dog rescue and all animal rescue - The Humane Society of the United States is the nation's largest animal protection organization, rated the most effective by its peers. Since 1954, The HSUS has been fighting for the protection of all animals through advocacy, education, and hands-on programs. We rescue and care for tens of thousands of animals each year, but our primary mission is to prevent cruelty before it occurs. We're there for all animals, across America and around the world.","",""
"Cat Rescue","91","Cat Rescue Christchurch is an independent Charitable Trust that focuses on reducing stray cat overpopulation by using the trap-neuter-return (TNR) method. Stray kittens who can be socialised (kittens under 8 weeks of age) are desexed and re homed.","",""
"Charming Pet Rescue","91","At Charming Pet Rescue, we focus on rescuing family-friendly dogs and cats—pets that are good with people and other animals. Many of our dogs play together in outdoor yards, where visitors can meet them in a relaxed, social environment.
 
Founded in 2015, we’ve grown into a lifesaving team of staff, fosters, and volunteers who help rehome over 1,200 animals every year. About a third of our pets stay at the rescue, while the rest are in loving foster homes. Our facility is equipped with heating, A/C, and high-powered fans to keep animals comfortable during their stay.
 
Thanks to our dedicated team and community support, we’re giving more pets a second chance—and helping families find their perfect match.

We’re located in Boerne, TX and adopt out locally in Bexar county and the surrounding area. Check us out: charmingpetrescue.org","",""
"Force Family Office","90","Welcome to Force Family Office, a channel built for Family Offices. Our programming focuses on strategies for building generational wealth, philanthropic pursuits, and the best in luxury travel, autos, fashion, and lifestyle. We're just beginning our journey so stay with us as we grow and become a part of our community at forcefamilyoffice.com/tv","","United States"
"The Northwoods Wildlife Center","90","Our YouTube channel will provide videos that show wildlife rehabilitation, releasing animals back to the wild, educational videos, and videos of Northwoods Wildlife Center events.","",""
"East Bay Rabbit Rescue","90","","",""
"Duck And Rabbit Rescue Mission","89","Welcome to [Duck And Rabbit Rescue Mission], where heartwarming stories of unlikely animal friendships and daring rescues come to life! 🦆🐰💖 Follow the adventures of a brave duck and a fearless rabbit as they embark on rescue missions, saving animals in need and forming unbreakable bonds. Each video is a cinematic journey, filled with emotion, compassion, and breathtaking storytelling. From deep forests to snowy farms, our heroes overcome challenges, proving that kindness knows no boundaries. Join us in celebrating the beauty of friendship, courage, and love in the animal world. Subscribe now and be part of this inspiring journey! 🌿✨","",""
"RVR Horse Rescue","87","RVR Horse Rescue is a 501(c)(3) nonprofit organization located in Plant City, Florida.

Mission Statement: RVR Horse Rescue harnesses the power of volunteers to rescue, rehabilitate, and re-home horses that have suffered abuse, neglect, or injury.

Be C.L.E.A.R.
Care.learn.educate.act.rescue 

Watch more videos of horses in our care by subscribing to our YouTube Channel. 

Horse rescue. Volunteer. Community. Education.","","United States"
"Chicagoland Animal Rescue","87","Official YouTube channel for the all-volunteer nonprofit cat rescue Chicagoland Animal Rescue!","fundraising@chicagolandanimalrescue.org; fundraising@chicagolandanimalresuce.org; info@chicagolandanimalrescue.org","United States"
"Foal Farm Animal Rescue","86","We are an animal rescue in Kent, with a non-destruct policy. We rescue dogs, cats, rabbits, sheep, pigs, horses and much more! 
We rehome cats, dogs and small animals, finding loving homes for around 500 animals each year.  We are open to the public from 1.30pm to 4.30pm every day except Tuesdays when we are closed. We have shops and a tearoom on site. For more information see our website:
www.foalfarm.org.uk","cats@foalfarm.org.uk; dogs@foalfarm.org.uk; info@foalfarm.org.uk; smallanimals@foalfarm.org.uk","United Kingdom"
"Jessica Bercovici","85","","",""
"Keno's Animal Sanctuary","84","","",""
"The Cat Rescue Files","82","Please support our channel and cat efforts!
We take care of several colonies in our Shenandoah Valley community. 100+ cats are fed daily with adequate food and shelter throughout the community.
We trapped, spayed, and neutered, over 750 cats so far.  With over 400 adoptions. ALL of the cats that are spayed and neutered are taken care of or adopted out. 
    We are grateful for our supporters. And our local humane society for supporting our cause with free spay and neuter services!
 Follow us on our journeys and the ups and downs of cat rescue 💜 🐈","",""
"DocuPet","82","","",""
"Animal Rescue Center","82","I create emotional, cinematic animal stories — from heroic rescues to heartbreaking goodbyes. My videos focus on loyal dogs, brave animals, abandoned pets, miracle rescues, and unforgettable animal moments that show love, sacrifice, and hope.

On this channel you’ll find:
• 🐶 Heroic animal rescues
• ❤️ Sad animal stories that make you feel
• 🐕 Loyal dogs and true companionship
• 🚑 Animals saving humans and animals being rescued
• 🎬 Cinematic, story-driven animal videos

If you love emotional animal videos, dog rescue stories, heroic pets, animal survival stories, inspirational animal moments, sad dog stories, loyal animals, and true animal stories, you’re in the right place.

New videos regularly.
Subscribe if you believe animals are heroes too 🐾💔✨","",""
"Aiken Equine Rescue","81","Aiken Equine Rescue is the Largest Equine Rescue in SC
Our mission is to rescue unwanted horses who have suffered from abuse and neglect and to ""repurpose"" off-the-track thoroughbreds. 
The Aiken Equine Rescue has placed over 800 horses, donkeys and mules since our founding in 2006. 
By combining our efforts with community programs, donations and our ever-growing group of volunteers, we are able to provide each horse with food, medical attention and personal care until we find an appropriate and responsible placement.
Hope you enjoy our horse videos!
- See more at: http://aikenequinerescue.org","aikenequinerescue@gmail.com; volunteer.aikenequinerescue@gmail.com","United States"
"SARA Sanctuary (Society for Animal Rescue and Adoption)","81","Celebrating a quarter of a century of #UnconditionalLife for all animals in need.","","United States"
"Brave Animal Rescues","81","Welcome to **Brave Animal Rescues** – a channel dedicated to powerful animal rescue stories, emotional wildlife moments, and inspiring acts of compassion.

At Brave Animal Rescues, we share dramatic and heart-touching stories where brave people and kind animals change each other’s lives. From abandoned baby animals to incredible wildlife encounters, every story shows the power of kindness, courage, and hope.

Our videos combine storytelling with meaningful lessons about protecting animals, respecting wildlife, and caring for nature. Each rescue story reminds us that even the smallest act of kindness can save a life.

If you love animal rescue stories, emotional wildlife journeys, and inspiring moments between humans and animals, this channel is for you.

Subscribe to **Brave Animal Rescues** and join us on incredible rescue missions from around the wild world. 🐾","","United Kingdom"
"Honest Reins Equine Rescue","81","","",""
"West Florida Public Libraries","80","","",""
"Burlington Animal Services, NC","80","Burlington Animal Services is a department of The City of Burlington. We are located in Burlington, NC.","",""
"Anthem Pets Animal Rescue","80","Anthem Pets Animal Rescue is a 100% volunteer, non-profit that rescues abused and abandoned cats and dogs, and reunites lost pets with their owners. We work with volunteers, foster families, veterinarians, and trainers to help hundreds of animals every year, and match them with loving families.","Rescue@anthempets.org; Donate@anthempets.org","United States"
"BrainBloom Juniors","80","BrainBloom Juniors is a fun and educational YouTube channel specially created for toddlers, preschoolers, and kindergarten kids.
Here, children can learn through colorful animations, exciting videos, and easy-to-understand lessons.
✨ On this channel, you'll find:
ABC & Phonics
Numbers & Counting
Animals, Birds & Fish
Fruits & Vegetables
Colors & Shapes
Vehicles
English Vocabulary
Fun Quizzes & Learning Games
Easy Drawing for Kids
Nursery Learning Videos
Our goal is to make learning simple, enjoyable, and engaging for every child.
🔔 Subscribe to BrainBloom Juniors and join us for fun learning adventures every week!","","India"
"Ranger Kielak","79","","",""
"SCAS (Saratoga County Animal Shelter)","79","Location: 6010 County Farm Road, Ballston Spa NY 12020 Hours: Mon-Sat, 10-4 Phone: 518-885-4113.","",""
"Southern Pines Animal Shelter","79","Southern Pines’ purpose is to nurture the bond between people and pets through community, compassion, and collaboration to forge a path toward sustainable, responsible, and community-driven lifesaving.

Southern Pines Animal Shelter is a nonprofit animal welfare organization in Hattiesburg, MS. In 2021, Southern Pines Animal Shelter achieved a Lifesaving Rate of over 97.87% thanks to the support of our community and state. Join us as we continue saving more lives than ever before by adopting, fostering, volunteering, and donating.

We're located at: 
1901 N 31st Ave
Hattiesburg, MS 39401

Hours of operation:
Monday - Tuesday:  12pm - 5pm
Wednesday:  CLOSED
Thursday - Sunday:  12pm - 5pm","",""
"Animal Rescue stories","77","welcome to out channel,Animal Rescue Stories is your front-row seat to real-life rescues, remarkable recoveries, and the courage of animals and their human allies. Each week we bring you heartwarming rescues, behind-the-scenes veterinary care, and hopeful journeys of animals finding safe, loving homes. Our storytelling blends urgency with compassion to inform, inspire, and empower viewers to help—whether by volunteering, adopting, donating, or spreading awareness.

What to expect: true rescue stories from start to finish; behind-the-scenes rescue operations, medical care, and rehabilitation; practical tips on animal care and welfare; profiles of rescuers, foster families, and adopters; clear calls to action to volunteer, foster, adopt, donate, or advocate.

This channel is for animal lovers, families, aspiring rescuers, and anyone who believes in second chances. Subscribe and join our community—one rescue at a time.","","United States"
"Animal Rescue and Adoption","77","Welcome to Animal Rescue and Adoption. Find your perfect pet and give them a loving home.","","Australia"
"Nelson horse rescue sanctuary","76","*Horse rescue* is the work of saving horses from neglect, abuse, abandonment, slaughter, or unsafe conditions and giving them a second chance at a healthy life again.","",""
"Palmetto Animal League Adoption Center","76","Palmetto Animal League is a private, non-profit, no kill animal rescue organization that believes every animal deserves a second chance at life. PAL’s Adoption Center, located in Okatie’s Riverwalk Business Park, serves as a temporary residence for approximately 200 dogs and cats while they wait to find a loving home. This comfortable, upbeat facility is also home to PAL's Community Clinic, which offers spay/neuter, wellness exams, vaccines and other vital services to pet owners at affordable prices. In addition, Palmetto Animal League manages a network of loving foster families to house and care for abandoned animals. Remember to shop at the PAL Thrift Store in Sheridan Park where great buys save lives.","",""
"Hallie Hill Animal Sanctuary","75","Hallie Hill Animal Sanctuary, a 501(c)(3) nonprofit in South Carolina, provides a safe haven for animals who have nowhere else to go. We focus on preparing animals for adoption through respite, rehabilitation, and socialization. For those with reduced chances of adoption due to age, medical needs, or emotional challenges, we offer a loving Forever Home with proper shelter, nutrition, and medical care. We can’t change an animal’s past, but we can rewrite its future.

By working closely with local shelters and rescues, Hallie Hill helps Charleston maintain its status as a No-Kill Community, welcoming dogs and cats that might otherwise be overlooked. Every animal here matters, and every day is a second chance.","info@halliehill.com; mike@halliehill.com; j.middleton@halliehill.com",""
"Good Life Dog Rescue","74","Good Life Dog Rescue is a small charity who care about the welfare of stray dogs in the UK. We are passionate about helping these animals who often face an uncertain future. The rescue was established by a passionate animal lover who for over 8 years has been dedicated to helping stray and abandoned dogs in Yorkshire. The charity flys a flag high for the Staffies and cross Staffies who are often the last to find a rescue place.
Good Life Dog Rescue is self funded. We receive no immediate funding and survive on few donations and fundraising. We pay no wages and have no staff. The charity exists with volunteers who are mainly walkers. The founder has a full time job to part fund huge kennelling and veterinary bills.
Good Life Dog Rescue does not have its own kennels so all the dogs in our care board at kennels in South Yorkshire. All our dogs are walked and cared for and all veterinary care is paid for by our charity.","goodlifedogrescue@yahoo.com; info@goodlifedogrescue.co.uk","United Kingdom"
"Woodlands Animal Sanctuary","74","Established in 2005, Our Goal is...
""To relieve the suffering of animals of any species who are in need of care and attention, and in particular to provide or maintain refuge, secure homes, sanctuaries or other facilities for the reception and care of unwanted animals and the treatment of sick or ill-treated animals.""
Donate securely at https://app.donorfy.com/form/SOK1GM5P83/Urgent-Appeal-1Aug24 or https://www.woodlandsanimalsanctuary.org.uk/donate/donate-online/
Our Objectives Include...
RESCUE - To rescue unwanted, ill-treated, abandoned or neglected animals.
REHABILITATE - The rehabilitation of these animals.
REHOME - To provide residential care, or wherever possible to foster out these animals into secure, permanent & loving environments.
EDUCATE - To educate and provide support and advice to the general public in the care of domestic & wild animals.
PROVIDE OPPORTUNITIES - To offer volunteering opportunities to everyone including people with mental health issues & special needs.","",""
"Protectora SAT Animal Rescue","73","S.A.T was founded in 1992 by a group of people of all nationalities who saw the need for a sanctuary for the abandoned dogs that roamed the streets of Torrevieja, Spain.

Sociedad Protectora para Animales de Torrevieja’ (or S.A.T) is a registered charity whose aim is to alleviate the local stray and abandoned dog problem. It was formed in 1992 by like minded people and became registered in Valencia as Charity no: 3463. 

Today, with its kennels at San Isidro, it is still a multi-national organisation and a registered charity with the Valencian Community. Our aim is to prevent unnecessary suffering and rehome the many abandoned dogs within the Vega Baja area and now further afield.

SAT is passionately committed to the welfare of all dogs regardless of age, breed and size. 
You can find out more about SAT on our webpage www.satanimalrescue.com","","Spain"
"Wyandot County Equine Rescue","72","","",""
"Tree’s Wildlife Rescue","72","I am a NYS Licensed Wildlife Rehabilitator, since April 6, 2026, and this channel is a documentary to share my journey in wildlife rehab, which begins with two female squirrels approximately 2 weeks old. 

I hope you will subscribe , enjoy learning what wildlife rehabilitators do, learn a thing or two along the way about the wildlife, and support my efforts! 

Wildlife rehabilitators are licensed volunteers. We are not paid for the work we do. There is no state or government funding. We do this work because we care and want to help wildlife in need.","","United States"
"K911 Animal Rescue","72","Come for Kitty Videos, stay to help pets!

K911 is a nonprofit animal rescue in the San Francisco Bay Area that rescues abandoned and displaced cats & dogs who would otherwise remain on the streets and/or be euthanized. Because of our home-based foster volunteers we can help give abandoned, abused, and displaced pets a chance at forever homes.","k911foster@yahoo.com",""
"South West Florida Horse Rescue, Inc.","71","We are a Southwest Florida based Equine Rescue located in Charlotte county Florida.  We strive to be the VOICE for equines that have been mistreated and abused.  We make it a point to ensure that their lives never see pain or suffering again through steady veterinarian advised feeding and medical program attention.  Human interaction is a priority for re-homing potential.  In order to provide a sound future for the equines have and will care for we've developed a thorough foster and adoption screening process.  We ultimately focus on quality not quantity when it comes to adoptions.  

 We ask everyone to thoroughly investigate us as we would you.  Take a look at what we do and see for yourself who we are.  Supporting animal rescues is an important factor in the lively hood of the neglected and abused in your community. We implore people to support legitimate organizations only after you verify that they are in fact legitimate.","","United States"
"Maricopa County Animal Care & Control","70","","",""
"Rhymes World","70","","","United States"
"USAKARA: LA Animal Rescue Center","70","We provide our animals with a loving home—not just a shelter. In addition, for every rescue we provide essential vet care, vaccines, food, and grooming. USAKARA is a Los Angeles based 501(c)(3) non-profit, and we’ve been proudly rescuing animals since 1994.","",""
"Lawrence Humane Society","68","","",""
"Providence Animal Rescue League","67","Helping animals and the people who love them since 1913 💙
#LoveIsAdoptableAtPARL","","United States"
"Evanston Animal Shelter","67","We give companion animals the best chance at the life they deserve through rehabilitation, foster care, adoption and community support that keeps pets with the people who love them.

Located in Evanston, Illinois","EASadoptions@gmail.com; EASAfundraising@gmail.com; youthprogramsEASA@gmail.com","United States"
"Shreiber School of Veterinary Medicine","66","The Shreiber School of Veterinary Medicine of Rowan University is the first in New Jersey. Focused on practical research at the intersection of medicine, engineering, science, business and the environment, the School of Veterinary Medicine is uniquely qualified to advance the health and well-being of animals and humans through the “One Health” concept.","barnesph@rowan.edu; ssvminfo@rowan.edu; ssvmrecords@rowan.edu; vetmed@rowan.edu; ssvmfinaid@rowan.edu; svmadmissions@rowan.edu",""
"HTV KIDS","65","🌈 Welcome to HTV Kids! 💖

Join Hithika, Tanishka, and Vachan on fun-filled adventures where learning meets laughter! 🎉

At HTV Kids, we create safe, family-friendly videos that inspire imagination, creativity, kindness, and curiosity for children of all ages.

✨ On our channel you'll find:
🎨 Fun Activities & DIY Crafts
📖 Bedtime Stories & Moral Stories
🎭 Pretend Play & Family Adventures
🎵 Rhymes & Kids Songs
🧩 Learning Through Play
🎂 Celebrations & Special Moments
🌍 Travel & Outdoor Fun
🎮 Games, Challenges & Lots of Smiles

Our mission is to create joyful memories while helping children learn, explore, and grow in a positive environment.

💖 Big Dreams • Little Stars • Endless Smiles

📅 New videos every week!

👍 Don't forget to Like, Subscribe, and turn on the 🔔 Notification Bell so you never miss an adventure with HTV Kids!

Thank you for being part of our growing HTV Kids family! 🌈✨","","United States"
"HealingHeartAnimals","64","Healing HEART Sanctuary is a sanctuary for disabled animals.  Children are invited to come to Healing HEART Sanctuary, whenever possible, to help in the healing and rehab of the animals. The children usually have either mental, physical, emotional, and/or attitudinal challenges.  Helping some other being get back on its feet can be the biggest step to getting yourself out of your own way and back on your own feet.","",""
"Kitsap Animal Rescue & Education (KARE)","64","Kitsap Animal Rescue & Education (KARE) is an volunteer-powered, non-profit organization, based out of Kitsap County, whose mission is to provide animal welfare education as well as animal rescue/shelter support for the community. 
Adopt | Foster | Volunteer | Donate | Learn

Learn more by visiting www.nwkare.org
Follow us on Facebook: www.Facebook.com/NWKARE
Follow us on Twitter: www.Twitter.com/NorthwestKARE","","United States"
"Little Hearts Rescue","63","Nonprofit Small Animal Rescue located in Northern California 💜","",""
"Into My World","63","","",""
"One Love Animal Rescue","63","The mission of One Love Animal Rescue, Inc. is to help abandoned, neglected, abused and unwanted pets by partnering with shelters, rescue groups and the community to facilitate adoption of these animals into permanent and loving homes. 

Our goal is to save one life at a time by promoting local animal shelter adoptions and raising awareness in our community about responsible pet ownership. We strive to highlight the importance of spaying or neutering pets which will aid in the reduction of overpopulation. We believe that appropriate and positive reinforcement training and socialization of these shelter animals will lead to well-adjusted family pets, thereby decreasing the number of abandoned animals in shelters. 
Our dream is that one day all the shelters will be empty because every pet will have a home.

One Love Animal Rescue, Inc. is a volunteer based organization located in Savannah, Georgia. While we await approval of 501(c)3 status, we operate as a non-profit organization.","adoptme@oneloveanimalrescue.com; foster@oneloveanimalrescue.com; info@oneloveanimalrescue.com; christina@oneloveanimalrescue.com; karrie@oneloveanimalrescue.com; operationpetsolutions@oneloveanimalrescue.com; pam@oneloveanimalrescue.com; rebecca@oneloveanimalrescue.com; volunteer@oneloveanimalrescue.com",""
"Seattle Humane Education","63","","","United States"
"HARTT","63","HARTT (Humane Animal Rescue and Trapping Team) is an all-volunteer Arizona nonprofit organization that humanely captures lost pets, homeless dogs, and homeless cats who are severely injured (in other words, we don't do feral cat trapping).  We rescue animals who tend to run away from people and who cannot be easily leashed or picked up, using specialized training and humane capture equipment.  We also support owners with lost pet searches and lost pet consulting.  We are supported solely by donations.","","United States"
"Animal Care","62","Animal Care is a small animal rescue chairty in Lancaster, UK. We have been a registered charity helping animals since 1978. We take unwanted and abandoned animals in from all over the North West and look after them until we can find them loving new homes.  We save predominantly dogs, cats, rabbits, guinea pigs, and rodents. We rehome over 800 animals every year.","reception@animalcare-lancaster.co.uk; rehoming@animalcare-lancaster.co.uk","United Kingdom"
"Rabbit Rescue","62","🐇Hello! Welcome to our channel! We bring you great stories about rabbit adventures!

Channel Purpose

Each video on our channel will feature stories about rabbit adventures in various climates. The main theme or central character of our channel is rabbit's and their landscapes. Every mile is a new story, a new discovery, and there's nothing like feeling the wind on your face as the world passes by.

Subscribe to our channel for more stories! Thank you!🐇","",""
"Thornberry Animal Sanctuary","62","Thornberry Animal Sanctuary is a well established and well-supported animal rescue charity in South Yorkshire. Follow us here for videos from the sanctuary and our events.","info@thornberryanimalsanctuary.org; thefarm@thornberryanimalsanctuary.org; thornberrycafe@gmail.com",""
"Oak Tree Animals' Charity","60","Oak Tree provides a safe place for all animals in their time of need. We look to rehome dogs, cats, and equines and work to support good, long-term healthy relationships between animals and their owners out in the community.

Founded in 1909 by Francis Cox, who campaigned for better working conditions for pit ponies and other working horses, the refuge has now grown to provide a home for horses, goats, sheep and cattle. It’s also a safe haven for stray, abandoned or unwanted dogs and cats who are awaiting new homes through our Adoption Programme.","","United Kingdom"
"Cherry Tree Cat Rescue","60","Cheery Tree Cat Rescue

An Independent Cat And Kitten Charity Based In The United Kingdom Which Specialise In Neonatal Specialist Care
We Are Two Women With Over 30 Years Of Experience In Feline Rescue And Rehabilitation, Specialising In Hand-Rearing And Taking On The Most Challenging Rescues. We Have A Small Army Of Cat Angels (Our Fosterers) Who Have Many Years Experience And Each Is An Expert In Their Own Ways. 

Here You Will Find Stories Past And Present On Our Rescues, Re Homes And Journeys. There Will Be Informative Videos Alongside Some Funny Kitten Ones! 

Please Like, Subscribe And Share Our Page","",""
"Chile Inside","59","","","Chile"
"actionforsgdogs","59","","",""
"ELM Cat Rescue","59","At ELM Cat Rescue, our rescues are our inspiration. We learn from them, admire their acceptance, and follow their lead. We don't discriminate and we don't judge. Some come to us healthy and socialized; others need urgent care. Many have no trust for humans. We spend countless hours bottle feeding, administering medications, providing fresh food and water, and clean litter boxes - all on top of the constant running of our washing machine. We open our hearts to every personality; laid back, rambunctious, skittish, cuddly, and feral. We accept every age from newborn to senior, both genders, and we will take in any breed or colour.

We do this as mothers of children, working full or part time, volunteering, and battling our own private matters. We have often been commended for our care and ongoing support to our adoptive families. With all this in mind however, we are nothing without our ""village"". It is because of all our supporters that we are able to continue doing all that we do","",""
"UND Communicator","59","The Communication Department at the University of North Dakota is a unique, multi-disciplinary program offering an undergraduate degree and minor as well as graduate programs. Students have an opportunity to study closely with faculty across the broad range of communication areas and to prepare themselves for both careers and citizenship. In addition, students can be active in campus and community life through numerous student organizations and opportunities available through the classroom.","",""
"QuietGameCorner","59","🌙 Welcome to QuietGameCorner, a quiet space for games worth discovering.

Here you'll find calm gameplay with no commentary and no pressure. 
Just the games themselves: their worlds, sounds and little moments.

I especially enjoy discovering cozy games, hidden gems, demos and playtests, and sharing games that I genuinely enjoy. Sometimes that means exploring a small indie title that deserves a little more attention; other times it's simply a game I enjoy getting lost in.

I play at my own pace and share the moments I find interesting, relaxing or worth discovering.

🎮 No commentary. No microphone. Just gameplay.

Game suggestions are always welcome. 🌱","","Netherlands"
"Furever Home Animal Rescue DMV","59","Welcome to Furever Home Animal Rescue! www.fureverhome-rescue.org

We’re on a mission to save the underdogs — literally. Based in DC, Maryland & Virginia, we rescue dogs in crisis (with a soft spot for pitties facing breed discrimination) and help them find the loving homes they deserve.

💔 From high-risk shelters → 💕 to forever homes
🐕‍🦺 Fighting breed stereotypes
📣 Spreading the word on responsible pet parent life

Whether you’re here to adopt, foster, or watch some adorable dog videos — you're part of the pack. Let’s build a world where every dog gets their fair shot. #AdoptDontShop #PittiePower #fureverfamily 

If you are a DC, Maryland, or Virginia resident, check out our adoptable dogs here: https://www.fureverhome-rescue.org/","",""
"Dove creek horse rescue","58","""🐴❤️ Urgent! Help us save horses from starvation & suffering! 🐴❤️ Your support is their last hope. Please donate to our rescue efforts & share our story. Every $ counts, every share matters. Together, we can give them a 2nd chance","",""
"Alone No More Dog Rescue","57","Alone No More Dog Rescue is a nonprofit 501(c)(3) volunteer-based animal welfare organization dedicated to rescuing homeless dogs from overcrowded kill shelters.","Info@anmdogrescue.org","United States"
"Cat Rescue Suzie Q Zoo","57","","",""
"ARCH Horse Rescue Spain","57","","",""
"PEACE Rescue & Support","56","People Ensuring Animal Care Exists (P.E.A.C.E.) is a registered Canadian charity established to help farmed animals and farm sanctuaries through resources, rescues and education. 

RESOURCES
www.peacecanada.org/resources
On our website: free and discounted resources for Canadian farm sanctuaries, from discounted lawyer fees to help sanctuaries get their charity status to free technology and grant options for projects! We also organize events, education classes, and workshops for farm sanctuaries, the public, teachers, and other non-profits. Also on our website: come find your local sanctuaries by region, resources if you would like to start a sanctuary yourself, and so much more!

RESCUES
www.peacecanada.org/rescues
We started in 2019 to help farm sanctuaries and farmed animals as we saw a need for an organization dedicated to helping with rescue and transport of farmed animals in BC, Canada. 

EDUCATION
To learn more about P.E.A.C.E. Humane, visit www.peacehumane.org","","Canada"
"Sunrise Horse Rescue","56","Sunrise Horse Rescue - http://www.sunrisehorserescue.org/ - is a non-profit horse rescue and sanctuary located in Napa County, California. We are dedicated to saving horses and providing them with forever homes. Children and adults in the community gain life-enhancing skills by assisting in the rehabilitation of these horses and providing them with the loving attention they so deserve.","",""
"Stray Paws Rescue - St. Louis, Missouri","55","STRAY PAWS RESCUE

Protect and Improve The Lives of Rescue Dogs
Stray Paws Rescue is a 501 (c) (3)  nonprofit, foster-based rescue. Our organization believes it is our moral responsibility to protect and improve the lives of rescue dogs to place them in loving permanent homes.

Our mission is to save lives, keep our community informed on humane education, training and loving treatment of our companions, and finding the best fit for both the animals in our care and potential forever families!

We are an all-volunteer, foster-based rescue organization we do NOT have a shelter. We have a group of amazing foster parents who open up their homes to provide these babies a safe, loving, and caring environment while find them great forever homes.  Our animals stay in loving foster homes where they are socialized, loved and evaluated to determine the best type of environment for their personalities.","",""
"WiresNSW","54","","",""
"Bergen County Horse Rescue","53","Caring for Horses - Mind, Body & Soul.

The Bergen County Horse Rescue, founded in 2016, strives to provide a safe, loving environment for our horses so they can freely interact with each other in their herds, as well as with our volunteers and with visitors to the farm. BCHR is dedicated to the rescue and rehabilitation of abused, abandoned and neglected horses.","",""
"Fayette County Animal Shelter","53","","",""
"AAWLHS1","52","","",""
"The Snake Catchers Podcast","52","","","Australia"
"St. Nicholas Animal Rescue","51","Saint Nicholas Animal Rescue Dominica is the first and only non-profit Animal Rescue organization to provide shelter, and emergency after-hours rescue to animals across the Commonwealth of Dominica.

We also rescue, shelter and rehabilitate sick, injured, abused, handicapped and blind animals. 
We are a recognized and registered official nonprofit organization. All our board members and staff are volunteers dedicated to improving and saving animal lives through quality care and compassionate programs such as the emergency after-hours rescue, rehabilitation and adoption services.","",""
"Sammamish Animal Sanctuary","51","Sammamish Animal Sanctuary is a 501(c)3 non-profit farm animal sanctuary that provides forever homes for abused, neglected, unwanted, and/or homeless barnyard animals. We love sharing videos of the wonderful animals at our sanctuary and spreading the word about our rescued residents.  We are open to the public free of charge so that everyone has the opportunity to enjoy the animals and the peaceful surroundings at our sanctuary.  We operate with nearly 150 volunteers making sure our residents are safe and happy. As we do not receive government funding or large corporate donations, we rely on the generosity of amazing donors to help us pursue our mission.  Please visit our website for donation and volunteer opportunities: sammamishanimalsanctuary.org","christi@sammamishanimalsanctuary.org; diane@sammamishanimalsanctuary.com; jen@sammamishanimalsanctuary.com; jen@sammamishanimalsanctuary.org","United States"
"Mackenzie's Animal Sanctuary","50","Mackenzie’s Animal Sanctuary is Mid West’s largest No-kill facility dedicated to providing ‘A home along the way’ for dogs in transition.

Our MISSION is to find loving homes for abused, abandoned and neglected dogs... to spay/neuter our rescued dogs to stop the cycle of unwanted litters...to assist in public education for the betterment of our local animal community... Maintain the highest standards of care for our animals, including general and extensive veterinary care, behavioral training, housing, love, tenderness and compassion.

This channel shows you everything and anything related to the dogs in our care.","",""
"Woodfield Animal Sanctuary","50","","",""
"Rabbit's Rescue","50","Welcome to Rabbit's Rescue! 
Join us for heartwarming stories of brave rabbits on thrilling adventures! Our channel is all about heroic rescues, kind deeds, and uplifting tales set in magical worlds. Every video features lovable rabbits leading the way, helping animals, spreading positivity, and teaching valuable lessons. Dive into our enchanting stories and feel the joy of doing good!","",""
"Rabbit Rescue 0-2","50","🐰 Rabbit Rescue 0-2 | Saving Helpless Rabbits!

Welcome to Rabbit Rescue 0-2, a channel dedicated to rescuing rabbits in need! Here, you'll find heartwarming rescue missions, rabbit care tips, rehabilitation stories, and efforts to give these innocent creatures a second chance at life. Our mission is to protect, rescue, and provide a safe home for every rabbit in distress.

❤️ Join Our Mission!
✅ Subscribe to support rabbit rescues
✅ Like & share to spread awareness
✅ Comment and share your thoughts

#rabbitrescue  #SaveTheBunnies #bunnycare  #rescuemission","",""
"REEL ANIMAL FRIENDLY","50","Sparking Your Curiosity For the Lives and Welfare of Animals.","","United States"
"Hua Hin Animal Rescue Heroes","48","Everyone can be a Hero. Together, let's support independent local animal rescuers who dedicate their lives to saving abandoned,  abused and injured animals.","","Singapore"
"Cincinnati Animal CARE Foster Team","48","Cincinnati Animal CARE is committed to the safety, care, and protection of all animals in our community. Since our establishment in 2020, we have been a no kill organization that operates as Hamilton County's only animal shelter. 

The Foster Department prioritizes animal's care and wellness by allowing them to spend the time they are in the shelter's care in a home. We are so lucky to have the community we do; a community that has helped us save thousands of lives through fostering!

Learn more at cincinnatianimalcare.org/foster today!","",""
"Wanderlust Family Travels","47","We are a small Australian family who doesn't allow our geographical location to define our adventures. Whether 10 mins from home or 10000 kilometres away we enjoy to travel, love, learn and to share.
Camping in tents, budget accommodation or even converting a school bus into a motorhome, we do it all and aim to share the highs, lows and any tips we pick up along the way.

We have sold our home and now  liveaboard our 42 foot Fountaine Pajot Venezia Catamaran. We will soon start sharing our sailing journey, including all the highs, the lows and the amazing adventures. 

Follow along if you would like to see our journeys.","",""
"Rugby Creek Animal Rescue","46","Rugby Creek Animal Rescue, Inc (RCAR) is registered as a Virginia non-profit corporation and is designated by the IRS as a 501(c)3 tax-exempt charitable organization so donations can be tax-deductible and all donations support our rescue program.  RCAR is dedicated to the rescue, rehabilitation, retirement and adoption of at-risk, injured and geriatric animals.

We are reaching out to you to open your heart and help support our rescue so that we can in turn help animals in need.  We believe that as your browse through our website you will feel conected in some way to the animals here at RCAR and that you will feel a calling to assist us in our efforts to save them!  All donations, large or small, are considered generous and greatly appreciated, remember donations are tax-deductible!

www.rugbycreekanimalrescue.org","rugbycreekanimalrescue@gmail.com",""
"Animal Rescue Center","45","On this channel you will find animal rescue stories based on real events. Each video is a creative reconstruction, produced from scratch using 3D animation, live-action footage and advanced digital technologies. Our mission is to remind the world that every animal deserves care and a happy life, and to inspire people everywhere to treat them with kindness and respect.","","United States"
"Animal Rescue of the Rockies","44","Animal Rescue of the Rockies rescues homeless dogs and cats from shelters and places them in loving foster homes until their forever homes are found.  We promote spaying and neutering to reduce pet overpopulation and encourage quality relationships between pets and their people through behavior resources and training.","",""
"Oasis Second Chance Animal Shelter (OSCAS)","43","Oasis Second Chance Animal Shelter Ltd (OSCAS) is a registered charity devoted to caring for over a hundred rescued stray mixed breeds. These dogs are rescued from industrial estates, parks and urbanisation of jungles to save them from being culled by the local authorities. More than a hundred 'Singapore Specials' call OSCAS their home as they wait for their right families to come along.

Stray rescue in Singapore is a long tiring journey and a never-ending issue. OSCAS was founded by two ladies who have been relying on their life savings to support the dogs. Help is needed for the shelter to continue caring for the dogs.

""Lend a Hand, Save a Paw""

www.facebook.com/oscas.sg
www.oscas.sg","enquiry@oscas.sg",""
"BloomingtonAnimalShelter","42","Bloomington Animal Shelter
3410 S Walnut St, Bloomington, IN 47401
(812)349-3492
 
bloomington.in.gov/animalshelter
facebook.com/COBanimalshelter","",""
"Salish Wildlife Rescue","42","Our mission is to promote the well-being of wildlife and their habitats through rehabilitation of injured and orphaned wildlife, public education and non-invasive research. Friday Harbor,  San Juan Island, WA","","United States"
"Hooves & Paws Animal Rescue","42","Hooves & Paws Animal Rescue is a no-kill, nonprofit animal rescue that saves the lives of abused and abandoned animals.  The Hooves & Paws sanctuary is currently home to over 150 animals, including dogs, horses and farm animals.  Support our work today and help make a difference for animals!","",""
"AHIMSA FARM ANIMAL SANCTUARY","42","where rescued farm animals live their lives free and happy.","",""
"StrayAid Rehoming","41","Stray Aid is a registered charity, Charity No. 1117372, based in Coxhoe, Durham. Our mission is to rescue, re-unite or rehome the lost, abused, abandoned or unwanted dogs found on the streets in the North East of England. Without your support, we are unable to provide this vital lifeline and we will not succeed in giving these unfortunate dogs a new start in life.  Our aim is to provide practical help and information on stray, lost or abandoned dogs and cats across County Durham, Hartlepool and Middlesbrough. 

This is a very exciting time for the charity. We are raising funds to purchase and redevelop the original boarding kennels site into the new Stray Aid Animal Rescue Shelter. This will complement our existing facilities, allowing us to expand and modernise our kennels. Please help Stray Aid raise £250,000 to purchase our site! Donate now at https://www.justgiving.com/StrayAid-Charity3","",""
"Helper Man Animal Rescue","41","🐾 Welcome to I Am Helper Man  Animal rescue ! ❤️
Here you'll watch heartwarming animal rescue stories, DIY pet shelters, feeding homeless animals, caring for dogs, cats and other animals, and inspiring acts of kindness.
Our mission is simple: Help Animals • Spread Kindness • Save Lives
If you love animals, subscribe and become part of our family. Every like, comment, and share helps us reach more animal lovers.
🐶 Dog Rescue | 🐱 Cat Rescue | 🏠 DIY Pet Houses | ❤️ Animal Care | 🎥 Daily Shorts
Subscribe now and support our mission! 🙏🐾","","India"
"video mission (Max Sternlicht)","40","Video Mission is Maxwell Sternlicht's social activism YouTube Channel (2014-2019). For Max's new social activism films, please visit maxsternlicht.com","",""
"Animal Rescue Tails","40","RescueTails🐾 is a home for powerful emotional animal stories that celebrate love, loyalty, and compassion. If you enjoy dog loyalty stories, inspiring animal rescue stories, and unforgettable heart touching animal moments, this channel is for you.

We create short cinematic storytelling designed for YouTube Shorts, sharing real and emotional moments between animals and humans. From brave rescues to loyal dogs who never give up, our emotional animal stories and animal rescue stories highlight the kindness and courage found in the animal world.

At RescueTails , you’ll discover touching dog loyalty stories, unexpected animal friendships, and heartwarming heart touching animal moments that inspire hope.

Subscribe for daily emotional animal stories and meaningful animal rescue stories that remind us how powerful love and loyalty can be. 🐶❤️","","United States"
"Joanah horse rescue sanctuary","39","Save horses today by donating link in bio 🙏🙏🙏","",""
"WILD ANIMAL RESCUE ORGANIZATION,SOLAPUR","39","","",""
"13 Hands Equine Rescue","38","13 Hands Equine Rescue is a Not for Profit 501c3 Animal Rescue.  We specialize in the rescue of unwanted, abused and slaughter bound horses.  Most of our horses are rescued from kill pens and auction houses where we are their last chance.  The slaughter of horses is a highly profitable business and most of the horses are ill-treated, underfed and scared in the hopes of making the most money for them.  All of our horses are sent to a Quarantine facility for 30 days so they can rest and regain their health and strength. Once they are approved by a licensed veterinarian they are sent to our facility and begin their journey to the horse they were meant to be.  Some of them will be trained and evaluated to be used in our program for therapy for the human-equine connection.  Others will be adopted out to other loving homes and some will stay and become 13 Hands full time residents.","",""
"Do Better DoneDeal","38","We set up this group to monitor adverts for compliance with Animal Health and Welfare laws. 

Our aim is to push for better resourcing, regulation and enforcement of those laws and to push for changes in legislation that will make our laws more effective and supportive of one another.

This channel will be used to group together Videos that are relevant to the topic of puppy farming and animal welfare in Ireland.

We want to put an end to puppy farmers and dog smuggling in Ireland","",""
"Learning Made Fun","37","","","India"
"Family Support Services of North Florida","37","Family Support Services of North Florida (FSSNF) is the lead agency for foster care, adoption and family preservation in Duval, Nassau, Pasco and Pinellas counties in Florida. Through community-based care, FSS provides services and programs to help prevent child abuse and neglect, to promote a healthy family environment and prevention services, care for our community's children in foster care, and permanency through adoption. The nonprofit organization was established in 2001 to provide child protective services in Duval County, and was expanded to also serve Nassau County in 2007. In 2022, our community of care expanded to Pasco and Pinellas counties in Florida's Suncoast. Learn more about our mission and support services at familysupport.org.","","United States"
"Lukuman’s Rescue Sanctuary","36","Welcome to Sanctuary of the Lukuman’s Rescue 6)🐾🐎
Where every hoofprint has a story.♥️
We rescue, love, and rehabilitate donkeys and horses who've been forgotten, abandoned, or mistreated.
Watch their journeys from heartbreak to healing - because every soul deserves a second chance.
Subscribe to be part of the healing herd.♥️","",""
"Rustic Farms Animal Rescue","36","We are a non-profit animal rescue. Most of the animals that come here, stay here to live a peaceful carefree life and are treated with love and kindness. These animals all come from different situations and different abusive or desperate living conditions. We strive to let the animals know they can trust humans again and they are in a safe place. These animals basic care, medicine if needed, maintenance needs like regular trimming, vaccinations, and supplements. We moved to this 23 acres to retire and enjoy the simple life. Instead we are busier than ever. The rescue just happened by accident but has truly become a labor of love for us. We hope you enjoy our journey.","",""
"Miami Animal Rescue","36","","","United States"
"Willoughby Farm Animal Rescue & Campground","36","","",""
"Rescue Pet Diaries","35","Welcome to our rescue transformation journey 🐶✨

We rescue abandoned and neglected street cat and give them a second chance through love, care, grooming, and rehabilitation. From severely matted fur to incredible transformations, every story on this channel is about hope, healing, and kindness.

Here you’ll find:
• Emotional cat rescue stories
• Extreme grooming transformations
• Rescue cat makeovers
• Before & after transformations
• Heartwarming animal recovery journeys

Our mission is to spread awareness for animal rescue and inspire more people to help cat in need.

Subscribe and join us in changing lives — one rescue at a time ❤️

#Catrescue #Rescuecat #Cattransformation #AnimalRescue #CatGrooming","","India"
"G.B.S. Animal Shelter","35","🐾 Jai Kalbhairav Namah 🐾
Rescuing. Healing. Rehoming.
We are not just a shelter — we are a lifeline for those who cannot speak.
Every day, we rescue animals who are:
Severely injured
Abandoned and starving
Fighting infections, maggots, and pain
Left behind with no hope
We provide them:
Emergency medical treatment
Daily food and care
Safe shelter and recovery
A second chance at life
💔 The reality:
Medical care, food, and shelter costs are rising daily. Many lives depend on timely help, and sometimes saving even one becomes a challenge.
🙏 Your support can save lives:
₹50 feeds a dog
₹500 supports basic treatment
₹1000+ helps with surgeries and critical care
Every rupee brings hope.
🐶 On this channel, you will see:
Rescue missions
Recovery journeys
Adoption stories
Shelter life & awareness
✨ Every rescue is a second chance. Every life matters.
🤍 Be their voice. Be their hope.
👉 Donate. Share. Subscribe. Support.
""मुक्या जीवांची सेवा, हाच आमचा वसा.""","",""
"Rabbit's Rescue","35","🐰🐰 Hello! Welcome to our channel! 🐰🐰

We bring you exciting stories of rabbit adventures!

Our channel is dedicated to heartwarming stories of rabbits and their adventures in kindness! Watch as our furry friends help animals and birds in need, spreading love, care, and compassion along the way.

🌿 What We Share:
✅ Inspiring rabbit rescues
✅ Helping animals and birds in need
✅ Acts of kindness and friendship

Subscribe to our channel for more amazing stories! Thank you for your support! 🐰🐰","","India"
"Dawg Squad","35","The Dawg Squad is an all-volunteer animal rescue working in the Los Angeles area. We rescue at-risk animals focusing on homeless and abandoned dogs providing medical care, rehabilitation and loving foster homes until a permanent, adoptive homes can be found. 

All animals are spayed, neutered and microchipped prior to adoption.
To date we have rescued and placed over 1100+ animals in loving homes.

The Dawg Squad is an all-volunteer organization. It has no paid employees or salaried officers.  We do not have an  expensive shelter facility; we foster every animal in volunteers' homes or approved kennels before finding homes.","dawgsquad@rocketmail.com",""
"WISH Animal Rescue","35","WISH Animal Rescue is located in Western Australia. WISH Animal Rescue aims to promote animals welfare by supporting the rescue, rehabilitation and re-homing of unwanted dogs and cats. We hope to provide a balance between dogs and people through support and education.

WISH Animal Rescue is a community based, not for profit organisation, run entirely by a dedicated team of experienced volunteers.

For further details on fostering, donating or adopting, please contact wishrescueteam@gmail.com or visit www.facebook.com/WISHAnimalRescueTeam","wishrescueteam@gmail.com",""
"Lily's Place Animal Sanctuary","35","","",""
"Advance Wildlife Education (Che)","34","","",""
"Save A Life Pet Rescue","34","","",""
"Collierville Animal Services","34","The Collierville Animal Shelter is dedicated to helping abandoned, injured, and lost animals in our community. We strive to provide resources, information, and education to the public in order to promote better care and treatment of the animals we love.","",""
"Brooke'sLegacy AnimalRescue","34","Brooke's Legacy Animal Rescue

Saving animals from kill shelters and arranging adoptions throughout Florida. Based in Naples. 

Dogs, cats, horses....

visit us at:
www.brookeslegacyanimalrescue.org","INFO@brookeslegacyanimalrescue.org",""
"Mazatlan Animal Rescue","34","We rescue, rehabilitate and rehome Mazatlan's abandoned animals.","","Mexico"
"Animal Rescue Center","34","Welcome to Animal Rescue Center, where every life matters. ❤️
Our channel is dedicated to rescuing, caring for, and helping animals in need. From heartwarming rescue stories to recovery journeys and animal care awareness, we share inspiring moments that highlight compassion, hope, and the bond between humans and animals.
Join us as we give vulnerable animals a second chance at life and spread kindness, one rescue at a time.
🐶 Animal Rescues
🐱 Recovery & Rehabilitation
🐦 Wildlife & Pet Care
❤️ Inspiring Rescue Stories
Subscribe and be part of our mission to make the world a better place for animals. 🐾✨","",""
"FaithAnimalRescue","33","F.A.I.T.H. is a registered Animal Charity, we rescue and rehome unwanted, ill-treated and abandoned animals. 

For futher information click the link to our website. 

A video showing our work is currently in production and will be uploaded for viewing within the next 8 weeks.","",""
"Equine Rescue Services","33","Equestrian Vehicle Breakdown service covering the UK.","",""
"Elizabeth Kay","33","https://www.blackberrysfriends.com/ https://www.elizabethkayart.com/","",""
"Minton Farm Animal Rescue Centre","33","Minton Farm rescues koalas, kangaroos, possums, owls, hawks, eagles, lorikeets, rosellas, parrots, magpies, kookaburras, tawny frogmouths, lizards and tortoises and plays home to a euro, horses, lamb, goats, deer, emus, seagulls, peacocks and a menagerie of other animals.

Minton Farm is a non-government, not for profit, voluntarily operated organisation operating solely on donations, volunteer input and community goodwill.

One of the most of the important goals for Minton Farm is to rehabilitate the animals and return them to where they were originally collected from, so all patients are documented and records kept, ensuring the animals can be released back into their environment.

You can find out more about Minton Farm Animal Rescue Centre's work and animal care tips by visiting their website, www.mintonfarm.org","",""
"Juliet’s House Animal Rescue","33","Juliet’s House Animal Rescue is a nonprofit, foster-based rescue in North Carolina dedicated to saving the most vulnerable animals — especially neonatal kittens, bottle baby kittens, orphaned puppies, and animals with complex medical needs. Many arrive weighing just a few ounces and require round-the-clock care to survive.

On this channel, you’ll see real rescue stories, neonatal care education, and the incredible transformations that happen when fragile animals receive the support they need. From bottle feeding and medical recovery to adoption day, we share the journey every step of the way.

Subscribe to follow these tiny fighters as they grow stronger each day — and see how compassion can change lives.

📍 Based in North Carolina
🐾 Foster-based rescue
💛 Saving the tiniest lives — one bottle baby at a time","",""
"Vancouver Island Dogs Rescue Society","32","""Unleashing Opportunities...""

The purposes of the society are: (a) to rescue dogs in need; (b) to rehabilitate, foster, train, put up for adoption and find homes for rescued dogs (c) to provide pet ownership education;","",""
"Paws-United Dog Rescue","32","Paws United Dog Rescue is a registered charity based out of foster homes in the London and Strathroy area.  We work with local animal shelters and IFAW to place dogs in loving foster homes in preparation for finding their forever homes.  Many of our dogs have been medical cases requiring extensive vet work.

Please visit our website paws-united.com or email paws-united@live.ca for more information!","paws-united@live.ca",""
"Georgia Equine Rescue League","32","Our passion is to help horses in need...
Georgia Equine Rescue League, LTD (GERL) is a non-profit organization with 501 (c) (3) status that believes it is the responsibility of its members to help find solutions to the growing problem of starved, abused, and neglected equine in the state of Georgia.   GERL believes that through education, incentive programs for equine health, and funding of Georgia law enforcement entities, that positive steps can be taken to help reduce and eventually eliminate this problem in our state.","","United States"
"horse rescue","31","please 🙏 support the sanctuary and stop horse slaughter in the world. 🆘we change the Earth through helping horses🐎and providing them with feeds and shelters 🏠.Just follow, share and comment on the sanctuary","",""
"Another Day Animal Sanctuary","30","We created this channel to spread awareness and informational videos about animal rescue. 
We are a non-profit organization that works to help animals in the community we do this through our Ending the Cycle program, Pet Pantry program, Kitten nursery, Microchipping, and Adoptions. 
We want to inspire people to help animals by fostering, adopting, and providing the best care possible to the animals in our communities.
You can help us save more lives by donating money or supplies and by sharing our Facebook page with others!","","United States"
"Home and Animal Rescue Center.","30","Rescuing abandoned dogs. Donations 👇🏾
https://www.paypal.me/lulehn333","",""
"Second Acts Animal Rescue","30","Second Acts is a 501(c)(3) nonprofit organization that fundraises for animal rescue groups nationwide. 100% of all donations received are granted to small, all-volunteer run groups that rescue homeless dogs and cats.","SecondActsFoundation@yahoo.com","United States"
"Animal Rescue Volunteers","29","","",""
"Old Cowboy Animal Rescue Volunteer","29","","",""
"WildlySeenAdventures","29","Wildly Seen Adventures takes you inside zoos, animal sanctuaries, and wild places to experience incredible animals.
We explore family-friendly wildlife destinations, share fun animal moments, and highlight places that care about conservation and animal well-being.

Our goal is simple: helping you find memorable wildlife visits the whole family will love.","","United States"
"Metro Animal Shelter","29","Metro Animal Shelter is a 501c3 non-profit organization whose main focus is to seek as many permanent, loving homes as possible for the hundreds of animals brought to us every year.","","United States"
"Wildwood Farm Sanctuary","29","Wildwood Farm Sanctuary is a 501c3 non-profit organization that provides life-long, peaceful refuge and rehabilitation for abused and neglected farm animals who serve as ambassadors, promoting compassion and inspiring change. Wildwood is named after our 98 acres of pasture, forested property and wildlife sanctuary located in Newberg, Oregon. Wildwood Farm Sanctuary was founded in 2010 by licensed veterinary technician Shauna Sherick who has been working with farm animals for nearly 20 years.","",""
"SCAT Street Cat Rescue","29","Charity #BN 884271180RR0001     -     Non-profit Corporation  #212564

SCAT Street Cat Rescue Program Inc. is a volunteer-driven animal welfare agency which has been saving and bettering feline lives since 1996.

This agency’s primary focus is on feral and homeless cats living on the streets of Saskatoon, Saskatchewan, Canada.  Our goal is to provide a healthier future for each cat brought into the program.

To accomplish this goal, we have built a network of hundreds of volunteers and supporters - everything from colony care givers to foster homes and acreage relocations, and from office management to fundraising event coordinators.  Street Cat promotes a high standard of animal health care thanks to our network of animal health professionals. 

The SCAT Adoption Centre helps approximately 300 cats a year and receives approximately 2000 hotline calls yearly from members of the community requesting help for cats.","contact@streetcat.ca; directors@streetcat.ca",""
"Iberian Horse Rescue","28","","",""
"Danny Rangel","28","","",""
"Rabbit Rescue","28","Thank you all for following our channel!!🐰 

🐰 We hope that our channel will be useful, create happiness and enjoyment for watching. Our channel was created to teach a moral of doing good by using rabbits as the main characters. We hope that everyone likes the style of our channel. Thank you. 🐰🐰

#RabbitRescue #CuteAnimals  #BunnyAdventure #AnimalRescue #ai #animation #rabbit 

rabbit rescue, bunny rescue, animal rescue, cute rabbit, cute animals, bunny hero, rabbit adventure, saving animals, rabbit saves lives, animal friendship, wildlife rescue, adorable animals, bunny helping animals, rabbit and friends, pet rabbit, forest animals, animal stories, bunny videos, hero rabbit, cute bunny, rescue animals","",""
"Lisa's Little Dream Farm Sanctuary","27","A family owned farm animal rescue and sanctuary located in Hardinsburg, Indiana, saving farm animals for over 40 years.","",""
"Lea’s Farm animal rescue and sanctuary","27","Lester and jami morrow at ima survivor donkey and farm animal sanctuary inspired me to open my own so i did ! My love for animals is never ending and i want you all to get to know my babies","",""
"Morris Animal Refuge","27","","","United States"
"Ricky Yeo","27","","",""
"Hidden Acres Animal Sanctuary","27","Welcome to Hidden Acres Animal Sanctuary, Therapy & Rescue! We’re a non-profit dedicated to rescuing farm animals in need, giving them a second chance at life. Our sanctuary provides love, care, and rehabilitation to animals who have suffered from neglect or abuse. 

On this channel, you'll follow the journeys of our rescued animals as they heal, thrive, and find their forever homes. If you're passionate about animal rescue and want to see the power of love in action, hit subscribe and join us in giving these animals the fresh start they deserve!","",""
"Darquinn Animal Rescue Association","26","Darquinn Animal Rescue Association is dedicated to giving abandoned and vulnerable animals a second chance at life here in France. Through rescue, rehabilitation, and rehoming, we work every day to provide care, love, and hope to animals in need. Follow our journey, meet our rescues, and help us make a difference—one life at a time.
But we can’t do this alone.
If you’d like to support our mission and help us save more lives:
🐾 Donate via PayPal: www.paypal.me/parellilea
🐾 Join our Teaming (just €1/month): www.teaming.net/darquinnanimalrescue
Your support means food, medical care, shelter—and hope for animals who have none.
Follow us on Facebook to stay connected, and thank you for being part of this journey. Together, we are changing lives—one rescue at a time. 🐶🐱💛","","France"
"Darrowby Farm Sanctuary","26","Darrowby Farm Sanctuary is a nonprofit farm animal sanctuary located in Jefferson, Maine. The Sanctuary provides a safe and lifelong home for farmed animals, and educates people about living a mutually beneficial life with those animals in ways that do not use them for food or forced labor.

By providing a sanctuary for animals, educational opportunities for all ages, and support for those looking to make ethical choices, we strive to reduce suffering and create a more compassionate world.","","United States"
"Wagging Tails Charity Studio","25","Wagging Tails Charity Studio is the educational and storytelling channel of Wagging Tails Animal Rescue in North Macedonia.

We rescue dogs and cats, help them heal, and work to give them the safe, loving homes they deserve.

Through our films and educational series, we share real rescue stories and practical guidance to help adopters better understand rescued animals — their fears, their needs, their recovery and the joy of giving them a second chance.

🐾 Animal Rescue
🎬 Educational Films
❤️ Adoption & Understanding
🐶🐱 Real Rescue Stories

Rescue. Educate. Understand. Love.","","North Macedonia"
"Delgado Animal Day Care & Rescue Center STAR","25","A dog shelter created and operated by volunteers who take unwanted, abandoned, and abused dogs until a suitable home can be found.","",""
"Animal Rescue Daily","24","kitten rescue, cat rescue, animal rescue, saving kittens, cute kittens, kitten story, emotional rescue, stray kitten help, pet rescue USA, viral cat videos, kitten shorts, rescue animals, heart touching rescue, animal lovers USA, kitten saving life","","United States"
"Ching Farm Animal Sanctuary","24","Farm animals have the same emotional capacity as traditional companions like dogs and cats, yet modern cruelty laws do not apply to them. Under the law, they are seen as mere objects for human use.

At Ching Farm, we fill a need in the Salt Lake area by advocating for farm animals through rescue, education, and adoption/placement services. We believe that our advocate work can help change perceptions of farm animals and create a deeper respect for the rich emotional lives of these animals.

Ching Farm Rescue and Sanctuary was founded by Faith and Mike Ching in Utah in 1998. The farm became incorporated as Ching Farm Rescue as a 501(c)(3) non-profit organization, and your donations are tax-deductible.","",""
"David, Luke Kurtz","24","","",""
"Bloomington Animal Shelter","23","Hi everyone! My friend and I wanted to create this channel to help show the adoption animals at the animal shelter. :)","",""
"The Volunteers of the Burbank Animal Shelter","23","","","United States"
"Dolly’s Dream Home Rabbit Rescue","22","Welcome to the Dolly's Dream Home Rabbit Rescue YouTube channel! We are a rabbit rescue in the metro Saint Louis MO area and are dedicating to saving rabbits and finding them loving forever homes as well as educating the public on owning a bunny and proper rabbit care. All educational information is available in long form content or through short topic-focused reels.","",""
"Alexis Fernandez","22","","",""
"Rescue Lounge Nonprofit Organization","22","Our mission is to help the helpless shelter dogs by offering a lounge in which to socialize, train and be adopted therefore decreasing the number of stray dogs, returns and euthanasia's at animal shelters.","","United States"
"Brinsley Animal Rescue","22","Brinsley Animal Rescue was founded by Jon Beresford and partner Bethan Hewis, we met in 2001 and share a passion for animals. We started by volunteering for the Charities Animal Accident Rescue Unit and Prevent Unwanted Pets and soon found our house in West Bridgford full of rescued pets and wild animals. We eventually decided to move when almost every room had a rabbit, a wild bird or a hedgehog in it.
In 2007 we bought a 4 acre property in Brinsley Nottingham where we have been welcomed by the local community. We expanded to take on farm animals as well as pets and wild animals and we continue to expand as the funds allow.
Brinsley Animal Rescue is now a Registered Charity run for animals by volunteers. The Charity is run on vegan values, therefore we do not believe in exploiting animals for food, profit or entertainment.
We have no paid staff and our premises, land, buildings, utilities and fuel are donated by us to the Charity free of charge.","",""
"Royal Animal Rescue","21","Royal Animal Rescue (RAR) was established with the primary objective of providing swift medical transportation for animals. Singapore lacks a specialised ambulance service exclusively dedicated to animals. Our mission is to transform this scenario, aiming to offer an improved service that caters to creatures of all sizes. Our ultimate aim is to prevent any unnecessary loss of cherished companions.

At RAR, our paramedic and rescue team is equipped with comprehensive training to administer diverse first aid procedures tailored to animals. The essence of time is paramount when dealing with injured or unwell animals, and we take this responsibility to heart. Our drivers have undergone specialised training in defensive driving, ensuring a safe and timely journey to the nearest veterinary clinics. We've further outfitted our vehicles with vital medical equipment, a pivotal measure to ensure that our patients experience no further decline in health while en route to receive care.","info@royalanimalrescuesg.com",""
"Charlotte-Mecklenburg Animal Care & Control","21","The official YouTube channel of Charlotte-Mecklenburg Animal Care & Control 🐾
We share adoptable pet spotlights, animal recovery stories, community events, and behind-the-scenes looks at life inside the shelter. Your support helps give animals the care and second chances they deserve.
📍 Charlotte, NC
💜 Learn more or get involved: AnimalCareClt.org","","United States"
"PetRescueCenter","21","The Pet Rescue Center is a 501c3 non profit charity based in Orange County, CA.  Our mission is to work with the communities of California, shelters, veterinarians and animal rescue groups to save the lives of dogs and cats at risk of euthanasia due to overpopulation through education, spay/neuter and rescue programs. In this effort, we provide a no-kill, veterinary supervised temporary sanctuary for these pets while we work to locate an adopting family.

Our YouTube Channel will host videos of our programs funded by community contributions in action - these include Rescue.Rehab.Rehome., Community Outreach, Children's Education, & Medical Needs.","",""
"Front Range Equine Rescue","21","Front Range Equine Rescue is a 501c3 non-profit working to end the abuse and neglect of horses through rescue and education.","","United States"
"arfpnc","21","","",""
"Caars Animal Rescue","21","This is not a company, we are a voluntary PRO LIFE non-profitmaking organisation. C.A.A.R.S is operated by its volunteer members and supported by charitable means. C.A.A.R.S is registered with the Charity Commision, registration No.1147495 this allows us to further our rescue efforts to extended areas of the country.

 We are a voluntary organisation, a Registered Charity, relying solely upon the goodwill of the general public. Unlike the majority of our counterparts, we receive no funding whatsoever over and above the donations we receive from public support. We try to recover around 60% of our outlay in rescuing the animals, from the donations recommended by CAARS committee.","",""
"Animal Rescue Center","21","Donate To My Lovely Rescue Get's Treatment,,,,Home To Live Life Donation Link In Bio🐶🐶❤❤","",""
"Aisha horse Rescue sanctuary","21","","",""
"Trebaluger Equine Rescue Centre","21","Welcome to the official YouTube channel of Trebaluger Equine Rescue Centre, a non-profit sanctuary in Menorca, Spain, dedicated to rescuing, rehabilitating, and providing a forever home for abandoned, abused, and neglected horses, ponies, donkeys, and mules. 

Founded in 2018 by Samantha Lake after she witnessed the heartbreaking reality of equine abandonment on this island of horse lovers, Trebaluger offers these animals a permanent, safe, and loving place to live freely. Today, we care for over 30 equines and lots of cats, chickens, ducks, a pig, and a dog. 

Every view, share, and subscription directly supports our mission: food, veterinary expenses, and maintaining our stables, water systems, and fences. We believe every equine deserves a happy, healthy life free from fear and neglect. 

📍 Located at Cami De Ses Cometes, Trebaluger, Es Castell, Menorca  
🕒 Open daily 9:30–12:00 for visits  
🔔 Subscribe and join our community of compassion, because together, we rescue and give hope","","Spain"
"Briggy Bum Farm Equine Rescue","20","Briggy Bum Farm Equine Rescue is a registered non profit Equine ( horse) rescue located on Prince Edward Island, Canada. 
Started and incorporated in January 2019 we moved forward as a collective group to become a non profit to be able to advocate, fundraise and help horses from all over Canada. 

Our Rescue come from all kinds of different situations and we are currently fundraising to help keep horses from Slaughter. 

Over 70,000 horses a year leave Canada and are bound for overseas and international destinations to be inhumanely treated after years of lending their service to us.. 

Watch how we take these beautiful, majestic creatures and how we train and rehome them to a loving forever home.","",""
"Wiley's Wish Animal Rescue","20","Wiley's Wish Animal Rescue is a female and Veteran operated 501(c)3 nonprofit organization dedicated to rescuing dogs from high-kill shelters due to the overcrowding crisis in California. From the Bay to LA, Wiley's Wish aims to rescue, rehabilitate, train and place abandoned, abused, sick and neglected souls stuck behind bars. Since mid-2021, Wiley's has saved and placed over 1,000 dogs into loving, happy homes. 

Wileys' Paws of Hope initiative is an in-house, 3-month long prison/rescue dog training program that spans three prisons, with their respective curriculum, Stripes and Paws Dog Program and Second Chance Dog Program and Unleashed Rescue Academy. Over 350 dogs have successfully graduated from these training programs, AKC and CGC certified. 

To support our rescue and training efforts, please donate! Every dollar helps: https://wileyswish.com/donation","kc@wileyswish.com; wileyswish@gmail.com",""
"Atypical Cat Rescue","20","We are brothers who share a passion for climbing and working with trees, as well as a love for animals. We both hold the ISA Certified Arborist and Climber Specialist credentials.  We value safety and comply with ANSI standards. Our aim is to provide pet owners a safe solution when their cat climbs a tree and can not get down. Climbing trees can be a dangerous task if one does not have the proper safety equipment and experience. We hope you enjoy some of the videos we share.","",""
"BodyCam Pet Rescue","20","Important Note: This is AI Generated content

Watch pets be rescued! With the help of AI I make these short stories. Enjoy!","","United States"
"Horses rescue sanctuary","20","we're a non-profit organization rescue and saving all horses in Macedonia 🇲🇰","",""
"Dierdre Golberg","20","","",""
"Pear Tree Farm Animal Sanctuary","20","","",""
"Coastal Wildlife Rescue and Research Center (with contributions from Rehab Ripp)","19","Activities, happenings, fun  discussions and releases that we caught on video just for you. Community supported CWRRC has  been operating out of th city of Foleys'  Graham creek nature preserve for 3 years and each year we get more and more rescued birds delivered into our care.","","United States"
"CrossWinds Equine Rescue","19","We are a horse rescue in IL trying to tell the story's of these horses.
Rehab, Rehabilitate, Rehome.
We want to share our paradise with others and the joys and heartbreak these horses bring.","",""
"Safe Haven Equine Rescue","19","Safe Haven Equine Rescue and Retirement Home, Inc. is a volunteer based, non-profit organization accredited by the Global Federation of Animal Sanctuaries that is dedicated to the welfare of horses.  Our goal is to rescue abused, neglected, or distressed horses, bring these rescued horses back to optimal health and to find them loving homes.  In some cases, due to age or disability, a horse will not be able to be adopted. For these horses, Safe Haven Equine Rescue and Retirement Home, Inc. will provide a home where they can peacefully live out the rest of their life with love and dignity.","","United States"
"Apami Wildlife Rescue Center","19","Apami Wildlife Rescue Center by Monkey Park Foundation serves as a rehabilitation, release center, and sanctuary for wild animals.

We are dedicated to fostering awareness about responsible coexistence between animals and humans.","",""
"Ananda Animal Sanctuary","19","We rescue and provide safe loving forever homes for animals in need whether they've been neglected, abandoned, unwanted or rescued from slaughter.","",""
"HumanXCare","19","HumanXCare is a humanitarian and animal rescue YouTube channel dedicated to saving lives, spreading kindness, and helping humans and animals in need.

We rescue injured animals, help poor families, provide medical aid, food support, and emergency rescue missions. Every video shows real rescue stories, humanity in action, and life-saving efforts.

Our mission is to create awareness, inspire kindness, and protect lives across the world.

🔹 Animal rescue videos
🔹 Humanitarian help & charity
🔹 Emergency rescue missions
🔹 Real-life emotional stories

Subscribe to HumanXCare and support humanity.

animal rescue, humanitarian,  helping poor people,  rescue videos, humanity","","Bangladesh"
"Luosko German Shepherd Dog Rescue","19","LUOSKO German Shepherd Dog Rescue is a small independent registered charity (#1188407) set up to responsibly rescue, rehabilitate and re-home German Shepherds who find themselves in difficult situations. 

Funded pretty much entirely by the public donations, we normally re-home around 100+ dogs each year. 

At any one time we have around 50 dogs in our care, in our center in Cheadle, foster homes or in holding kennels awaiting suitable foster or adoption homes. We operate on a national basis so our dogs can be homed in most areas throughout the UK.

Part of our responsible re-homing process we try to match our dogs to potential families, we normally organise several face to face meetings and home visits before our dogs go to their final adoption families, which has significantly reduced the amount of dogs coming back into rescue and increased our successful adoptions creating extremely happy families.","","United Kingdom"
"Chesterfield Animal Rescue","19","Here at Chesterfield Animal Rescue we are a no-kill, non-profit organisation founded in July 2012 by a team of animal lovers dedicated to saving the lives of as many dogs and cats as possible each year. We rely on donations to continue saving lives, we are fundraising to buy our own centre, something that will enable us to help thousands more animals over the years. We currently use foster homes and kennels for our dogs and cats, we are always in need of more foster homes as well as kennel sponsors.","","United Kingdom"
"M & M Acres Farm Animal Rescue","19","","",""
"Forgotten Ones","18","The Forgotten Ones Animal Rescue is a 501(c)3 non-profit, foster-based animal rescue located in Midlothian, Texas. Our passion is helping animals that are injured or sick and suffering in the streets and our local shelters. Our dogs live in loving homes from the minute we get them.  All of our Foster Moms and Dads are volunteers.  They show them love, gain their trust, and make each dog a loving part of their family, until their forever family can be found. Come along with us and be part of their journey.","","United States"
"Crosskennan Lane Animal Sanctuary Media","18","","",""
"SOS Cat Rescue","18","Welcome to SOS Cat Rescue – where rescue cats are meowjical.

At SOS Cat Rescue, we believe every cat has a story worth telling. Our YouTube channel brings you into the heart of our mission: rescuing, healing, and rehoming abandoned, neglected, and special needs cats from around the world.
From inspiring rescue transformations and behind-the-scenes at foster homes, to expert tips on care, adoption, and our Comfort Kitties program – every video is infused with love, learning, and a little cat magic. We spotlight Siamese, Oriental, Snowshoe, and exotic mixes, but every feline we help is extraordinary.

Subscribe to meet our purring protagonists, follow their journeys, and become part of a community that believes second chances change lives – one whisker at a time.","",""
"Neighborhood Animal Rescue Network NARN","18","Rescued animals looking for foster homes and permanent homes! Based in Brooklyn, New York.","","United States"
"EMS: RABBIT RESCUE","18","SAVE LIVES: Life of a COMBAT MEDIC/EMT/RESCUE.","",""
"Salar & Smavia","17","🐾 Welcome to Salar Smavia! 🌈
👧👦 Kids Rescue Animals & Save Little Lives 🐶🦁🐼
❤️ Heartwarming Rescue Stories & Adventures
📚 Fun Learning for Little Minds! 🔤✨
🌟 Kindness • Caring • Friendship
🔔 Subscribe for more cute rescue stories! 💕","","Pakistan"
"North Queensland Animal Rescue Inc","17","","","Australia"
"Horse rescue","17","Please help me with donations so that this horses get food and shelters 

Please donate now https://www.paypal.com/donate?hosted_button_id=2CZ8TJ6527R34","",""
"Riza Animal Sanctuary","17","Welcome to O Projeto Riza.
We are an animal sanctuary in Portugal.
Here, rescued farmed animals find safety, care, and freedom – and we share their stories with the world.

On this channel, you’ll find:
🐐 Life at the sanctuary – daily care, challenges, and joys
🐄 Stories of the animals and their journeys
🌱 Our transition from O Projeto Riza to a new land
🤝 Ways you can be part of this change

Join us at O Projeto Riza: a place of healing, freedom, and connection for humans and non-human animals alike.","","Portugal"
"Soft Landing Animal Sanctuary","17","Soft Landing Animal Sanctuary is a Non Profit retreat in the foothills of Tennessee.  We rescue abandoned, injured, and unwanted farm animals.  Animals that would have faced horrific and tragically short futures.  Through Care and Compassion, our team has helped hundreds of tired souls.","","United States"
"Rabbit Rescue","16","Epic Adventure: A Rabbit Rescue Journey! 🐇🐇

Join our adorable cat and dog duo as they embark on an exciting journey through breathtaking landscapes!🐇🐇🐰Watch as they explore mountains, cross rivers, and experience the adventure of a lifetime. Will they make it to their destination? Find out in this heartwarming travel story!

🔥 Don't forget to LIKE, COMMENT, and SUBSCRIBE for more amazing pet adventures! 🔥

🔔 Turn on notifications so you never miss an update!

📌 Follow us on social media:
🐾 Instagram: [Your Instagram Link]
🐾 Facebook: [Your Facebook Link]
🐾 Twitter/X: [Your Twitter Link]

💌 For business inquiries: [Your Email]

#CatAndDogAdventure #PetJourney #TravelVlog #AnimalFriends #CutePets


---

Let me know if you'd like any customizations!","","United States"
"GriffinPondVolunteer","16","","",""
"Animal Rescue Center","16","Animal Rescue Center is a place dedicated to spreading love and compassion for abandoned, injured, and vulnerable animals in need. We document real rescue moments, the journey of care and recovery, and the fight to give voiceless lives a second chance.
Each video tells a story of kindness, perseverance, and hope—where humans and animals heal together.

👉 Please subscribe, like, and share to help us spread awareness and compassion to more people.
👉 Every view and every share you give can mean one more life saved.

Thank you for standing with Animal Rescue Center on our mission to protect and give hope to every living soul.","","United States"
"Purr Partners Feline Rescue","16","Welcome to the official YouTube channel for Purr Partners Feline Rescue, a 501(c)(3) nonprofit dedicated to saving the most at-risk cats and kittens in central North Carolina.

We focus our mission on those who need us most: felines in high-kill shelters, survivors of hoarding situations, the sick and injured, and fragile bottle babies requiring 24/7 care. By stepping in where the need is greatest, we give a voice to the vulnerable.

Why Foster-Based?
As an all-foster rescue, we don’t have a central building. Instead, our cats live in private homes with dedicated volunteers. This allows every kitty to socialize, rehabilitate, and thrive in a safe, loving environment before finding their forever family.

Join Our Mission:

Adopt: View our available cats at purrpartners.org.

Foster: Become the bridge between rescue and adoption.

Support: Your donations fund life-saving medical care.

Subscribe for rescue stories, recovery updates, and plenty of happy endings! 🐾","","United States"
"Päite Animal Rescue Team / Animal Shelter","16","🐾 Animals shelter & Mini-Zoo & Rehabilitation center
📍 Ida-Virumaa, Estonia
🙏 Please, donate and support our animals 👇

https://donatr.ee/part/","",""
"Wetheriggs Animal Rescue","15","Wetheriggs is a small animal rescue centre based at Thorpe Farm near Barnard Castle in County Durham, UK. We are open every day from 10am to public and just ask for a small admission fee to support our rescue work. Visitors can get close to our animals and feed a lot of them. We often have animal handling sessions with small furries, chicks, ducklings, reptiles and more. We are a registered UK charity (1131536) and depend on public support to keep running. Come and check us out www.wetheriggs.co.uk","",""
"Healing horse rescue sanctuary","15","501(C)3 Equine Rescue 
Saving horses,Creating second chances, Changing the world industry-TOGETHER 
Spreading awareness 💙 
Life and stories of horses 🐎  like","",""
"Animal Rescue 1997","15","Welcome to Animal Rescue! 🐾

On this channel, you'll find exciting animal rescue stories, wildlife adventures, animal care tips, and heartwarming moments from the animal world.

Our mission is to spread awareness about animal welfare, rescue efforts, and the importance of protecting wildlife. Whether it's helping animals in need, exploring nature, or sharing amazing animal facts, you'll find engaging content here.

📌 What You'll See:
• Animal Rescue Videos VFX
• Wildlife Adventures  VFX
• Animal Care & Protection VFX
• Amazing Animal Facts  VFX
• Nature & Outdoor Exploration

If you love animals and wildlife, make sure to Subscribe and join our community!

🐾 New Videos Every Day

#AnimalRescue #Wildlife #Animals #RescueMission #Nature","",""
"Alegre Equine Rescue","15","Alegre Equine Rescue is a Thoroughbred reschooling and adoption program based in Puerto Rico. Our mission is to give retired racehorses new careers as jumpers, dressage horses, and trail partners.

Follow along as we retrain OTTBs, share their stories, and help them find loving homes.

Learn more or support the rescue:
www.alegreequinerescue.com","",""
"Pet Rescue","15","","",""
"Animal rescue","15","","",""
"Canham Farm Horse Rescue","14","Canham Farm Horse Rescue Exists:

To retrain horses to have a useful and respected life
To ensure the horse is matched correctly with his or her new sponsor/owner.
To give ongoing support and advice on all aspects of equine care and re-settlement.
To support and commit to the welfare of all horses
To provide education and training courses for people wanting to learn about keeping, training and rehabilitating horses
Educating People to Interact Successfully With Horses

Horses can be complicated and confusing. There are so many things to learn and remember, and so much often conflicting information available, that it can be difficult to know where to turn. We are here to help and would far prefer an owner to ask if they are not sure about something. This could be anything, from knowing how to help a new horse settle in, to admitting that you’re struggling to cope.","",""
"Uxbridge Cat Rescue","14","Uxbridge Cat Rescue is a non-profit animal rescue. We are a volunteer-based organization dedicated to the rescue and placement of abused and unwanted cats.","","Canada"
"BestPals Animal Rescue Center","14","Hi there!  We are BestPals Animal Rescue Center, a no-kill non-profit animal rescue located in Holland, Michigan.  We have been in operation for 10 years now, and are primarily volunteer-run thanks to our amazing community.

We help the animals others cannot by focusing on owner-surrenders and shelter-transfers.  Our mission is to ensure our furry-friends find their best #FureverHome, with the help and care of our patient volunteers , and our foster-to-adopt program, where potential owners are able to spend a couple weeks with the dog or cat to make sure it's a positive experience for everyone in the home.

We're slowly looking to expand our presence on social media, and wanted to say hello, and thank you for your support!

#BestPalsAnimalRescueCenter #MeetYourNewBestPal","","United States"
"Rabbit Rescue","14","","",""
"John Michaels Diamond & Jewelry Studio","13","Since 1986 John Michaels Diamond and Jewelry Studio has paired beautiful jewelry with beautiful people. Family owned and operated John Michaels Diamond and Jewelry Studio prides itself on professional but personal and friendly service.","",""
"AnimalAdoptionNJ","13","I am an animal lover trying to help out some local shelters in Southern New Jersey.","",""
"Five Acres Animal Shelter Volunteer Program","13","This is all about the Five Acres Animal Shelter Volunteer Crew and all of the incredibly awesome things they do and accomplish every day for the dogs and cats in our care!","","United States"
"Flat Broke Farm Animal Rescue","13","","",""
"Saving Paws Animal Rescue","13","A non-profit, no kill animal shelter in Appleton, Wisconsin!

SAVING PAWS Animal Rescue Inc. is a 501(c)3 nonprofit organization dedicated to rescuing homeless, abandoned and special needs animals and finding new adoptive homes or providing lifelong sanctuary for them, we also seek to decrease the number of unwanted animals and the amount of animal cruelty in our community through outreach and education.","info@savingpawswi.com; finance@savingpawswi.com",""
"Foster Gremlins","13","Chaotic foster kittens causing problems 🐾
Based in Brisbane 🇦🇺
Helping rescue cats find loving homes 💛

All support goes to food & vet care","",""
"Friends of Rescue","13","Friends of Rescue is a foster-based 501(c)3 non-profit animal rescue located in Huntsville, Alabama.","info@forrescue.net; thrift@forrescue.net",""
"GARLAND ANIMAL SHELTER -VOLUNTEER PAGE","13","","",""
"Shrewsbury Rabbit Rescue","13","","",""
"Save SomeBunny Rabbit Rescue","12","","",""
"Rabbit Rescue Heroes","12","Welcome to Rabbit Rescue Heroes! 🦸‍♂️
Prepare for incredible tales of bravery and friendship as our fearless rabbits save the day! 🐇❤️ From daring rescues to life-changing bonds, these heartwarming stories show how courage knows no bounds. 🌟 Watch as our furry heroes team up with all kinds of animals in need! 🦁🐶🐰

Join the rescue squad and be part of the adventure! 📲✨
#RabbitRescue #AnimalHeroes #CourageousBunnies #HeartwarmingStories","","United States"
"St Francis's Sunny Side Up Farm Animal Rescue","12","501c3 rescue. Horses for adoption thru the rescue and we have friends that train barrel racing horses. Cheryl Edmonds training she held the title of world champion barrel racer 3 times plus 100 other titles. 
Check us out for your next horse","",""
"Hope Life Animal Shelter","12","Hope Life Animal Shelter is a small animal welfare initiative dedicated to rescuing stray cats and dogs 🐾 We provide food, medical care, and promote humane TNVR to reduce suffering and give animals a second chance at life ❤️","",""
"Woodfield Animal Sanctuary","12","Welcome to our brand-new YouTube channel 👋

We’ve created this space to share longer videos, special moments, and behind-the-scenes footage from Woodfield Animal Sanctuary.

Our main social media platform has always been Facebook, and that’s where we post the majority of our regular updates, news, and appeals. YouTube gives us the opportunity to bring you along in a different way — through video — while still keeping Facebook as the heart of our day-to-day communication.

If you’re new here, thank you for finding us.
If you already follow us on Facebook, welcome — and thank you for your continued support.

By liking, subscribing, and sharing our videos, you help us reach more people and continue giving animals the second chances they deserve.

PLEASE VISIT OUR FACEBOOK PAGE FOR REGULAR UPDATES 
WOODFIELD ANIMAL SANCTUARY.","",""
"Equine Outreach Horse Rescue","11","","","United States"
"Horses Rescue Sanctuary","11","Hello friends please stand with us to save this horses to get what to eat and treatment please donate here⬇️","",""
"City of Everett Animal Shelter","11","Everett Animal Services operates the Everett Animal Shelter and provides animal control services and pet licensing for the City of Everett in Washington state.

The Everett Animal Shelter accepts approximately 5000 animals each year to our state-of-the-art facility. Shelter staff and volunteers work hard to improve the health, safety and happiness of pets waiting to find or reunite with loving families.

Learn more: everettwa.gov/animals","","United States"
"Rose Bridge Farm and Sanctuary","11","We are a sanctuary and working farm in Dresher, PA where people can connect with animals and experience the joy of farm life. We offer farm tours, animal experiences, craft workshops and private events.","",""
"Jeanette Yoffe","11","","",""
"Animal Rescue","11","","",""
"Gauntt Farm Antics Rabbit Rescue","11","A 501c3 Non Profit Rabbit Rescue near Atlanta, Ga.
We take in injured, sick, abandoned, abused, neglected; rehab and adopt.


https://linktr.ee/gaunttfarmrescue","",""
"Brinsley Animal Rescue Registered Charity","11","","",""
"Daily Animal shelter","11","Welcome to Animal Shelter — a safe place for every animal in need. 🐾
Our mission is to rescue, protect, and care for homeless, abandoned, and injured animals. On this channel, you’ll find:

Heart-touching rescue stories
 Animal recovery & transformation videos
 Adoption updates 
Tips on caring for pets and stray animals
Awareness content to promote kindness and compassion

Join us on this journey of saving lives and giving every animal a chance at a better future.
Subscribe and become part of our Animal Shelter family!



#AnimalShelter #AnimalRescue #SaveAnimals #PetAdoption #AnimalCare
#DogRescue #CatRescue #StrayAnimals #HelpAnimals #AnimalLovers
#AdoptDontShop #AnimalsOfYouTube #AnimalWelfare #RescueStories
#AnimalsNeedLove #PetRescue #KindnessForAnimals


---

If you want, I can also write:
✅ About section (long/short)
✅ Video description templates
✅ SEO tags for faster growth
✅ Chann","","United States"
"Wildlife & Pet Rescue","10","🐾 Animal Rescue Stories & Awareness 🇺🇸

We create and share emotional animal rescue stories using AI-generated visuals inspired by real-life situations. Our goal is to spread awareness, kindness, and compassion for animals in need.

All content is orig","","United States"
"buggs crazy rabbit rescue","10","Our life at the rescue! Welcome! Here's your personal insight on our rescue! Check it out!","",""
"Surry Animal Rescue","10","Surry Animal Rescue is a NC certified non-profit volunteer organization.  We operate solely on donations from adoptions and other resources.  We rescue animals from abandonment, abuse, neglect, and euthanasia by providing medical care and foster home placement until loving, permanent homes can be found.

Our mission is to not only help animals in need, but to educate people on properly taking care of their animals. To ensure that animal welfare is our number one priority. We will do everything possible to make sure animals are put in loving foster homes, get the proper vet care they need, and find forever homes to approved adopters.","",""
"The Invaluables Animal Rescue","10","We are a group of volunteers determined to improve the lives of stray animals. We rescue, foster, provide vet care and find good homes for strays.","",""
"Kim Cooney (Rabbit Rescue Sanctuary)","10","","","Australia"
"Hooves & Paws Animal Rescue","10","We are a nonprofit rescue that provides lifelong sanctuary services for abused, abandoned and needy dogs, horses and farm animals.  We are located in Louisa, Va.","",""
"pawsandclawshs","10","See our training videos, clips of our shelter dogs and cats, and get information on our fund raising events and adoption days all in one place!","",""
"mebosanimalrescue","9","Nonprofit Animal Rescue
Saving cats & dogs in need
IG: @mebosanimalrescue
FB: Mebo's Animal Rescue
Wishlist & donate 👇👇👇👇","",""
"AdoptAGldn","9","","",""
"The Cat Rescue Stories","9","Welcome to The Cat Rescue Stories Channel 🐾 A cat rescue and animal rescue channel dedicated to saving stray, abandoned, and injured cats.
We share real-life cat rescue stories, kitten rescues, transformations, rehabilitation journeys, and happy adoption moments. Our mission is to give homeless cats a second chance at life and inspire kindness toward animals everywhere.
On this channel you will find: 
Cat rescue videos
Stray kitten rescue stories
Before and after transformations
Animal rescue missions
Cat adoption journeys
Educational pet care tips
If you love cats and want to support animal rescue, subscribe and join our rescue family ❤️
📌 New rescue videos every week!
#CatRescue #AnimalRescue #StrayCats #KittenRescue","",""
"TamMar Equine Rescue","9","TamMar Equine Rescue and Transport is located in Ontario. We rescue horses who have nowhere else to go, and we nurse them back to health and adopt them out. We specialize in draft horses but will help any horse in need that crosses our paths.

We also offer professional trailering services all throughout Canada.","",""
"Friends of West LA","9","We are a group of volunteers for the West LA Animal Shelter located at 11361 W Pico Blvd, Los Angeles, CA 90064. These videos were made to introduce the dogs currently residing at the facility and to show more of their personalities while they play in the yard. We are volunteers and do not work at the shelter so if you would like information on any of the dogs featured on this channel, please call West LA and provide the ID number of the dog.

Our hope is that these videos will help these wonderful dogs get adopted!","",""
"StreetHearts Animal Rescue - Foster Mom Carin -","9","Welcome to my YouTube channel!  I am a Foster Mom with StreetHearts Animal Rescue and am pleased to share one of our many adoptable animals with you.

StreetHearts Animal Rescue is 501(c)(3) non-profit organization. We strive to save and aid animals from situations of abandonment, neglect, abuse and injury. Our focus is on street intercession, medical help, rescue placement, fostering and finding forever homes.  

For more information or an adoption application on one our adoptable animals, please visit us at http://www.streetheartsanimalrescue.org or email us at streethearts.animal.rescue@gmail.com!","streethearts.animal.rescue@gmail.com","United States"
"Foster Pet Adventures","9","Support your local animal rescue!  

https://tinyurl.com/39fuye4e","","United States"
"Friends of the Fairfax County Animal Shelter","9","More than 5,000 animals, including cats, dogs, small mammals, reptiles and livestock, come to the Fairfax County Animal Shelter each year. The shelter opens its doors — and its heart — to care for each and every animal. But, the shelter can't do it alone. Thankfully, the Friends of the Fairfax County Animal Shelter is here to help. Through donor and volunteer support, we provide medical care, food, supplies and so much more to help the shelter care for these loving animals. In doing so, we help save lives — together.

The FFCAS is an independent 501(c)(3) all-volunteer organization, and not a part of the Fairfax County government. All donations are tax-deductible to the extent provided by law and are gratefully accepted, no matter the amount.","",""
"Farm Animal Rescue of Mifflinburg","9","","",""
"Southwest Florida House Rabbit Rescue","9","","",""
"McFeelyProductions","9","","",""
"Sea Star Horse Rescue Center","9","🐴❤️ 501(c)(3) Rescuing horses in need. Giving abandoned horses a 2nd chance at love & care. Updates on rescues, rehab, & adoptions.","",""
"ForeverSafeFarm","9","","",""
"horse rescue sanctuary","9","","",""
"Hope Life Animal Shelter","8","Hope Life Animal Shelter is a small animal welfare initiative dedicated to rescuing stray cats and dogs 🐾 We provide food, medical care, and promote humane TNVR to reduce suffering and give animals a second chance at life ❤️","",""
"Haven Animal Rescue","8","Haven Animal Rescue is a nonprofit organization dedicated to the rescue, fostering, and adoption of animals in Miami, Florida.","alexandria@havenanimalrescue.org","United States"
"The ManxSPCA","8","The ManxSPCA is the only animal rescue centre on the Isle of Man. 
We are not funded by government and rely purely on donations. 
This YouTube account is for us to share some of the work our fantastic team get up to. 
You can support our charity (no'26a) from home by sharing our videos, our social media uploads or donating through our PayPal via the link below.
https://www.paypal.com/paypalme/manxspca/","",""
"Fostering Saves Lives","8","Advocating for animal rescue and fostering.","","United States"
"The Busy Beagle","8","","",""
"Rabbit Rescue","8","Subscribers goal 1 to 10k 


Giveaway to one of my subscribers","",""
"Pet and Animal Rescue Center","8","Welcome to Pet and Animal Rescue Center!
Pet Animal Rescue Center (PARC) ©️
Non-Profit Organization
We are a nonprofit organization dedicated to rescuing, caring for, and rehoming abandoned, abused, and neglected pets, including dogs and cats. Our mission is to provide these animals with a second chance at life and to promote kindness and compassion toward all living beings. Through inspiring rescue stories, helpful pet care tips, and heartwarming transformations, we aim to build a community of animal lovers who believe in making a difference. Join us and be a part of their journey!

Donate via PayPal: https://paypal.me/PetandAnimalRescue?country.x=VN&locale.x=en_US

Contact Information:
📞 Phone: 0926 294 986
🏦 Bank Account: 070109442737
Account Name: NGUYEN DUC THIEN
Bank: Sacombank - Saigon Thuong Tin Commercial Joint Stock Bank
SWIFT CODE: SGTTVNVX

Together, we can give these animals a chance for a better life. Your support makes a difference! 🐾","","United States"
"HappyLand Animal Shelter & Pet Adoption","8","Welcome to Happyland Animal Shelter, your premier destination for heartwarming rescue stories and finding your new best friend! As a dedicated animal rescue and adoption company, our mission is to transform the lives of abandoned, neglected, and senior pets by providing them with a second chance at a joyful life. On this channel, we take you behind the scenes of our daily operations, from the first moment a rescue arrives at our doors to the emotional ""Gotcha Day"" when they head to a forever home. Explore our educational guides on pet care, behavior training tips, and deep dives into the unique personalities of our current residents. Whether you are looking to adopt, foster, or simply support animal welfare, our community is for you. Join us in making the world kinder, one paw at a time. Subscribe now to witness the power of love and help us find every pet their Happyland!","",""
"ChipWeinert","8","","",""
"Paw Prints Animal Rescue","7","Paw Prints Animal Rescue (PPAR) is an all-volunteer nonprofit organization dedicated to reducing the population of homeless cats, kittens, dogs and puppies by maintaining two programs -- a Rescue and Adoption Program and a Feral Cat Management Program. Individual donations are our most important source of income as we receive no public funding.","info@pawprintsrescue.org","United States"
"Hiraya Animal Shelter","7","Our Mission Statement

We are dedicated to the preventative care, wellness, and proactive heath management of cats and dogs. For those who are weak, sick, or too old, we provide a compassionate sanctuary in Jaen, Nueva Ecija, Philippines. We ensure  that they live the rest of their lives with dignity, comfort, and love. ​

 Hiraya Animal Shelter is an independent 501(c)3 nonprofit that is not affiliated with any national organization. Hiraya receives no government funding and relies on donor support to provide our programs and services.

​​We would greatly appreciate your support.  https://www.hirayarescue.org/donations

​EIN: 33-4356629","",""
"Save Them All Horse Rescue","7","Save Them All Horse Rescue is located in Elk Grove, California.      We have horses of all ages, breeds, sizes and temperaments.   
This channel is used to show the horses in our program and especially those available for adoption.","",""
"Heart2Heart Animal Rescue","7","Heart2Heart is a 501c3 charity organization focused on bettering the lives of animals.","","United States"
"Wild Rescue Stories","7","🦅 Welcome to Wild Rescue Stories! 🐘🐺🐢
Every life matters.
At Wild Rescue Stories, we bring you powerful wildlife rescue journeys, emotional animal survival stories, and heartwarming recoveries from around the world. From injured eagles stranded on mountain cliffs to sea turtles trapped in fishing nets, every story highlights courage, compassion, and the incredible bond between humans and animals.
Our mission is to inspire people to care for wildlife and celebrate the heroes who dedicate their lives to rescuing animals in need.
🎥 What You'll Find:
Wildlife Rescue Stories
Animal Survival Stories
Emotional Rescue Journeys
Wildlife Rehabilitation & Recovery
Inspiring Animal Comebacks
Nature & Conservation Stories
❤️ Rescue • Heal • Release
Subscribe and join us as we share unforgettable stories of hope, survival, and second chances.

#WildlifeRescue #AnimalRescue #WildRescueStories #Nature #Wildlife #AnimalStories #RescueAnimals #Wildlife #AnimalLovers #RescueStory #Shorts #YouTubeShorts","",""
"Cascade Pacific Animal Rescue","7","We are a 501c3 nonprofit animal rescue located in Washington state.","","United States"
"Rabbit Rescue","7","•Welcome to the mind blowing creative world and our YouTube family 🐰 ""Rabbit Rescue"" 🐰. 
•Support and subscribe please.
•🐰We show that how a rabbit saves and rescue animals and humans 🐰.","","India"
"Animal Rescue Organisation Cape Town","7","","",""
"SFACC CHAMP Behavior Foster Program","7","The SFACC CHAMP Behavior Foster Program was developed to provide opportunities for the San Francisco community to foster shelter animals in need of behavioral support as they await adoption or transfer. As entering the shelter can be a stressful event for many animals, we're determined to help our furry friends cope by offering solace in a comfy and dedicated home environment until they're able to move on with their lives.","","United States"
"Animal Rescue Center","7","","",""
"Lonely Hearts Animal Rescue","7","Nonprofit Org
K-9 Rescue since 2008
Adoptions held at PetSmart 5401 Urbana Pike, Frederick MD most Sundays from 11a-3p
See all available pups at www.LHAR.dog","","United States"
"Annies Animal Rescue Tails","7","I’m Annie, and I absolutely LOVE animals!

Every weekend I volunteer at Hilbrae Animal Rescue Centre in Telford, Shropshire, helping dogs, cats and all sorts of furry friends find their forever homes.


On this channel you’ll see:


🐶 Rescue stories

🐱 Cute animal moments

🎓 Training tips

🏡 Behind-the-scenes life at a rescue shelter

❤️ Happy adoption updates



Animals mean the world to me, and I want to share their stories with YOU.



If you love animals as much as I do — hit subscribe and join the pack! 🐾💕","",""
"Nibbles Rodent and Rabbit Rescue","7","","","United Kingdom"
"daily lens","7","daily lens your daily destination for groundbreaking news, viral investigative reports, true crime updates, and extraordinary real-life stories. We bring you inside the headlines with fast-paced coverage, exclusive angles, and deep-dive analysis into the stories everyone is talking about.

 Subscribe to stay update on daily breaking news and stories.

 For business inquiries or story submissions: dailylensnyk@gmail.com","dailylensnyk@gmail.com","United States"
"Animal Rescue Farm! 🐾","7","🐾 Welcome to Animal Rescue Farm — where every animal gets a second chance at life!

We rescue, rehabilitate, and rehome ALL kinds of animals — from abandoned puppies
and stray cats to neglected farm animals like cows, goats, rabbits, and more.
Every rescue story you see here is REAL. These are lives saved, one animal at a time.

On this channel, you will find:
   🐕  Heartwarming dog and cat rescue stories
   🐄  Farm animal rescues — cows, goats, sheep, rabbits and more
   💛  Transformation videos — from scared and sick to happy and healthy
   🏡  Adoption success stories that will make your heart smile
   🌿  Life on the rescue farm — real, raw, and beautiful

Every animal deserves love, safety, and a forever home.
Join our rescue family and help us spread the word!

Don't forget to LIKE, SUBSCRIBE, and hit the BELL so you never miss a rescue story.

Together, we can save more lives. 🐾

Adopt. Don't Shop.","","United States"
"Five Acres Animal Shelter Volunteer Program","7","","","United States"
"Minton Farm Animal Rescue Centre","7","","",""
"American Horse Rescue Network","7","","","United States"
"Animal Rights and Rescue","7","Animal Rights and Rescue a non-kill, foster-care, self-funded group, we are a non-profit volunteer organisation. The Animal Rights and Rescue group, rescue homeless or unwanted animals, provide them with care and shelter until suitable homes can be found for them. Our 'foster carers' and volunteers are all unpaid, monies donated is used directly to help the animals. www.animalrights.org.au","",""
"Horse rescue sanctuary","6","""Giving horses a second chance 🌟. We rescue, rehabilitate, and rehome horses in need, providing love, care, and a forever home 🏠. Join us in saving lives and spreading joy 🐴❤️","",""
"Noahs ARC Mazarrón","6","OFFICIAL Channel for Noah's A.R.C. Mazarrón Dog Rescue Charity
A Non-Profit Dog Rescue Charity Helping the Dogs of Mazarrón, Murcia, Spain","","Spain"
"Last Resort Farm Animal Rescue","6","We are a small farm animal rescue for Pot Belly Pigs, Goats, Donkeys and Dogs. Our mission is to provide a safe place for neglected, abused, unwanted and surrendered farm animals. We will also provide education on the animals.

Welcome to the Last Resort Farm Animal Rescue. We are starting the New Year with a new goal. we have taken in many pot belly pigs lately and found that there needs to be a rescue and education on farm animals as pets. Join us on our journey to provide farm animals with the care they need. This will be a lot of work and entertainment.","",""
"Jewels of the Desert Horse Rescue and Sanctuary","6","","",""
"Eastbourne Rabbit Rescue","6","We are a rabbit, guinea pig and small animal rescue based in Eastbourne, East sussex.
Just spreading the love we have for our rescue animals by sharing videos with you all.
If you are interested in adopting one of our beautiful rescue animals we can be contacted as below.

WEBSITE: Www.eastbournerabbitrescue.co.uk

FB GROUP: Eastbourne Rabbit Rescue

TWITTER: @RabbitRescueEB","",""
"Pet Rescue Stories","6","Welcome to Pet Rescue Stories – where we share inspiring stories of rescuing dogs and cats, giving them a new chance at life and a loving home. Here, you will find videos about the rescue journey, care, and finding forever homes for abandoned pets. Together, we can make a difference in the lives of these four-legged friends. Join our pet-loving community and help them find their perfect home!","","United States"
"Kevin M","6","Welcome to Pawsitive Cause Productions! Here, you will find videos featuring animals currently up for adoption through Tri-Valley Animal Rescue's foster program, as well as dogs and cats available for adoption at the East County Animal Shelter in Dublin, CA. Please visit www.tvar.org for updated information on adoptable animals!","",""
"International Animal Rescue Goa","5","International Animal Rescue Goa was established as a charity (Registration No : 106/GOA/98) in August 1998. Our aim is to reduce the terrible suffering of animals in Goa.

Since we began this vital work, International Animal Rescue Goa, has sterilized more than 30,000 dogs, 11,000 cats, and vaccinated over 60,000 dogs against rabies. Our ambulances have collected thousands of road casualties and we have made a major impact on mange, which causes intense suffering and was endemic within the street dog community. We rescue dozens of animals from wells every year, have rescued hundreds of snakes from houses and snake charmers which would otherwise have been killed or died, and do our best to educate the public on animal welfare issues.

http://www.internationalanimalrescuegoa.org.in","",""
"Animal Rescue Love","5","Animal Rescue Love is a small charitable business that gives 50% of profits to dog rescue efforts. 
If your a dog lover you will just love our tshirts. Head over to our website below to check them out. 
www.animalrescuelove.com.au 
facebook/animalrescueluv
Instagram @animalrescuelove","","Australia"
"Hope & Serenity Farm Sanctuary","5","Hope & Serenity Farm Sanctuary is a non-profit animal sanctuary open to the public in picturesque Nokesville, Virginia. We are dedicated to providing a nurturing home for over 250 formerly neglected and abused farm animals. Our mission is to create a loving and beautiful environment that encourages relationships between our animals and the people who visit them. 

We run 100% on donations! We welcome visitors by appointment and are thrilled to offer tours of our sanctuary. If you're passionate about animal welfare, we also offer volunteer opportunities and animal sponsorship opportunities where you can help make a difference in the lives of our furry friends.","","United States"
"OasisAnimalRes","5","Oasis Animal Rescue and Education Center was established as a non profit Canadian corporation to provide services that will ensure the protection and care of any domestic animal that is abandoned, displaced or homeless.

We offer a rescue pet adoption program, an animal food bank to fill hungry tummies, an outreach program for seniors and low income pet owners, a safe and responsible foster parent network and assistance with basic health care concerns.

Oasis also provides basic veterinary care to those who cannot afford the inherent costs of the mainstream medical community.","",""
"horse rescue sanctuary","5","Non-Profit Rescue Sanctuary 🐎
Dedicated to rescuing horses and donkeys, providing a safe haven with food, shelter, and medical care 🩺
vegan-led ❤️","",""
"North Shore Horse Rescue and Sanctuary","5","We are North Shore Horse Rescue and Sanctuary, a small horse farm on the east end of Long Island, New York.  We are a 501(c)3 organization that is also verified by the Global Federation of Animal Sanctuaries and a Guardian for Equus Foundation.  Our mission is to rescue and care for any unwanted horses including those that have been neglected, abused, abandoned or are at risk of going to slaughter.  If the horse can be rehabilitated and adopted, we will find a loving, informed home for them.  If suitable homes cannot be found, North Shore Horse Rescue has committed itself to allowing its’ permanent residents to live out their lives in a safe, stress-free environment.

We are highlighting videos of our work with horses.  We will show you how we care for our rescue horses.  The stories of the rescues will be highlighted.  Our goal is to further our mission by explaining the hardships these magnificent creatures endure  and how they lead a happy life in our care.","","United States"
"Cat Rescue","5","🐾 Welcome to Cat Rescue Video! 🐾

Based in the USA, our channel is dedicated to rescuing, rehabilitating, and finding loving homes for cats in need. From heartwarming rescue stories to helpful cat care tips, we bring you real-life moments that show the love and compassion for our furry friends.

Join our journey as we save stray and abandoned cats, provide medical care, and give them a second chance at life. Subscribe and be part of a growing community that cares deeply about animal welfare in the USA.

✨ What you’ll find here:

Cat rescues and recovery stories

Vet care and health tips

Adoption journeys and happy endings

Tips for cat owners and animal lovers

💖 Support us in making a difference! Every view, like, and share helps more cats find the loving homes they deserve.

📌 Follow, Subscribe & Spread the Love for Cats in the USA!

#CatRescue #USARescue #CatCare #AnimalRescue #StrayCats #AdoptDontShop #FelineFriends #CatLoversUSA","","United States"
"2nd Chances At Life farm animal sanctuary","5","Animals have saved our lives so we want to save theirs. we are a 501C3 nonprofit private farm animal sanctuary.We accept donations all of our donations 100% goes to our animals.","",""
"Alittllebitiffy Animal Sanctuary","5","Alittlebitiffy Animal Sanctuary is a non-profit, non-funded rescue and sanctuary dedicated to giving the smaller, sometimes forgotten pets a second chance. As a rescue, we rehabilitate and rehome animals that are surrendered to our care. As a sanctuary, we provide a forever home to permanently injured or terminally ill animals.

www.alittlebitiffyanimalsanctuary.com","","Australia"
"Souris Valley Animal Shelter Volunteers","5","","",""
"Rabbit Rescue Tale","5","Thank you all for following our channel! 🐰🐰 We hope our content brings joy, happiness, and valuable lessons to everyone. Our channel is designed to share meaningful stories that promote kindness and doing good, with rabbits as our main characters. We appreciate your support and hope you enjoy our unique storytelling style. Thank you! 🐰🐰
#RabbitRescue #CuteAnimals #BunnyAdventure #AnimalRescue #ai #animation #rabbit
#RabbitRescue #BunnyRescue #AnimalRescue #CuteRabbit #BunnyHero #RabbitAdventure #SavingAnimals #WildlifeRescue #AdorableAnimals #BunnyHelpingAnimals #RabbitAndFriends #PetRabbit #ForestAnimals #AnimalStories #BunnyVideos #HeroRabbit #RescueAnimals #BunnyAdventures #SmallAnimalRescue","","India"
"Five Acres Animal Shelter Volunteer Manager","5","","",""
"Horse rescue","5","""Rescuing horses  Giving them second chance at a hoof-beatlife.","",""
"Stafford County Animal Shelter Volunteer","5","","",""
"rabbit rescue","5","","",""
"A.D.O.P.T. Pet Shelter","5","","",""
"Rabbit Rescue","5","Welcome to *Rabbit Rescue*! Our channel features AI-created videos that showcase the rescue and rehabilitation of rabbits and other animals. Through captivating animations and digital storytelling, we aim to raise awareness about animal welfare, highlighting the importance of compassion and care for every creature in need. Join us as we use technology to tell heartwarming rescue stories, spread knowledge, and inspire action for animals everywhere. Every video is designed to entertain, educate, and motivate you to make a positive impact on the lives of rescued animals.","","United States"
"Kataluna Horse Rescue","5","","",""
"Red Clay Ranch Equine Rescue","5","Red Clay Ranch Equine Rescue and Sanctuary is dedicated to rescuing and rehabilitating horses in need, giving them a second chance at life and finding them loving homes.","info@redclayrescue.org","United States"
"Shelter Staff","4","","",""
"HeavenlyPaws","4","Heavenly Paws Animal Rescue, Inc. is a 501 (c) non-profit, all-volunteer, no-kill feline rescue.

Angeline Behrendt, a trained Veterinary Technician, founded Heavenly Paws Animal Shelter, Inc. in 2004 to expand her services and provide safe and secure homes for cats.

Heavenly Paws Animal Shelter is not a true brick-and-mortar shelter. We have a network of foster homes to take in and care for homeless cats until permanent, loving homes can be found. We also strive to help humans understand the importance of controlling the pet population through spaying and neutering.

Heavenly Paws Animal Shelter relies on private and corporate donations to help fund our rescue operations and accomplish our mission.

Heavenly Paws Animal Shelter has treated and saved many cats in challenging situations. All of our volunteers have pledged to rescue as many cats as possible with the space and funding we have available. We will always be committed to saving lives, one stray at a time!","ann@heavenlypawsshelter.com; Jvfritz1@yahoo.com; kim@heavenlypawsshelter.com; mclandes22@yahoo.com; terry@heavenlypawsshelter.com",""
"Florida Farm School & Animal Rescue","4","Welcome to Florida Farm School & Animal Rescue, a heartwarming family farm run by Sarah, a single mom of two boys and countless beloved farm animals! After eight long years of running a construction business, Sarah decided to trade the hustle and bustle for a simpler, more fulfilling life surrounded by nature. Afterall, it was withing months of being in the country life that she realized just how much ""life"" she missed out on living in the American Programming. 

At our farm, we believe in the value of slowing down, connecting with animals, and embracing the peaceful rhythms of country living. Sarah's mission is to share this experience with others through hands-on education, unique opportunities, and heartfelt rescue efforts for animals in need. Whether it's through our farm school, events, camping, or animal rescue work, we invite you to discover the joy of farm life with us! Reach Out! Info@floridafarmschool.org","Info@floridafarmschool.org","United States"
"Rabbit Rescue And Friends","4","We are a small rescue helping rabbits and other small furries in the West Midlands, UK. Check out our videos to find out more about what we do, and see our latest appeals. You can also visit our website: rabbitrescueandfriends.co.uk","",""
"Because You Care, Animal Rescue and Adoption","4","Mission:
 Because You Care believes in the value of all companion animals. 
As a progressive rescue and adoption organization, we adhere to the highest no-kill standards. We match rescued animals with their best possible fur-ever homes by investing in their health, rehabilitation, socialization, and well-being.
Our Vision:
 Because You Care is a leader in cat and dog rescue and adoption. 
We are committed to the safety and well-being of animals while they are in our care and throughout their lifetimes.","",""
"Farm Animal World","4","Welcome to Farm Animal World!

We share inspiring and educational videos about farm animals, including cows, calves, buffaloes, and many more.

Our content features animal rescue stories, safe transportation, daily farm life, animal care, and heartwarming moments between people and animals.

Our mission is to promote kindness, responsible animal care, and respect for life through family-friendly videos.

Subscribe and join us as we explore the amazing world of farm animals. baby calf, cute calves, baby cow, cute cows, cow videos, calf videos, farm animals, cute farm animals, animal stories, farm life, country life, newborn calf, calf rescue, cow and calf, adorable animals, funny cows, peaceful farm, animal lovers, family friendly videos, Little Calf Stories","",""
"sosrescuecentre","4","The SOS Animal Rescue Centre is a charity based on the Costa del Sol, on the southern coast of Spain and is dedicated to giving the the stray cats and dogs of the Costa del Sol a chance to lead a full and active life","",""
"HJD","4","","","United States"
"PAHA Animal Rescue","4","We at PAHA Animal Rescue, are a No Kill Shelter & Charity. We rescue abused, lost and stray dogs and find them new happy homes! 

Please support our cause at: www.panafricasa.org

If you like what we do please  consider a small donation on our webpage. Don't forget to share, like and subscribe!
#dogs #cats #animals #animalrescue #charity","","South Africa"
"Morganne Struble","4","","",""
"kelly reilly","4","","",""
"Animal Rescue & Care","4","OUR MAIN MISSION IS SIMPLE; TO FIND LOVING HOMES FOR UNWANTED, HOMELESS OR NEGLECTED ANIMALS IN RICHMOND UPON THAMES AND SURROUNDING AREAS. BUT WHAT WE DO IS SO MUCH MORE THAN THAT.

Whether it's rescuing animals from cruelty or taking in the hundreds of abandoned ones, we foster and give them the medical and specialist attention they need, including neutering. We look after them until we are able to find approved owners who adopt them into loving, happy homes. And we do this as a non-profit charity run by volunteers and we're funded purely by donations.

As part of our mission, we offer advice, information and actively raise public awareness about animal welfare. In particular, animal neutering: it's the only way to stop the cycle of unwanted animals.","",""
"Pet Adoption and Rescue","4","Welcome to Pet Adoption and Rescue! 🌟

Our channel is dedicated to helping you find your perfect furry friend through pet adoption and rescue. We believe in giving every animal a second chance, whether it's through dog adoption, cat adoption, or finding a loving home for rescue animals. 🐾

We share heartwarming pet adoption stories, offer essential tips on how to adopt a pet, and showcase incredible rescue animal transformations. 🐶🐱 From local animal shelters to nationwide pet rescue centers, we highlight the importance of animal rescue and adoption. If you're looking to learn more about pet adoption near you or the best ways to support rescue animals, this is the channel for you! 💕

Subscribe for the latest on rescue pets, adoption tips, how to care for your adopted pet, and ways you can get involved in saving lives. Join us on the journey to make the world a better place for pets in need! 🌍","",""
"Demi M (Demis Animal Rescue)","3","Demi's Animal Rescue is a nonprofit organization created to rescue all types of animals that have been neglected or abused.","",""
"Volunteers of Pasadena Animal Shelter","3","Volunteers of Pasadena Animal Shelter is a volunteer run channel started by Chloe Martin, Surya Finke, and Hannah Sultando as part of their Girl Scout Silver Award Project","",""
"Animal rescue center","3","We are here to stand for animals world to live a good life😽😽😽🇺🇲","",""
"New Beginnings Rabbit Rescue","3","","",""
"Little Lives Rescue","3","Founded in July of 2016, Little Lives Small Animal Rescue is a 501c3 nonprofit organization located in Tri-Cities, Washington that primarily focuses on rescuing small animals such as rodents, reptiles, birds, rabbits and etc. 

We want to help the animals in and around our community as much as possible. Our journey started with a paralyzed bearded dragon, an abandoned pet mouse, and a chinchilla without a home. Since starting our rescue, we have saved several animal types including geckos, guinea pigs, rabbits, bearded dragons, fish, iguanas, snakes, mice, and more.

We have a large number of rescued rabbits with limited rabbit fosters. We try to help the public with rabbit care and advice since overpopulation and dumping is a huge problem in our area. Please neuter/spay your rabbit and litter box train them (using pine pellet cat litter). It will make your life easier!

Enjoy our cute critters and thank you for the support!!

Little Lives Small Animal Rescue","","United States"
"Weatherford Parker County Animal Shelter","3","","",""
"Jamie horse rescue sanctuary","3","","",""
"East Coast Rabbit Rescue","3","East Coast Rabbit Rescue.","",""
"Horse rescue sanctuary","3","","",""
"H.H.A RESCUE","3","Welcome to H.H.A RESCUE a channel dedicated to emotional animal rescue stories, wildlife rescues, and heartwarming moments where animals get a second chance at life.

Here, you’ll discover animal rescue videos, wildlife rescue, animal saves, emergency rescues, and inspiring stories featuring dogs, cats, birds, farm animals, wild animals, and other creatures in need of help. From dangerous situations to incredible rescues, every video is created to bring emotion, awareness, and hope to animal lovers around the world.

Dog Rescue & Animal Rescue
Cat Rescue & Pet Rescue
Bird & Wildlife Rescue
Farm Animal Rescue
Wild Animal Rescue Stories
Heartwarming Animal Saves
Wildlife & Nature Stories

Our goal is to create engaging rescue stories that encourage kindness, compassion, and respect for animals while entertaining viewers with powerful visual storytelling.

Subscribe to H.H.A RESCUE 🔔 and join our community of animal lovers. Every animal deserves a chance.","","United States"
"The Open Sanctuary Project","3","Videos and Podcasts from The Open Sanctuary Project, a 501(c)(3) nonprofit that helps folks around the world learn how to help animals in sanctuaries and rescues, in addition to improving their organizational sustainability! Check us out at OpenSanctuary.org where we have over 800 free educational resources!","","United States"
"PET RESCUE","3","","","India"
"Animal Rescue & Recovery","3","We are an official 501(c)(3) non-profit organization dedicated to saving euthanasia listed dogs in California, Colorado and Florida by placing them in foster homes, and/or adoption homes and giving them necessary medical help if needed. Bringing awareness to our communities about the crisis of shelter pets that have been abandoned or surrendered.","","United States"
"The Gifted Equine Horse Rescue","3","Restoring horses emotional &physical well being while helping humans along the way.","",""
"Brittany Cannon","3","","",""
"The Farm Animal Sanctuary","3","Welcome to The Farm Animal Sanctuary's YouTube channel, the UK's pioneering refuge for rescued farm animals. 

Established over 30 years ago, we provide a forever home to over 600 animals, including sheep, pigs, and horses. 

Explore heartwarming stories of rescue, recovery, and life on the sanctuary. 

Support our mission through donations, sponsorships, and visits. 

Join us in making a difference and spreading compassion for all animals. 

Subscribe and be part of our journey to protect farm animals. 🐑🐖🐴","","United Kingdom"
"Hunter Wildlife Rescue","3","Hunter Wildlife Rescue is a 100% volunteer-run charity that rescues, rehabilitates and releases injured, sick or distressed native animals in Newcastle, Lake Macquarie, Maitland, Cessnock and the Hunter  Valley of NSW.

Species we rescue include possums and gliders, koalas, kangaroos and wallabies, wombats, echidnas, turtles, snakes, lizards, all native birds (including owls and raptors).

Established in 1978, Hunter Wildlife Rescue (formerly Native Animal Trust Fund) was the first volunteer run wildlife rescue organisation in NSW.","president@hunterwildlife.org.au; secretary@hunterwildlife.org.au; vicepresident@hunterwildlife.org.au; website@hunterwildlife.org.au","Australia"
"OpEd Animal Rescue","3","","",""
"Freedom Farm Animal Rescue","2","","",""
"Animal Rescue Charity","2","The Animal Rescue Charity YouTube channel provides a showcase of the Cats and Dogs in our care looking for new homes. Photographs go so far, but video provides an opportunity to actually see the living personality of the animals, their body language, and how they interact with humans. All are cared for and protected by us, but they have so much to offer people willing to give them a new, forever home.","","United Kingdom"
"FishysFriendsRescue","2","🐾 Fishy’s Friends Rescue – YouTube Channel Description
Fishy’s Friends Rescue is a foster-based, 501(c)(3) nonprofit serving Comanche County, Oklahoma, and surrounding areas. Our mission is simple but urgent: to rescue, rehabilitate, and re home homeless and abandoned dogs while addressing the root causes of pet overpopulation through education and community outreach.
We are not a shelter—we are a network of everyday people opening their homes and hearts to dogs in need. From dumped litters to overlooked strays, we focus on the dogs who have nowhere else to go.
On this channel, you’ll find:
Foster journeys and training education
Education on responsible pet ownership and prevention
Community initiatives, events, and outreach efforts
The reality of rescue—both the wins and the hard days
Join us. Adopt. Foster. Donate.Volunteer.Educate.","",""
"Greenmore Farm Animal Rescue","2","","",""
"Christina Charlton","2","","",""
"Telly horse rescue sanctuary","2","Just a girl who owns a nonprofit animal rescue! Christian Farms Rescue & Rehab!","",""
"Rabbit Rescue","2","🐰 Cute Bunnies • 🚑 Rescue Missions • 😂 Funny Adventures
Welcome to Rabbit Rescue!","","United States"
"Niagara Falls Animal Rescue","2","Niagara Falls Animal Rescue is a real nonprofit organization founded by Dave Arthur in 1997.","",""
"A2Z Filings","2","A2Z Filings helps you establish your nonprofit, prepare your 501(c)(3) application, and stay compliant with annual Form 990 filings. We handle the paperwork so you can focus on your mission.","","United States"
"Animal Rescue Center","2","Welcome to **Animal Rescue Center**! 🐾 We are dedicated to rescuing, caring for, and finding loving homes for animals in need. Our mission is to give abandoned, injured, and mistreated animals a second chance at life.  

On this channel, you'll find heartwarming rescue stories, rehabilitation journeys, and adoption success stories. We also share educational content on animal care, welfare, and how you can help make a difference.  

Join us in our mission to protect and love animals! Don't forget to **subscribe** and turn on notifications to stay updated on our latest rescues. 🐶🐱❤️  

#AnimalRescue #SaveAnimals #AdoptDontShop","",""
"AHIMSA HAVEN ANIMAL RESCUE","2","Ahimsa Haven was incorporated in 1999 as a nonprofit animal rescue group. Our mission is to find good homes for abused, abandoned, homeless and unwanted domestic animals. We raise money through donations, grants, and fundraising events in order to provide routine and emergency medical care for animals in need. Every penny we raise goes to the animals - no one gets a salary!","info@ahimsahaven.org","United States"
"Horse Rescue","2","nyhorserescue.net.","",""
"Rabbit Rescue and Rehab","2","","",""
"JustCare Animal Rescue and Sanctuary","2","We are a 501c3 nonprofit founded in 2017 in Oakville, WA. We take in unwanted animals, give them care and love, and prepare them for their future adoptive homes. Those that are not adoptable will live out their lives at the sanctuary. 

A place where animals aren't just something, they're everything!","",""
"WildCare Stories","2","WildCare Stories shares cinematic rescue stories of injured wild animals fighting for survival.
Every short captures pain, hope, and the silent struggle of wildlife.
WildCare Stories is dedicated to telling emotional rescue stories of injured wild animals through cinematic short videos.

From animals trapped in extreme weather to wildlife rescued from life-threatening situations, each story highlights survival, compassion, and hope. These videos are designed to raise awareness and connect viewers with the reality of wildlife struggles around the world.

All content is created for educational and storytelling purposes, using cinematic visuals to respectfully portray animal rescue and survival.","","Canada"
"Dreamtime Animal Sanctuary","2","Offers lifetime sanctuary for farm animals.","",""
"Sonia's Sanctuary Animal Rescue","2","We are a 501(c)(3) nonprofit animal rescue in western Pennsylvania.","",""
"AZ RabbitRescue","2","","",""
"Angels4Paws Animal Rescue","2","Angels 4 Paws’ mission is to enhance the lives of animals at the shelters and save precious souls by placing them in foster care while actively seeking permanent and loving homes.  Our channel focuses on the importance of the foster family, projects we have organized and developed for shelters, our available pets, and other information about rescuing dogs and cats from local shelters.","","United States"
"Lake Lowell Animal Rescue Fosters","1","Lake Lowell Animal Rescue serves animals in need near Lake Lowell in the Nampa/Caldwell area in Idaho. We are a 501(C)3 nonprofit animal rescue organization. This channel serves as a repository for videos of animals that are being fostered and are available for adoption. We share these videos on our website and social media to reach potential adopters. To adopt an animal, or to learn more about our organization, please find us on Facebook or visit our website:

www.lakelowellanimalrescue.org","",""
"Andrea Lawless","1","","",""
"Horse Rescue","1","Rescuing animals support our  shelter with food donations 👇👇📍↔️","",""
"The Rescue Dog Pod","1","My name is Helen Summerfield-Brown, and I am a rescuer, advocate and full-time animal lover. This podcast is for animal people who have rescues, volunteer at rescues, who have adopted animals, cried at animal stories and fallen in love with the underdogs of the world. If you are curious about behind the scenes in dog rescue, then this is your place. Each week, I will be sharing real time stories from around the world - the messy, the beautiful, the heartbreaking and the hopeful. You will hear from rescuers, fosters, adopters, vets and advocates. I hope this Podcast inspires you, educates you and reminds you that one person can really make a difference.","",""
"Tar'Zo horse rescue sanctuary","1","Nonprofit organization 
501(c)3 non-profit equine rescue based in Utah 📍
RESCUE, REHAB, RE-HOME ||EDUCATE ✨","",""
"Born Again Animal Rescue and Adoption","1","","","United States"
"UMO Animal Shelter","1","Being instrumental in changing the future animal-related causes and charities. Inspire people to volunteer in shelters, helping to find these animals a home and bring awareness to the community on how they can help and adopt these animals. We want students to have a healthy extracurricular activity where they can engage in exercising and interacting with dogs and cats. We also want to decrease the extreme levels of stress (and anxiety) college students go through.","",""
"USA Wildlife Rescue","1","If you love animals and believe every life matters, you're in the right place.

❤️ What you'll find:
• Realistic Animal Rescue Stories
• Wildlife Rescue Missions
• Emergency Animal Care
• Animal Rehabilitation
• Heartwarming Rescue Videos
• Daily Rescue Content

Subscribe and join our mission to support animal welfare and spread kindness.

Because Every Life Matters. 🐾
#usa","","United States"
"Rabbit Rescue","1","Dive into an exciting world where our AI-created Hero Rabbit embarks on daring missions to rescue animals in need. From saving lost pets to protecting wildlife, this fearless bunny is always on a mission to help! 🏆","",""
"Stephan R","1","","",""
"PET RESCUE USA","1","🐾 Welcome to PET RESCUE USA! 🇺🇸

We share powerful animal rescue, pet care, veterinary treatment, and recovery stories. From helping injured animals to removing parasites like botflies and ticks, our mission is simple: Rescue • Care • Heal • Love. ❤️

Our videos raise awareness about animal welfare and show why every animal deserves kindness, proper care, and a second chance.

🐶🐱 Subscribe and join us in giving animals hope!
PET RESCUE USA — Every Life Matters. 🐾🇺🇸

⚠️ Animal Care Disclaimer: Our content is created for educational and awareness purposes. Never attempt medical treatment or parasite removal on an animal yourself. Always seek help from a qualified veterinarian or animal-care professional.","","Bangladesh"
"Net Geo Animal Rescue Center","1","","",""
"Freedom Acres Farm Animal Sanctuary","1","","",""
"Horse rescue sanctuary and ranch","1","We're a nonprofit organisation trying to show love and mercy to equine family❤️. We rescue and shelter horses and donkeys. We also offer rehabilitation services to the injured ones❤️‍🩹","",""
"Little Hobo's","1","","communityeffort_animalrescue@yahoo.com; adoptcear@gmail.com","United States"
"Horse Rescue Sanctuary","1","RescuingHorses from miserablelife conditions,support to meet their needs.","",""
"kind heats horse Rescue sanctuary","1","our mission is to rescue all stray horses and provide them with food , medication,shelter and all the love.","",""
"East Valley Animal Shelter - Volunteer Carmen","1","","",""
"Ollie's Legacy","1","Ollie’s Legacy Incorporated is a registered charity that rescues, rehabilitates and rehomes animals in need of a second chance. 
Follow along for the ups and downs of running an animal rescue, exclusive behind the scenes content and meet some animals in need of forever homes.","",""
"Newhope horse rescue sanctuary","1","Welcome to Newhope horse rescue sanctuary 
Join us rescue, treat and rehabilitate horses.
Let's show them love together and give them a second chance","",""
"Peanuts Place Rabbit Rescue","1","","",""
"Horse Rescue","1","Le Cheval Rescue is dedicated to giving abused, neglected, and forgotten horses a second chance at a happy, healthy life. 🐴❤️
Join our herd to go behind the scenes of our sanctuary and follow incredible journey-to-recovery stories! 🌟","",""
"All Ears Rabbit Rescue","1","","",""
"Pear Tree Farm Animal Sanctuary","1","Welcome to the official YouTube channel of Pear Tree Farm Animal Sanctuary 💚

We are a small, independent, volunteer-run animal sanctuary in Somerset, UK, providing lifelong care, safety and second chances to rescued animals.

Follow the lives of our residents, hear their rescue stories, enjoy behind-the-scenes sanctuary updates and join us as we work to create a kinder future for animals.

Since 2018, we have helped more than 7,500 animals, with over 80 residents now calling Pear Tree home, including pigs, horses, goats, sheep, poultry, rabbits, ferrets, cats and dogs.

Subscribe and become part of our sanctuary family!

Registered Charity No. 1195321","",""
"Hatchi Animal Rescue and Adoption Charity","1","None profit organization","",""
"Animal Rescue Story Daily","","Animal Rescue Story is dedicated to sharing heartwarming animal rescue stories, inspiring transformations, and hopeful new beginnings.

Through narrated storytelling and carefully created visual recreations, we highlight the journey from rescue to recovery—raising awareness, compassion, and respect for animals in need.

Our mission is to educate, inspire, and encourage adoption, kindness, and responsible animal care. Every story reminds us that love, patience, and a second chance can change a life.

🐾 Rescue stories
🐾 Before & after transformations
🐾 Shelter awareness
🐾 Happy endings

Some visuals are recreated for storytelling purposes.

Subscribe to support animal rescue awareness and be part of a community that believes every animal deserves a second chance","",""
"Farm Animal Rescue","","","",""
"Pet RESCUE","","","",""
"Madison Horse Rescue Sanctuary 🐎","","🐎Non-profit horse rescue sanctuary 🐎 
🐎we Rescue, Rehabilitate and Re-home 
❤️Support through donating 🙏
Donate Now 🙏❤️👇","",""
"Horse Rescue","","Passionate about giving horses a second chance,each horse I rescue is treated with care and love,","",""
"Safe Haven Equine Rescue","","","",""
"Animal Rescue Stories ⭐","","🐾 Welcome to Animal Rescue Stories! 🐾

At Animal Rescue Stories, we bring you heartwarming animal rescue adventures, inspiring wildlife stories, and emotional journeys of animals in need. Our mission is to share stories of hope, kindness, courage, and the incredible bond between humans and animals.

❤️ What you'll find on this channel:
• Animal Rescue Stories
• Wildlife Rescue Missions
• Emotional Animal Journeys
• Animal Friendships
• Inspiring Survival Stories
• AI-Created Animal Adventures

If you love animals and enjoy uplifting stories, subscribe and join our growing community of animal lovers!

🔔 Subscribe for daily animal rescue videos.
🐾 New videos uploaded regularly.

#AnimalRescue #AnimalStories #WildlifeRescue #RescueAnimals #AnimalLovers #AnimalRescueStories","",""
"Dog nation","",">Nonprofit dog rescue 🐾🐾
>Adopt . Foster . Volunteer 🤝 
> Welcome to United Paw Network – a global community of animal lovers. We post videos about animal rescue, pet care, kindness to animals, and inspiring stories. Subscribe and become part of a movement that speaks for animals who cannot speak for themselves.","",""
"Treasured Animal Rescue","","Treasured Animal Rescue is a foster based organization dedicated to saving homeless and abused animals. Our rescue is run by volunteers.  We rescue over 200 animals with 30 dedicated foster homes. Most dogs and cats are pulled from kill shelters. TAR was founded in 2017","",""
"Rocky Horse rescue sanctuary","","","",""
"River Road Rabbit Rescue","","","",""
"Equine rescue","","🐾 Help Us Save Animals in Need ❤️

Every donation can give a vulnerable animal a second chance at life. Your support will help provide food, clean water, veterinary treatment, medicines, vaccinations, emergency rescue, shelter, and recovery care for animals that are sick, injured, abandoned, or neglected.

💰 How your donation will be used:
• $10 – Food and basic supplies
• $25 – Medication and treatment
• $50 – Veterinary care and vaccinations
• $100+ – Emergency rescue, surgery, or shelter support

Together, we can rescue more animals, reduce suffering, and give them the safe and loving lives they deserve. Please donate and help us save a life today. 🐶🐱❤️","","United Kingdom"
"Horse rescue Sanctuary","","","",""
"Horse Rescue Sanctuary","","Horse Rescue Sanctuary , hereby calling upon your help to feed and treat horses. Can help through the DONATION LINK 

Please donate generously through our Donation link helping vulnerable stray animals receive lifesaving support. 🙏🙏🙏

JUST TAP THE DONATION LINK BELOW 
👇👇👇👇👇👇👇👇👇👇👇👇👇👇👇","","United States"
"Rabbit Rescue","","🐰 Welcome to Rabbit Rescue! 🐰

We bring you heartwarming and exciting stories about rabbit adventures! 🏡✨

Channel Purpose 🐰💖
At Rabbit Rescue, every video is a journey filled with adventure, kindness, and meaningful lessons. While rabbits are our main stars, our content also promotes compassion, helping animals, and spreading positivity. Through these stories, we aim to inspire good deeds and create a warm, uplifting experience for everyone who watches.

🌟 Join our community by subscribing today! Let's embark on amazing adventures together! 🐇💚","","United States"
"Animal rescue center","","","",""
"Kelly animal shelter volunteer","","To find loving homes for cats and dogs","",""
"Ratlum Mountain Animal Rescue","","Our Mission:  To prevent and eliminate the suffering of domestic and wild animals by rescuing and rehabilitating them and to encourage the public to peacefully coexist with all animals.

The day-to-day operation of Ratlum Mountain Animal Rescue is handled by Christine & Ahren Paulson, a husband-and-wife team.  The Paulson's spent over a decade volunteering for other charities, rescuing, fostering & rehabilitating domestic animals (dogs and cats), in addition to serving on the Board of Directors. In 2017, Ahren & Christine decided to broaden the scope of their rescue activities by learning about wildlife rehabilitation & earning their Wildlife Custodian Appointments from the Connecticut DEEP. In early 2020, they established their own non-profit charity, Ratlum Mountain Animal Rescue Inc.

Christine & Ahren continue to work full-time day jobs, while volunteering and running the charity in the remainder of their time. They invite everyone to join them on this journey","","United States"
"Beyond the Leash with Sandra","","Welcome to the interview channel for Beyond the Leash with Sandra!

Here, I share conversations with veterinarians, researchers, educators, and others working across animal health, science, and One Health. Through their experiences and perspectives, these interviews explore the connections between animal, human, and environmental health - and the people working to better understand them.

This channel is home to the video interviews featured on Beyond the Leash with Sandra. For articles, resources, research, and more, visit the main website: https://yi090920-glitch.github.io/Beyond-the-Leash/interviews.html

Animal Health • Science • One Health","",""
"Horse rescue 🐴🐎","","We Rescue, Treat, Rehabilitate sick and injured Horses 🐴 UK Based Rescue 📍 DONATE VIA LINK","",""
"PetFosterNetworkNC","","The Pet Foster Network helps local animal rescue groups and shelters to recruit as many foster parents as possible by promoting the joys and needs of pet fostering in Chatham, Durham, Orange, and Wake counties, North Carolina, and by providing educational materials to develop successful foster programs.","",""
"Horse Rescue","","","",""
"Animal Rescue Friends, Ltd - AZ","","A 501(c)(3) non-profit based in AZ. All donations are used to provide homeless dogs/cats food and medical care while in foster awaiting their forever homes.We are a foster-based rescue that provides love and care for the rescued animals in a home environment. Utilizing fosters allows us to provide attention to each animals unique needs while also training them on how to be inside a home. When the animal is ready for adoption; the in home approach to rehabilitation makes the transition into their forever home a smoother process.","",""
"RABBIT RESCUSE","","🐰 Welcome to RABBIT RESCUSE  Rabbit Rescue & Care!
We’re dedicated to rescuing, rehabilitating, and rehoming rabbits in need. 🏡💚
Whether you're a bunny lover, a new rabbit owner, or someone who wants to learn more about these amazing animals, you're in the right place!

🌿 What you'll find here:

Heartwarming rabbit rescue stories

Behind-the-scenes at our rescue center

Bunny care tips & health advice

Adoption success stories

Education on responsible rabbit ownership

Join our growing community of rabbit advocates and help us give every bunny a better future. Subscribe and hop along with us! 🐇✨","",""
"Colorado Pets Rescue Shelter🐈🐶","","Animal Rescue Service
Just a guy who loves and rescues animals
Rescued +90 
Links for donation below ⬇️","",""
"Horse Nation Rescue Sanctuary","","Welcome to Horse Nation Rescue 
Sanctuary 🐎

At Horse Nation, we are dedicated to providing a safe haven for horses in need. 
Our mission is to rescue, rehabilitate, and provide a lifelong sanctuary for horses that have been neglected, abandoned, or are at risk.

Through this channel, we share the journey of our residents—from their first steps into the sanctuary to their incredible transformations. We believe every horse deserves a life of dignity, love, and green pastures.

🎥 Join us for weekly updates on our rescues, rehabilitation stories, and life at the sanctuary.

Support Our Work:
Running a sanctuary takes a village.
 Your support helps provide hay, veterinary care, and a safe home for these majestic animals.

🔗 [Insert Donation/PayPal Link Here]Thank you for standing with the Horse Nation. ❤️","","United States"
"Animal Rescue Center","","","",""
"Virginia Farm Animal Sanctuary","","Welcome to Virginia Farm Animal Sanctuary (VFAS)  — a place of lifelong sanctuary for farm animals in need of a forever home.

Many of the animals here were once beloved pets whose families experienced life changes such as illness, loss, relocation, downsizing, or other circumstances beyond their control. When care needed a new place to continue, VFAS became that place.

Our mission is simple: provide lifelong sanctuary, compassionate care, and peace of mind for both animals and the people who love them.

Follow along for daily life at the sanctuary, animal stories, behind-the-scenes moments, educational content, tours, special events, and the frequent funny farm moment.

Home to donkeys, goats, sheep, pigs, llamas, poultry, and more, every resident here has a story — and every story matters.","support@givebutter.com",""
"Paynton horse rescue sanctuary","","support paynton horse rescue sanctuary as we care for that rehabilitate rescued horses. join us today and help make a lasting difference🙏","",""
"Maria Horse Rescue Sanctuary","","A forever haven for rescued horses, dogs & cats. 🐴🐶🐱
Love lives here. 💚 Donate & be their hope ⬇️","",""
"Mission Equine Rescue","","","",""
"Pet rescue shots","","","",""
"Sunshine Animal Rescue🐾🐶","","501c3 Nonprofit Organization dedicated to rescuing animals in Miami FL 🔗donate👇","",""
"Denkai Animal Sanctuary","","Welcome to Denkai Animal Sanctuary & Rescue ❤️ We give abandoned, neglected, injured, and vulnerable animals a second ...","",""
"Animal Rescue Stories","","🐾 Welcome to Animal Rescue Stories!

At Animal Rescue Stories, we share heartwarming rescue journeys of abandoned puppies, kittens, dogs, cats, and other animals. From rescue to recovery, every video celebrates compassion, hope, and the incredible bond between humans and animals.

❤️ What You'll See:

Animal Rescue Stories
Puppy & Kitten Rescue
Dog & Cat Rescue
Before & After Rescue Transformations
Emotional Animal Stories
Wildlife Rescue Moments
Inspiring Happy Endings
Daily YouTube Shorts

Our mission is to spread kindness, raise awareness, and inspire millions to care for animals in need.

📅 New videos every week!

🔔 Subscribe now and join our mission to give every animal a second chance.

Because every life matters. 🐶🐱❤️
animal rescue, rescue stories, puppy rescue, kitten rescue, dog rescue, cat rescue, animal lovers, pet rescue, abandoned animals, emotional stories, heartwarming videos, wildlife rescue, rescue transformation, inspiring animal stories, YouTube Shorts.","","Bangladesh"
"Kendall Dehart","","","",""
