"频道名称","粉丝数","简介","邮箱","国家"
"TEDx Talks","44600000","TEDx is an international community that organizes TED-style events anywhere and everywhere -- celebrating locally-driven ideas and elevating them to a global stage. TEDx events are produced independently of TED conferences, each event curates speakers on their own, but based on TED's format and rules.

For more information on using TED for commercial purposes (e.g. employee learning, in a film or online course), please submit a Media Request here: https://media-requests.ted.com.","","United States"
"TED","27800000","The TED Talks channel features the best talks and performances from the TED Conference, where the world's leading thinkers and doers give the talk of their lives in 18 minutes (or less) — plus originals, podcasts and exclusive content. Look for videos on Technology, Entertainment and Design as well as science, business, global issues, the arts and more.

Visit https://TED.com for our entire library, transcripts, translations and personalized recommendations.

TED videos may be used for non-commercial purposes under a Creative Commons License, Attribution–Non Commercial–No Derivatives (or the CC BY – NC – ND 4.0 International) and in accordance with the TED Talks Usage Policy: https://www.ted.com/about/our-organization/our-policies-terms/ted-talks-usage-policy. For more information on using TED for commercial purposes (e.g. employee learning, in a film or online course), submit a request at https://media-requests.ted.com","","United States"
"Real Madrid","21300000","⚽️🏆🌍 Welcome to Real Madrid C.F.'s official YouTube channel. Real Madrid is the most successful club in the history of football. Enjoy the best Real Madrid content here - highlights, behind-the-scenes access, training sessions, goals, historic action and much, much more!

⚽️🏆🌍 Bienvenido al canal oficial de YouTube del Real Madrid C.F.. El Real Madrid es el club más exitoso de la historia del fútbol. ¡Disfruta de los mejores goles, highlights, trucos, nuevos jugadores, entrenamientos, contenido social y mucho más!","atencionpublico@corp.realmadrid.com; areainternacional.fundacion@corp.realmadrid.com; areavip@realmadrid.es; comunicacion.fundacion@corp.realmadrid.com; correo.fundacion@corp.realmadrid.com; escuelas.fundacion@corp.realmadrid.com; eventos.fundacion@corp.realmadrid.com; madridistas.junior@corp.realmadrid.com; madridistas.platinum@corp.realmadrid.com; madridistas.premium@corp.realmadrid.com; madridistas@corp.realmadrid.com; oap@corp.realmadrid.com; oas@corp.realmadrid.com; patrimoniohistorico@corp.realmadrid.com; postgrado@uem.es; presidencia@corp.realmadrid.com; pruebasfutbol@corp.realmadrid.com; tour@corp.realmadrid.com; voluntariosfundacionrealmadrid@corp.realmadrid.com","Spain"
"WIRED","13000000","For future reference.","","United States"
"RegisteredNurseRN","5580000","Nurse Sarah provides NCLEX reviews, skills, school tips, & career help for students and nurses via RegisteredNurseRN.com. Please SUBSCRIBE & share our videos with others!

Nurse Sarah (BSN, RN) graduated from nursing school in 2009 with honors. She passed NCLEX on her first try & has worked as a bedside nurse in a variety of settings, including progressive care (PCU), telemetry, and medical-surgical. In addition, she has worked in non-invasive cardiology as a stress lab nurse and charge nurse.

Nurse Sarah has trained many students on the job, and she has taught millions of viewers through her website and YouTube channel. Her true passion is teaching students and helping new nurses succeed. She is also a Christian, wife, and mother to her two sons. 

This channel is for educational purposes only and is not intended as medical advice. While we strive for 100% accuracy, errors may occur, and medications and protocols do change over time.","contact@support.nursesarah.com","United States"
"Bob & Brad","5480000","Introducing the dynamic trio—Bob Schrupp, Brad Heineck, and the newest addition, Mike—the ""Most Famous Physical Therapists on the Internet""! With a combined experience of over 60 years in the physical therapy field, these seasoned experts bring you the best advice, tips, and information on how to get fit, stay healthy, and live pain-free—from the comfort of your home.
While Bob may no longer be on the screen, he continues to share his expertise from behind the scenes, and now, Mike joins the on-screen action. Our videos cover a wide range of topics suitable for everyone, from age 0 to 101. Whether you're looking for self-treatment techniques or simply seeking health-related insights, Brad, Bob, and Mike have you covered.
With a twist of humor in each video, we aim to make your health journey enjoyable. Don't miss out on the fun—subscribe to our channel and join us in the pursuit of a healthy, fit, pain-free life!

As  Amazon Associates, we earn from qualifying purchase","","United States"
"NBC Sports","5410000","NBC Sports serves sports fans 24/7 with premier live events, insightful studio shows, and compelling original programming. NBC Sports is an established leader in the sports media landscape with an unparalleled collection of sports properties that include the Olympics, NFL, NBA, MLB, Premier League, Big Ten, PGA Tour, the Kentucky Derby, Tour de France and many more. Subscribe to our channel for the latest sporting news and highlights!

Visit NBC Sports: https://www.nbcsports.com
Find NBC Sports on Facebook: https://www.facebook.com/NBCSports
Follow NBC Sports on Twitter: https://twitter.com/nbcsports
Follow NBC Sports on Instagram: https://www.instagram.com/nbcsports/","","United States"
"Doc Jun Reyes","4206274","Dr. Jun Reyes background 

Dr. Juanito Reyes PT DPT received his bachelor of Physical Therapy from Emilio Aguinaldo College in 1999. He has worked in multiple settings such as orthopedic, neurological, and geriatrics for more than 10 years. Dr. Reyes is a board certified physical therapist in both Philippines and NY, USA and his graduate work includes Transitional Doctoral Degree in Physical Therapy from Stony Brook University and received S. Herdman vestibular rehabilitation training from Emory University.

All content found on the Doc Jun Reyes channel including: text, images, audio, video or other formats were created for informational purposes only.The Content is not intended to be a substitute for professional medical advice, diagnosis, or treatment. 

Dr Reyes Liniment cream Available Now! Hurry..Philippines 🇵🇭Click here -➡️ https://shp.ee/epfii89

Follow us on Facebook-👉🏼  
https://m.facebook.com/drjunreyespt","","United States"
"Tone and Tighten","3300000","Hi - I'm Jared! I am a doctor of physical therapy who specializes in rehabilitating orthopedic (back, neck, shoulder, knee, etc) and postpartum (diastasis recti) conditions. I love being fit, healthy, strong, and active, and hope to help you accomplish your fitness goals. On this channel you'll learn best treatments for common injuries through exercising and stretching, and how to become a fitter, healthier version of yourself. Please consider subscribing!

DISCLAIMER: The content on this channel is NOT medical advice and is intended for general education and demonstration purposes only. This content should not be used to self-diagnose or self-treat any health, medical, or physical condition. You agree to indemnify and hold harmless T&T Digital Media, LLC and its officers for any and all losses, injuries, or damages resulting from any and all claims that arise from your use or misuse of this content. Use of this content is at your sole risk.","","United States"
"AskDoctorJo","2470000","Hi, I'm Doctor Jo, a Physical Therapist and Doctor of Physical Therapy. My videos demonstrate proper techniques for some of the best stretches & exercises to help relieve common pains like knee pain, neck pain, shoulder pain, back pain, arthritis, sciatica, fibromyalgia, and more.

Be safe, have fun, and I hope you feel better soon!

DISCLAIMER: This content is for informational purposes only. It is general in nature and is not intended to be medical advice, nor does using it create a physical therapist-patient relationship with you. Before starting, consult your own healthcare provider for a proper diagnosis and to ensure this content and any included products are safe and appropriate for your own medical and physical condition. Stop immediately if you experience pain. Ask Doctor Jo, LLC makes no representations about the accuracy or suitability of this content for you. By voluntarily using this content, you assume all risks for any resulting losses, injuries, or damages.","","United States"
"TvAgro","2410000","En este canal aprenderás de todo lo relacionado con el AGRO! 🌱🐮🌿🐶🐤🐟🌳🐷🍍🐯
#TvAgroTeAcercaAlCampo 💚
De Colombia para el mundo 🌎","","Colombia"
"HASfit","2290000","Join Coach Kozak and Claudia through over 1,000 on-demand home workout routines and exercise plans for all goals.

• Named “Top Fitness App” for 10 years straight
• 99% approval rating on over 1 Billion completed workouts

Become the best version of you with the free HASfit app:

• Home workout routines for all fitness levels (limited mobility, senior, beginner, intermediate, advanced)
• Get up to 2x faster results by following a complete fitness plan
• Stream your workouts to your TV using your Chromecast, Roku, Amazon Fire, or AppleTV
• Search to find your perfect workout from 3 – 60 minutes
• Modifications to help you customize the workout for your specific needs
• Save your favorite routines for easy access later
• Exercise with dumbbells or no equipment

Discover new workouts added each week:
• Fat Burning
• HIIT & Tabata
• Muscle Building
• Cardio
• Strength Training
• Low Impact
• Kickboxing and MMA
• Kettlebell
• Flexibility and Yoga

Find Complete Workout Plans and Programs!","contact@hasfit.com; support@hasfit.zohodesk.com","United States"
"The Doctors","1960000","The Doctors is an Emmy award-winning daytime talk show now in its 13th season!

The Doctors helps you understand the latest health headlines, delivers exclusive interviews with celebrities dealing with health issues, debates and investigates health and safety claims, explains the latest viral videos and how you can avoid emergency situations, and serves up celebrity chefs to share the hottest and healthiest recipes and foods.","",""
"Sukoon physical therapy","1900000","Sukoon Physical Therapy run by Dr. Varun Wasil
BPT, MPT(orthopaedics)
Deals with the treatment of all musculoskeletal problems with Physiotherapy which includes electrotherapy, exercise therapy and manual therapy. This Physiotherapy clinic in Jalandhar provides services like diagnosis and treatment of the following :-
Treatment available for
*Back Pain
*Slip Disc
*Sciatica
*Cervical Spondylitis
*Knee Pain
*Heel Pain
*Arthritis
*Frozen Shoulder
*Bell's Palsy
*Tennis Elbow
*Sports Injuries
*Muscle & Joint Pain

This channel provides healthy information related to physiotherapy or physical therapy and also about fitness exercises for weight loss

Dr.Varun Wasil 
BPT, MPT(ORTHO)
Consultant Physiotherapist
255, Shaheed Udham Singh Nagar, Jalandhar
for appointment - 9530766255
email- dr.varunwasil@gmail.com
sukoon.physical.therapy@gmail.com
fb-www.facebook.com/SukoonPhysicalTherapy
Youtube-www.youtube.com/sukoonphysicaltherapy","dr.varunwasil@gmail.com; sukoon.physical.therapy@gmail.com","India"
"Will Harlow – Over-Fifties Specialist Physio","1840000","Welcome to the channel that gives hope, help and healing to people over 50. I'm Will Harlow – a physiotherapist, clinic owner, and bestselling author on a mission to help 100 million over-fifties break free from pain, move with confidence, and stay independent for life.

Whether you're here to beat joint pain, improve your strength, or finally feel in control of your health again – you're in the right place. Through my videos, book, Lifelong Mobility program, or in-person treatment at my UK clinic, I've helped thousands of over-fifties to avoid painkillers and surgery – even when they've been told there's no other option.

You can explore ways to work with me or download your 100% free Stronger for Life Roadmap (an exercise plan tailored to your level of strength and mobility) below:","","United Kingdom"
"Med School Insiders","1810000","Med School Insiders helps premed and medical students make smarter decisions about careers in medicine.

We cover the big picture of the medical journey, including admissions strategy, medical school, residency, specialty choice, physician lifestyle, and long-term career fulfillment. Our content is evidence-based, data-driven, and focused on helping students avoid costly mistakes while building sustainable, satisfying careers.

Narrated by Kevin Jubbal, MD.","","United States"
"Rehab Science","1772593","Dr. Tom Walters, DPT • Orthopedic Physical Therapist • Learn How to Alleviate Pain & Move Better

Hi everyone! I am a Doctor of Physical Therapy (DPT) and a board-certified Orthopedic Clinical Specialist (OCS) who focuses on teaching people how to use movement and exercise to alleviate pain, recover from injuries and move better. 

My book (Rehab Science: How to Overcome Pain and Heal from Injury) is now available and contains rehab exercise programs for the 50 most common injuries and pain issues. The book can be ordered on Amazon or Barnes & Noble. If you live internationally, blackwells.com ships to most other locations.","","United States"
"Physio Dr Deepak Soni","1700000","WellBeing Physiotherapy & Sports Injury Centre

16, Gopalnagar A, Near Triveni Flyover, Gopalpura Bypass Road, Jaipur.

Fully equipped with Latest Electrotherapy and Exercise machines and Advanced Manual Therapy Treatment Techniques

We are the leading physiotherapy service providers in Jaipur since last 12 years. WellBeing Physio Clinic located at centre of jaipur near Triveni flyover,  gopalpura mode with all facilities like parking, specious waiting area for attendant, canteen, and very peacefull physiotherapy and  rehabilitation department. 

We are specialized in spine, joints pain, paralysis, & obesity. We have successfully treated more than 50 thousand patients of Back pain, slipped disc, sciatica, knee pain, arthritis, hemiplegia, head or spinal injury, post surgical cases, sports injury cases, etc

For Appointment 
Call: 9529111633","","India"
"University of California Television (UCTV)","1410000","University of California Television (UCTV) showcases the latest health and science research and groundbreaking discoveries of the nation's premier research university.  Our programs inform, educate and enrich the lives of people around the globe.

Explore for yourself where great minds gather: http://www.uctv.tv","","United States"
"Violin MD","1370000","Dr. Siobhan Deshauer, MD, FRCPC 

I'm a certified Canadian internal medicine and rheumatology specialist.
I create optimistic health content for a community of curious minds who want science-backed information to improve their health and inspire a brighter future. 

Become a member to get access to perks including monthly live-streams and a chance to chat with me one-on-one. https://www.youtube.com/channel/UCiamy6DLsjIeCgfz8TLXg9Q/join

Instagram: violin.md
Facebook: Violin MD - Siobhan
TikTok: @theviolinmd
Email: theviolinmd@gmail.com

PO Box 1
119 Spadina Ave.
Toronto, ON, Canada
M5T 2T2

DISCLAIMER:
I make every effort to publish correct information. I will double check all my facts but realize that medicine is a constantly changing science and art. I am simply presenting my views, and I welcome any comments, suggestions, or correction of errors. These videos are not intended as medical advice. Consult your own physician for any medical issues that you may be having.","theviolinmd@gmail.com","Canada"
"Talking With Docs","1290000","Dr. Paul Zalzal and Dr. Brad Weening are orthopedic surgeons and members of the Royal College of Physicians and Surgeons of Canada. Together, they help make medicine accessible by serving up practical insights on orthopedic treatments, various tips on surgeries, gut health, as well as other health topics.

Through short, topic-specific videos that blend insight and humour, Dr. Zalzal and Dr. Weening connect with patients at every stage of their journey to inform, educate, and empower. Learn how to properly prepare for surgery, surgery risks, what to expect after surgery, cardiology, anesthesia and much more. 

The Talking with Docs Vision:  To support people’s healing journeys–from clinical diagnosis to surgery to recovery–through memorable chats that include digestible clinical information and heartfelt guidance. 

To learn more about how to take charge of your own health, visit www.talkingwithdocs.com.","talkingwithdocs@gmail.com","Canada"
"Mayo Clinic","1260000","Mayo Clinic is a nonprofit worldwide leader in medical care, research and education for people from all walks of life. Doctors from every medical specialty work together to care for patients, joined by common systems and a philosophy of ""the needs of the patient come first."" Our headquarters are located in Rochester, MN, while we have campuses in Florida and Arizona.

Looking to connect with others facing similar health issues? Check out Mayo Clinic Connect — an online community where you can share your experiences, ask questions and find support from people like you.

Mayo Clinic locations and more: https://www.mayoclinic.org/about/
Detailed list of all our phone numbers: https://www.mayoclinic.org/contact/

*For the safety of our patients, staff and visitors, Mayo Clinic has strict masking policies in place. Anyone shown without a mask was either recorded prior to COVID-19 or recorded in a non-patient care area where social distancing and other safety protocols were followed.","","United States"
"Jessica Valant","1150000","I’m Jessica, a licensed physical therapist, Pilates teacher and women's health expert with over 25 years of experience. I believe movement should be empowering, encouraging and fun! On my channel you’ll find workouts for everyone, regardless of skill level or experience. I also talk through various injuries and conditions, including my own experience with women’s health issues such as prolapse and hysterectomy. I want you to remember you are strong, you are powerful and you deserve to move your body and feel good while you do it. 

Free three day trial to my UNLIMITED app for daily home workouts and women's health: https://app.jessicavalant.com/sign-up

You can find more of my tips and full length workout programs at http://www.jessicavalant.com.

 You can also find me and behind the scenes action on Instagram @jessicasvalant.","","United States"
"Physiovedic Physiotherapy Clinic","1110000","Welcome to Physiovedic Physiotherapy Clinic! We have been providing top-notch physiotherapy services for the past 10 years, and we take pride in being one of the most trusted and reliable clinics in the area.

At Physiovedic, our experienced and dedicated team of physiotherapists use a holistic approach to help our clients achieve their health and wellness goals.

So, whether you're looking for pain relief, injury rehabilitation, or simply want to improve your overall health and wellness, come visit us at Physiovedic Physiotherapy Clinic. Let us help you get back to doing the things you love!
Treatment for
*Neck Pain
*Back Pain
*Knee Pain(Arthritis)
*Stroke(Paralysis)
*Postural Correction
*Frozen Shoulder
*Cupping Therapy
*Sports Injuries
*Sciatica
*Facial Palsy
*Joint Pain


Dr Zeeshan Ali (PT)
(Consultant Physiotherapist)
Address - Back gate of navyug radiance school Rajendra Nagar Lucknow 226004 
Call - 9807734275
Website -www.physiovedic.com
Email- healsphysio@gmail.com
Thanks","healsphysio@gmail.com","India"
"El Paso Manual Physical Therapy","1100000","Helping you avoid unnecessary surgery, injections & pain medications. 

DISCLAIMER: 

Any information available on this channel is intended for general guidance only and must never be considered a substitute for advice provided by a physician, medical provider or physical therapist. El Paso Manual Physical Therapy will not be liable for any injuries that happen due to performing any exercises or advice on this channel.

Always seek the advice of your physician or other qualified health care professional with questions about your medical condition or to diagnose any conditions.","","United States"
"Balance Builders by Doug Weiss","1090000","Doug Weiss, DPT is a licensed Physical Therapist with 33 years of experience.  His mission is to help people maintain and regain their ability to walk. He uses a completely evidence-based approach that relies on the latest balance and rehabilitation research to reccomend the best and most effective ways to improve balance and prevent falls.","","United States"
"Physiotutors","1020000","We provide high-quality evidence-based online and offline education for physiotherapy students and professionals around the world. Our goal is to be the number 1 learning platform for physiotherapists around the world – from the first day as a student until the last day of someone’s career and thereby elevating the standard of physiotherapy education on a global scale.

We are grateful for every new subscriber!

Check our Website at https://www.physiotutors.com
--------
The materials on this channel are not medical advice. The content is intended as educational content for health care professionals and students. If you are a patient, seek care of a health care professional.","","Netherlands"
"Michelle Kenway","1020000","If you're looking for safe pelvic floor exercises and want to know how to do Kegel exercises correctly, you're in the right place!

Hi, I’m Michelle, a Pelvic Health Physio, here to help guide and support you with evidence-based pelvic floor exercises and pelvic floor safe strength and fitness exercises that you can relate to and trust.

Whether you’re:
- Looking to strengthen your pelvic floor and core muscles 
- Dealing with bladder or bowel problems
- Living with prolapse problems
- Suffering from erectile dysfunction
- Recovering after prostate surgery
- Exercising after hysterectomy

This channel is here with reliable Pelvic Floor Physio information — no matter who you are, where you live, or your life circumstances.

Access to quality pelvic health information is your right — and everyone’s birthright.

Let's exercise together to help you feel better — inside and out.","support@pelvicexercises.com.au","Australia"
"E3 Rehab","1010000","We are Doctors of Physical Therapy who specialize in rehabilitation, pain, performance, and injury risk reduction. Our mission is simple: empower YOU to overcome your setbacks and crush your goals using evidence-based education.","","United States"
"Indeed","1000000","More people find jobs on Indeed than anywhere else. Indeed is the #1 job site in the world* with 580M job seeker profiles.** Indeed allows job seekers to search millions of jobs, post resumes, research companies and more in over 60 countries and 28 languages. And over 3.5M employers use Indeed to find and hire new employees. For more information, visit https://www.indeed.com. 

On our YouTube channel, we feature career tips, highlight career paths and more. Subscribe for help in your job search. #Indeed #CareerTips 

Get better job matches when you complete your Indeed profile: https://go.indeed.com/4ER6C8
Download the Indeed mobile app: https://go.indeed.com/8EPR6X
Create a free Indeed account: https://go.indeed.com/7NA37Z
Find your next job: https://go.indeed.com/findjobs 
Get more tips: https://go.indeed.com/RFW437

*ComScore, Total Visits, March 2024
**Indeed data (worldwide), job seeker accounts that have a unique, verified email address","","United States"
"Dr Sunil Tank- PhysioPoint","955000","Dr. Sunil Tank (PT) - PhysioPoint | Spine Pain Expert | Sciatica & Slip Disc Specialist (Non-Surgical)

India’s leading channel for Non-Surgical Spine Recovery. Get expert Physiotherapy exercises for Slip Disc (L4-L5, S1), Sciatica, and Cervical Pain to avoid surgery from home.

✅ 900K+ Subscribers
✅ Proven Results for Back & Joint Pain
✅ Scientific Rehab for All Ages

Subscribe for daily relief tips and professional recovery guides!

PhysioPoint
Dr.Sunil Tank (Pt)
PHD ( Scholar) MPT ( Sports)
Physiotherapy & Spine Rehabilitation Specialist 
Certified Orthopedic Manual Therapist
Certified Osteopathy technique of Spine 

Address :
24 Braj Villa ,bhuvaneshwari vartika vistar sirsi road meenawala jaipur

For Appointment WhatsApp / call -07737396799

#Physiotherapy #SlipDisc #SciaticaRelief #DrSunilTank #BackPain #NonSurgicalTreatment #JaipurPhysio","","India"
"Alyssa Kuhn, Arthritis Adventure","895000","I’m Alyssa, a doctor of physical therapy and osteoarthritis specialist. I’m here to show you that adventure is possible with arthritis and joint pain.

Movement isn’t the enemy. The right movement can reduce pain, stiffness, and instability and it can also help you avoid surgery, endless medications, and injections.

After years helping people recover from knee and hip replacements, I saw too many slip through the cracks of traditional healthcare. Not here. On this channel, you’ll get research-backed tips and real-world strategies to regain mobility, rebuild strength, and keep you moving toward the life you want.

No more playing small, let’s make your arthritis adventures happen.","","United States"
"DOTNET Institute","881000","DOTNET is one of the well-known IT Institute, Connecting talent to Opportunities. If you have a thing for Information and Technology and want to pursue a career in the IT industry, DOTNET INSTITUTE is the right place for you.

DOTNET Institute was started in the year 1999 and was recognized by the Delhi government in 2005. We are proud to say that we have been a milestone to success for over 25 years; we have played an important role in making the careers of almost 85k students. 

Surendra Gusain Founder Director DOTNET Institute and Professional IT & Digital Marketing Trainer with experience of 25 years of excellence. 

VIDEOS - We publish career-oriented, motivational, informative IT tutorials, and IT informational videos. 

 KEEP WATCHING AND KEEP LEARNING. 

Join Professional Courses at DOTNET Institute. 
CALL US FOR ENQUIRY: 011-40040815 

VISIT US 
C-9 BLOCK-C, BEHIND COMMUNITY CENTRE 
DILSHAD COLONY, DILSHAD GARDEN 
DELHI-95","","India"
"SeniorShape Fitness","877000","Hello and welcome to SeniorShape with Lauren! I’m thrilled you have found my channel! I am an ACE (American Council on Exercise) certified fitness instructor. I also hold a specialization in senior fitness. 
It is my passion to create fun, new exercises and routines that are never boring. 
My videos are easy to follow and the exercises featured are specifically curated for beginners, and active older adults. The workouts are challenging and at a great pace that works well for anyone. 
Please subscribe so you never miss a new workout.

https://www.seniorshape.com

Equipment I use or recommend can be purchased on my Amazon store page www.amazon.com/shop/seniorshapefitness
*as an Amazon associate/influencer I earn from qualifying purchases

For those who have graciously asked to donate so I can continue to provide free videos can contribute through 
Venmo: @SeniorShape
I appreciate your support!

Thanks for working out with me!
Lauren","seniorshapewithlauren@gmail.com","United States"
"Dr. Andrea Furlan","867000","I am a physician, scientist and professor of Medicine in Toronto, Ontario, Canada. 
2022 Toronto's Top Doctor in Pain Management https://streetsoftoronto.com/top-doctors/

This Youtube Channel is for education about the causes, prevention, treatment and management of chronic pain. My specialty is Physical Medicine & Rehabilitation (Physiatry). I did my medical school at the ""Universidade de Sao Paulo (USP)"" in Brazil, and I completed my Ph.D. at the University of Toronto, Canada

Check my scientific publications here: http://bit.ly/Publications_DrFurlan

Disclaimer: Information on this Youtube channel should not be considered as a substitute for advice from a healthcare professional. This Youtube channel is not intended to provide diagnosis, treatment or medical advice. Content provided on this Youtube channel is for informational purposes only. Please consult with a physician or other healthcare professional regarding any medical or health-related diagnosis or treatment options.","","Canada"
"WFLA News Channel 8","838000","WFLA News Channel 8 is Tampa Bay's #1 source for news, weather, sports and entertainment. Thanks for visiting our YouTube Page!","","United States"
"Physio Dr Sandeep Bhardwaj","771000","In this channel we strive to provide right techniques as well as healthcare education to our viewers in all physical issues.
Dr. Sandeep Bhardwaj (MPT in Neuro) is a recognized and highly skilled physiotherapist in India with over 17 years of experience - 
1.  All spine related Problems like - Slip Disc, Sciatica, cervical spondylitis, S.I. joint Pain, Ankylosing spondylitis etc.
2. expert in Curing Paralysis like - Brachial Plexus Injury, Facial Palsy, Hemiparesis etc.
3.  Child Problems like- Cerebral Palsy, Autism, Behavior issue with occupational therapy.
4.  Sports Injuries

All above problems are well cured at
 Ambe Physio Hospital,
3 Branches in Jaipur 
Narayan Vihar, Mahesh Nagar, Mansarovar
Dr.Sandeep Bhardwaj (PT)
Senior Consultant Physiotherapist
MPT( Neuro ) MIAP 

📍Google Map:
 https://maps.app.goo.gl/LJpK4FpjkT2wkULYA
📱9782573803  ||  8078603229 

▶️Our Social Media Handles
 https://www.instagram.com/drsandeepbharadwaj
 https://www.youtube.com/@Drsandeepbhardwaj-","","India"
"Cleveland Clinic","755000","Cleveland Clinic is a nonprofit multispecialty academic medical center. Founded in 1921, it is dedicated to providing quality specialized care and includes an outpatient clinic, a hospital with more than 1,000 staffed beds, an education division and a research institute.","editorial@ccf.org; healthessentials@ccf.org","United States"
"Cancer Rehab PT","743000","Cancer Rehab PT provides people living with and beyond cancer and lymphedema with education, resources, and support to reclaim control of their everyday lives. Hi everyone! My name is Kelly and I am a Doctor of Physical Therapy (DPT) and I specialize in oncology and lymphedema, as well as lymphatic health. This channel focuses on various treatments and education for the management of the side effects. We also share tools to help reduce and manage lymphedema, along with lymphatic health & wellness.

Please subscribe to follow along! But please know, that by subscribing to my channel you understand that this channel and content is general information only. It's not personal medical advice and you will always need to speak to your doctor regarding individualized care. I cannot, nor will I, respond to personal medical questions. 
Please read and understand all disclaimers in each video for more details. Thank you!

Facebook: Cancer Rehab PT
Instagram: cancerrehabpt","","United States"
"Dr. Kristie Ennis","734000","Dr. Kristie Ennis, physical therapist, DPT, CSCS, founder and owner

I love helping people realize they are stronger than they think they are and are able to do more than they think they can! These videos allow me to enable so many people to realize their own power. I hope you enjoy the information on nutrition, injury treatment and prevention, and exercise!
Don't forget to grab your Derma Edge, which I created and patented to help you get rid of pain on your own.
Click below to order!

Disclaimer:
The information contained in this channel should not be used as a substitute for the advice of an appropriately qualified licensed physician or health care provider. The information provided is for informational purposes only. These videos may not cover all possible causes, treatments, and effects. Please check with your health care provider if you have questions or concerns on any video. Although we attempt to provide accurate and up to date information, no guarantee is made to that affect.","momentumptnh@gmail.com; mymail@mailservice.com","United States"
"Medical Centric Podcast","722000","Your trusted source for in-depth, evidence-based medical insights through engaging podcast-style conversations with leading doctors, scientists, and researchers.

We bring you long-form interviews and expert discussions where top specialists dive deep into the latest medical topics, from cutting-edge treatments and groundbreaking research to disease prevention, nutrition, chronic condition management, and healthy lifestyle strategies. 

Whether it's a cardiologist unpacking heart health myths, an oncologist sharing the newest advances in cancer care, a neurologist exploring brain health, or researchers breaking down emerging studies - our episodes feature real experts explaining complex topics in an accessible, thoughtful way.

These extended conversations go beyond quick tips, giving you the full context, nuanced perspectives, and up-to-date science you need to make truly informed decisions about your health.

Thank you for being here – we’re excited to learn alongside you.","","Portugal"
"Physical Therapy Session","685000","Welcome to Physical Therapy Session.
I will provide you information and ideas to help you take control of your body with simplified rehabilitation breakdown. I will help you reduce or eliminate pain, avoid surgery, improve mobility and guide you to an exercise program fitting for your unique condition.

I will also be having a YouTube LIVE at least once a month for a virtual consultation/counselling. You can seek advice and information.
Stay Tuned.
Don't forget to SUBSCRIBE and hit the bell button to stay updated for any new videos coming up! 

****Disclaimer****
The content of this channel should not be used to self-diagnose or self-treat any health, medical, or physical condition. Don’t use this content to avoid going to your own healthcare professional or to replace the advice they give you. Consult with your healthcare professional before doing anything contained in this channel.
Use of the content posted here are completely at your sole risk!","","Philippines"
"Sports Illustrated","656000","Sports Illustrated offers sports fans trusted, authentic, agenda-free reporting and storytelling featuring sports news, scores, photos, columns and expert analysis from the latest in today’s world of sports including NFL, NBA, MLB, college basketball, college football, soccer, golf, NHL, tennis and fantasy.","","United States"
"NPTEL-NOC IITM","633000","","","India"
"Doctor O'Donovan","609000","👨‍⚕️ Hi, I'm Dr James O'Donovan. I hold a medical degree (MBBS), Masters Degree (MRes) in Ageing and Health, PhD (DPhil) in Digital Education and MBA. 

📚 My goal is to make health topics easy to understand and accessible!

⏰ I release new videos every Wednesday & Sunday.

 Please subscribe & join our community of likeminded learners. 

⚠️ Disclaimer: Information on this channel is intended as a free open-access educational resource and not as clinical advice. Doctor O'Donovan Medical Education Ltd. can not provide individual advice. All information is accurate to the best of my knowledge at the time of publication. Medical education videos on Doctor O'Donovan Medical Education Ltd. are not a substitute for professional professional medical advice, diagnosis or treatment. NEVER ignore professional medical advice because of something you have heard here. ALWAYS consult your OWN health provider.

Collaboration enquires: https://www.doctorodonovan.com/collaborate

UK GMC Number: 7436647","","United Kingdom"
"DoktAURA","599000","DoktAURA here! Let me share to you my experiences in med school, give you a glimpse of my life in the hospital, and hopefully motivate you to go after your goals - especially if you have doctor dreams too, just like me!

Channel started on April 8, 2017
More stuff for you over at my blog http://auraazarcon.com","","United States"
"Dr. Bri's Vibrant Pelvic Health","598000","I'm Dr. Bri! I'm a Doctor of Physical Therapy, making pelvic wellness fun, accessible, and available to EVERYONE. I offer follow-along workouts to educate and empower you: mind, body, spirit, and pelvic floor. 💕

DISCLAIMER: This content is for informational purposes only. It is general and not intended to be medical advice, nor does using it create a physical therapist-patient relationship between you and Brianne Grogan. Before starting, consult your healthcare provider for a proper diagnosis and ensure this content is safe and appropriate for your medical and physical condition. Stop or modify immediately if you experience pain or increased pelvic symptoms. Brianne Grogan (FemFusion Wellness LLC) makes no representations about the accuracy or suitability of this content for you. By voluntarily using this content, you assume all risks for any resulting losses, injuries, or damages.","","United States"
"UCLA Health","582000","For more than half a century, UCLA Health System has provided the best in healthcare and the latest in medical technology to the people of Los Angeles and throughout the world. 

Comprised of Ronald Reagan UCLA Medical Center, UCLA Medical Center, Santa Monica, Resnick Neuropsychiatric Hospital at UCLA, UCLA Mattel Children's Hospital, and the UCLA Medical Group with its wide-reaching system of primary-care and specialty-care offices throughout the region, UCLA Health System is among the most comprehensive and advanced healthcare systems in the world. Visit us at www.uclahealth.org","AVahradyan@mednet.ucla.edu; DHeady@mednet.ucla.edu; Gmccartney@mednet.ucla.edu; APrisco@mednet.ucla.edu; PHampton@mednet.ucla.edu; RamiJandali@mednet.ucla.edu; Rpcruz@mednet.ucla.edu; UCLAHealthNews@mednet.ucla.edu; WHouston@mednet.ucla.edu","United States"
"Top Physio","580000","Welcome to Top Physio: our Physiotherapy and Safe Exercise Channel. 

Hi, I am Abu Saleh Ambia, a Chartered Physiotherapist and Independent Prescriber in the UK. 

This Physiotherapy channel will benefit you if you're: 

*Challenged by chronic health issues such as, back pain, neck pain, knee pain and so on
*Keen to learn best Physiotherapy treatment and exercises for common injuries 
*Interested in general health and fitness 
*Enthusiast to learn and use movement as Medicine.

You'll receive a new video every week by subscribing and clicking the notifications bell 🔔 
https://youtube.com/c/topphysiouk

Here you'll learn how to improve your health, to stay fit and well. 

Best wishes 
Abu Saleh
 

Disclaimer: Information provided on this channel is not intended to substitute medical advice. Please consult with your own healthcare professional to get a diagnosis and treatment plan for your specific condition.","","United Kingdom"
"Improved Health","575000","Welcome to Improved Health!
Your go-to channel for effective, low-impact workouts designed for 'every' body. You'll find three levels of workouts—Gentle, Beginner, and Intermediate—so you can find the level that suits you best. Once you know your level, head to the playlists to explore a variety of workouts, including cardio, strength, stretching, and all-in-one routines—with options for both talking and no-talking formats.

As a Recreation Therapist, Group Fitness Instructor, and Senior Fitness Instructor, my mission is to create fun, safe, and manageable workouts that help you feel your best—physically and mentally.

💺 Love chair workouts?
I have a second channel dedicated entirely to them! Check out new chair workouts every Thursday on:
👉 youtube.com/@ImprovedHealthChairWorkouts
(Older chair workouts will still be available here too!)

Thanks for being here—I hope you enjoy the workouts, and I wish you improved health!
Jules","","Canada"
"WKYC Channel 3","569000","WKYC (Cleveland) is your source for breaking news, Northeast Ohio weather, traffic, and live coverage in Cleveland and across the region. Get the latest updates from the WKYC team — from major local headlines and investigations to severe weather, community stories, and the moments everyone’s talking about.
Watch live newscasts, stream breaking coverage, and catch up on the top stories shaping Cleveland, Akron, Canton, and surrounding communities.

Subscribe for:
• Cleveland breaking news + live updates
• Northeast Ohio weather forecasts and severe weather alerts
• Investigations and accountability reporting
• Community stories across the region
• Major events, sports, and local explainers

WKYC — Cleveland news and weather, live and on demand.

🔗 More: https://www.wkyc.com/","TEGNA@nimia.com","United States"
"Medvarsity","568000","At Medvarsity, Asia's premier Healthcare EdTech company, our YouTube channel is a hub for advancing medical outcomes through diverse, high-quality content. Catering to doctors and healthcare professionals worldwide, our videos cover medical case studies, patient education, and various healthcare topics. Our unique blend of online and bedside learning, accredited by the British Accreditation Council and CPD Standards UK, ensures practical, top-tier education. With a global reach in 192 countries, engaging millions monthly, our channel is a go-to source for continuous healthcare learning and professional growth. Subscribe for the latest in healthcare education.

Medvarsity YouTube Channel: A Gateway to Advanced Healthcare Knowledge and Practice.

Visit the website - https://www.medvarsity.com/","","India"
"Bob The Physio","539000","Bob Firo
Physical Therapist | MSc in Sports Psychology | BSc in Sports Science

Defeat Chronic Back Pain and Start Living Pain-Free!

Hi Everyone! 👋 I'm Bob Firo, a Physical Therapist with over 15 years of experience helping people globally uncover the root causes of their injuries, conquer their fears, and live pain-free.

I’ve developed a holistic approach to support individuals with chronic lower back pain—without relying on medications, injections, or surgery.

👉 Imagine transforming your life with a simple 20-minute daily routine designed to relieve pain and improve your quality of life.

If you're ready to take charge of your health and embrace a pain-free future, join me on this journey!

📅 Book your appointment now:
https://dublinsportsinjuryclinic.setmore.com

Let’s get started on your path to recovery! 💪","rehab@dublinsportsinjuryclinic.com","Ireland"
"Helpful Vancouver Vet","507000","A series of pet and pet-health related videos created by Dr. Uri Burstyn, a Veterinarian from Vancouver, BC, Canada.  There may be cute cats involved.

This Youtube channel provides high quality pet health advice to everyone who needs it all over the world.  If you would like to support this mission and have the means to do so, please join me on Patreon or show your support by visiting my web store.  Your support helps me reach people who may not have access to veterinary advice all over the world.  

""Squish that Cat"" stuff: https://www.redbubble.com/people/arbutuswest?asc=u

Don't like wearing shirts?   I also have a Patreon: https://www.patreon.com/HVVet

A portion of all proceeds will go towards cat kibble for Mr. Pirate and Clawdia.

Videos are produced courtesy of the Vancouver Veterinary Group: https://www.vancouvervets.net/

Find us on Facebook, Instagram and follow Dr. Uri Burstyn on twitter!","","Canada"
"Shrey Vazir - Physiotherapist","500000","Hi, I'm Shrey Vazir, a physiotherapist on a mission to help people 50+ live fitter, healthier and pain-free lives!

When I was 21, I ended up in the ER with crippling back pain. Told there was no cure, I spent the next decade discovering natural ways to not only fix my pain but dramatically improve my health!

Now, as founder of Mind Body Horizons, my mission is share this knowledge with you. No painkillers, injections, or surgery - just science-backed methods to improve your well-being.

Join me for weekly videos and tips on: 
🔹 Improving your strength and mobility
🔹 Overcoming painful conditions
🔹 Getting back to the activities you love! 

✅ FREE Exercise Guide - Build Incredible Strength 💪
https://mind-body-horizons.kit.com/313492e6f9

Copyright © 2025 Mind Body Horizons Inc

By using the content in our videos, you consent to the full Terms and Conditions of Use, Privacy Policy, Disclaimer and Copyright Notice Posted Publicly at https://www.mindbodyhorizons.com/tcs","","Canada"
"Johns Hopkins Medicine","495000","Johns Hopkins Medicine pushes the boundaries of discovery, transforms health care, advances medical education and creates hope for humanity. Together, Johns Hopkins Medicine will deliver the promise of medicine. We welcome your interest, ideas, and participation.

Subscribe to this channel!

Visit our webpage to learn more or follow us on Facebook and Twitter by clicking the links below.","","United States"
"[P]rehab","462000","Expert rehab and injury prevention programs, built by Doctors of Physical Therapy. We break down complex movement science so you can get out of pain, move better, and stay active for the long run. Not sure where to start? Take our 2-minute quiz to find your personalized program👇","","United States"
"Jeffrey Peng MD","439000","Jeffrey Peng MD is a nonoperative orthopedist and sports medicine specialist. He created a YouTube channel to translate cutting edge medical knowledge and clinical research to benefit all those looking to live an active and healthy lifestyle. He focuses on maximizing non-surgical treatments for sports injuries and orthopedic conditions. He specializes in using orthobiologics and ultrasound guided minimally invasive techniques to treat osteoarthritis, tendinopathies, and musculoskeletal disorders.

Dr. Peng is board certified in sports medicine and family medicine. He completed residency with the Stanford family medicine residency program and completed his sports medicine training with the Stanford-O'Connor sports medicine fellowship in San Jose. He is a faculty member for both programs and is excited about training the next generation of physicians. 

Dr. Peng currently practices in the San Francisco bay area.

Twitter: https://twitter.com/JeffreyPengMD
Website: www.JeffreyPengMD.com","","United States"
"Mission Unstoppable","414000","Because women in STEM are truly unstoppable. 🚀🧬✨","","United States"
"Miacademy & MiaPrep Learning Channel","400000","The Miacademy & MiaPrep Learning Channel features a broad selection of learning videos for K-12. We hope you are enjoying them!

Our videos are carefully curated by licensed educators and new videos are added regularly. For more in-depth learning, check out our sites, Miacademy.co and MiaPrep.com, online learning platforms with lessons and practice that go along with our videos.  

Miacademy & MiaPrep also offer many hands-on learning activities including a business simulation, writing in the Miacademy Weekly, and creating artwork. Teaching social skills is also one of the key values at Miacademy. On the site, kids can interact safely in a moderated environment and share their artwork, videos, and ideas with each other.

Homeschoolers, Parents, Teachers, or anyone with kids in grades K-8,  check out https://www.parents.miacademy.co/ and use coupon code VIDEOSPECIAL for a discount. For high school, check out our sister website, https://miaprep.com/","","United States"
"Physio Classroom","389000","THE PHYSIOCLASSROOM CHANNEL HAS BEEN MADE WITH THE VISION OF IMPARTING QUALITY LECTURES RELATED TO PHYSIOTHERAPY TOPICS & ALSO TO CREATE SOCIAL AWARENESS ABOUT IMPORTANCE OF PHYSIOTHERAPY.
DON'T FORGET TO SUBSCRIBE THE CHANNEL AS YOU WILL GET THE BEST EVIDENCE-BASED RESOURCES REGARDING VARIOUS TREATMENT STRATEGIES THAT CAN BE USED TO TREAT VARIETY OF DISORDERS.
For APPOINMENT, contact : +91 - 9410575949 
EMAIL : physioclassroom@gmail.com","physioclassroom@gmail.com","India"
"RECOUP Physiotherapy & Wellness Center","344000","Hello friends, I am DrSunil Baghel(PT). I am a physiotherapist and I have created this channel for you people so that you can solve your problems through exercise🏋‍♂️ and Health related tips, sitting at home and live a healthy life.👌
Many people are not aware of small things and fall into health issues problems.

I create Heath related Video.
Exercise vidoe. 
 Which is helpful in your Daily living activities and day  life.

I will try to give my best👍 and you also give me your love🙏.  Subscribe to my channel❤ and like my videos. 🫰❤ Share as much as possible..So that more and more people can take benefit. Thank you so much❤ ....जय हिंद जय भारत🫶🇮🇳

LeftHandedPhysio🤟🛠

DISCLAIMER- the content in this channel are for Information purpose only. After following If your problem worsens with exercise, consult your health care provider. Get a diagnosis and receive appropriate treatment.

Contact ☎📲+919229999978 ( watssaap) 

Place - INDORE 📍MP📍INDIA 🇮🇳","","India"
"APRC Health & Physiotherapy by Dr Irfan Ahmed","343000","Welcome to APRC (Acti-Life Physiotherapy & Rehabilitation Center) — Lahore’s top choice for back pain, neck pain, shoulder pain, post-surgical rehab, and sports injuries. APRC is the only physiotherapy center in Lahore with a fully equipped gym and latest treatment technologies. Our expert male and female physiotherapists treat over 300+ hip and knee replacement cases annually — more than any hospital in Pakistan.

Dr. Irfan Ahmed (PT, DPT), Chief Physical Therapist, brings 20+ years of experience in orthopedic and sports injury rehab.

🎥 On this channel, find videos in Urdu/Hindi/English on pain relief, physiotherapy exercises, fitness, and recovery tips.

📞 Appointments: +92 321 4722540
🌐 Visit: www.aprc.com.pk

Subscribe for expert guidance and trusted rehab care.

Disclaimer: This content on this  channel is for informational purposes only and is not medical advice. Always consult a doctor before starting new exercises or routines.*","","Pakistan"
"Rehab and Revive","316000","The mission of the R+ YouTube Department is to leverage the power of video content to amplify our commitment to delivering excellence in enduring healing services and to extend our impact to a global audience. Through engaging and informative videos, we aim to empower our community by providing valuable insights, education, and inspiration on pain management, rehabilitation, and wellness. By fostering a culture of creativity, collaboration, and continuous improvement, we strive to strengthen our online presence, expand our reach, and solidify R+ as a trusted resource and preferred destination for health-related content on YouTube. Through our global community outreach efforts, we seek to connect with individuals around the world, inspire belief in our collective ability to make a positive impact, and foster a supportive community dedicated to healing and wellness

Heal Smarter Not Harder,
Dr. Justin C. Lin","hello@rehabandrevive.com","United States"
"Physio REHAB","299000","Welcome to physiorehab.com on You Tube! This is where you can get the most effective FREE Physiotherapy rehabilitation exercises, advice and education videos for injuries, surgery, strengthening + mobility.

We specialise in the rehabilitation of injuries and surgery for the fitness enthusiast, endurance athlete and sports person, enabling them with a successful recovery and return to exercise. 

Learn from Principal Physiotherapist and educator Tim Keeley on the latest techniques, cueing and instruction to help you get your rehab done right. Stay tuned by subscribing to get the latest videos as they are uploaded.

Head to physiorehab.com for our online injury and surgery rehabilitation programs or if you need a clinic or telehealth appointment, jump over to our clinic page at physiofitness.com.au

We also have an exclusive Membership to ""The Exercise Library"", where there are new exercise instruction-specific videos being release every week. Hit the Join Now tab for more!","reception@physiofitness.com.au","Australia"
"Hospital for Special Surgery","297000","HSS is the world’s leading academic medical center focused on musculoskeletal health. At its core is Hospital for Special Surgery, nationally ranked No. 1 in orthopedics (for the 17th consecutive year), No. 3 in rheumatology by U.S. News & World Report (2026-2027), and the best pediatric orthopedic hospital in NY, NJ and CT by U.S. News & World Report “Best Children’s Hospitals” list (2025-2026).

Please do not share personal health information on this site. Visit our social media terms of use page at http://www.hss.edu/social-media-terms-of-use.asp and our comment policy page at http://www.hss.edu/social-media-comment-policy.asp for more information on interacting with HSS on social media.","","United States"
"Play Football","270000","NFL Play Football
The official account of NFL PlayFootball

Way to Play. Official NFL Football Development provides current youth & high school football updates
PlayFootball. IG: http://instagram.com/playfootball
Twitter: @nflplayfootball
ops.nfl.com/3MMYwWV","","United States"
"Cincinnati Children's","265000","At Cincinnati Children’s, we provide expert, compassionate care to help kids be healthy and thrive. Ranked among the nation’s best pediatric hospitals, our team is here for every child, every step of the way.

📞 Ready to schedule an appointment? Visit: https://www.cincinnatichildrens.org or call us at (513) 636-3200.

For more information about our specialties, visit: https://www.cincinnatichildrens.org/search/services","","United States"
"Nemours KidsHealth","260000","Welcome to the Nemours KidsHealth® (KidsHealth.org) YouTube Channel. Nemours Children's Health is committed to transforming the health of all kids. We aim to give families the tools and confidence to make the best health choices. On our channel you'll find doctor-reviewed videos on hundreds of physical, emotional, and behavioral topics. We hope you find stories and advice that inspires you and helps you to stay healthy and happy. Please share our content with your friends and family.

KidsHealth® was founded in 1995 and continues to be the most-viewed site for children's health information written for the whole family — parents, kids, and teens. KidsHealth content is created by the experts at Nemours Children’s, including more than 300 Nemours clinicians who serve as medical reviewers. For more information, visit KidsHealth.org.","media@nemours.org; Partnership@kidshealth.org","United States"
"Pain Reliief Physical Therapy By Saundeep","255000","Through this channel i will be sharing with various topics in field of 

✓ Fitness for Health
✓ Medical yoga therapy
✓ Sports massage therapies
✓ Injury and pain management


Please subscribe  to my channel and enjoy watching these videos...","","India"
"American Heart Association","255000","Join our movement to create longer, healthier lives for all. By driving breakthroughs in science, policy, and care, together, we can change the future of health. Be sure to check out our social communities for tips on choosing nutritious foods, becoming physically active, sleeping well and lowering stress.","","United States"
"The Movement System","245000","MATT CASTURO, DPT, CSCS

Want to Expand Your Knowledge of Strength and Conditioning?
https://www.themovementsystem.com

You're in the right place!

The Movement System provides high quality educational videos about Movement Science and Strength and Conditioning. If you're studying for the CSCS Exam, a new strength coach, a personal trainer looking to expand your knowledge, or just someone who likes Sports Science you're in the right place.

Make sure to also follow along on instagram https://www.instagram.com/themovementsystem/

Thanks for checking out my channel!","","United States"
"Sports Injury Physio","244000","We're a team of experienced Sports Physiotherapists who aim to provide easy to follow, research based advice on how to treat sports injuries. 

🌟Need more help with your injury? You're welcome to consult us online via video call for an assessment of your injury and a tailored treatment plan: https://www.sports-injury-physio.com/","info@sports-injury-physio.com","United Kingdom"
"WAVY TV 10","239000","WAVY TV 10 is the NBC network affiliate serving the Norfolk, Virginia, television market.
---

We are owned by Nexstar Media Group, Inc. 
https://www.nexstar.tv/","","United States"
"NAT Global Campus","237107","Welcome to Niel Asher Education's YouTube channel — a trusted global resource for continuing education for massage therapists, continuing education for physical therapists, manual therapists, athletic trainers, and rehabilitation professionals.

Our channel features expert-led tutorials, clinical demonstrations, interviews, and educational insights designed to support professional development and real-world practice. Topics include manual therapy, sports rehabilitation, soft-tissue techniques, movement science, pain management, assessment, and integrative approaches to care.

Whether you are completing continuing education for massage therapists, advancing your skills as a physical or manual therapist, fulfilling continuing education for athletic trainers, or growing as a rehabilitation professional, our content supports lifelong learning and clinical excellence.

Niel Asher Education is known worldwide for high-quality instruction, trusted educators, and accessible online education.","","United States"
"Margaret Martin, Physical Therapist","234000","Want stronger bones and body? You're in the right place!

I am a Physical Therapist with 40 years of experience helping people improve their health, reduce pain, & live full, active lives. Over 200,000 people use my books, video workouts, and online courses to improve their bone health, posture, balance, and strength. 

I am the creator of MelioGuide™, the leading online provider of safe and effective osteoporosis exercise programs.

I am the author of three books on exercise and fitness including Amazon bestseller Exercise for Better Bones , Yoga for Better Bones, and Strengthen Your Core. I  trained over 12,000 health professionals how to treat people with osteoporosis.

Subscribe to my channel and hit the notification bell so that you will notified when I publish a new video every Tuesday!

Sign up for my free course on Exercise and Osteoporosis at https://melioguide.com/free-course/","","Ireland"
"The Children's Hospital of Philadelphia","231000","","","United States"
"Michigan Medicine","227000","Creating the future of health care through scientific discovery and innovations in education while providing the most effective and compassionate care.
 
www.UofMHealth.org
Facebook: http://on.fb.me/michiganmedicine
Twitter: @umichmedicine","",""
"Health Q","227000","Connect with us:
info@healthqrehab.com
9606402843
Book Appointment: 
🔥 Introduction to video: 
👀 Watch to discover:
📌 Timestamps:
🚀 Don't miss out on:
📚 Related Resources:
🤝 Connect with us:
👍 Like this video if you found it helpful!
❤️ Share with a friend who needs to see this!
🔔 Turn on notifications to never miss an update!
💬 Let's chat in the comments!
🎥 Watch Next:
📌 About @HealthQrehab:
HealthQrehab is your gateway to innovative phygital physiotherapy services. Seamlessly blending cutting-edge technology with personalized care, we revolutionize rehabilitation from the comfort of your home. Our expert physiotherapists leverage virtual consultations, community building for a comprehensive healing experience. With HealthQrehab, break free from traditional constraints and access professional physiotherapy anytime, anywhere.
Join our Facebook Community for active engagement. Find the Link Below 
https://www.facebook.com/share/g/1FkiwYjUSx/","info@healthqrehab.com","India"
"Clinical Physio","226000","Welcome to Clinical Physio, Building Exceptional Physiotherapists. We provide teaching on musculoskeletal, orthopaedic, neurological, respiratory, cardiac, inpatient and paediatric physiotherapy. 

INSTAGRAM: https://www.instagram.com/clinicalphysio/
MEMBERSHIP: https://member.clinicalphysio.com/memberships/
WEBSITE: https://www.clinicalphysio.com

DISCLAIMER: The views in our videos/productions are those of Clinical Physio only, and represent current clinical guidelines at the time of video production. Should you have any queries about the content in our videos/productions, you should discuss this with a senior colleague or appropriate health professional before implementation within your practice, or within your lifestyle.","","United Kingdom"
"World Horse Racing","222000","World Horse Racing is an alliance of four iconic global racing festivals, committed to celebrating the sport of horse racing and the incredible athletes who make it happen.

We'll help a new generation of sports fans fall in love with the power and excitement of horse racing, while giving today’s racing enthusiasts exclusive, behind-the-scenes access to the sport they love.","","United Kingdom"
"Joe Sharp - Physiotherapist","222000","I’m Joe Sharp , a former head physiotherapist in professional football, now helping active people stay active for life.

If you walk, run, lift, ride, hike, swim, or just refuse to sit still, and something’s started to hurt, you’re in the right place.

Active people don’t want to be told to rest. You want to know what’s actually wrong, what fixes it, and how to get back to doing what you love without making it worse.

That’s what this channel is for.

After years working in elite sport and years of running my own physio clinics, I’ve helped thousands of people get out of pain and back to full strength. 

The advice here is the same advice I give my patients and the athletes I’ve worked with, just without the appointment.

Subscribe if you plan on staying active for life. I’ll show you how.","","United Kingdom"
"Dr.VinodRaj Chitra Physiotherapy","218000","Welcome to Chitra Physiotherapy — 200,000+ subscribers strong and honoured with YouTube's Silver Play Button! 🏆

I'm Dr. Vinod Raj, a physiotherapist with 28+ years of experience treating disc bulge, disc prolapse, and spine conditions WITHOUT surgery. Since 1998, over 10,000 patients from India and abroad have recovered at our clinic in Pathanamthitta, Kerala.

On this channel you'll find:
✅ Surgery-free solutions for disc & spine problems
✅ Exercises for back pain, neck pain & sciatica
✅ Real patient recovery stories
✅ Stroke rehab, sports injury & arthritis care tips

New videos regularly — subscribe and take your better step today!

📍 Chitra Physiotherapy Clinic, Azhoor, Near Power House, Pathanamthitta, Kerala
📞 +91 98472 64214 | WhatsApp: wa.me/+919847264214
📧 dr.vinodraj@gmail.com
🌐 https://chitraphysiotherapy.com","dr.vinodraj@gmail.com","India"
"Yoga with Joelle","210000","Bite-sized yoga classes to feel better and fix your aches and pains.

Welcome! If you're looking to improve how you move and feel in both body and mind, regardless of your yoga experience or any aches and pains you're dealing with, I likely have the perfect video for you!

✨ Join the free 5-day ""Healthy Hips"" challenge (just 10 minutes a day!): https://hipschallenge.yogawithjoelle.com/

✨ To discover all my free yoga challenges, go to my website: https://yogawithjoelle.com/free-yoga

✨ Need help navigating? Check out this super-quick tutorial to find what you're looking for: https://youtu.be/HTtTmCHcVpg

See you on the mat,
Joëlle","","Germany"
"CBS News Sacramento","209000","CBS News Sacramento brings you the latest news, First Alert Weather, and sports. You'll also get a healthy dose of Sacramento's top morning show, GoodDay.

#cbssacramento #sacramento #news #localnews","",""
"Tim Fraticelli - PTProgress","205000","Hi, I'm Tim Fraticelli, a Physical Therapist and the founder of PTProgress. On this channel, you’ll learn about Physical Therapy career and treatment along with a few product reviews.  My mission is to inspire people to take action so I hope you find the videos to be helpful and be sure to subscribe for new videos each week!
Thanks for subscribing!
-Tim

After you subscribe, check this out:
Therapy Documentation: www.ptprogress.com/documentation","","United States"
"Dr. Judy Morgan’s Naturally Healthy Pets","204898","Dr. Judy Morgan has over 39 years experience as an integrative veterinarian, acupuncturist, chiropractor, food therapist, author, and speaker. Dr. Morgan owned and operated two veterinary hospitals that offer an integrative approach combining holistic medicine with traditional western techniques. Her goal is to change the lives of over 10 million pets by educating and empowering pet owners worldwide in the use of natural healing therapies, and minimizing the use of chemicals, vaccinations, and poor quality processed food.

Your Pet's Advocate,
JUDY MORGAN DVM, CVA, CVCP, CVFT
Best-selling Author of Five Books
2024 IAOTP Top Holistic Veterinarian of the Decade
2023 Inc. 5000 fastest-growing private companies in America
2023 People's Choice Award Winner
2022 Game Changer Award Winner
2021 IAOTP Empowered Woman of the Year
2019 Pet Age Woman of Influence
2019 IAOTP Veterinarian of the Year
2019 Veterinarian Hero Award Nominee
2018 Woman of the Year in the Pet Industry","krista@drjudymorgan.com","United States"
"Boston University","194000","Boston University videos capturing student life, research, campus community and alumni. BU is home to 34,000+ students, 10,000+ faculty and staff members, and one tiny Boston terrier.
 
BU is an international, private research university, committed to educating students to be reflective, resourceful individuals ready to live, adapt, and lead in an interconnected world. We welcome comments on our videos. Just a few guidelines to help us identify and minimize spam:

By all means, share your participation in community events, but please don't use the page to ask for money, even if it's on behalf of a worthy cause. By the same token, it's fine to share if you're running for public office, just don't use the page to campaign. We welcome constructive criticism of BU and its efforts. Please do not, however, use abusive, antagonizing, inappropriate language or spread misinformation. Page administrators reserve the right to remove any content or user that violates these guidelines.","titleix@bu.edu","United States"
"SingHealth","193000","With a network of acute hospitals, national specialty centres, community hospitals and polyclinics offering over 40 clinical specialties, the SingHealth Duke-NUS Academic Medical Centre draws on the collective strengths of SingHealth and Duke-NUS Medical School to drive the transformation of healthcare and provide affordable, accessible and quality healthcare.","example@example.com","Singapore"
"Rehab HQ","193000","Formerly Orlando Neuro Therapy 

The Rehab HQ channel is strictly for informational purposes only and does not constitute the practice of medicine, nursing or other professional healthcare services, including the giving of medical advice, and no doctor/patient relationship is formed. The use of information on this channel or materials linked from this channel is at the user's own risk.  The content is not intended as a substitute for advice from your healthcare provider or physician and cannot be used to make a diagnosis or treat any health condition. The information is not advice, and should not be treated as such. Users should not disregard or delay in obtaining medical advice for any medical condition they may have and should seek the assistance of their healthcare professionals for any such conditions. 

Tara Tobias has her doctorate in physical therapy and a board certified neurologic physical therapy specialist

Become a member TODAY!
Visit us at: https://www.rehab-hq.com","","United States"
"48 News","192000","WAFF 48 in Huntsville, Alabama has been covering the Tennessee Valley for six decades. Check out the latest content from Huntsville's NBC affiliate on this channel. Look for new and exciting projects from WAFF coming soon!","closedcaptioning@waff.com; jama.killingsworth@waff.com; PUBLICFILE@waff.com","United States"
"Jenny McClendon","191000","Created by Jenny McClendon, MS, PT, CGCP, a fitness enthusiast with over 30 years experience in the fitness industry. As a licensed Physical Therapist, it is of highest importance to me that these exercises are safe, easy to follow, and appropriate!  I have a HUGE love for teaching seniors and beginners!  It is for all levels, sizes, and ages.  I am known for being real, personable, encouraging, and energetic - you will feel comfortable doing these videos! I add videos regularly so you can do them in the comfort of your own home, on your own time, and at your own pace. 

Jenny's Fit Bunch: https://www.youtube.com/channel/UCHufaoaq1VqjHvnv8zvg9pQ/join
Website:  www.jennyfitstart.com
Collaborations: collabs@jennyfitstart.com
Questions: connect@jennyfitstart.com
Facebook: https://www.facebook.com/jennyfitstart
Instagram: @jennyfitstart
**For those who have graciously offered to donate in exchange for taking these classes for free:  Venmo (@Jenny-McClendon), Pay Pal (jmcclendon@nc.rr.com)","collabs@jennyfitstart.com; connect@jennyfitstart.com; jmcclendon@nc.rr.com","United States"
"Pathways","189000","Pathways.org is a 501(c)(3) not-for-profit organization that has been providing FREE child development information to empower parents and health professionals since 1985. https://pathways.org/ 

First, check out our milestone videos to make sure your child is on track with their development. Then, watch our Parents' Guide video series and videos on Tummy Time, motor skills, sensory integration, and more for tips to help encourage your child's development.","friends@pathways.org","United States"
"Dr. Pratibha Singh Physio Therapist (PT)","184000","I, Dr. Pratibha Singh, a Neuro-Physiotherapist, have been practicing for 15 years.

I have quality experience in providing rehabilitation services in multiple fields of physiotherapy, especially in neurological & musculoskeletal conditions. 

Along with giving rehabilitation services in clinical set up, I always wanted to share my knowledge and expertise through online portal also for the well-being of society as a whole. This consideration pushed me to start this youtube channel ""Dr. Pratibha Singh (PT)"" so that I can easily reach out to different people of society and help them to sort out their problems.

Email address : 

For Business Collaboration you can mail me at : 

pratibhasinghphysio@gmail.com","pratibhasinghphysio@gmail.com","India"
"Careers360","179000","Careers360- The Education Hub: A data enabled and technology driven education products and Services Company, Careers360 seamlessly integrates millions of student and institutional data points with user generated preferences of its 6 million plus monthly visitors to build sophisticated prediction and recommendation products to enable students explore and achieve career plans based on their interests and abilities.

From exam preparation to college recommendation, we have 250+ products used by a million students, cover 9000+ colleges and 200+ courses, driven by a 200+ member young team.

We are a hub of activity on everything to do with education. Our products, content, forums, experts and events help students, parents, policy makers, educationists and academics take informed decisions. We are driven by data, tools & products. We predict and recommend. We will enable the best decision for every student, every time. 
We are Careers360 – The Education Hub.","OUT@nielit.gov.in","India"
"KFOR Oklahoma's News 4","177000","YouTube videos from KFOR-TV, Oklahoma's NewsChannel 4 in Oklahoma City, Oklahoma.","",""
"CBS Colorado","172000","Welcome to the official CBS Colorado channel! Watch video coverage from Your Reporters, get the latest breaking news, and see First Alert Weather updates from CBS News Colorado.

Subscribe on YouTube: http://www.youtube.com/@CBSColorado
Follow us on X: https://twitter.com/CBSNewsColorado
Like us on Facebook: https://www.facebook.com/CBSColorado","david.harpe@cbs.com; kcnccaptioning@cbs.com; KCNCNews@cbs.com","United States"
"Dr. Dave Candy - Physical Therapist","161000","I'm Dr. Dave Candy, a board-certified specialist in orthopedic physical therapy and fellowship-trained orthopedic manual physical therapist, and my goal is to help people over 50 around the world stay active, mobile, and healthy without being held back by pain. 

Having been a physical therapist for 17 years, I've heard too many stories of people being told ""You're just getting older. You're going to have to deal with the pain, take pills, or wait until it gets bad enough to have surgery.""  But you've got a lot More Life to live after 50, and that's what this channel is all about! 

Check out my playlists to help back pain & sciatica, hip pain, knee pain, neck pain, and shoulder pain, plus tips to improve strength, balance, and mobility.

If you happen to live in the St. Louis, MO area I also have a physical therapy office in St. Louis. Visit online at https://m4lpt.com or call 314-941-3970 to request an appointment. If you live outside of St. Louis, visit https://overfiftycoach.com","","United States"
"Brute Strength","161000","","info@brutestrengthtraining.com","United States"
"Dr. Alyssa Lu","158000","Doctor of Physical Therapy 
Mobility | Rehab 
📍Roseville, CA 
Work with me locally / online","","United States"
"www.sportsinjuryclinic.net","152000","Welcome to the Virtual Sports Injury Clinic - information on over 300 sports injuries with symptoms, treatment, rehab, exercises, stretching, massage and more. We offer information on injuries from plantar fasciitis through to knee pain; groin strain to MCL injuries; Jumper's knee to ITB. We offer advice on preventing, assessing, treating and rehabilitation of injuries from soccer, swimming, tennis, athletics, rugby, running, cycling, football, netball.","","United Kingdom"
"Physical Therapy 101","143000","Be sure to subscribe and watch all of our featured videos!

Physical Therapy 101 was created by board certified Physical Therapists Anderson Dart and Nicholas Gallo.  This channel features expert instruction for a wide variety of Physical Therapy related topics.  Topics include: exercise instruction, brace fitting, and assistive device fitting/usage.  The goal of this channel is to ensure that patients use devices and perform exercises correctly to avoid injury.

https://www.physicaltherapy101.net","","United States"
"Dr Prakash Physiotherapist","141000","Appointment Call / WhatsApp :+917338740020
Physiotherapy Consultancy Online / Offline 
28+ Years Experience","","India"
"Dr. Ejaz Ali Physiotherapist","140000","Hi, This is Dr. Ejaz Ali Physiotherapist who loves what he does. 
I and my wife Dr. Sadia have been working in the Healthcare industry for the last 20 years. We have helped several people feel better through simple tips and exercises in their daily routine activities without medication, Injection, or surgery. We support our patients with state-of-the-art equipment and technology to provide their families the compassion and information to establish a real-time recovery. If you are a Medical student and want to learn about Human Anatomy, Physiology, Pathological conditions & their Physiotherapy Management, and other information about the medical field, Here is the best platform for you.. Stay tuned for more videos. 

Dr.Ejaz Ali Physiotherapy Services Bhimber Road Gujrat Pakistan 🇵🇰 
Contact: 0345-3070380 & 0332-7555004 

Location;
https://dr-ejaz-ali-physical-therapist.business.site/","",""
"The Physio Channel","140000","Putting Physical Therapy on YouTube 

Presented by UK Physiotherapist, Lecturer, and Author - Daniel Lawrence

📚PUBLISHED BOOKS: https://t.ly/dGLvT

See you in the next video!","","United Kingdom"
"Metro Physical Therapy","137000","This is the YouTube Channel for Metro Physical and Aquatic Therapy. Here you can find videos on patients' testimonials, informative commentary from our very own physical therapists, and video announcement for our upcoming events!","","United States"
"Mr.Physio","136000","Click the link below ⬇️ to visit our homepage","","United States"
"The Physio Fix","134000","My name is Dr. Stacie, I’m a physical therapist and the owner of The Physio Fix, and I’m so happy you’re here! As a former collegiate gymnast-turned-weightlifter, my passion lies in treating barbell athletes and gymnasts. I have also been a strength and conditioning coach for 15 years and a mobility specialist for 7 years and this experience allows me to effectively combine physical therapy with mobility and strength training principles to get you out of pain faster and become stronger and more resilient than ever before! 

This page serves as an educational database and a free resource to the public. You will find many custom Physical Therapy exercises that I use with my patients as well as longer duration videos that go into more detail on various topics related to health, fitness, physical therapy, entrepreneurship, weightlifting, etc.

If you are wanting to work with me, I offer both in-person PT in Phoenix, AZ and remote programming and I would love to see how I can help you!","","United States"
"Dr. David Geier","133000","I'm Dr. David Geier — triple-board certified orthopedic surgeon, sports medicine specialist, and anti-aging & regenerative medicine expert.

I want to help you recover from injuries and get back to the active life you love, regardless of age. My approach focuses on healing without surgery whenever possible — because it's not just about the injury. It's about getting you back to your sport, your workouts, and the people you love.

I'm the author of the Active Life Orthopedics Guides — practical books on recovering from the most common orthopedic injuries and conditions, written for athletes and active people like you. New titles throughout 2026.
📚 Get the books: https://www.amazon.com/dp/B0GF8ZQZTX","jennifer@drdavidgeier.com","United States"
"Dr Ram Physio","132000","Physical Therapist
⚕️17 yrs
⚕️Physio| Chirop|FDM | fOMT | osteopath | MCMT | DNT
⚕️Mandavellipakam| Alwarpet
⚕️committed to health with a doctoral phd 
📞9840304579","",""
"Insider Physical Therapy","131000","I’m Dr. Henry, a Doctor of Physical Therapy and proud graduate of Columbia University. 
Through this channel, I hope you can become an insider towards better health through exercises, injury prevention, and life style tips. 

-----------------------------------------------
“For general inquiries and  business opportunities please contact me at
👇👇👇👇👇👇👇👇👇👇👇
insiderptstudio@gmail.com","insiderptstudio@gmail.com","United States"
"Movement & Function","130000","Elizabeth “Beth” Wagner, DPT, CCVR, Cert. MDT
Since 2008, Beth has worked with people across the lifespan in a variety of physical therapy settings. In 2020, she started a YouTube channel providing information and demonstrating appropriate exercises for a wide range of physical conditions. Beth earned a Doctorate in Physical Therapy from University of Washington, a certificate of competency in vestibular rehabilitation and is certified in Mechanical Diagnosis and Therapy.  

*** This content is provided for informational purposes only and is not a substitute for professional medical advice, diagnosis, or treatment. Please consult a healthcare provider for guidance about any specific medical condition and before doing anything contained in the videos. The viewer is solely responsible for all outcomes of the use of this material.","","United States"
"University of Nottingham","129000","Welcome to The University of Nottingham's YouTube channel.

About the University: 
The University of Nottingham is a pioneering university that provides an exceptional research-led education, and an outstanding student experience. Our vision is to be a university without borders, where we embrace the opportunities presented by a changing world, and where ambitious people and a creative culture will enable us to change the world for the better.  

Find out more: 
Website: https://bit.ly/3nynlc9   
Facebook: https://bit.ly/2GKYaCd  
Twitter: https://bit.ly/3dacbWg  
Instagram: https://bit.ly/33JslTm  
LinkedIn: https://bit.ly/3iM5BGs","estateshelpdesk@nottingham.ac.uk; hr@nottingham.ac.uk; library-helpline@nottingham.ac.uk; regs@nottingham.ac.uk","United Kingdom"
"Extra Care Physiotherapy (Spine and Neuro Rehab )","123000","Since its inception in 2006, we at Extra Care Physiotherapy Centre have been striving to provide best physiotherapy treatment in comfort of your home. With having a team of experienced & certified physiotherapists, we always follow the best practices in medical care that help us to offer effective, people-centric and result oriented back pain treatment, neck pain treatment and knee joint pain treatment in Lucknow. The main aim of our expert team is to achieve highest standards of care in home physiotherapy by maintaining international protocols and standards.
Being the leading physiotherapy clinic in Lucknow, we always bring transparency in our healthcare service giving complete and detailed reports to the patients about their problems. This practice not just helps us to win the trust of patients but also enhances our brand value. We provide dedicated treatment plans keeping in mind different symptoms of different patients. With in-depth knowledge of this healthcare field, our team not","info@spinephysiotherapy.com; extracareclinic@gmail.com","India"
"Physio's Healing Touch","120000","🎥 Hey everyone! I’m Kartika Agarwal, and welcome to my YouTube channel — Physio’s Healing Touch!

Here, you’ll find informative, easy-to-understand videos all about physiotherapy — from treatment techniques to practical tips that can help you stay healthy and pain-free.

💡 My mission is to make physiotherapy more popular and accessible, and to help people understand how powerful it can be in improving your quality of life.

If you find my videos helpful, don’t forget to like, share, and subscribe to Physio’s Healing Touch — your one-stop destination for physiotherapy knowledge!

📲 And don’t forget to join me on Instagram for exclusive notes, updates, and informative content!","","India"
"Norton Healthcare","118000","Welcome to the official YouTube channel for Norton Healthcare, a leading not-for-profit health care system serving Louisville, Southern Indiana and the surrounding communities.

Here, you’ll find inspiring patient stories, expert health advice, wellness tips, medical innovations, behind-the-scenes moments and the people who make compassionate care possible every day.

From heart and vascular care, neuroscience and cancer treatment to women’s health, orthopedics, pediatrics and primary care, Norton Healthcare is committed to helping our community live healthier lives.

Subscribe for:
• Patient stories and real recovery journeys
• Health and wellness education
• Expert insights from Norton Healthcare providers
• Medical breakthroughs and innovative treatments
• Community events and hospital updates
• Tips for living healthier at every age

Learn more about our services, providers and locations at NortonHealthcare.com.","","United States"
"UC San Diego Health","116000","UC San Diego Health is ranked the No. 1 hospital system in San Diego. That's just one reason to choose us as your health care provider.

Our Mission is to deliver outstanding patient care through commitment to the community, groundbreaking research and inspired teaching.

Our Vision is to create a healthier world — one life at a time — through new science, new medicine and new cures.

When it comes to your health care, quality matters. So when U.S. News & World Report ranked UC San Diego Health as among the nation's best in nine medical and surgical specialties — more than any hospital system in San Diego — we were thrilled for our patients. These distinctions proudly reflect the dedication of our physician, nursing and research staff. Our renowned physicians and scientists have made contributions in numerous fields, including minimally invasive surgeries, personalized cancer therapy, cardiovascular treatment, and transplantation.","arpierce@health.ucsd.edu; jbvazquez@health.ucsd.edu; kcoutts@health.ucsd.edu; ljaquinde@health.ucsd.edu; mmbrubaker@health.ucsd.edu; news-media@health.ucsd.edu","United States"
"Annie Pilates Physical Therapist","116000","Anabelen Aranton, PT, a physical therapist and everyone calls me Annie for short with more than 20 years of experience and certified in Pilates for at least 17 years, Implementing all my skills and knowledge of helping my patients recover from injuries using a very low impact and highly effective strengthening.
 Website www.anniepilatesphysicaltherapist.com
Back Master Class Creator of Core and Back Immersion Therapy
MAIL ME: 2750 S Preston Rd Ste 116-104 Celina, Texas 75009","info@anniepilatesphysicaltherapist.com; AnniePilatesPhysicalTherapist@gmail.com","United States"
"Dr. Amy Konvalin I Women's Health Specialist","114000","Welcome! I'm Dr. Amy Konvalin, a Women's Health Specialist and physical therapist dedicated to helping women understand what their bodies are trying to tell them.

If you've been told your pain is ""normal,"" leaking is ""just part of aging,"" or you simply have to live with the changes in your body, you're in the right place.

Here you'll learn how your body is connected—from your pelvic floor and core to your jaw, feet, and everything in between. My goal is to help you find the root cause of pain, not just manage symptoms.

You'll find videos on pelvic floor dysfunction, menopause, neuropathy, joint pain, running, healthy aging, and whole-body movement.

My mission is simple: Help women understand their changing bodies so they can move with confidence, live without unnecessary pain, and get back to doing what they love.

Find It. Fix It. Keep It That Way.","","United States"
"Dr. Manoj Physiotherapy","108000","Dr. Manoj physiotherapy 
BPT (Bachelor of physiotherapy) 
Deals with the treatment of all musculoskeletal problems
with Physiotherapy which includes electrotherapy, exercise
therapy and manual therapy. This Physiotherapy clinic in
Moradabad provides services like diagnosis and treatment of
the following:-
Treatment available for
*Back Pain
*Slip Disc
*Sciatica
*Cervical Spondylitis
*Knee Pain
*Heel Pain
*Arthritis
*Frozen Shoulder
*Bell's Palsy
*Tennis Elbow
*Sports Injuries
*Muscle & Joint Pain
This channel provides healthy information related to physiotherapy or physical therapy and also about fitness exercises for weight loss
Dr.Manoj kumar
BPT, 
Consultant Physiotherapist
Rajrishi physiotherapy Chauraha Gali, Bartan Bazar, Moradabad 244001

for appointment-+919917050126","","India"
"Stronglife Physiotherapy","106000","Shockwave therapy, hyperbaric oxygen, and drug-free pain relief in Provo, Utah. See what's possible without meds, injections, or surgery.
I'm Dr. AJ Ludlow, Doctor of Physical Therapy and founder of Stronglife Physiotherapy in Provo (Utah County). For over a decade I've helped people get out of pain and back to the life they love. On this channel:

Self-treatment techniques and exercises you can do at home
How shockwave (ESWT) and hyperbaric oxygen (HBOT) therapy actually work
Real answers on plantar fasciitis, neuropathy, tendonitis, and back pain

Stronglife is Utah County's home for advanced regenerative care: shockwave therapy, hyperbaric oxygen, Calmare scrambler for nerve pain, dry needling, and red light therapy. 

In Provo, Orem, or nearby? Come see us.
Address: 3585 N University Ave, Suite 200, Provo, UT 84604
Web: stronglifept.com
Subscribe for new videos, and drop your questions in the comments.","joanna@stronglifept.com","United States"
"Nuffield Health","105000","Expert health and wellbeing advice from Nuffield Health

Building a healthier nation
 
Driven by our purpose to build a healthier nation, our experts have been working together for more than 60 years to make the nation fitter, healthier, happier and stronger.
 
Nuffield Health provides health and wellbeing for every part of you. We believe the best healthcare should help prevent illness by looking after your mind and body. That’s why our connected health and wellbeing offering spans physical and mental health–from personal training, health assessments, GP services and physiotherapy, to providing mental health support or hospital care and treatment.
 
We work together as a team to help you achieve your health and wellbeing ambitions. We champion free health and wellbeing programmes in your communities by giving people the tools they need to live a healthy life. These programmes help people understand and improve their own health.","","United Kingdom"
"Welcare Overseas Education","104000","WOE PROFILE:

“WELCARE OVERSEAS EDUCATION – BEST CONSULTANT FOR STUDY & WORK  ABROAD - Since 2008”

Study MBBS in Abroad- Germany, Italy, Ukraine, Georgia, Armenia, Kazakhstan, Russia
Study Free Bachelor's & Master's- Engineering, Management, Hospitality and Arts in Germany & Italy
Study Free Medical PG or Dentistry in Germany
Study Free Nursing or Nurse Job career in Germany
Paid Internship for Agriculture fields in Denmark, Norway, Sweden 

Best Regards,
Dr. Naresh H Bhati- Career Coach
MD - Welcare Overseas Education
Dean- Welcare College of Education
Vice President- International Medical School
Vice President- Samara State Medical University(Student Europe Exchange)
Member - Indo German Chambers of Commerce 
Admission Director - Naiminath Ayurvedic and Homeopathic Medical College
Joint Secretory - Karnataka Arms Sport Association
Associate Head - Sneha Sedu News Media, Karnataka","welcaredu@gmail.com","India"
"Dr. Charlie Johnson, PT","100000","Dr. Charlie Johnson, PT, DPT, OCS a doctor of physical therapy and a board certified orthopedic specialist.
He helps coach & teach people with back, butt, and sciatica pain how to heal themselves naturally using their mind + movement as medicine (without pills, shots or surgery).
After traveling across the country and learning alongside spine/hip surgeons, osteopaths, chiropractors, massage therapists, yoga instructors and other physical therapists- it became clear that healthcare was designed to ""fix you"".
Whether or not you believe me at the moment, you're not broken and can actually learn how to fix yourself. 

Figure out the cause of your pain without an MRI 👉 DIY Diagnostic Guide - https://www.drcharliejohnsonpt.com/diyguide  Apply to work with me & learn to heal yourself naturally 👉 http://www.drcharliejohnsonpt.com/apply
Subscribe to my channel 👉 https://www.youtube.com/c/physicaltherapyjohnson?sub_confirmation=1","","United States"
"Tamal Nag Physiotherapist","99300","I am Tamal Nag ,a Physiotherapist with 20 years of experience. In this channel you will get best physiotherapy exercises for knee pain, back pain, neck pain, elbow pain, heel pain, stretching exercises, strengthening exercises, pain relief exercises, etc. 
#tamalnagphysiotherapist #physiotherapy #physiotherapist #tamalnag #exercise #exercises #physiotherapyexercise #pain #painreliefexercises #stretchingexercises #stretching","","India"
"JAG Physical Therapy: Pelvic Health","96400","At JAG Physical Therapy: Pelvic Health, we recognize the anatomical importance of the pelvis as an interconnection of multiple bodily systems. Maintaining good pelvic health involves supporting the function and wholeness of the musculoskeletal, digestive, urinary, reproductive, colorectal and other systems. People of any gender may have a health issue that could benefit from pelvic treatment.

The pelvic health services we provide use a holistic approach that’s tailored to each individual’s unique lifestyle and condition.

For more information, visit us at https://www.jagpt.com/services/occupational-physical-therapy/pelvic-health-services/?utm_campaign=youtube&utm_medium=referral&utm_source=video","","United States"
"Total Therapy Solution - Physical Therapy","96300","Physical therapy should feel good when it is done right! If you have had a total knee replacement or you are planning to have one please take a moment to subscribe to my channel for loads of tips and tricks to make the recovery process as painless as possible.

About Anthony Maritato, PT - I have been a licensed physical therapist since 2006 and private practice owner since 2002. I specialize in treating patients who have undergone a total knee replacement or rotator cuff repair surgery.","","United States"
"Cornell University","93900","Cornell is a private, Ivy League university and the land-grant university for New York State. Cornell's mission is to discover, preserve, and disseminate knowledge; produce creative work; and promote a culture of broad inquiry throughout and beyond the Cornell community. Cornell also aims, through public service, to enhance the lives and livelihoods of our students, the people of New York, and others around the world.","info@cornell.edu; ur-accessibility@cornell.edu","United States"
"NewYork-Presbyterian Hospital","91000","NewYork-Presbyterian Hospital is an academic medical center located in New York City. 

NYP provides care in every medical specialty and is ranked among the top ten hospitals in America by US News and World Report's annual ""America's Best Hospitals"" survey. 

In addition to offering expert clinical care, our physicians conduct basic science and clinical trial research through our two affiliated, Ivy League medical colleges: Columbia University College of Physicians and Surgeons and Weill Cornell Medical College.

These videos contain general information about health care topics.They do not provide medical advice and are not to be used or relied on for diagnosis or treatment. They do not take the place of instructions or advice from your doctor or other health care providers. Talk to your doctor or other health care provider before making a health care decision.","","United States"
"Pediatric Physical Therapy Exercises","89100","Pediatric Physical Therapy Exercises is a youtube channel offering videos, and books from Gotcha Apps, LLC. We have produced books and videos with an emphasis on pediatric physical therapy.  Visit our webpage at www.pediatricPTexercises.com for more information.","amysturkey@gmail.com","United States"
"MedStar Health","88300","MedStar Health is a not-for-profit health system dedicated to caring for people in Maryland and the Washington, D.C., region, while advancing the practice of medicine through education, innovation and research. MedStar's 30,000 associates, 6,000 affiliated physicians, 10 hospitals, ambulatory care and urgent care centers, and the MedStar Health Research Institute are recognized regionally and nationally for excellence in medical care. As the medical education and clinical partner of Georgetown University, MedStar trains more than 1,100 medical residents annually. MedStar Health's patient-first philosophy combines care, compassion and clinical excellence with an emphasis on customer service. 

All videos are the property of MedStar Health.","","United States"
"Docthub","87800","Docthub is a healthcare career platform. 
It offers healthcare jobs, courses, and events marketplace. It also provides practice tools like a logbook, resume builder, registry, and memberships management. It is an end-to-end healthcare professionals’ platform for upgrading their career and practices. The platform is accessed through the website as well as Android and iOS mobile apps.","","India"
"FOX4 News Kansas City","84800","Your go-to source for Kansas City's latest news, weather and sports.
Story idea? 📨 news@fox4kc.com","news@fox4kc.com","United States"
"WBRC 6 News","83000","WBRC 6 News is a Gray Media television station in Birmingham, Alabama. We're On Your Side with timely reporting on local and breaking news including crime, public safety, and community events. We are your source for First Alert Weather and traffic.","PUBLICFILE@wbrc.com","United States"
"Mentor Ashik Mondal","82200","Welcome to the official YouTube channel of Mentor Ashik Mondal, a platform dedicated to helping you achieve your personal and professional goals. Here, you will find videos on topics such as mentorship, personal development, online learning, productivity, self-improvement, and education. Our goal is to provide you with valuable insights, tips, and techniques that will help you become the best version of yourself.

Mentor Ashik Mondal is a renowned mentor, coach, and educator with years of experience in guiding and inspiring people from all walks of life. His mission is to empower individuals to achieve their full potential by providing them with the tools and knowledge they need to succeed.

Also for Collaboration & Inquiries Write us contact -  
 writetoashikmondal@gmail.com
https://linktr.ee/Ashikmondal
Webinar :- https://tinyurl.com/n9d75fsf
Career Plan WhatsApp :-https://chat.whatsapp.com/L8Dl5mpycHJ4pJALjLdZcK","writetoashikmondal@gmail.com","India"
"Physio trendz","81100","Physiotrendz is Voice of all Physios, Who believe that with Proper knowledge and Awareness we can get the desired Respect and Position among Healthcare Professionals. Physiotrendz is where you learn and see information regarding Physical therapy education related skills as well as Information regarding future scope and current Scenario about the field around the world. I Physio Prem Shah have more then 7 years of experience in field of physiotherapy working as Associate Professor with expectation of shaping future physios such a way that all be confident enough to speak for the field of Physiotherapy. I hope you find your meets related to physiotherapy here, and if don't please let me know by comments on any video. I would love to answer any query.","","India"
"Penn Medicine","79400","Welcome to Penn Medicine's Youtube channel, where you'll find everything from health tips and advice to doctor profiles to patient stories, and much more. 

Subscribe now for all our latest videos: http://bit.ly/1W2TbMY

This channel is constantly updated with new videos that will educate, inform, and entertain...all while giving you a closer look at the people, places, and events that make Penn Medicine the top hospital in the Philadelphia area, and one of the best in the nation.

At Penn, our combined missions of research, education, clinical care and community service improve health and well-being. We are proud of our commitment to service and strive to use discovery and rigorous research to benefit our neighborhoods, our city and our world. We embrace the opportunity to teach others, to learn from our partners, and to care for patients with skill and dignity.","","United States"
"Exercise Prescriptor","79200","Our objective is to publish educational content on physiotherapy for our peers and students; lifestyle improvement content for aiding the common man in daily life and rehabilitation related content aiding patients. 

We are grateful for every new subscriber!

--------
Disclaimer: The content shared on this channel does not constitute medical advice in any form. The content here is intended to cater to our peers, students and the common man. If you are a patient, please seek advice from health care professionals.","","India"
"NHS England Workforce, Training and Education","79100","We are now part of the new NHS England. Our purpose remains to work with partners to plan, recruit, educate and train the health workforce.

For more information on who we are and what we do please visit https://www.hee.nhs.uk/","","United Kingdom"
"Parkinson's Foundation","76200","The Parkinson’s Foundation makes life better for people with Parkinson’s disease by improving care and advancing research toward a cure. In everything we do, we build on the energy, experience and passion of our global Parkinson’s community.

Learn more: https://www.parkinson.org/","","United States"
"Arogya PhysioTips","74700","Welcome to Arogya physiotips a Physiotherapy based and Safe Exercise Channel! As a highly experienced physiotherapist, we specialize in physiotherapy and pelvic floor health and helping you achieve your health and wellness goals. By subscribing and clicking the notifications bell, you'll receive a new video every week filled with valuable exercises and information to improve your wellbeing.

Our channel is perfect for beginners, individuals recovering from injuries or illnesses, and those challenged by chronic health problems such as neck and back pain, and poor core control. You'll also find a wealth of Pelvic Floor Physiotherapy exercises and information videos to help with pelvic floor strengthening, prolapse management, pelvic pain, bowel problems, and constipation.

For personal consultation please ping us at 9019741011.","","India"
"Solstice Physiotherapy","74200","At Solstice Physiotherapy, our physical therapists specialize in pelvic health. Our goals are to restore function and eliminate pain so that patients can restore their daily functionality. We treat a complex part of the body by integrating our knowledge of orthopedics, bladder, bowel, and sexual function to fully understand the entire person.","","United States"
"Dr Carra","68100","Good pet advice should make things clearer, not scarier.

I’m Dr Carra — a veterinarian, practice owner and final-year MSc Animal Nutrition student. This channel helps pet owners make sense of the health, nutrition and behaviour questions that become confusing online, with practical, evidence-led answers and honest context.

You’ll find focused videos on the questions that matter at home: what to notice, what to ask, and what may help. You’ll also find The Paws & Effect Podcast — longer conversations with veterinarians, researchers, behaviourists, welfare experts and others working to improve animal care.

Pet care is rarely black and white. The aim is not to offer easy answers or unnecessary fear, but to help you understand the context, ask better questions and make informed decisions for the animals you love.

Subscribe for useful answers, real conversations and a clearer way through pet health information.","","South Africa"
"WALK N RUN PHYSIOTHERAPY & REHABILITATION - INDIA","66100","WALK N RUN - INDIA
Advance Neuro Rehabilitation 
SCI - Spinal Cord Injury Rehabilitation 
CDC - Child Development Centers
Geriatric Rehabilitation Centers 

Contact us at 
+91 94130 14286 
+91 74287 48979

Powered by-
GAURI PHYSIOTHERAPY PVT. LTD. 
Advance Laser Therapy, Ortho, Sports Injury Rehabilitation & Child Development Center, 

Address-

BRANCH - GURUGRAM, HARYANA, DELHI-NCR, INDIA 
BRANCH - NOIDA, UP, DELHI- NCR, INDIA
BRANCH - BHARATPUR, RAJASTHAN, INDIA","","India"
"Holistic Physical Therapy: Orthopedic&Pelvic Floor","65100","Hi!  I'm Hina Sheth, I have been treating complex orthopedics, sports and pelvic floor physical problems for over 25 years with amazing results.  Now I want to bring my knowledge to the global community so I can spread my knowledge to you. Our bodies are complex systems of 600 muscles and organs intertwined in a fascial system that all work together. Imbalances in this system such as trigger points, visceral and myofascial restrictions can lead to joint, pelvic, and organ issues. Factors like nutrition, exercise, sleep, and stress play a crucial role.  Unfortunately, our current health care model does not look at our bodies as a whole and often times compartmentalize musculoskeletal injuries and dysfunctions.  At Rebalance, our goal is to holistically treat this complex system to restore harmony in the body.  By addressing these imbalances, we help clients improve their overall health and well-being.  Our vision is to empower individuals to create a healthier lifestyle for themselves.","","United States"
"Carrington College","64800","Carrington College is a leading provider of postsecondary education in the health care sector with programs that offer hands-on experience and prepare graduates for employment in such fields as dental assisting, and pharmacy technology. Carrington College is accredited by the Accrediting Commission for Community and Junior Colleges of the Western Association of Schools and Colleges (ACCJC-WASC).

Posting on this page does not necessary represent the views or opinions of Carrington College, or its affiliates. Nothing on this page constitutes a binding representation, agreement or an endorsement on the part of Carrington College, or its affiliates.","","United States"
"KD Physio","62800","Hi,

I am Dr. Dimpy Gohrani - MPT (Neurology). Life has become very static these days, and I have observed many people are not aware about the basic exercises that people can do to improve their muscle fitness. Through this channel, my objective is to help people in their day to day world, and help live them a healthy lifestyle.","","India"
"Gurnick Academy - Healthcare College","62600","Training America's Future Healthcare workers for over 20 years. Vocational Career Training for the 21st Century. Private College Campuses Located in Beautiful California with Online Offerings In Various States including Nevada, Arizona, Florida, and more!","","United States"
"Cornell University College of Veterinary Medicine","62590","Advancing the health and well-being of animals and people. #CornellVet

Throughout history, the Cornell University College of Veterinary Medicine's expertise in research, education and medicine has answered the needs of a changing world. From expert clinical service, to translational medicine, to food security, the college is focused on critical animal and human health priorities that define and impact our planet’s future.

---
Please note: this account is not administered by veterinary professionals. For medical advice please consult your veterinarian. 

For any inquiries related our hospitals, please call us at 607-253-3060 or use our online contact form via the website: https://www.vet.cornell.edu/hospitals/contact-us

For questions related to the Cornell Equine Seminar Series, please email: cuvetce@cornell.edu","cuvetce@cornell.edu; info@cuvs.org; Aj96@cornell.edu; ajt32@cornell.edu; altier@cornell.edu; ambulatory@cornell.edu; ams755@cornell.edu; BakerInstitute@cornell.edu; cby6@cornell.edu; Cornellruffian@cornell.edu; diagcenter@cornell.edu; djf273@cornell.edu; fhc@cornell.edu; jkk5@cornell.edu; Jr27@cornell.edu; lec27@cornell.edu; mt333@cornell.edu; paula.cohen@cornell.edu; praveens@cornell.edu; rchc@cornell.edu; sec15@cornell.edu; tb483@cornell.edu; tbh53@cornell.edu; vet_admissions@cornell.edu; vet-hosp@cornell.edu; vetfinaid@cornell.edu; vetfriends@cornell.edu; vetref@cornell.edu; wildlifehealth@cornell.edu; zweigfund@cornell.edu","United States"
"Dr. Samantha Smith PT","60900","Physical Therapist specialized in knee replacements. 
www.Succeedcourses.com","",""
"Duke Health","58900","As a world-class academic and health care system, Duke Health strives to transform medicine and health locally and globally through innovative scientific research, rapid translation of breakthrough discoveries, educating future clinical and scientific leaders, advocating and practicing evidence-based medicine to improve community health, and leading efforts to eliminate health inequalities.","drhptadv@dm.duke.edu; patientvisitorrelations@dm.duke.edu; complaint@jointcommission.org","United States"
"Great British Racing","58000","Great British Racing's YouTube channel gives an unrivalled insight into the world of horse racing in the home of the sport. 

Content with the stars, behind the scenes from the biggest events and films with unsung heroes... it's all on @GBRYT

Subscribe to not miss out on great content!","info@greatbritishracing.com","United Kingdom"
"harish physiotherapy","57300","Welcome to Harish Physiotherapy! Since 2007, we've been providing expert chiropractic and physiotherapy services in Jodhpur, Rajasthan. Specializing in personalized care, we help our clients achieve pain relief, mobility, and long-term wellness. Stay tuned for informative videos on treatments, tips for better health, and insight into physiotherapy techniques to enhance your quality of life!","harishphysiotherapy@gmail.com","India"
"Ivan Physio","55600","","",""
"Moffitt Cancer Center","55400","Moffitt is dedicated to one lifesaving mission: to contribute to the prevention and cure of cancer. The Tampa-based facility is one of only 57 National Cancer Institute-designated Comprehensive Cancer Centers, a distinction that recognizes Moffitt’s scientific excellence, multidisciplinary research, and robust training and education. Moffitt’s expert nursing staff is recognized by the American Nurses Credentialing Center with Magnet® status, its highest distinction.  For more information, call 1-888-663-3488, visit MOFFITT.org, and follow the momentum on Facebook, Twitter, Instagram and YouTube.","","United States"
"Geeked Rehab","55200","Dr. Monte, CMP, CMPT, is a Doctor of Physical Therapy with advanced post-graduate certifications in Kinesio Taping, Manual Therapy, Dry Needling, and more. After years of clinical practice, he created Geeked Rehab as a way to share a passion for rehabilitation, movement, and evidence-based recovery with a wider community.

Geeked Rehab exists to break down the walls of the PT clinic and bring expert-level rehab knowledge directly to you.
Our mission is to educate and empower the general public with clear, practical demonstrations of the same techniques used in physical therapy clinics—adapted for safe, effective home rehab.

Your engagement drives this channel. The more questions and feedback we receive, the better we can tailor videos.

Don’t hesitate—drop your questions, request specific topics, and join the growing Geeked Rehab community. We’re here to help you take control of your rehab journey with clarity, confidence, and expert guidance.","","United States"
"Physio Energy","55100","Discover practical strategies and trusted resources for patients, physiotherapists, massage therapists, and other health professionals who want to improve their skills and achieve better outcomes.

📚 Whether you're passionate about physiotherapy, manual therapy, or simply improving your well-being, you're in the right place.

👉 Subscribe now and join our community to explore high-quality content grounded in science and evidence-based practice.

🔔 Don’t forget to turn on notifications so you never miss our best videos!","info@physioenergy.com","Spain"
"Physical Therapy Nation","54900","DISCLAIMER:  Content available at this channel is not medical advice and is intended for education and demonstration purposes only. This content is not intended to diagnose or to treat any medical condition. 
     Physical Therapy Nation makes no representations about the accuracy or suitability of this content. Use of this content is at your sole risk. By voluntarily undertaking any exercise or technique demonstrated on this channel, you assume the risk of any injury. Many of these videos are for the education of licensed clinicians. You are responsible for understanding what techniques you are allowed to perform in your governing territory. 
     You agree to indemnify and hold harmless Physical Therapy Nation and its officers for any and all claims that arise from your use or misuse of this content regardless of the accuracy or completeness of any such content. Viewing YouTube content on this channel constitutes your agreement to these terms and conditions.","","United States"
"Nebraska Medicine Nebraska Medical Center","54100","Thanks for visiting Nebraska Medicine's YouTube channel. We hope our videos provide education and information about a variety of medical topics. Our videos cannot diagnose or treat any medical condition. We always try to respond to comments and questions, but remember, medical questions are best answered in person by a health care provider. When leaving comments, please do not disclose personal health information about anyone. Please keep comments civil and polite.
Nebraska Medicine can be found on line at http://www.nebraskamed.com. 

Nebraska Medicine is the most esteemed academic health care system in the region, offering exceptional patient care combined with innovative research and education. Committed to advancing the quality of health care, Nebraska Medicine represents the clinical integration of The Nebraska Medical Center, the state’s largest and highest rated hospital, Bellevue Medical Center and UNMC Physicians.","kaythomas@nebraskamed.com; twilson@nebraskamed.com; privacy@nebraskamed.com","United States"
"OT Miri","53800","Welcome! I'm Miri, a licensed Occupational Therapist and a Doctor of Occupational Therapy. OT Miri was created in December 2016 to bring together a community of people with a shared passion towards a common goal- to become a confident, competent and compassionate Occupational Therapy practitioner. The content, opinions and strategies covered in my videos are not a substitute for academic coursework, medical advice, diagnosis or treatment and should not be viewed as such. NBCOT® is a registered trademark owned by National Board for Certification in Occupational Therapy, Inc. OT Miri is not affiliated with or endorsed by National Board for Certification in Occupational Therapy, Inc. Thank you for your continued support, love and engagement. Your OT, Miri.","","United States"
"National MS Society","53100","MS stops people from moving.  The National MS Society exists to make sure it doesn't.

We help each person address the challenges of living with MS through our 50-state network of chapters. The Society helps people affected by MS by funding cutting-edge research, driving change through advocacy, facilitating professional education, and providing programs and services that help people with MS and their families move their lives forward.","",""
"Matthew Boes M.D.","53100","Dr. Matthew Boes is a board-certified, fellowship-trained orthopaedic surgeon with specialty certification in sports medicine from the American Board of Orthopaedic Surgery. A partner in Raleigh Orthopaedic Clinic, the Triangle’s premiere orthopaedic practice, he serves as Team Physician for North Carolina State University’s football and baseball teams. His areas of expertise include sports medicine; shoulder and knee arthroscopy; and reconstructive surgery of the shoulder, elbow and knee. Visit http://www.matthewboesmd.com to know more.","","United States"
"Singapore General Hospital","52800","Singapore General Hospital, established in 1821, is the largest acute tertiary hospital in Singapore and ranked among the world’s best. It provides the most comprehensive patient-centred care with over 50 clinical specialties on its campus. As an Academic Medical Centre, it takes pride in training healthcare professionals and conducting cutting edge research to meet evolving needs of the nation as well as the region. Driven by a strong sense of purpose, SGH is committed to give of its best to heal and bring hope, as it has for over 200 years. 

A not-for-profit institution, SGH is wholly owned by the government of Singapore and the flagship hospital of the public healthcare system.","sponsorship@sgh.com.sg; enquiries@ndcs.com.sg; appointments@sgh.com.sg; community.integration@sgh.com.sg; community.nurse@sgh.com.sg; dotpcn@singhealth.com.sg; dotrightsiting@singhealth.com.sg; example@example.com; giftstosgh@sgh.com.sg; gpfirst@sgh.com.sg; ian@sgh.com.sg; job_appln@sgh.com.sg; media@sgh.com.sg; medicalreport@sgh.com.sg; mss@sgh.com.sg; nuclear.med@sgh.com.sg; partnersbuddy@singhealth.com.sg; pgahi@sgh.com.sg; pgmi@sgh.com.sg; phico1@sgh.com.sg; pls@sgh.com.sg; se.hsg.teams@sgh.com.sg; sghfeedback@sgh.com.sg; volunteer@sgh.com.sg; volunteers@sgh.com.sg","Singapore"
"Venn Healthcare Ltd","52600","Supplying the UK's medical and aesthetic markets with the latest non-invasive medical and cosmetic treatments from trusted global brands, Storz Medical, Classys, Cluederm, Lutronic & Aquagold Fine Touch. Training and in-house after care provided. 

About Us
Venn Healthcare supply advanced, non-invasive systems for medical, cosmetic and aesthetic markets. Our product portfolio includes carefully selected treatments from trusted global brands Product lines include a wide range of devices with various applications from dermatological applications such as HIFU, Fat Freezing, skin tightening, laser tattoo and hair removal to the treatment of soft tissue injuries and urological pathologies. Technologies vary from the latest fat freezing and laser machines to shockwave therapy devices and micro needling. 

Clients include clinicians and physiotherapists to clinic owners and hospital managers, this give us a deeper understanding of both client and practitioner needs. www.vennhealthcare.com","info@vennhealthcare.com","United Kingdom"
"Physical Therapy Education Solutions","51500","We create videos about human function and physical therapy techniques, and discuss current issues affecting the profession. Visit us @ www.ptedsolutions.com    Videos are intended to be a supplement to learning, not to replace instruction under a qualified educator.","us@www.ptedsolutions.com","United States"
"Exclusively Equine Veterinary Services","51414","Exclusively Equine Veterinary Services is based at Hatton Vale in the heart of the beautiful Lockyer Valley.","","Australia"
"Physio Evangelist","51000","Justin Yee, Physiotherapist struggles to find time to make remotely entertaining and hopefully useful physiotherapy videos. Balancing between a full time job as a physiotherapist, co running an online platform for kombucha subscriptions, being in a relationship, trying to keep up with my passion of rock climbing, participating in church activities, maintaining my strength and fitness at the gym, all while trying to get enough sleep, drink enough water, eat well and trying not to go insane.","","Malaysia"
"Movement Science","50200","Hello people! 
This is Adhip Nadkarni for Movement Science Welcome to this channel. I have created these videos for sharing and spreading my biomechanical knowledge. 
More importantly, I aim to portray this subject's fundamental relationship with physiotherapy and the world that surrounds us through my videos. 
The fascination on my face when someone explains a new concept is unparalleled. 
Its truly fulfilling when I get the chance to apply this knowledge in clinical practice. 
I hope to make this a fun learning experience as I take you on this rewarding journey.

Thank You :)","","India"
"Kennedy Krieger Institute","49800","Learn more about Kennedy Krieger Institute, an internationally recognized institution dedicated to improving the lives of individuals with developmental disorders and injuries through patient care, research, professional training, special education, and community initiatives.","Foundation@kennedykrieger.org; HelpKids@kennedykrieger.org","United States"
"RomatemTV","49000","As Romatem Physical Therapy and Rehabilitation Health Group, we provide physical therapy and rehabilitation services with advanced technologies and an expert team. With a wide range of treatments, from robotic systems to manual therapy, we help our patients achieve a healthy life. As Turkey's first and only chain physical therapy brand, we offer services at international standards and play an important role in the field of medical tourism. By providing quality treatment to our patients from abroad, we are progressing towards becoming a globally recognized brand.","","Türkiye"
"University College London Hospitals NHS Foundation Trust","48300","University College London Hospitals NHS Foundation Trust is one of the largest NHS trusts in the UK, providing acute and specialist services in six hospitals.","","United Kingdom"
"Careers and Personal Finance by Khan Academy","48300","Careers and Personal Finance by Khan Academy: Are you wondering how to land your dream job? How to pay off student loans? What’s the best way to negotiate your salary? Finding answers to questions like these can be hard, but we’re here to help. We ask real people in real jobs how they make it all work in our new video series about careers and personal finance.
 
About Khan Academy: Khan Academy is a nonprofit with a mission to provide a free, world-class education for anyone, anywhere. We believe learners of all ages should have unlimited access to free educational content they can master at their own pace. We use intelligent software, deep data analytics and intuitive user interfaces to help students and teachers around the world. More free lessons at KhanAcademy.org","","United States"
"Southeast Veterinary Neurology","47800","As leaders in veterinary neurology, neurosurgery, and advanced imaging, Southeast Veterinary Neurology (SEVN) exclusively treats diseases of the brain, spinal cord, nerves, and muscles including vertigo, seizures, strokes, brain tumors, and paralysis in dogs and cats. 

SEVN was built on a promise to be there when families need us and to treat each patient as if it were our own pet. We keep this promise every day by providing compassionate neurological care to patients, empathetic service to pet parents, and humble expertise to the veterinary communities in our Florida and Virginia locations.

To learn more about Southeast Veterinary Neurology please visit us at https://SEVNeurology.com.","","United States"
"Ochsner Health","47800","At Ochsner, we are driven by our commitment to our mission to Serve, Heal, Lead, Educate and Innovate, and that passion is shared with every person who passes through our doors.

As Louisiana’s largest non-profit, academic healthcare system, Ochsner provides coordinated clinical and hospital patient care across Louisiana, Mississippi and the Gulf South.  Ochsner Health is committed to giving back to the communities it serves through preventative screenings, health and wellness resources and partnerships with innovative organizations that share our vision.   

Learn more about care offered at the #1 hospital in Louisiana: https://www.ochsner.org/longliveyou","","United States"
"Mike Reinold","47300","Mike Reinold is a physical therapist, strength coach, and performance enhancement specialist.  He is the president and co-founder of Champion PT and Performance in Boston, MA.

I help people feel 😃, move 🏃‍♀️, & perform better 💪 at @championptp. Check out my latest content & FREE presentation on Performance Therapy and Training 👇 👇

http://bit.ly/performance-therapy-and-training-system","at@championptp.check","United States"
"ParaSkill Med","47100","ParaSkill Med, operated under the aegis of ADWEF, is a distinguished organization registered under the Ministry of Corporate Affairs, Section 8, Govt. of India, with License No. 159597. Our commitment to quality and excellence is validated by our ISO 9001: 2015 certification. ParaSkill Med is also registered under the Ministry of Social Justice & Empowerment, Govt. of India (ID: DL/00038266), and NITI Aayog (UID: DL/2024/044329), and is recognized under MSME, reflecting our adherence to professional standards and service excellence. Additionally, we are authorized by UGC-approved universities.

At ParaSkill Med, our mission is to educate and empower individuals in the medical field. We are dedicated to providing high-quality education and training in paramedical sciences through our network of paramedical institutes. Our operations extend to running diagnostic centers, pathology labs, and clinics, delivering essential healthcare services to communities.","","India"
"Montgomery College","46500","Montgomery College is a public, multicampus community college in Montgomery County, Maryland. Montgomery College serves nearly 60,000 students a year, through both credit and noncredit programs, in more than 100 areas of study. http://www.montgomerycollege.edu","steve.greenfield@montgomerycollege.edu; transcie.almonte@montgomerycollege.edu; fizie.haleem@montgomerycollege.edu; wdce@montgomerycollege.edu","United States"
"At-Home Exercise 55+ | Be Mobile Physiotherapy","45300","Welcome to Be Mobile Physiotherapy, your trusted source for simple and effective at-home exercise for adults 55+.
We are a team of expert physiotherapists who are dedicated to creating safe, simple, and effective at-home workouts for the 55+ community. Forget the gym – we believe you can build strength and confidence right from your own home.
On this channel, you'll find:
• Easy-to-follow routines you can do in your living room.
• Practical exercises to improve balance, reduce joint pain, and build muscle.
• Expert advice on managing conditions like osteoporosis and arthritis.
• Workouts that use household items, so no special equipment is needed.
Our mission is to give you the tools to remain independent and keep doing the things you love.
Subscribe and hit the bell to get new at-home exercise videos from our team every week!","info@bemobilephysio.com.au","Australia"
"Focus Physical Therapy","45200","Welcome to Focus Physical Therapy, where we help active individuals move better, recover faster, and achieve their goals! Whether you’re an athlete, weekend warrior, or fitness enthusiast, we specialize in helping you overcome injuries, enhance performance, and build lasting resilience. From injury rehab and analysis to prehab and return-to-sport training, we provide innovative, evidence-based solutions to help you feel and perform your best.

📣 Work With Us:
Remote Coaching: Get customized recovery and performance plans from anywhere.
In-Person Care: Visit us in Bend, Oregon, for expert, one-on-one therapy.

💡 What You’ll Learn Here:
Rehab and recovery tips to overcome injuries.
Running and cycling strategies to build strength and reduce injury risk.
Goal-driven plans to enhance performance and prevent setbacks.

➡️ Subscribe now and join a community committed to moving better, feeling stronger, and living pain-free! Your goals are within reach—let’s achieve them together.","","United States"
"Wits University OFFICIAL","43900","Wits University, a world-class research university in Africa, is renowned for its commitment to academic and research excellence. It contributes to the global knowledge economy and local transformation through the generation of high level, scarce skills and innovative research. At the forefront of a changing society, Wits is an engaged institution, dedicated to advancing the public good. It promotes intellectual communities and attracts talented students, distinguished academics and thinkers from around the globe.

Official YouTube channel for the University of the Witwatersrand (Wits University)","",""
"Physio Plus Fitness","43800","Helping Physios not feel so lost with assessment and treatment of injuries","lendrumchris@live.com","United Kingdom"
"CareerOneStop","43000","CareerOneStop.org is a website of comprehensive career resources. You can find free tools for job searches, career exploration, and education/training information. We are a one-stop destination for self-guided information, also including resources for people with unique barriers to employment (military veterans, justice-involved individuals, experienced workers - 55+, youth/young adults - ages 14-24, and people with disabilities). 

A great place to start is to check out our how-to guides. They will help bring you through our site of resources to aid in your career goals. Visit: https://www.careeronestop.org/HowTo/how-to-guides.aspx to get started.

CareerOneStop is sponsored by the U.S. Department of Labor Employment and Training Administration and is a proud partner of the American Job Center Network.","","United States"
"Feldman Physical Therapy and Performance","42700","Feldman Physical Therapy and Performance is the Hudson Valley's premier destination for physical therapy and wellness.  We offer one on one service for an entire hour at each visit.  No care is ever provided by aids or office staff.","","United States"
"Mission Walk - Neuro Rehab | Recovery | Robotics","42600","🏥 India’s Leading Neuro Rehabilitation Center
Specializing in Spinal Cord Injury, Stroke, Brain Injury & Cerebral Palsy Recovery.

💪 What You’ll Find:
✅ SCI & Stroke Recovery Exercises
✅ Cerebral Palsy & Gait Training
✅ Paralysis & Neuro Rehab Therapy
✅ Real Patient Success Stories

📞 Book a Consultation: +91 91773 00194
🌐 Visit Us: missionwalk.rehab

📢 Subscribe for Expert Rehab Videos! 🔔

#MissionWalk #NeuroRehab #SpinalCordInjury #StrokeRecovery #CerebralPalsy #Physiotherapy #GaitTraining #Rehabilitation","","India"
"Fitness Pain Free","42300","Educating coaches and clinicians on how to get their patients out of pain and back in the weight room.","",""
"Dr. Justin Lee, Doctor of Physical Therapy","42000","Hello!! I'm Dr. Justin Lee, Doctor of Physical Therapy. I am a PT school admission expert & I help students get accepted into PT school. 

Every day is a great day to lift weights, lift others, and lift yourself up.

Stay lifting.","liftforchange@gmail.com","United States"
"Corewell Health in Southeast Michigan","40900","","","United States"
"National University Hospital (NUH) Singapore","40700","The National University Hospital (NUH) is the leading university hospital in Singapore, and a major tertiary and referral institution. While NUH opened its doors on 24 June 1985, its legacy goes back to the founding of what is today the NUS Yong Loo Lin School of Medicine in 1905.  It is the principal teaching hospital of the medical school and the NUS Faculty of Dentistry.

An Academic Medical Centre under Singapore’s National University Health System, NUH provides affordable specialist care for patients, training for healthcare professionals, and undertakes translational bench-to-bedside research to improve care.

It is the only public and not-for-profit hospital in Singapore to offer a comprehensive suite of specialist care for adults, women and children, as well as paediatric kidney and liver transplant programme.

Visit our website at www.nuh.com.sg","gp@nuhs.edu.sg; administrative@nuhs.edu.sg; alliedhealth@nuhs.edu.sg; ancillary@nuhs.edu.sg; appointment@nuhs.edu.sg; contactus@nuhs.edu.sg; nuhmedia@nuhs.edu.sg; nuhsfund@nuhs.edu.sg; nursing@nuhs.edu.sg; plc@nuhs.edu.sg; retail_opportunities@nuhs.edu.sg","Singapore"
"Arthritis UK","39100","Welcome to the official Arthritis UK YouTube channel!

Arthritis UK is the leading arthritis charity, changing lives through research, campaigning and support.","","United Kingdom"
"Ibrahim Salem","37800","Physical Therapy educational channel

We are working on translating all our videos so you can benefit from our valuable  tutorials in physical therapy :)
Be sure to activate (CC) at bottom right side of the video .. you can also choose the suitable translation you want from the video setting.","","Egypt"
"Hartford HealthCare","36700","Hartford HealthCare is Connecticut’s most comprehensive healthcare network.","Elizabeth.Begley@hhchealth.org","United States"
"Impending Physical Education","36600","This channel is helpful for those who are pursuing Physical Education in B.P.Ed/M.P.Ed/B.P.E
-----------------------------------------------------------------
This also aids to those preparing for TGT/PGT/UGC-NET/DSSB and other competitive exams.
------------------------------------------------------------------
 This also helps those studying in 11th and 12th having physical education as a subject. 
------------------------------------------------------------------

Purpose of this channel to give appropriate and trustworthy content regarding this subject.
------------------------------------------------------------------
Active since Dec 4, 2020","","India"
"Memorial Healthcare System","36200","Since its inception in 1953, Memorial Healthcare System has been a leader in providing high-quality health care services to South Florida residents. Today, it is the third-largest public health care system in the nation and highly regarded for its exceptional patient- and family-centered care. Memorial's patient, physician and employee satisfaction rates are some of the most admired in the country, and the system is recognized as a national leader in quality health care.

Memorial Regional Hospital is the flagship facility of the health care system and is one of the largest hospitals in Florida. Memorial Regional Hospital offers extensive and diverse health care services that include Memorial Cardiac and Vascular Institute featuring renowned surgeons, Memorial Cancer Institute treating more inpatients than any other in Broward County, and Memorial Neuroscience Center providing innovative technology and world-class physicians.","family@mhs.net; MyBill@mhs.net; mychart@mhs.net","United States"
"Village Fitness and Physical Therapy","36100","We specialize in helping the senior population build strength, regain mobility and independence, overcome pain and take back their health. Founded by Dr. Matt, [Doctor of PT], Village Fitness and Physical Therapy exists to provide solutions through holistic and natural healing - avoiding pills, injections and surgery. We believe through the right movement, right nutrition, and right lifestyle habits, you can redefine age and reclaim your health. 

Do you live in Southern California and want in-person help? Inquire here to book a foundation session for personalized support and treatment: https://eng.zenplanner.com/widget/bookings/glendora

Follow us on Instagram: https://www.instagram.com/villagefitnessandpt/","","United States"
"Loyola Medicine","35500","Renowned around the world. Found around the corner. Ranked among the nation's Top Hospitals, Loyola is committed to going beyond the treatment of disease. We also treat the human spirit.","","United States"
"Loma Linda University Health","35500","Loma Linda University Health is an academic medical center operating six hospitals, a physician practice corporation, remote clinics in the western United States, and affiliate organizations around the world. These medical services interact with the eight schools that make up our healthcare focused university. This mutual pursuit of excellence leads to outstanding care for our patients and great learning opportunities for our students. 
Loma Linda University is a Seventh-day Adventist organization with more than 4,400 students located in Southern California. Eight schools comprise the University organization. We share our campus with six hospitals where students receive hands-on training. More than 100 programs are offered by the schools of Allied Health Professions, Behavioral Health, Dentistry, Medicine, Nursing, Pharmacy, Public Health and Religion.","birthandbeyond@llu.edu","United States"
"Prenatal and Postpartum Physio","35200","Welcome! I'm a Physiotherapist (Physical Therapist) and Pilates Instructor, and this channel is here to help you take care of and strengthen your body throughout your pregnancy. You'll find tips and advice, along with workouts designed specifically for pregnant women to cater for all of the wonderful changes your body is experiencing during this time.","","Australia"
"PT Time with Tim","34800","Hi, I'm Dr. Tim Schuckers, PT, DPT, OCS! I'm a Doctor of Physical Therapy and a Board-Certified Orthopedic Specialist. My goal in life is to teach others how to treat, prevent, and recover from injuries. I have been a licensed and practicing physical therapist (a.k.a. physiotherapist for the rest of the world) since 2013. I'm also an RRCA Certified Running Coach. PT Time with Tim is a community of active, awesome people who can join together to ""Restore to Explore!"" Join me on your pathway to living a pain-free, active, and adventurous lifestyle. -- If you're a brand and would like to collaborate with me, email me at, ""askpttim@gmail.com""","askpttim@gmail.com","United States"
"Gordon Physical Therapy","34200","At Gordon Physical Therapy, we help our clients stay active, mobile, independent and free from medications and surgery. Through our YouTube channel, we're able to offer a variety of free information designed to help you make a good decision about your health. If you have more questions, please feel free to email us directly at info@GordonPhysicalTherapy.com. You can also find more free tips and advice by visit our website at https://www.GordonPhysicalTherapy.com 

Thanks for watching! Don't forget to subscribe :-)","info@gordonphysicaltherapy.com.you","United States"
"Helen Hayes Hospital","33700","http://www.helenhayeshospital.org/

As one of the country's first physical rehabilitation facilities, the New York State Department of Health's Helen Hayes Hospital is widely recognized as a leader in rehabilitation medicine and research. For over 100 years, we have helped restore function to individuals with catastrophic injuries and chronic disabling illnesses, enabling them to move on to active, productive, independent and fulfilling lives. Our team approach to care challenges our patients to not only meet, but to exceed their goals. We support them with state-of-the-art equipment and technology and provide their families with the compassion and information needed to make recovery a reality. Patients from around the country are drawn to our beautiful 105-acre campus with magnificent Hudson River views, located 35 minutes north of New York City.","info@helenhayeshospital.org; webmaster@helenhayeshospital.org",""
"Osteo and Physio","33500","Get back to doing what you love!
Three expert osteopaths sharing their top tips, advice and exercises on a variety of conditions and symptoms.","","United Kingdom"
"May Yean","33400","Hey friends, I'm May :) A vet and youtuber trying to figure out how to have a sustainable career in vet med, navigating my late 20s, sharing pet information I wished more people knew and documenting my journey along the way. I hope you find my videos useful, entertaining or even just comforting. So glad you're here. :) 

If you want to get in touch, please DM me via Instagram or leave a comment, I try my very best to reply to most things.

Vetty love, 
May xx","","United Kingdom"
"Arogya Physiotherapy & Rehabilitation Centre","33000","HELO,
           I AM DR.ARUNA BPT,MPT (NEUROLOGY). CERTIFIED NUTRITION COACH,FITNESS COACH . I AM PHYSIOTHERAPIST BY PROFESSION .I AM WORKING IN THIS FIELD FROM LAST 12 YEARS.I RUN MY OWN CENTRE AROGYA PHYSIOTHERAPY &REHABILITATION CENTRE AT ASSAM -INDIA.
             MY MAIN MOTIVE IS TO SHARE HEALTH RELATED VIDEOS TO SPREAD AWARENESS FOR HEALTH TO LARGER POPULATION THROUGH THIS FIELD SO THAT MORE AND MORE PEOPLE  CAN GET THE BENEFIT

MY CHANNEL WILL INCLUDE 
*PAIN & PAIN MANAGEMENT
*PAIN PRECAUTION & PREVENTION
*PHYSIOTHERAPY EXERCISES
*HOME REMEDIES FOR PAIN
*FITNESS &WEIGHT LOSS EXERCISES
*LIFESTYLE CHANGES
*DIET& NUTRITION
*BEAUTY
*MINDFULLNESS PRACTICE & YOGA

        DR.ARUNA(pt)

Centre FB page-https://www.facebook.com/ArogyaPhysiotherapyNagaon/
Facebook-https://www.facebook.com/Dr-Aruna-physiofithealth-645104239442207/
Instagram- https://www.Instagram.com/drarunaphysiofithealth

Website- https://www.arogyaphysio.com

email address- stayfit@arogyaphysio.com","stayfit@arogyaphysio.com","India"
"University Hospitals","32700","Founded in 1866, University Hospitals has grown over the last 150 years to become what it is today – one of the nation’s leading health care systems, committed to providing high-quality, patient-centered medical care to the residents of Northeast Ohio. Our facilities include a thriving academic medical center, consistently ranked among the nation’s top hospitals by U.S. News & World Report, along with 18 hospitals, 40 health centers and dozens of medical practices throughout a 15-county region. 

At UH, our national reputation for providing high-quality care, our direct involvement in pioneering medical advancements and clinical discoveries, and a continued commitment to training the next generation of health care providers demonstrate our dedication to living out the UH mission: To Heal. To Teach. To Discover.

Please note that University Hospitals Case Medical Center has changed its name to University Hospitals Cleveland Medical Center.","","United States"
"Medbridge","32600","Helping healthcare professionals reach more patients with effective education and digital care solutions. Our award-winning, industry-leading platform helps practitioners optimize resources and quickly connect patients to the care they need. Our platform includes care delivery software like a Home Exercise Builder, Remote Therapeutic Monitoring, Patient-Reported Outcomes, and Digital Care Pathways; and education software like a Learning Management System, Clinical Procedure Manual, Skills & Competency Manager, and Compliance training. 

With over 2,000 accredited, evidence-based courses for PT, AT, OT, SLP, & RN professionals and organizations available online, you can start any course for free today: https://bit.ly/2N6qjUa","","United States"
"Prisma Health","32600","Prisma Health is a nonprofit health company and the largest health care system in South Carolina. Our goal is to improve the health of all South Carolinians by enhancing clinical quality, the patient experience and access to affordable care, as well as conducting clinical research and training the next generation of medical professionals.","","United States"
"Virginia Tech","32600","Virginia Tech, the state's leading research institution with challenging academic choices, is a center of innovation and creativity.  Through a combination of its three missions of learning, discovery, and engagement, Virginia Tech continually strives to accomplish the charge of its motto: Ut Prosim (That I May Serve).","link@vt.edu","United States"
"Holland Hospital","32500","Holland Hospital is committed to providing the highest standards of care and comfort. We focus on achieving the most effective medical outcomes. That's why we invest in our facilities, state-of-the-art technology and the latest treatments. We measure our success not in sheer size but rather in patient satisfaction.","","United States"
"AMR Physiotherapy","32300","Welcome to AMR Physiotherapy!

We’re here to guide you on your journey to a healthier, stronger, and more balanced body.

Our focus spans three key areas:
- Rehab to recover from pain and injuries
- Gym training to reduce future injury risks
- Longevity to keep you moving and feeling great for years to come.

If you’ve been hitting the gym or playing sports but are now dealing with more niggles or injuries, this channel is for you. We’ll help you stay fit, look good, and adopt a health-first, well-rounded training approach.

At AMR Physiotherapy, we believe that strengthening often-overlooked areas—like the neck and lower back—should be just as common as training biceps or chest. By addressing these neglected muscles and movements, we aim to help you stay resilient, reduce pain, and enjoy long-term health.

Join us to explore practical rehab tips, targeted exercises, and training techniques that keep your body balanced, strong, and ready for whatever life throws your way.","info@amrphysionottingham.co.uk","United Kingdom"
"Olivia Towers Dressage","32300","'- International Dressage Rider/ Trainer based in the UK. 

Journeying from Modern Dressage to a more classical approach alongside horsemanship. 
 
First time mum to Perrin ❤️

Thank you so much for all your support guys and love sharing my journey with you :) 


Make sure to Subscribe if you haven't already :D

www.oliviatowersdressage.com","","United Kingdom"
"SLUCare","32200","SLUCare Physician Group is the academic medical practice of Saint Louis University, with more than 500 health care providers and 1,200 staff members in hospitals and medical offices throughout the St. Louis region.

Our physicians are among the most highly trained in their fields: more than 50 specialties in all. We have national and international experts, renowned for research and innovations in medicine.

In addition to treating patients, SLUCare physicians educate the next generation of health care professionals at Saint Louis University School of Medicine. Our teaching is guided by our Catholic Jesuit tradition, balancing the science of medicine with the soul of it — keeping people first in all we do.

Videos on this channel are for informational purposes only and do not replace a personal consultation with a physician. If you have questions about the topic presented here, please schedule an appointment. Medical questions will not be addressed in the Comments.","",""
"21st Century Hospitals","32100","21st Century Hospital is a leading Hospital in Vapi with all modern health care facilities and departments under one roof with full time doctors and cordial and efficient paramedical staff. We have imbibed a spirit of providing best care to the people and we wish to fill a slot in the Health Services Infrastructure in the Industrial Town of Vapi,...","21stcenturycancercare@gmail.com; 21stcenturyeclass@gmail.com; drakshaynadkarni@yahoo.co.in; hospital21st@yahoo.in; nadkarnihospital@gmail.com","India"
"Nemours","32000","At Nemours Children’s Health, our mission is to go well beyond medicine to help children where they live, learn and play.We believe in supporting each child’s whole health—the social, economic, behavioral and environmental factors that also affect their lives. As one of the largest pediatric health systems in the country, the expertise of our multi-state, multi-site system is available wherever we care for kids—and our Nemours KidsHealth.org website is the #1 most-trusted source for physician-reviewed information and advice on children's health and parenting. We aim to create the healthiest generations of children 
by envisioning a future where all children have access to the highest standard of care regardless of who they are or where they live.

Note: Nemours YouTube channel offers general information and not specific or personalized medical advice. Patients and their families should contact their healthcare providers for medical advice specific to their situations.","concerns@nemours.org; nemhimreferralteam@nemours.org; patientrecords@nemours.org; patientrelationsDV@nemours.org; PR@nemours.org","United States"
"Legacy Physical Therapy","31500","At Legacy Physical Therapy, we are committed to providing comprehensive care to patients with a variety of pelvic dysfunctions and women's health issues.","","United States"
"Burnsie's RVT Vids","31100","A selection of educational videos geared towards future Registered Veterinary Technicians. I'm an RVT working in Ontario, Canada, and I love sharing my knowledge through these videos. If you enjoy them or share them, please make sure to credit me properly. 
These videos are made for educational purposes only. 
Thanks for tuning in!","","Canada"
"jk physio and rehab clinics","30700","Jk Physio and rehabilitation Advanced physiotherapy and rehabilitation for stroke, spinalcord injuries and  paralysis in Neuro rehabilitation ,Parkinsonism ,joint pain , arthritis and back pain .contact 9841608070/7305118070","","India"
"Renown Health","30700","Renown Health is proud to be Northern Nevada’s leading not-for-profit healthcare network, Nevada’s first integrated academic health system and the region’s only Level II Trauma Center. We are committed to bringing the best care possible to our community. Our vision is clear: to inspire better health for everyone we serve. With a diverse workforce of more than 8,000 employees, Renown has fostered a longstanding culture of excellence, determination and innovation.

For more information, visit renown.org. 

The information posted on any of our social media platforms should not be considered medical advice and should not replace a consultation with your healthcare professional. All links and websites found on Renown Health’s social media sites are provided as a service to readers, but does not constitute endorsement of those sites by Renown.","","United States"
"Shaw TV Nanaimo","29800","Shaw TV’s focus is on the support of Community Access programming that is produced by members of our local community, and the training of local community Volunteers in television production. Shaw TV also produces feature-length coverage of many special events in our local communities as part of our Community Access commitment, including festivals, forums, parades and amateur sports events.","","Canada"
"Melanie The Physio","29600","Hi I’m Melanie The Physio based in Australia.

I would like to bring my bubbly personality into this normally serious healthcare world and provide you with advice and information as best as I can to help you manage your injuries from the comfort of your own home! 

The goal of this channel is first and foremost to provide quality and informative/ educational videos.

In the meantime claiming the title of “Australia’s most famous online physiotherapist! ”- in my family's opinion i already am  🤣🤣🤣

I will make the videos simple to understand :) making it easy to follow in hope that I can help as many people as possible, one video at a time :)

Subscribe to my channel and let’s enjoy this journey to wellness together :) 

www.capitalphysiotherapy.com.au
For any business related inquiries please email to:
Capital.Physiotherapy@gmail.com","Capital.Physiotherapy@gmail.com","Australia"
"Physiopedia","27000","The Physiopedia charity is on a mission to improve global health by providing universal access to rehabilitation knowledge.  

We are the #1 Rehabilitation website in the world, and a UK registered charity.

Physiopedia is supported by Physiopedia Plus online professional development for rehabilitation https://members.physio-pedia.com

Plus members have access to hundreds of hours of accredited online courses, thousands of online resources as well as their own online portfolio plus much more...AND they support learners all over the globe through the Physiopedia charity.

Join us: https://members.physio-pedia.com/why-physioplus/","","United Kingdom"
"AIC Singapore","26100","The Agency for Integrated Care (AIC) aims to create a vibrant care community for people to live well and age gracefully. AIC coordinates and supports efforts in integrating care to achieve the best care outcomes for our clients. We reach out to caregivers and seniors with information on staying active and ageing well, and connect people to services they need. We support stakeholders in their efforts to raise the quality of care, and also work with health and social care partners to provide services for the ageing population. Our work in the community brings care services and information closer to those in need. For more about us, please visit https://www.aic.sg.","","Singapore"
"UW Health","26000","UW Health is the integrated health system affiliated with the University of Wisconsin–Madison and the University of Wisconsin School of Medicine and Public Health. We provide exceptional care through hospitals, clinics and specialty programs across Wisconsin, northern Illinois and beyond.

As Wisconsin's No. 1 hospital, we combine expert patient care, leading-edge research, education and innovation to advance health without compromise. Our physicians, nurses, researchers and care teams are dedicated to improving lives through breakthrough discoveries and compassionate care.

On this channel, you'll find patient stories, health and wellness information, expert insights, medical innovations and a behind-the-scenes look at the people who make remarkable health care possible.

UW Health is proud to be the Official Health Care Partner of the Green Bay Packers.","","United States"
"Physio Tips with Marrow","25800","Physio Tips with Marrow is a YouTube channel that gives helpful tips on physical therapy/physiotherapy related topics.  We share videos that informational about common disorders and give tips on home treatments when applicable.  The channel is hosted by Marrow Burnette, PT, MSPT, OCS, COMT.  Mr. Burnette is a certified orthopedic manual therapist and a board certified orthopedic specialists in physical therapy and has practiced for 23+ years.  He is also a continuing education instructor for Maitland Australian Physiotherapy https://maitlandseminars.site/.  Marrow Burnette is the owner of Australian Physiotherapy Specialists, a physical therapy clinic located in Jacksonville, Florida, USA.  http://australianpt.com/","frontdesk@australianpt.com","United States"
"Physiotherapy In UK","25600","I’m Nikita, an Indian Physiotherapist in London, UK (aka The United Kingdom). I have completed my MSc in Physiotherapy from University College London and am working as a Band 6 Physiotherapist in NHS. On this channel I will discuss topics related to HCPC, CSP, working in NHS, UK Visa Application, Expenses and Budgeting, Life in the UK, Studying in UK, UK Universities, and how to adjust to living in the UK as a new international Healthcare Profession/Student! 

Through this channel, I hope to help international graduates understand the many ways they can get their registration and work as Healthcare Professionals in the UK.

If you would like to contact me, find me at https://www.physiotherapyinuk.com/","",""
"neha.physiocare","25000","Hello my Physio Family ....
This is your Physiotherapist Dr. Neha Singh. I founded neha.physiocare with the goal of improving access to quality physiotherapy education and services for people of all backgrounds . 
Empowering patients to achieve their physical goals through personalized physiotherapy treatment .
I am Passionate about promoting mobility, function, and well-being

Don't forget to check out my other social media handles as well.","","India"
"Guy's and St Thomas' NHS Foundation Trust","24600","We are one of the UK's largest NHS Foundation Trusts, providing acute and specialist services at St Thomas', Guy's, and Evelina London Children's Hospital, Royal Brompton and Harefield Hospitals, and both adult and children's community services in Lambeth and Southwark.

Dedication to the communities we serve is at the heart of what we do, with high quality, personal care for every patient we treat.

We are guided by our values in everything that we do. We are: caring, ambitious, inclusive.

Our governors and members help to make us a successful NHS foundation trust by ensuring that we meet the needs and expectations of our patients.

As part of King's Health Partners, an academic health sciences centre, we are pioneers in health research, and provide high quality teaching and education. This partnership helps us provide the latest treatments for our patients alongside the best possible care.","","United Kingdom"
"IU Health","24600","Indiana University Health is Indiana's largest comprehensive health system and is comprised of hospitals, physicians and allied services dedicated to providing preeminent care throughout Indiana and beyond. Our unique partnership with the Indiana University School of Medicine gives our highly skilled physicians access to innovative treatments using the latest research and technology.","","United States"
"Restore Plus Physical Therapy","24400","Physical therapy in Long Island City, NY also serving the nearby areas of Sunnyside; Astoria; and Woodside, NY. We offer revolutionary treatments for pain relief. We treat neck pain, back pain, shoulder pain, elbow pain, wrist pain, hand pain, hip pain, knee pain, ankle pain, heel and foot pain, pre- and post-surgery, sports injuries, vertigo, fall prevention, ergonomics and injury prevention. We also offer laser therapy, kinesiotaping and post-rehab wellness programs.

DISCLAIMER: The content on this channel is NOT medical advice and is intended for general education and demonstration purposes only. This content should not be used to self-diagnose or self-treat any health, medical, or physical condition. You agree to indemnify and hold harmless Restore Plus Physical Therapy & Rehabilitation PLLC and its officers for any and all losses, injuries, or damages resulting from any and all claims that arise from your use or misuse of this content. Use of this content is at your sole risk.","","United States"
"Stanford CME","24300","Stanford CME is a global leader in the promotion of lifelong learning for healthcare professionals. As such, we advance patient and population health and promote innovation by planning and implementing accredited continuing education activities to enhance the professional development of healthcare teams both locally and regionally, in the San Francisco Bay area and in the greater Pacific Region, as well as nationally and globally.

Learn more at http://cme.stanford.edu/

Be aware that your online activity may be tracked, but you can control this by adjusting your browser, device, and platform settings and understanding their privacy policies. These settings can change, so regularly review them to ensure they meet your privacy needs. For further guidance, refer to the Federal Trade Commission’s online privacy guidelines. Click the Manage Your Information link below.","","United States"
"Tony Do","24100","","","United States"
"Academically.MedCare","24000","To help global physiotherapists, optometrists and nurses establish extensive careers, Academically has come up with this new interactive platform. This page is a one-stop solution for physiotherapists, optometrists and nurses who wish to migrate abroad and make the most of their careers. 

We will discuss the career options for physiotherapists, especially the Australian Physiotherapy Council (APC Exam), which permits physiotherapists to migrate to Australia. 

Another exam for which we’ll create and share informative videos is the OCANZ Competence in Optometry Examination (COE), which helps global optometrists register in Australia. 

Here, we will also talk about the NCLEX exam that allows you to practice as a registered nurse in Australia, New Zealand, USA, Canada and a few other countries. 

So, if you are an optometrist, a nurse or a physiotherapist, subscribe to this channel for latest industry updates.

Please fill up this form:
https://academically.com/contact-us/","","India"
"Medical Channel Asia","24000","Medical Channel Asia (MCA) was started with the mission of helping information-seekers cut through the clutter online and provide credible, researched and useful health information. 

Our commitment is to provide timely and regular health information and news specifically catered to the global Asian audience. The content provided in MCA is designed to be most suited for the Asian context and body-type. All content is developed by a medically-trained editorial team in consultation with licensed healthcare practitioners from around the world. 

All content provided on MCA is meant for informational purposes only and not as a substitute for personal health and medical advice from a healthcare professional.","booking@medicalconciergeasia.com; editor@medicalchannelasia.com; marketing@medicalchannelasia.com","Singapore"
"The Royal Agricultural Winter Fair","24000","The Royal Agricultural Winter Fair is celebrating 100 years of World Class Equine & Agricultural excellence | Join us Nov 4-13, 2022 for #RAWF100","csura@royalfair.org; info@royalfair.org",""
"Antonio Sanson","23400","Reviews & videography of Tech, Productivity, and Unique Products. I have a passion for capturing cinematic footage to craft a well told story. I love tech and getting out and being active. 

Partner/Collaborate with me. Email: sansonantonio13@gmail.com","sansonantonio13@gmail.com","United States"
"UF Health","23400","University of Florida Health is a top-ranked health care destination that attracts the brightest students, scholars, scientists and health care providers, all ready to tackle our patients’ greatest challenges. They are counting on us. And we intend to deliver, so that each generation is healthier than the last.

Our world-class academic health center in Florida provides excellence in pediatrics, cancer, heart & vascular services, movement disorders and neurosurgery. For more information about our care, visit: https://bit.ly/UFHealthHomepage.","","United States"
"NHS Health Careers","23400","NHS Health Careers offers careers information on the range of career opportunities in health. It consists of a telephone and email helpline, website, literature and other supporting materials. As well as offering careers information to anyone interested in working for in health, it offers materials and resources that support employers, schools, colleges and careers advisors.

It also runs the Step into the NHS (http://www.stepintothenhs.nhs.uk) raises awareness of the many career opportunities among young people. It includes an annual national schools competition for students in years 8 and 9.","","United Kingdom"
"Revive Physiotherapy & Rehab centre","22700","🏥 Revive Physiotherapy & Rehabilitation Center ✨

Experience advanced physiotherapy and holistic rehabilitation at Revive, Hyderabad’s trusted center for recovery.

Led by Dr. Srikanth Babu Katari (MPT), a senior physiotherapist with 20+ years of expertise in neuro, orthopedic, and pain rehabilitation, Revive offers personalized one-on-one care with proven results. His leadership has shaped Revive into a center of excellence.

We specialize in:
✅ Stroke & Spinal Cord Injury Rehab
✅ Neuro & Orthopedic Rehabilitation
✅ Gait Training & Cerebral Palsy Therapy
✅ Pain Management & Recovery Programs

📍 KPHB, Hyderabad
📞 +91 9885982698
🌐 reviverehabphysiotherapy.com

📢 Subscribe for Pro Tips & Rehab Insights! 🔔","","India"
"Rose clinic performance physiotherapy","22500","Rose Clinic Performance Physiotherapy, a private practice based in London. We are committed to delivering high-standard, evidence-based treatment for a wide range of musculoskeletal and neurological, including sports injuries and work-related disorders.

Award-winning practice ""Quality Assured Clinic (QAC)""

We provide expert second opinions/ professional advice on:
	•	Low back pain, sciatica, and discopathy
	•	Joint conditions 
	•	Neck pain, postural issues
	•	Gait abnormalities 
. Shockwave: MASTERPLUS SHOCKWAVE THERAPY

. Foot Scan and 3D Orthotic Insoles

All our practitioners are HCPC, Chartered Society of Physiotherapy (CSP), registered and part of Physio First
Our YouTube channel is a trusted resource for patients, students, and clinicians.
Practical Rehabilitation & Exercise Content
Hands-On Technique 

Subscribe for expert guidance, educational content, and practical physiotherapy
Got a question or need a consultation? Contact us directly.
http://www.RoseClinicPhysio.co.uk ‎","info@roseclinicphysio.co.uk","United Kingdom"
"Just A Different Life","22500","A large family created biologically and through adoption.  Multiple special needs, homeschool, transitioning to adulthood adoption, a lot of love and a bit of crazy!","","Canada"
"USAGov","22400","The official YouTube channel of USA.gov, linking you to videos across government.  Visit the playlists and featured channels for a wide variety of interesting videos!  This channel was recently renamed USA.gov and has been combined with The U.S. Government channel.  If questions or if you are a federal agency and want your channel added to this channel, please send us a message.  

The U.S. Government does not promote or endorse any non-Government or commercial content appearing on the page.","","United States"
"countysandiego","22100","Official YouTube page for the County of San Diego government, including programs that are cablecast & shown on CountyNewsCenter.com and CNC TV.","","United States"
"MM PHYSIO","22100","Namaste Everyone,
Our journey started in 2020 with a simple goal—to share real experiences as internationally educated physiotherapists navigating life, licensing exams (NPTE & PCE), and careers in Canada and the USA.
What began as a small initiative has grown into MM Physio, now with three active clinics in Cambridge, Guelph, and Kitchener (2026), helping hundreds of patients every month with pain relief, rehabilitation, and better mobility.
On this channel, we share:
• Physio career guidance & licensing journey
• Student & work-life experiences
• Clinical insights & treatment approaches
• Business growth & clinic-building journey
We’re a passionate team committed to helping patients live pain-free while supporting physiotherapists in building successful careers.
All content is based on real experiences—always do your own research.
Join us on this journey 🚀","","Canada"
"Sports Rehab Expert","21900","My name is Greg Schaible and as a Sports Rehab Physical Therapist I work with a lot of athletes and active individuals to overcome injuries like shoulder pain, knee pain or lower back stiffness. This physiotherapy channel aims to help athletes and regular people prevent injuries as well as speed up and increase the recovery rates! 

If you like working out at the gym, playing sports, and living an active lifestyle. Then this channel will help you increase muscle strength, tendon resiliency, improve mobility and reduce aches and pains. 

My Clinic is On Track Physiotherapy where we help people in Ann Arbor, Michigan as well as ANYONE at a distance through our online training programs.

https://www.annarbor.physio

Additionally, I own a Sports Rehab Education company called Sports Rehab Expert which helps rehab clinicians and strength coaches improve results with their clients!

https://www.sportsrehabexpert.com","","United States"
"Centennial College","21500","Centennial College offers programs in business, communications, community and health studies, general arts, English language studies, engineering technology, hospitality, tourism and transportation.","partnerships@centennialcollege.ca; rpolsinelli@centennialcollege.ca","Canada"
"Macquarie University","21400","Macquarie University is a major Australian public teaching and research university located in Sydney. Founded in 1964 by the New South Wales Government, it enjoys a beautiful 126 hectare, park-like campus close to the high-technology corridor running from Sydney's north-west to the city.

The University enrols about 35,000 students across four faculties - Business and Economics, Arts, Science, and Human Sciences -- and employs more than 2000 staff. Macquarie is an international university, with 12,000 of its current students coming from more than 117 countries, and alumni found worldwide.

Macquarie has been consistently ranked in the top 10 universities in Australia and among the top 200-300 universities in the world by various sources.

CRICOS Provider 00002J","","Australia"
"Leeds Teaching Hospitals NHS Trust","21400","One of the largest and busiest acute hospital trusts in the country, our vision is to provide the highest quality specialist and integrated care. 

We are incredibly proud of the work we do across our seven hospitals in Leeds. Our state-of-the-art facilities enable us to deliver high-quality hospital services for the people of Leeds, Yorkshire and the Humber and beyond.

We play an important role in the training and education of medical, nursing and dental students, and are a centre for world-class research, innovation and pioneering new treatments.  

Our workforce of 20,000 staff are central to everything we do here at Leeds Teaching Hospitals and our reputation for specialist care, research and academic training is down to their hard work and dedication.

Our seen hospitals are: 
Leeds General Infirmary
St James's University Hospital
Chapel Allerton Hospital
Leeds Children's Hospital
Seacroft Hospital
Wharfedale Hospital
Leeds Dental Institute","innovation.lth@nhs.net; leedsth-tr.ppi@nhs.net; leedsth-tr.researchcareerhub@nhs.net; leedsth-tr.researchcomms@nhs.net; leedsth-tr.researchcontracts@nhs.net; leedsth-tr.researchdata@nhs.net; leedsth-tr.researchfacilitation@nhs.net; leedsth-tr.researchfeasibility@nhs.net; leedsth-tr.researchgovernance@nhs.net; leedsth-tr.ribusinessteam@nhs.net; leedsth-tr.speakup@nhs.net; leedsth-tr.website@nhs.net; ltht.researchinformatics@nhs.net; research.academylth@nhs.net","United Kingdom"
"Health4TheWorld Academy","21200","Health4theworld Academy aims to build the largest online free of cost educational channel in medicine to provide reliable education from the leading close to 100 medical professors from top institutions worldwide. This multiple speciality channel includes content for doctors, medical students, residents, fellows, community health care workers, nurses and allied medical staff. This can be accessed in multiple languages. This movement has been by inspired by unmet medical needs worldwide. We believe every health care professional should have free of cost access to life saving knowledge from the best to save lives of their patients. 
Join the movement to spread this knowledge by subscribing to this channel and sharing it with your friends.
Please see the disclaimer page https://health4theworld.org/academy/medical-content-disclaimer/","","United States"
"TSAOG Orthopaedics & Spine","20900","TSAOG Orthopaedics & Spine, formerly The San Antonio Orthopaedic Group, was established by John J. Hinchey, MD, and has been a long-time provider of quality orthopaedic care since 1947. With a commitment to providing the highest standards of medical and surgical care, TSAOG has become the largest orthopaedic practice in San Antonio and South Texas. 

The physicians at TSAOG specialize in the diagnosis and treatment of diseases and injuries of the musculoskeletal system, including:

Joint replacement
Sports medicine injuries
Arthroscopic surgery
Spine treatment
Care and surgery of the shoulder, elbow, hand, wrist, knee, foot and ankle 

We also offer additional services, including:

Hand therapy and physical therapy
Industrial rehabilitation
Worker’s comp
Digital imaging
Outpatient surgery
Orthopaedic urgent care","clinicalforms@healthmark-group.com","United States"
"The Schwarzman Animal Medical Center","20900","The Schwarzman Animal Medical Center is the world’s largest non-profit animal hospital with NYC’s only Level 1 Trauma Center. Our team of 130+ veterinarians work across more than 20 specialties to provide world-class medical care, and we are here for pets and their families 24/7. We are proud to have served the people and pets of New York, and beyond, for over 110 years. Learn more at www.amcny.org.","","United States"
"It's Danny","20600","My name is Daniel Rodriguez. I'm a 26-year old content creator. I received my bachelor's degree in Athletic Training from the University of Miami. I completed a pre-med postbacc program at the University of Florida. And I am currently in my first year of medical school at The Dr. Kiran C. Patel College of Osteopathic Medicine at Nova Southeastern University. 

Instagram: https://instagram.com/theitsdanny?igshid=YmMyMTA2M2Y=
TikTok: https://www.tiktok.com/@theitsdanny?_t=ZP-8yCGwVcWM7L&_r=1

Contact: contact@danielyt.com","contact@danielyt.com","United States"
"Dr. Heather, DPT | Pediatric Therapy Essentials","20000","My name is Dr. Heather. I'm a Physical Therapist with over 27 years of experience in pediatrics. I have both my Masters and Doctorate in Physical Therapy. I'm also a Board Certified Clinical Specialist in Pediatrics.

Throughout my career I have worked in Early Intervention, Public Schools, and Private Practice. I've owned and operated 2 private practices which allowed me to combine my loves for physical therapy and entrepreneurship. I created this channel to  provide education, support, and resources to families, educators, and professionals.","","United States"
"NHS Greater Glasgow and Clyde","20000","Official video channel of NHS Greater Glasgow and Clyde. NHSGGC serves a population of 1.2 million and employs 38,000 staff -- it is the largest NHS organisation in Scotland and one of the largest in the UK.","","United Kingdom"
"Johns Hopkins Howard County Medical Center","19800","This is the official YouTube channel for the Johns Hopkins Howard County Medical Center (formerly Howard County General Hospital) and is managed by the office of Marketing and Communications. We welcome your interest, ideas and participation.","",""
"Physical Therapy & Hand Clinic of Hillsboro","19500","Welcome to the Physical Therapy & Hand Clinic of Hillsboro's YouTube channel. We pride ourselves in providing high-quality, one-on-one physical therapy to people in Hillsboro, Oregon. The purpose of this channel is to provide our patients with instructional videos so that they can be more confident in performing their home exercises properly, and to help anyone who finds our channel perform these exercises properly. If you would like us to create a video for an exercise you are unsure of or interested in, please feel free to contact us via email, phone or in the comments section of our videos . And remember, you should check with your physical therapist before trying any of these exercises to make sure they are appropriate for you.

https://www.facebook.com/ptandhand/

http://pthandclinic.com/","","United States"
"PaTTAN","19300","The mission of the Pennsylvania Training and Technical Assistance Network is to support the efforts and initiatives of the Bureau of Special Education, and to build the capacity of local educational agencies to serve students who receive special education services.","","United States"
"Nitin Kumar Arora : Physiotherapist","19200","PhyX Pain Solutions is an organization that is aimed at entailing the vision of our founders Mr Mukesh Kumar Arora and Dr Nitin Kumar Arora. A venture meant for providing the much needed help and support in order to increase the reach of healthcare and rehabilitation even to the far fledged towns and villages across the globe. This will increase awareness among people regarding the evolving concept of TELEMEDICINE and TELEREHABILITATION. This concept will provide the best evidence based rehabilitation along with quality care at a price that suits every pocket. We specialize in back pain, spine, sports, and Neuro rehabilitation among others.","","India"
"Mind Your Horse","19100","www.mindyourhorse.com.","info@mindyourhorse.com","Canada"
"Foundation Equine Clinic","19000","","",""
"DrKitVideos","19000","Please visit drkit.org to find links to all of these videos organized by type (work, school, parenting) and discipline.","",""
"McMaster University Health Sciences","18300","McMaster University's Faculty of Health Sciences trains physicians, nurses, physiotherapists, occupational therapists, health care researchers, physician assistants and midwives to work together in teams, providing the finest patient care.","","Canada"
"Sedative Physio","18000","Hello everyone,
I am, Dr. Akshay Kumar PT and I welcome you to my YouTube channel, where I'll be sharing my expertise on various topics related to physiotherapy!

As a physiotherapist, I'm passionate about helping people recover from injuries, manage pain, and improve their overall physical function. On this channel, you'll find lectures covering a wide range of subjects, including exercise therapy, electrotherapy, PT Ortho, PT neuro, PT cardio, and PT gyne.

My goal is to provide you with accurate information that's easy to understand and apply. If you are a medical student & interested in learning more about these subjects, my hope is that you'll find my videos informative, engaging, and helpful.

So, if you're ready to deepen your knowledge of physiotherapy and improve your clinical skills, be sure to subscribe to my channel and hit the notification bell so you never miss an update. Thanks for tuning in!

Contact with us:
Mail : sedativedoctor@gmail.com
Instagram: @sedative_physio","sedativedoctor@gmail.com","India"
"UChicago Medicine","18000","Our videos offer interviews with the University of Chicago Medicine experts, patient stories, overviews of our programs and services, and explorations into the changing world of biomedicine.","","United States"
"Lady Bits Physical Therapy","17700","Lady Bits Physical therapy, owned by physical therapist Julie Kwong, MPT is a place for women to come and learn about their pelvic floor muscles and so much more. This channel will assist in understanding of  how to use your pelvic floor and other synergistic core muscles to maintain and restore normal healthy function throughout our lives. Prenatal preparation and postnatal recovery, as well as exercises safe for prolapse, diastasis recti, and generalized weakness resulting in incontinence and more will be presented as program is developed.","",""
"Dr. Lauren Baker","17200","Dr. Lauren Baker is a Pediatric Physical Therapist in Boise, Idaho with a Doctorate and Manual Therapy Certification from the University of St. Augustine for Health Sciences and a BS in Athletic Training from the University of Iowa.  

She has built a thriving career while navigating the unique challenges as a military spouse, including serving as an adjunct professor in the DPT curriculum, owning multiple successful cash based mobile pediatric physical therapy practices, and authoring six books on baby development and pediatric physical therapy for both parents and healthcare providers. She now focuses on empowering proactive parents through her books, blog, and her YouTube channel. Follow along on her travels and get behind the scenes content - https://www.instagram.com/drlaurenbaker

Order the newest learning to crawl book here: https://drlaurenbaker.com/learning-to-crawl-book

Audio podcast uploads are varied & comments are responded to monthly. Video uploads coming back 2028.","","United States"
"American Veterinary Medical Association","17000","The official American Veterinary Medical Association YouTube channel. We hope you find it informative and entertaining. For more information about any of the topics we address here, check out our website at www.avma.org.","",""
"Springhill Equine Veterinary Clinic","17000","Welcome to the Springhill Equine Veterinary Clinic's Youtube channel! Whether you found us through our podcast (Straight from the Horse Doctor's Mouth), our books (The Adventures of the Horse Doctor's Husband series), our veterinary clinic, or some other way, we're glad you're here! The purpose of our videos is to help horse owners provide better care to their animals through education. Springhill Equine Veterinary Clinic is located in Newberry, Florida, and serves the North Central Florida region with premier healthcare for horses and other large animals. Please visit our website at www.SpringhillEquine.com to learn more about us.","vets@springhillequine.com","United States"
"ProMedica","16800","SUBSCRIBE TO PROMEDICA TV: https://www.youtube.com/ProMedicaTV

Subscribe to our channel to hear stories from patients, learn about trending topics in our communities, or to pick up wellness tips and recipes that you can use every day. At ProMedica, our Mission is to improve your health and well-being.  

VISIT OUR SITES: 

Website: https://www.promedica.org
Facebook: http://www.facebook.com/promedicahealth
Twitter: http://www.twitter.com/promedicahealth
LinkedIn: http://www.linkedin.com/company/promedica","","United States"
"University of Maryland School of Medicine","16800","Chartered in 1807, the School of Medicine is the fifth oldest and the first public medical school in the US. Our founding building, Davidge Hall, built in 1812, is recognized as the oldest medical facility in the country continuously used for medical education and is a National Historical Landmark.","egasaway@som.umaryland.edu; pathaprogram@som.umaryland.edu; webmaster@som.umaryland.edu; admissions@som.umaryland.edu; aganzermiller1@som.umaryland.edu; bernard.frisby@umm.edu; carly.foland@umm.edu; clawrence@fpi.umaryland.edu; cscheiderer@som.umaryland.edu; danielle.crawford@som.umaryland.edu; DCJones@som.umaryland.edu; dharcum@som.umaryland.edu; dreynolds@som.umaryland.edu; eboydston@som.umaryland.edu; ell@som.umaryland.edu; eshea@umm.edu; gbooker@som.umaryland.edu; HMinken@som.umaryland.edu; iamoros@som.umaryland.edu; JByer@som.umaryland.edu; jecke@som.umaryland.edu; jfisher@som.umaryland.edu; kelly.clark@som.umaryland.edu; kelly.gieron@umm.edu; kmyers@som.umaryland.edu; lindsay.farrington@umm.edu; meggie.connelly@umm.edu; melissa.poland@som.umaryland.edu; MWasson@som.umaryland.edu; nhawsey@som.umaryland.edu; nicole.stafford@umm.edu; nrathell@som.umaryland.edu; pbates@som.umaryland.edu; plambert@som.umaryland.edu; registrar@umaryland.edu; RJBrown@som.umaryland.edu; rsteen@som.umaryland.edu; SabriahaPoole@som.umaryland.edu; SBradley@som.umaryland.edu; studentaffairs@som.umaryland.edu; StudentResearch@som.umaryland.edu; terryroberts@umm.edu; tmorgan@som.umaryland.edu; tnkenge@som.umaryland.edu; whitney.krapf@umm.edu","United States"
"Emerge Pediatric Therapy","16500","We are a pediatric occupational, speech-language, and physical therapy clinic located in Durham, Cary, and Carrboro NC.","","United States"
"SEEKJobs","16300","","","Australia"
"Kingston University","16100","This is the official YouTube home of Kingston University. Here we share student work, information on the courses we offer, snippets from lectures and clips of our facilities and campuses.","","United Kingdom"
"Don't Forget The Bubbles","16000","Are you a busy healthcare professional or healthcare student? 
Do you look after and treat children who are unwell? 

We've got you covered. We are a team of healthcare professionals using our channel to bring you videos on: 

Clinical paediatric pearls
Online teaching tips
Ways to improve your productivity","tara.george@nhs.net","United Kingdom"
"The Careers Department","15900","Helping you work out what you want to do in life.","","Australia"
"ChoosePT","15800","A physical therapist can help you achieve and maintain mobility and quality of life without surgery or prescription medication, in many cases. With their extensive education, physical therapists help you move forward so that you can get back to daily living. Learn more at choosept.com","consumer@apta.org",""
"Johanna J Equestrian Physio","15600","Hello and welcome to my channel!

My name is Johanna Janatuinen, I´m a physiotherapist, animal physiotherapist and riding instructor. A big passion of mine has always been training horses and also rehabilitation. This channel is all about horse and rider wellbeing, and horse and rider training and development. You will find tips to improve your riding in and out of the saddle, and especially on how to develop a better seat in the saddle, which I think all good riding eventually comes down to.

I have worked with horses and riders for more than 20 years, first training horses and teaching riding in Finland where I live and also abroad. Later I studied to become a physiotherapist and after that also specialized in animal physiotherapy. I treat and train horses and riders, my biggest focus being to develop the connection and understanding between rider and the horse.","","Finland"
"Rady Children's Health - Orange County","15500","Formerly CHOC. Bringing compassion, innovation, and worldclass pediatric care so children have the chance to turn their brightest dreams into reality. #ForEveryDreamTheyDareToDream","","United States"
"dvm360","15300","The dvm360 YouTube channel offers news videos for veterinarians and veterinary team members, as well as instructional videos for pet owners.","","United States"
"universityworcester","15200","The University of Worcester is a campus-based university in a beautiful English cathedral city. It's a place where every individual is supported to achieve their potential.

Worcester has become so popular with students because we have: An outstanding record of graduate employment; High-quality teaching; Professionally-focused courses; Excellent student support; A green and peaceful campus in a historic city.

This really is a very special place to study.","",""
"Anglia Ruskin University","15200","Anglia Ruskin has a student population of around 31,500. We're one of the largest universities in the East of England and a large provider of part-time education.","cap@aru.ac.uk; go@aru.ac.uk; austin.brown@aru.ac.uk; bethan.howe@aru.ac.uk; business@aru.ac.uk; businessclinic@aru.ac.uk; gbosibo-titilayo.gbemisola@aru.ac.uk; hussnain.afzaal@aru.ac.uk; india@aru.ac.uk; jing.jin@aru.ac.uk; linda.ayodele@aru.ac.uk; nana.adom@aru.ac.uk; pakistan@aru.ac.uk; salvatore.genovesi@aru.ac.uk; usama.saleem@aru.ac.uk","United Kingdom"
"Sri Ramachandra Institute of Higher Education and Research","15100","Sri Ramachandra Medical College and Research Institute (Deemed to be University), ranked among the top health sciences universities in India, had its origin as Sri Ramachandra Medical College and Research Institute which was established by Sri Ramachandra Educational and Health Trust in the year 1985 as a private not-for-profit self-financing institution and dedicated to serve the society as a centre of excellence with emphasis on medical education, research and health care. The Trust achieved the task of establishing the Institution as a “Centre of Excellence” under the leadership of Late Shri. N.P.V.Ramasamy Udayar who was the Founder & Managing Trustee of the Trust and also the first Chancellor of the Deemed to be University. Shri. V.R. Venkataachalam is currently the Chancellor of the Deemed to be University and is also the Managing Trustee of the Trust.","","India"
"Dr Sayyeda Uneza Fatima","14700","Physiotherapist |Creator |Educator
Lifestyle |Motivation
📍Delhi
🥇Gold medalist- BPT and MPT- JMI
📧 sunezafatima@gmail.com","sunezafatima@gmail.com",""
"Kate Physiotherapist With Braid","14600","My name is Kate and I am a physiotherapist. I graduated from the medical university and I work as a physiotherapist with children and adults. 

YouTube is just a hobby. I thought that it can be nice to share my knowledge with you. So on this channel you will find videos related to health, rehabilitation and physiotherapy. I am a practitioner, so I will share with you my insights and professional experiences. But besides, I’m a huge fan of Evidence Based Medicine, so in every post and movie I make you’ll find references to scientific research.

There are no product ads on this channel (and never will). At most, I will occasionally criticize products that I (and scientists) believe are useless.

Hope you enjoy the content,

Kate","","Poland"
"Teesside University","14400","Teesside University is dynamic, energetic and innovative. We're growing and inspiring others to do the same.","enquiries@tees.ac.uk; info@nationalhorizonscentre.org.uk; international.admissions@tees.ac.uk; international@tees.ac.uk; internationalenquiries@tees.ac.uk; london-enquiries@tees.ac.uk; studentlife@tees.ac.uk; business@tees.ac.uk; darlington@tees.ac.uk; international.office@tees.ac.uk; netzero@tees.ac.uk; tuvisitorscentre@tees.ac.uk",""
"childrenshospgh","14300","Regionally, nationally, and globally, UPMC Children’s Hospital of Pittsburgh is a leader in the treatment of childhood conditions and diseases, a pioneer in the development of new and improved therapies, and a top educator of the next generation of pediatricians and pediatric subspecialists. With generous community support, UPMC Children’s Hospital has fulfilled this mission since its founding in 1890. Children’s has consistently been named to U.S. News & World Report’s Honor Roll of America's Best Children's Hospitals, with rankings in 10 of 10 specialties. While we're proud to receive this recognition, our biggest honor will always be the privilege of caring for your child.

Follow us on Facebook, Twitter, Instagram, and LinkedIn: @ChildrensPgh","","United States"
"Jenn Chew | Vancouver Physiotherapist for Runners","14200","Hi, I'm Jennifer Chew, a Registered Physiotherapist and co-owner of Form Physiotherapy in Vancouver, BC.

I specialize in helping runners, athletes, lifters, and active individuals recover from injuries, improve performance, and move stronger.

On this channel, you'll find evidence-based physiotherapy advice on:
• Running injuries & rehabilitation
• Achilles tendinopathy, plantar fasciitis & knee pain
• Running biomechanics & gait analysis
• Strength training & injury prevention

With years of experience treating recreational runners to competitive marathoners, my goal is to simplify movement science and help you train smarter.

I practice at Form Physiotherapy in Vancouver, providing evidence-based care for runners and active individuals.

📍 Form Physiotherapy Vancouver
🌐 www.formphysiotherapy.com
📩 runlab.physiotherapy@gmail.com

Subscribe for physiotherapy tips to run stronger, lift better, and stay injury-free.
🔔 https://www.youtube.com/@jennchewmpt/?sub_confirmation=1","runlab.physiotherapy@gmail.com","Canada"
"Physio Mindscape","14200","Assalamu Alaikum and Welcome to my youtube channel ..! My goal is to empower future PTs
Here you will get lectures on all subjects of physical therapy  Kinesiology, biomechanics, and many more...!
So Subscribe and join my dynamic YouTube channel and Let's excel in physical therapy together! 🏋️‍♂️","","Pakistan"
"Y MCQ by Yshak","14200","India's #1 Physiotherapy Exam Prep. MCQ Channel

Join 50,000+ physiotherapists who achieved dream scores with Y MCQ - Physio Exam Prep. Preparing for DHA, MOH, HAAD, Prometric, AIIMS, TSPSC, MRB, RRB, PSC? We've helped thousands crack exams on first attempt with +40 marks improvement.

25,000+ Expert Medical MCQs | 50+ Previous Year Papers | 2.5k+ Video Lessons | 95% Success Rate

Master all physiotherapy subjects: Anatomy, Physiology, Electrotherapy, Biomechanics, Dermatology, Oncology, Microbiology, Orthopedics, Exercise Therapy, Sports Physiotherapy.

Why Choose Us? Expert-curated content, detailed explanations, authentic previous papers, clinical case studies, interactive community support, updated 2026 standards.

Premium Membership: 10,000+ MCQs, structured study plans, advanced modules, mock exams, lifetime access.

Telegram Main: https://t.me/YmcqByYshak |

Doubt-Solving: https://t.me/ymcq_explain

Contact: ymcqinfo@gmail.com | @YMCQbyYshak

Let's learn together. 💪","ymcqinfo@gmail.com","India"
"Ferrer Pediatrics","14000","Maria Teresa Ferrer, a Doctor in Physical Therapy, is dedicated to transcending geographical barriers, empowering families and practitioners worldwide to optimize care for their children. With an unwavering commitment to advancing knowledge, she actively involves therapists in exploring innovative approaches such as Dynamic Flex Cast, Brachial Plexus Injury Treatment, Movement Inhibition Therapy, Neuro-Connection therapy, and more through comprehensive continuing education courses.

Her expertise, refined over 25 years, extends to a diverse range of conditions, including Brachial Plexus Injuries, Cerebral Palsy, Cortical Vision Impairments, Spina Bifida, Stroke, and various neurological disorders. Maria Teresa's mission goes beyond clinical practice; she generously imparts valuable insights to therapists and parents through weekly tips on social media, fostering a community dedicated to integrating effective strategies into children's treatment and home care plans.","ferrerpediatrics@gmail.com",""
"Keiser University","14000","Keiser University is a private not-for-profit university with campuses throughout the state of Florida & online, including Fort Lauderdale, Clearwater, Daytona, Fort Myers, Jacksonville, Lakeland, Melbourne, Miami, Naples, New Port Richey, Orlando, Pembroke Pines, Port St. Lucie, Sarasota, Tallahassee, Tampa, and West Palm Beach. 

Visit KeiserUniversity.edu and follow us on social!

KeiserU is home of the Seahawks, our wide range of both Men's and Women's Athletic teams, including Baseball, Basketball, e-Sports, Football, Golf, Lacrosse, Soccer, Swimming, Tennis, Track & Field, Softball, Wrestling & Volleyball. 

At Keiser University, we are here to help you succeed by providing the professional and academic foundation to meet your educational goals and objectives. Keiser continues to be a valuable partner to employers, the community, and, above all, a valued choice for students serious about their education and career. 
#StudentsFirst","","United States"
"Physio.co.uk","13600","Welcome to Physio.co.uk's YouTube page. We are the North West's leading physiotherapy provider. Our focus is providing unrivaled treatment, value for money and efficient customer service in the Manchester and Liverpool area. We put our patients at the heart of everything we do and work together to provide you with the best possible experience and expertise. Whatever type of physiotherapy you require; we guarantee that we have the best physiotherapist for you. Subscribe to our YouTube channel for the latest demonstrations of our favorite physiotherapy techniques, depictions of our services, physiological effects of our massages and much more. 

Book an appointment with one of our highly trained physiotherapists today.
Visit our website to book your appointment.

Don't forget to follow us on Facebook, Instagram, Twitter and Pinterest!","office@physio.co.uk","United Kingdom"
"SR Educational Guidance Centre","13600","Contact: 9500535708, 9500437771

Top Reputed University/College, UG and PG Courses
India/Abroad Medical, Agriculture Engineering,
Paramedical (Allied and Health Science) Arts and
Science, Navy, Law, Etc.,

Disclaimer: This channel does not promote or encourage any illegal activities.All the contents provided in this channel is for GENERAL AND EDUCATIONAL PURPOSE ONLY. Videos of this channel are edited by the owner (me)of the channel. Usage of my hard work without my permission is not fair.Actions will be taken strictly.

Copyright Disclaimer: Under Section 107 of the
Copyright Act 1976, allowance is made for ""fair use"" for purposes such as criticism, comment, news reporting, teaching, scholarship and research. Fair use is a use permitted by copyright statute that might otherwise be infringing. Non-profit, educational or personal use tips the balance in favor of fair use. 

Thanks for the support friends Like and share our Channel 
Thank you..🙏","","India"
"American Physical Therapy Association","13300","These are videos from the American Physical Therapy Association (APTA).","businessdevelopment@apta.org; learningcenter@apta.org; membersuccess@apta.org",""
"Oklahoma State University","12900","Oklahoma State University is a modern land-grant university that prepares students for success. OSU has more than 36,000 students across its five-campus system and more than 27,000 on its combined Stillwater and Tulsa campuses, with students from all 50 states and more than 127 nations. Established in 1890, OSU has graduated more than 300,000 students to serve the state of Oklahoma, the nation and the world.","","United States"
"Royal Wolverhampton NHS Trust","12700","Information Videos from Royal Wolverhampton Trust.
The Royal Wolverhampton NHS Trust is one of the largest acute and community providers in the West Midlands having more than 800 beds on the New Cross site including intensive care beds and neonatal intensive care cots. 
It also has 80 rehabilitation beds at West Park Hospital and 54 beds at Cannock Chase Hospital.As the second largest employer in Wolverhampton the Trust employs more than 8,000 staff. 
The Trust provides its services from the following locations:
New Cross Hospital - secondary and tertiary services, maternity, Accident & Emergency, critical care and outpatients. 
West Park Hospital - rehabilitation inpatient and day care services, therapy services and outpatients.
More than 20 Community sites - community services for children and adults, Walk in Centres and therapy and rehabilitation services
Cannock Chase Hospital – general surgery, orthopaedics, breast surgery, urology, dermatology, and medical day case","","United Kingdom"
"Doctor Prakash Physiotherapist","12700","Appointment Call / WhatsApp :+917338740020
Physiotherapy Consultancy Online / Offline 
28+ Years Experience !!!","",""
"Rehabmart","12700","https://linktr.ee/rehabmart EXPLORE RECOMMENDED PRODUCTS & ARTICLES

RehabMart.com was founded in 1998 by Hulet Smith & Mike Price, two occupational therapists and dads of children with special needs. 

Our desire is to serve patients, families, and caregivers by offering a wide selection of innovative rehabilitation products, informative content, superb customer service, and value-oriented discount pricing. 

RehabMart it's affiliated channels are committed to offering information on emerging, discoverable, therapeutic interventions which have the potential to radically improve quality of life for limited mobility individuals and developmental potential in the special needs child.","assistance@rehabmart.com; order@rehabmart.com; po@rehabmart.com; rfq@rehabmart.com","United States"
"Privat Physio Bonn","12400","Privat Physio Bonn (ehemals Physio Sports & Soul)


Ihre Privatpraxis für Physiotherapie, am Rande der wunderschönen Bonner Südstadt.

Wir möchten unseren Patienten und allen Interessierten wichtige Informationen rund um den Alltag, sowie effektive und gesundheitsorientierte Übungen zeigen, damit Sie so gesund und entlastend wie möglich durch's Leben gehen können. 

Hier bekommen Sie eine professionelle Hilfestellungen bei körperlichen Beschwerden aller Art - eine Online-Physiotherapie Akuthilfe.

Unser Ziel: Effektive Fitness- und Gesundheitsworkouts für zu Hause, die Spaß machen. Lassen Sie Ihre Pfunde purzeln, fühlen Sie sich fit und gesund und reduzieren Ihre körperlichen Beschwerden - wir geben unser Bestes, Ihnen dabei zu helfen.","","Germany"
"Ability Rehabilitation","12400","Ability Rehabilitation believes in placing the well-being of our patients first. We accomplish this through carefully selecting a staff of compassionate, dedicated, and team-oriented therapists. In fact, our company is owned and operated by this team.

From your very first visit, it’s our priority to address your needs, provide personalized care and create an individual treatment plan that will help you move safer, smarter and stronger. Bilingual staff available at most offices.","Administration@abilityrehabilitation.com",""
"YourOrthoMD","12400","I am an experienced, fellowship-trained, orthopedic surgeon specializing in arthroscopic surgery of the knee and shoulder, and joint replacement surgery of the hip, knee, and shoulder. This channel will address common issues I encounter in practice and answer questions patients often ask me.","13711456292@163.com; ctg001@gmail.com; donatella.granchi@ior.it; dr.m.wahyudi@gmail.com; drboedijono@gmail.com; jamot_silitonga@yahoo.com; joseph_gil@brown.edu; krecisz@imp.lodz.pl; lombardiav@joint-surgeons.com; michelle.pinson.1@us.af.mil; phedy.phe@gmail.com; philipp.bergschmidt@med.uni-rostock.de; rsop4all@rsop.co.id; yoshipratamadjaja@yahoo.com","United States"
"Learn Medicare Billing for PT, OT, SLP","12400","This channel is dedicated to helping physical therapists, occupational therapists, and speech therapists grow their business, understand the Medicare system, and learn how to find answers to their questions.","","United States"
"Rebalance Sports Medicine Physiotherapy & Chiropractic","12200","Rebalance Sports Medicine is a full service health care facility in downtown Toronto. We are here to help you with all of your body needs. We want to help you feel better and perform better in your everyday lives. Don't learn to live with your pain and don't stop doing the activities you love. Come see us so that you can live better. Our therapists are all experts in their industry and stay up to date on new evidence and the latest techniques for your body. We have a team of skilled physiotherapists, chiropractors and registered massage therapists that work together to improve you health and well being.

This channel is designed to help our clients with information they need in between their sessions so that they can continue to learn about their conditions and build on their exercise skills while they are at home. Please consult your health professional for more information or to see if this content can benefit you.","","Canada"
"Griffith Health","12100","Griffith University | CRICOS: 00233E | TEQSA: PRV12076

We recognise that the healthcare system of the future will be built through innovation. That's why we've invested in world-class research, cutting-edge learning facilities and highly awarded academics. Together, we're leading the way towards a healthier future for all.

Griffith Health's high quality, innovative education programs range from the foundation health sciences to professional and clinical disciplines. With more than 100 health degrees offered across our campuses, we are one of Australia's largest faculties.","","Australia"
"Dr. Olivia","11900","Hi, I’m Dr. Olivia — a pediatric physical therapist, digital educator, and host of The Baby Development Podcast.
I help parents feel more confident supporting their babies and toddlers through expert-led education on development, movement, milestones, feeding, play, and real-life parenting.

Here you’ll find practical baby development tips, product recommendations, podcast episodes with trusted experts, and simple strategies you can use at home.

Follow me everywhere: @dr.oliviaofficial
Podcast: @thebabydevelopmentpod
For business inquiries: Olivia@thebabypt.com","Olivia@thebabypt.com",""
"University of Sunderland","11900","Welcome to the University of Sunderland! With 27,500 students across campuses in the North East, London, Hong Kong, and 15 partner countries, we’re a global community of tomorrow-makers. Ranked Top 40 in The Guardian University Guide 2025, we’re all about world-class research, real-world impact, and unforgettable student experiences.
🎓 Hear from our students and academics
🎥 Take virtual tours
🎧 Tune into our podcast
Explore life at Sunderland — and don’t forget to subscribe. See you on campus!","student.helpline@sunderland.ac.uk","United Kingdom"
"PONY magazine","11800","Welcome to PONY Magazine – the ultimate channel for pony-mad riders! 🐴✨

From riding tips and stable hacks to fun pony challenges and behind-the-scenes adventures, we bring the magazine you love to life on screen. Whether you’re learning new skills, caring for your pony, or just want to enjoy all things equestrian, you’ll find loads of exciting videos right here.

📚 Inspired by the UK’s No.1 equestrian mag for young riders
🎥 Fun, friendly, and packed with pony content
💡 Learn, laugh, and love ponies with us every week!

Hit subscribe and join the pony-mad community today! 🐎💖

Head over to our website for more pony content including interactive quizzes, games, makes, riding advice and loads more! https://www.ponymag.com

Pick up a copy of PONY Magazine from your local newsagents or supermarket! Or, if you don't want to miss an issue, check out our current subscription offers here, https://www.ponymag.com/the-magazine/subscribe/","","United Kingdom"
"PT Exam Prep","11400","PT Exam Prep is a collaboration of highly skilled tutors with extensive experience in preparing for the Canadian Physiotherapy Competency Exam, and practicing Physiotherapists in the Canadian healthcare industry. Our Teachers have been hand selected from graduates of Canadian Physiotherapy schools with exceptional performance on the PCE written and PCE practical exams themselves. Many of our instructors have been the pivotal point of countless international physiotherapists' careers. Don’t just take our word for it, have a look at our unedited testimonials and see for yourself. Some of our previous students loved PT Exam Prep so much that they have offered to speak with future students regarding the program and its benefits. Visit ptprep.ca for more details.","info@ptexamprep.ca","Canada"
"Bendy Bodies","11400","Being “double-jointed” isn’t harmless!

Welcome! I’m Dr. Linda Bluestein, an EDS patient & physician specializing in Ehlers-Danlos Syndromes & related disorders. I founded Hypermobility MD & Bendy Bodies to challenge outdated narratives & give people real answers, not dismissal.

Connective tissue disorders often mean chronic pain, repeated injuries, fatigue, autonomic symptoms, & bodies that don’t behave the way medicine expects them to. This channel exists to make sense of that complexity.

Each week, I share myth-busters, expert interviews, & practical strategies for managing pain, joint instability, fatigue, POTS, MCAS, & more. These conversations bridge science & lived experience—& remind us that being hard to diagnose is not the same as being difficult.

Subscribe & turn on notifications so you don’t miss anything.

Instagram: @hypermobilitymd

Disclaimer: Content is educational & not a substitute for personalized medical advice. Always consult your own healthcare professional.","","United States"
"Flinders University","11400","They say know your place. We say you’ve found it right here.

For six decades, Flinders has challenged convention, backed people and changed lives – and we’re just getting started.

Founded in an era of bold ideas and social change, Flinders was created to think differently. Opening doors to education, tackling real-world problems and making a meaningful impact in the communities we serve.

That independent spirit continues to define us today. From students and alumni to researchers, educators and partners, generations of the Flinders community have helped shape industries, advance knowledge and improve lives.

60 years is the foundation, not the finish line. Through Agenda 2035, Flinders has set a bold ambition to change 10 million lives for the better by 2035.

CRICOS: 00114A
TEQSA: PRV12097","","Australia"
"Pre PT Grind","11300","The Pre-PT Grind channel is designed to help empower, motivate, educate and guide future physical therapy students. Each video will capture valuable insights through the experiences of current DPT students and recent graduates. Embark on this journey with us as we help you [D]ecide, [P]repare, and [T]ransform the world.","casey@preptgrind.com; Joses@preptgrind.com; preptgrind@gmail.com; preptgrind@preptgrind.com",""
"PhysioRuchiJain","11300","Dr.Ruchi Jain PT is a Physiotherapist working as a 'Neurodevelopmental therapist', 'Child Psychologist' and 'Female fitness mentor' since last 20 years.
Clinic:  Jyoti physiotherapy clinic Guna 
My family physio , rehabilitation and Child development centre Chunabhatti Bhopal MP .

She has work and training experience from NIMHANS and HOSMAT, Bangalore, India and NRG, MIA and RCH, Australia.
'WOW -WOMEN ONLINE WORKOUT' is an online fitness and guidance initiative by 'JYOTI PHYSIOTHERAPY CLINIC' under Dr.Ruchi’s supervision. She is a lifestyle coach, diet consultant , family and parental counsellor and motivational speaker. 

Post your queries on- 
ruchijainphysio@gmail.com 

Visit and follow this channel for Women's fitness and Child health, virtual autism and weight loss videos and guidance.","ruchijainphysio@gmail.com",""
"The 'Go-To' Physio","11100","I've Helped 1000+ Physios Become 'Go-To' Physios That Gained The Confidence To Diagnose Any Patient, Find The Right Treatment & Keep Them Progressing To Their Dream Outcomes 👇

Grab a FREE copy of my Best Selling Book and The 8-Step ‘World Cup’ Treatment Plan That Helped
My Private Patients Achieve Full Recovery And Made Me A ‘Go-To’ Physio For Complex Cases Here: https://learn.thegotophysio.com/hpp-book?utm_source=youtube&utm_medium=Organic&utm_term=description+box","support@thegotophysio.com; support@thegotophysio.com.we","United Kingdom"
"WesternTrust","11000","The Western Health and Social Care Trust aims to provide high quality patient and client--focused Health and Social Care services through well trained staff with high morale.

On our YouTube channel you will find out more about the services we provide, the dedicated staff behind the scenes and the service improvements we are committed to.","",""
"PhysioLogic","11000","PhysioLogic is an initiative taken by Dr. Sheeraz Shehzad PT to help medical students who are struggling with their studies.
I have a firm belief that every topic in medical education has a Logic and if students are able to understand that Logic, learning becomes easier.

""A Physiotherapist teaching you Logic - PhysioLogic""","","Pakistan"
"Impact Physical Therapy","11000","We want to provide you with the best information to get you back to life without the use of medications, injections or surgery! Check out our videos and feel free to share with friends and family!","",""
"Twin Cities Orthopedics","10800","Twin Cities Orthopedics is a health care organization committed to providing world-class service to everyone we encounter. Our independent orthopedic specialists deliver individualized care informed by active research and outcomes data. TCO prides itself on being an innovative, nimble organization that can adapt quickly to an ever-changing healthcare environment.

Our dedicated teams of physicians, specialty providers and care coordinators serve our patients in clinic locations, walk-in Orthopedic Urgent Care locations, and numerous other therapy and specialty care settings across Minnesota and western Wisconsin. Regardless of the location, TCO delivers an exceptional patient experience, backed by decades of trusted orthopedic care.","BioLab@tcomn.com","United States"
"Bond University","10700","Ambition Loves Company

CRICOS Provider Code 00017B | TEQSA PRV12072","studentassist@bond.edu.au; askalibrarian@bond.edu.au; cdc@bond.edu.au; food@bond.edu.au; info@learner.bond.edu.au; sportscentre@bond.edu.au; asc@bond.edu.au; campuslife@bond.edu.au; centralevents@bond.edu.au; chuang@bond.edu.au; creditassessment@bond.edu.au; ethics@bond.edu.au; fshaik@bond.edu.au; governance@bond.edu.au; hbell@bond.edu.au; information@bond.edu.au; kbuabarn@bond.edu.au; media@bond.edu.au; mstubber@bond.edu.au; partner@bond.edu.au; research@bond.edu.au; speng@bond.edu.au; studenthousing@bond.edu.au; yvzhang@bond.edu.au; security@bond.edu.au","Australia"
"Freedom Physical Therapy Services","10600","Freedom Physical Therapy Services’ experienced team of professionals provides highly skilled therapy with an emphasis on specialized expertise, individual needs and excellent care. Our services include orthopedic care, TMJ treatment, dry needling, women's health care, wellness programs and many more.","",""
"Glacial Ridge Health System","10500","Learn about our health care services at Glacial Ridge Health System in Glenwood, MN","","United States"
"Rod Allrich","10200","Lessons centered upon domestic animal biology.","","United States"
"Quinnipiac University","10200","At Quinnipiac University, we’re committed to developing students for 21st-century careers and global citizenship. On our channel, you will see what makes our community great through the eyes of our students — our award-winning faculty, nearly 150 student-run extracurricular activities, the excitement of Division I athletics and more! Our dedication to achievement, leadership and the Bobcat community is shown in everything we do. 

Subscribe to our channel now and check out our website (www.qu.edu) to see Quinnipiac for yourself.","qucampushealth.general@hhchealth.org; QUCounseling.general@hhchealth.org; access@qu.edu; admissions@qu.edu; beverly.leamy-james@qu.edu; Beverly.Leamy-James@quinnipiac.edu; elizabeth.beaton@qu.edu; elizabeth.mongillo@qu.edu; finaid@qu.edu; finaidmedicine@qu.edu; gradfinaid@qu.edu; graduate@qu.edu; joann.celello@qu.edu; law@qu.edu; lawfinaid@qu.edu; learning.center@qu.edu; maryann.sola@qu.edu; medicine@qu.edu; onestop@qu.edu; quinnipiac@bkstr.com; quinnipiacdining@qu.edu; recreation@qu.edu; registrar@qu.edu; residentiallife@qu.edu; sbdeans@qu.edu; help@qu.edu","United States"
"Professional Physical Therapy","10100","","",""
"Nottinghamshire Healthcare","9990","Nottinghamshire Healthcare provides integrated healthcare services, including mental health, learning disability and physical health services.

Over 9000 staff provide these services in a variety of settings, ranging from the community through to acute wards, as well as secure settings. 

www.nottinghamshirehealthcare.nhs.uk","compliments@nottshc.nhs.uk","United Kingdom"
"Riverside Health","9760","Riverside Health Mission Statement: To care for others as we would care for those we love -— to enhance their well-being and improve their health. Riverside Health is here for you when you need us most. Our team is focused on compassionate, collaborative care — designed just for you. 

To learn more about who we are and everything we have to offer, check out our ever-growing library of videos and presentations. Be sure to subscribe so you will be notified of the latest additions to our collection. 

All information shared on this channel is for informational purposes only and is not a substitute for professional medical advice, diagnosis or treatment. Always seek the advice of your physician or other qualified health care providers with any questions you may have regarding your health. Never disregard professional medical advice or delay in seeking it because of something you have heard or read.","HIMROI@rivhs.com; billinghelp@rivhs.com",""
"Purdue Veterinary Medicine","9540","Purdue University's College of Veterinary Medicine, located on the West Lafayette, Indiana campus, is one of only 32 North American colleges of veterinary medicine and the only veterinary college in Indiana. Since the  first class of DVMs enrolled in 1959, the college has produced thousands of veterinarians and veterinary technicians who now practice in all 50 states and around the world, filling important roles in private practice, academia, government, industry, and the military.","addl@purdue.edu; CESH@purdue.edu; vetadmissions@purdue.edu; vettech@purdue.edu; vthadministration@purdue.edu; confreg@purdue.edu; craig65@purdue.edu; doerrkr@purdue.edu; linnc@purdue.edu; marsh98@purdue.edu; PVMLifelongLearning@purdue.edu; pvmnews@purdue.edu; townsenw@purdue.edu; VetAlumni@purdue.edu; vetwebteam@purdue.edu","United States"
"Dr. Bonnie Wilder | Virtual Physical Therapist","9540","Hey! I’m Dr. Bonnie — Physical Therapist, run coach, former D1 runner, and marathoner. I help runners get stronger, recover smarter, and stay injury-free so you can keep doing what you love — running and feeling your best!","",""
"Prince William County Public Schools","9260","The official YouTube site for the Prince William County Public Schools (PWCS). PWCS is launching thriving futures for more than 90,000 students in Northern Virginia.

This PWCS social media platform has been approved by the PWCS Department of Communications.","","United States"
"The Chartered Society of Physiotherapy","9200","The CSP is the professional, educational and trade union body for the UK's 65,000 chartered physiotherapists, students and support workers.","","United Kingdom"
"Complete Physio","9180","Complete Physio is London's most trusted physiotherapy company, offering exceptional care across multiple central London locations. Our team of highly experienced physiotherapists specialises in musculoskeletal physiotherapy, sports injury rehabilitation, diagnostic ultrasound, and ultrasound-guided injections. Patients consistently praise our professional, knowledgeable staff and effective, personalised treatments. With modern, fully equipped facilities and convenient access to public transport, we ensure a seamless experience for all clients. Discover the high-quality care that has earned us thousands of positive reviews and a reputation as the best physiotherapists in London.

Our commitment to excellence is reflected by thousands of positive reviews across various platforms. These testimonials highlight our dedication to providing outstanding physiotherapy services, reinforcing our reputation as the best physiotherapists in London.

http://www.complete-physio.co.uk/
020 3199 8575","info@complete-physio.co.uk","United Kingdom"
"PhysioU","9130","PhysioU builds top-rated physical therapy educational web app to simplify and bridge the gap between research and expert clinical practice.

A collection of innovative, simple to use, evidence-based web apps, developed to help healthcare students and clinicians organize and access the overwhelming amounts of information regarding diagnosing, assessing, movement faults, and treatments.

It is a digital pocket-size medical guide that you can use in either the classroom, in the clinic, at home or on the go.","","United States"
"ShawTVSouthVI","9080","ShawTV South Vancouver Island brings you entertaining, informative and hyper-local stories about your community and the people in it. These are the stories that you won't see everywhere else.

Capturing the essence of island life through personal stories, community events, and issues that are relevant to where we live.

Be sure to check out channel 4 anytime for a comprehensive look at what we do in Victoria and Duncan.","","Canada"
"GarryRT","9010","Hi everyone! I'm Garry and this is my journey into the medical field as a respiratory therapist! 
Subscribe to follow my adventures in Los Angeles, as a respiratory therapist, and feel free to ask any questions you may have

insta: www.instagram.com/garryrt
online store/study guides: https://b4597e.myshopify.com/
Blog: https://everythinggarry.wordpress.com/","","United States"
"Indiana University School of Medicine","9000","Indiana University School of Medicine is committed to preparing healers and transforming health.","","United States"
"Lucile Packard Foundation for Children's Health","8920","The Lucile Packard Foundation for Children's Health works in alignment with Lucile Packard Children's Hospital Stanford and the child health programs of Stanford University.

Our mission is to elevate the priority of children's health, and increase the quality and accessibility of children's health care through leadership and direct investment.","","United States"
"Kristen Nicolosi, PT","8920","hi friends, it's Kristen!  I am a 27 year old Women’s & Pelvic Health Physical Therapist. Thank you so much for stopping by my channel. I primarily post videos about physical therapy & my PT School journey so please be sure to subscribe if you like what you see :)

INSTA: @kristen.nicolosi
BUSINESS INQUIRIES: kristen.nicolosi@gmail.com","kristen.nicolosi@gmail.com","United States"
"VIDYA DUNIYA","8850","""Welcome to @souravdeba! 

Your one-stop destination for all types of courses like Medical, nursing, paramedical, Pharmacy, Management, Engineering. Get expert guidance on career options after 12th, college reviews, and more. Whether you're a student, a parent, or a professional, our channel aims to provide you with valuable insights and information to help you make informed decisions about your education and career.""

Thank you 🙏 

My whatsapp number for promotion👉 8392048938

souravdeban@gmail.com","souravdeban@gmail.com","India"
"Valley Health System","8800","Valley Health System is a regional healthcare system in northern New Jersey. It includes The Valley Hospital, a 385-bed, not-for-profit, regional acute-care hospital that has been consistently recognized for quality care and patient satisfaction; Valley Home Care, a home care and hospice agency; and Valley Medical Group, a multispecialty group practice of more than 200 doctors and advanced practice professionals representing over 40 medical and surgical specialties who practice at The Valley Hospital in Paramus, Valley-Mount Sinai Comprehensive Cancer Care in Paramus, eight urgent and primary care centers in New Jersey and New York and many community-based physician practices throughout the region.

Valley Health System is one of the most honored healthcare organizations in New Jersey. Our awards and recognitions are a testament to the exceptional, distinctive care our providers and staff deliver every day. 

For more information, please visit www.ValleyHealth.com.","",""
"Dr. D. Y. Patil Vidyapeeth(DPU), Pimpri, Pune","8760","Dr. D. Y. Patil Vidyapeeth (DPU), Pimpri, Pune, a Deemed-to-be University, renowned since its establishment in 2003 under the UGC Act, 1956, has evolved into a distinguished educational institution with 15 Constituent Units. Recognized for excellence in Medicine, Dentistry, Physio, Nursing, Optometry, Biotechnology, Management, Ayurveda, Homeopathy, Design, Online Learning & more, DPU boasts state-of-the-art infrastructure and a committed faculty.

Accredited by NAAC with an 'A++' grade and granted Category-I University status by UGC, DPU upholds rigorous standards. Its achievements under NIRF 2025, ranking 4th in Dental, 12th in Medical, and 41st in the University categories nationally, affirm its academic prowess. Additionally, securing the 9th rank in the Swachh Campus Ranking 2019 underscores its commitment to cleanliness and sustainability.

DPU's journey epitomizes educational excellence and holistic development, shaping future leaders across diverse domains.","","India"
"Jake Fletcher (Physio Med)","8760","Physio Med","",""
"Reddy Care Physical Therapy","8720","Reddy Care Physical Therapy
www.reddycare.net

Established in 2003, Reddy Care Physical Therapy has been featured on the Inc. 5000 list of the fastest growing companies in the country for the past four years and counting. Our physical therapist owned private practice offers stability and growth for every employee. We not only bring talented people together but collaboratively take courses to team build and invest in our employees’ professional development. 

From the very first day, our employees are given personalized on boarding, modern work spaces and the most up to date technology to create an ideal staff/patient interaction. We strive to foster an enthusiastic and productive company culture so our Physical Therapy team care provide effective client care aimed at attaining improved clinical results. 

Our vision is to continue to establish outpatient facilities, in-home therapy and courtesy transportation.","","United States"
"Physical Therapy First","8700","Welcome to Physical Therapy First's new YouTube Page! Make sure you check us out weekly for the latest PTFtip video series.  Here is where you can watch our Physical Therapist give you their favorite tricks and tips to enhance your recovery process!  We will make videos on everything from doing simple exercises correctly to therapy techniques we use on a day to day basis with our patients.
Like us on Facebook https://www.facebook.com/PhysicalTherapyFirst/ and make sure to check out our Instagram for daily updates @physicaltherapyfirstllc","","United States"
"SURE FOOT Equine & Webinars With Wendy","8650","SURE FOOT Equine Stability Program® | Horse Balance, Relaxation & Performance

The SURE FOOT Equine Stability Program® helps horses improve balance, relaxation, proprioception, and performance using SURE FOOT Pads.

On this channel, you’ll learn how to support your horse’s posture, movement, confidence, and long-term soundness—whether for training, rehabilitation, or everyday handling.

SURE FOOT Pads give horses the opportunity to explore their own balance. As they become more aware of how they are organized over their feet, many horses show reduced tension, improved movement, and greater comfort.

Wendy Murdoch, creator of SURE FOOT, shares how to:

Introduce pads safely
Choose the right pad types
Read your horse’s responses
Improve balance and body awareness
Support rehab, performance, and behavior

Used by horse owners, trainers, veterinarians, bodyworkers, and farriers, SURE FOOT helps horses become more relaxed, balanced, and confident.","","United States"
"MercyOne","8570","Experts you trust for all your health and wellness needs. 

Your best life is our one purpose.","","United States"
"HipandKneeTV","8430","HipandKneeTV includes step by step guides through Rapid Recovery Hip Replacement and all aspects of Knee Repair and Replacement Surgery as part of a set of exclusive videos from the Orthopaedic Team at Hampshire Hospitals NHS Foundation Trust.  

In these patient education videos you will see & hear from some of the leading Hip and Knee specialists at Hampshire Hospitals NHS Foundation Trust including Mr John Britton, Mr Kevin Conn, Mr Mike Risebury, Mr Nigel Rossiter, Mr Geoff Stranks & Mr Adrian Wilson.

To find out more or contact any member of the team, please check out our dedicated website, www.hipandknee.tv.","",""
"Kellogg Community College","8270","Kellogg Community College is located in Battle Creek, Michigan. The college is an educational institution dedicated to providing accessible, high-quality education to enrich our community and the lives of individual learners.","","United States"
"Physioshine Physio Rehab","8260","Welcome to PhysioShine Physiotherapy & Rehab – your path to holistic wellness

At PhysioShine, we take a holistic approach to restore balance, mobility, and strength. Our team provides personalized care to relieve pain, enhance function, and support overall well-being

Our Services Include

✅Holistic Physiotherapy for natural recovery
✅Sports Injury Rehabilitation for active recovery
✅Chronic Pain Management with compassionate care
✅Post-Surgical Rehab for smooth healing
✅Pediatric Physiotherapy for safe, gentle support

Why choose PhysioShine?We target root causes for lasting wellness, using advanced techniques tailored to your health goals.

Learn more and book your consultation
DM us Book Your Appointment Today!!
𝐂𝐥𝐢𝐜𝐤 𝐭𝐨 𝐖𝐡𝐚𝐭𝐬𝐀𝐩𝐩 𝐨𝐫 📞 +91 93922 61806
Visit Us 🌐 www.physioshinephysiorehab.com/appointments/
📍Address: Hyderabad, Location: https://maps.app.goo.gl/f9jfreQNzknEnedk8

#PhysioShine #HolisticPhysiotherapy #PainRelief #SportsRehab #ChronicPainManagement #PostSurgeryRecovery","","India"
"Charles Sturt University","8220","Charles Sturt University is Australia’s largest regional university with more than 380 undergraduate and postgraduate courses, Charles Sturt can help you start, progress or change your career. And you can choose to study on campus, online or by mixed-mode, however suits you best. 
 
We have more than 42,000 students from across Australia and more than 100 countries across the globe
 
With world-class facilities for hands-on learning, extensive industry accreditation, and Australia’s highest graduate employment rate, Charles Sturt is here to help you reach your career goals.

🔗 Links:

Home Page: https://www.csu.edu.au

How to Apply: https://study.csu.edu.au/apply

Support: https://study.csu.edu.au/apply/scholarships-grants

Accommodation: https://www.csu.edu.au/current-students/uni-life/accommodation

📞 Got questions? visit  https://study.csu.edu.au/contact-us or call us directly at 1800 275 278.

TEQSA PRV12018 (Australian University) CRICOS 00005F","","Australia"
"The Rotunda Hospital, Dublin, Ireland","8170","Information videos from The Rotunda Hospital about various aspects of maternity care.","physiopatientinfo@rotunda.ie",""
"Physioneeds Academy","8160","This channel teaches you advanced physiotherapy techniques with expert guidance from Dr. Chakshu.

The Courses We Offer In Physioneeds Academy Are -:
1) Tapedia Course 
2) Static & Dynamic Neuromuscular Stabilization (SDNS) Course
3) Sports Massage Course
4) Proprioceptive Neuromuscular Facilitation Course
5) Physioneeds Anatomical Fascial Line Taping™ Course
6) Krishna’s Kinetikinetic Manual Therapy (Periphery) / KKMT (Periphery) Course
7) International Certificate in Soft tissue Manual therapy Course
8) Instrument Assisted Soft Tissue Mobilisation Course
9) Dry Needling Course
10) Certification Program On Blood Flow Restriction Training Course
11) Certification In Advance Fitness And Sports Training Course
12) A TO Z Knee Course

All these courses are provided under Physioneeds Academy under the guidance Dr. Chakshu which makes it The Best Physiotherapy Academy In India. 

#physiotherapyeducation #physioneedsacademy #physiotherapycourse","",""
"The Equine Institute","8090","Welcome to The Equine Institute!
We are passionate about HELPING HORSES through educating and empowering their people!

Developed by highly sought after practicing equine veterinarians and physiotherapists, our science-based courses empower you to confidently care for your horse, from first aid, anatomy and nutrition, to professional-level courses.

We offer NBCAAM and RACE approved continuing education and online horse health education courses great for all horse owners.","info@equineinstitute.org","United States"
"Western Sydney Health","8050","Tune into Western Sydney Local Health District’s channel for the best health videos in the west. Our multimedia team produces a range of videos, which aim to entertain, inform and educate. We aim to engage our staff with a range of “how to” videos, recordings of key events and lectures and other health tools. We aim to appeal to the commercial market with videos that make you laugh, make you feel and spread our health messages.","","Australia"
"Niagara College","8010","At Niagara College, more than 10,500 full-time students study in over 130 diploma, graduate certificate, apprenticeship and Bachelor’s Degree programs.
We also welcome Part-Time Studies registrants, who study in 18 part-time programs and 2400 classes in roughly 350 different credit, vocational and general interest courses annually.
We are proud of our graduates, who possess cultural and global competencies; they are innovative, adaptable and entrepreneurial, pushing the boundaries of the possible for industry in Niagara, in Canada and abroad.
Niagara College features two campuses located in the Niagara Region, Ontario, Canada. Our recently renovated campuses are part of a 65 million dollar campus redevelopment project—part of our strategy to embrace a transformational shift in learning and support a culture of modernization in our programs and services.","international@niagaracollege.ca","Canada"
"Robert Gordon University","7990","Welcome to the official YouTube channel of Robert Gordon University (RGU) in Aberdeen, Scotland.

Our range of degree courses include online degrees as well as traditional taught courses in subjects as diverse as art and design, management and engineering.

We are one of the top 10 universities in the UK for student satisfaction (National Student Survey 2022). 

Find out more on our website www.rgu.ac.uk","","United Kingdom"
"Physio Matters","7930","Physio Matters is now so much more than just a podcast. After years of bringing you interviews with leading industry experts, Physio Matters has transformed into both an information portal and a community whilst continuing to deliver you a network of podcasts.

Musculoskeletal and Sports Medicine information for those working in physiotherapy, sports therapy, sports rehabilitation, medicine and all divisions of the healthcare industry.

We are on all podcast platforms you can subscribe here: https://physio-matters.com/pm-podcast/","info@physio-matters.com","United Kingdom"
"QuinticConsultancy","7910","Quintic Consultancy Ltd specialises in Premier Sports Biomechanics Video Analysis Software, Sports Biomechanics & Performance Analysis Consultancy. It is through our extensive biomechanics consultancy and constant liaison in the fields of elite sport, physiotherapy, podiatry and education that our three levels of premier sports video analysis software systems have evolved : Sports, Coaching & Biomechanics. It is this unique contact that allows us to produce easy to use, market leading software systems that specialise in 2D Biomechanical Analysis.","","United Kingdom"
"Australian Physiotherapy Association","7900","The Australian Physiotherapy Association (APA) is the peak body representing the interests of Australian physiotherapists and their patients. www.australian.physio","","Australia"
"UCDPreHealth","7780","The UC Davis Pre-Health Conference offers pre-health students from across the state of California the opportunity to learn directly from inspirational health professionals and admissions representatives. Each year, thousands come to the UCD campus to participate in the nation's largest pre-health conference. The 2016 Conference will take place on October 8. Registration for non-UCD students will open on June 10. Visit prehealthconference.ucdavis.edu for more information.","",""
"New Age Rehab - Physiotherapy Clinics","7430","New Age Rehabilitation Centre Pvt Ltd is one of the Leading Chain of Physiotherapy Clinics in North India. We have a Team of Physiotherapists Qualified and Experienced in all Specialities of Medicine like Orthopedics, Sports Injuries, Neurology & Neuro-surgery,  Cardiorespiratory etc. We are using Advanced technology Physiotherapy Equipment from World's leading Companies for ensuring Safety of the Patient.

New Age Rehab has a strong presence in Delhi, Faridabad, Rohtak and Raipur through Physiotherapy Clinics, Physiotherapy Department in leading Hospitals, Residential Rehabilitation Centers and Homecare services.

Contact Info: New Age Rehab 
👉C-3246, Greenfield Colony, Faridabad-121010
Call: 9999862434

👉131, Uday Park, New Delhi-110049
Call: 01141605151

Homecare Helpline: 7507070735","info@newagephysio.in","India"
"TvAgro Channel","7390","","","Colombia"
"BSR Physical Therapy","7360","Do you want to move without pain getting in your way?  We know how frustrating it can be when pain stops you from living your life.  You deserve to freely move within your home, community, or sport without pain.  Since 2007 the doctors of physical therapy at BSR have helped thousands of people move without pain. Call us today.  Schedule your initial evaluation with a physical therapist.  Your physical therapist will teach you how to move without pain. Your physical therapist will listen to your concerns, teach you how to move, keep you on track, and progress your treatment until you achieve your goals. Don't let your pain stop you anymore.  After completing physical therapy you will have control over your pain and be back to living the life you deserve.","","United States"
"Monash Medicine, Nursing and Health Sciences","7310","The Faculty of Medicine, Nursing and Health Sciences at Monash University is internationally recognised for excellence in teaching, learning and research. Hear about some of our latest research breakthroughs and how we are improving the health and well being of individuals and communities. Our graduates also talk about exciting career opportunities in health as well as postgraduate study options.","","Australia"
"National Ataxia Foundation","7300","The National Ataxia Foundation is dedicated to improving the lives of persons affected by ataxia through support, education, and research.

NAF is a membership supported, nonprofit organization established in1957 to help persons with ataxia and their families. The Foundation's primary purpose is to support promising ataxia research and to provide vital programs and services for ataxia families.

This channel shares the faces of ataxia, provides information about ataxia, brings to light challenges those affected by ataxia face, and promotes opportunities to get involved in raising awareness and funds for ataxia. Thank you for watching.","","United States"
"TheraFit Rehab - Physical Therapy","7270","""We Help people who have been affected by NEUROLOGICAL disorders get back to doing the things they love!""

TheraFit Rehab® is dedicated to providing specialized, activity-based rehabilitation & fitness programs to children, adults, and seniors with disabilities. We strive to rehabilitate our patients and restore their quality of life. Our specialized facility offers fully accessible and adaptive equipment including the Quadriciser®.

We serve people of all ages with disabilities including Cerebral Palsy, Multiple Sclerosis, Spinal Cord Injury, Traumatic Brain Injury, Stroke, Paraplegia, Muscular Dystrophy, Spina Bifida, Quadriplegia, Parkinson's, Developmental Delays, Autism, movement disorders, dystonia, and other debilitating aliments. We also serve seniors with conditions such as arthritis, diabetes, heart and lung disease, and other age-related problems.","","United States"
"Dr. Aditya Physical Therapist","7170","Dr. Aditya Sharma is a distinguished physiotherapist renowned for his expertise in pain and paralysis management. With a deep commitment to improving his patients' quality of life, Dr. Aditya employs cutting-edge techniques and personalized treatment plans. His compassionate approach and extensive knowledge in the field make him a sought-after professional for those seeking relief and rehabilitation from debilitating conditions. Dr. Aditya's dedication to continuous learning and patient-centric care has cemented his reputation as a leading figure in physiotherapy.
For consultation/ Appointment 
Contact - 8057406118 - 9045588999","","India"
"The Physical Therapy and Wellness Channel","7110","Welcome to The Physical Therapy and Wellness Channel! Are you struggling with back pain? Have you been wondering if Pilates classes could work for you? Do you want to know more about physical therapy? Then you are in the right place! Covering a wide range of topics about your health and wellness, this channel is designed to educate and inspire. Our videos focus on cost breakdowns, industry comparisons, and expert advise from the licensed physical therapists who work in our clinics. 

Founded in 1999, EW Motion Therapy is a physical therapy and wellness company based in the greater Birmingham area of Alabama. With years of experience under our belts, we feel confident guiding you through any issues you may have concerning physical therapy, personal training, pre- and post-operative care, fall prevention, dry needling, Pilates, women’s health, sports injury recovery, and more.

Subscribe and check out the links below to get back on track and start moving like yourself again!","chris@ewmotiontherapy.com; info@ewmotiontherapy.com; maribeth@ewmotiontherapy.com; medicalrecords@ewmotiontherapy.com; billing@ewmotiontherapy.com; homewood@ewmotiontherapy.com; hoover@ewmotiontherapy.com; katherine@ewmotiontherapy.com; libertypark@ewmotiontherapy.com; mandy@ewmotiontherapy.com; meadowbrook@ewmotiontherapy.com; trussville@ewmotiontherapy.com; tuscaloosa@ewmotiontherapy.com","United States"
"Encompass Health","7100","Encompass Health is the nation’s largest system of rehabilitation hospitals. The trusted choice for patients, caregivers and medical professionals, we provide advanced therapy to help patients recovering from an illness or injury get back to what matters most. Our care teams, made up of thousands of dedicated professionals, are committed to achieving the best possible outcomes, serving our patients and communities through customized rehabilitation that exceeds expectations. 

Encompass Health is ranked as one of Fortune's 100 Best Companies to Work For and Modern Healthcare’s Best Places to Work in Healthcare. For more information, visit encompasshealth.com, or follow us on our newsroom, Twitter, Instagram and Facebook.","","United States"
"Stanbridge University","7060","Founded in 1996, Stanbridge University offers specialized degrees at the Master, Bachelor, and Associate levels in the fields of Nursing and Allied Health. With locations across Southern California, campuses are located in Orange County, Los Angeles County, Riverside County, and San Diego County.

The Stanbridge University YouTube channel will be highlighting student life at and after Stanbridge.","",""
"Children's Specialized Hospital","6950","","",""
"The Dog Wellness Centre","6940","Our channel is dedicated to canine wellness and our goal is to educate a global audience of like minded proactive dog owners.

The Dog Wellness Centre is a state-of-the-art physio clinic providing effective physiotherapy to your dog after injury, surgery or in later stages of life. 

Find out more about The Dog Wellness Centre
https://www.thedogwellnesscentre.com.au

Follow us on Instagram - https://www.facebook.com/thedogwellnesscentre/

Join our community on Facebook - https://www.instagram.com/thedogwellnesscentre/

Contact Us - hello@tdwc.com.au","hello@tdwc.com.au","Australia"
"Real Chiropractic","6890","Mid Atlantic Chiropractic Center

Unlike conventional medicine, which focuses on attempting to treat disease once it occurs, The Mid Atlantic Chiropractic Center emphasizes improving your health in an effort to reduce the risk of pain and illness in the first place. Most people would rather be healthy and avoid illness, if they could. This is one of the main reasons for the big surge in the popularity of our wellness center.


Frederick chiropractor 
Maryland chiropractic 
Drugless health solutions
Health and wellness
Pain relief
Back pain
Neck pain
Headaches
Migraines 
Family chiropractic
pediatric chiropractor
Stress
Nervous system
Nerve
Stressproof life","","United States"
"SJC Physiotherapy","6830","12+ years as a physio & endurance athlete. Here to help you overcome injury & perform your best. Instagram: sjc.physio.","","United Kingdom"
"PEER at TAMU","6710","This channel is an extension of the PEER (Partnership for Environment Education and Rural Health) Program at the Texas A&M College of Veterinary Medicine. The PEER website provides middle school and high school teachers with TEKS aligned lessons on a wide variety of subjects. PEER also has produced many educational videos featuring veterinarians, veterinary students, scientists, and more which can be found both on this channel and on our website at http://peer.tamu.edu/","callaghan@tamu.edu; CBudke@cvm.tamu.edu; grivera@cvm.tamu.edu; itizard@cvm.tamu.edu; j-harlin@tamu.edu; Ljohnson1@tamu.edu; nmjohnson@tamu.edu; NRitter@cvm.tamu.edu; samikshamarne@tamu.edu; torri.whitaker@ag.tamu.edu; walker@cse.tamu.edu",""
"Instructor Brooks","6640","This channel is my platform to do what I love most and that is to teach. Currently, I am focusing on helping students who are working towards a degree and license as a Physical Therapist Assistant, but this information can be useful to anyone. Time will tell how this page will evolve. I hope you join me on my quest to learn.","Brooks.Thompson@instructorbrooks.com","United States"
"Inner Dynamics Physical Therapy","6620","Inner Dynamics Physical Therapy is the largest pelvic health center in New Jersey, with two office locations in Ocean and Toms River. We treat pelvic pain, pelvic organ prolapse, pre-partum/post-partum, pelvic floor dysfunction, male pelvic pain, low back, hip, abdominal, and groin pain, bladder dysfunction, constipation, post-surgical conditions, and general orthopedic conditions. We especially love educating our community about pelvic health, so no one had to live silently in pain. We enjoy sharing the latest pelvic floor techniques, and are the pelvic health  consultants to USA Weightlifting and USA Powerlifting. We work with women, men, and children of all ages. For more information, check out our website at innerdynamicspt.com","",""
"Sport Science Hub","6600","The #1 place to help you understand and explain science in sport, health, and exercise. Learn and develop your understanding whether you're a student, coach or professional.","",""
"Elevate Physiotherapy","6470","","","Singapore"
"USNavyMedicine","6460","Welcome to U.S. Navy Medicine’s official YouTube sponsored by the command's Public Affairs and Outreach (N01P) division. This page is intended to provide updated information and discussion on U.S. Navy Medicine. Please visit our official homepage at med.navy.mil. 

While this is an open forum, it's also a family friendly one, so please keep your comments clean. In addition to keeping it family friendly, we ask that you follow our posting guidelines at http://www.defense.gov/socialmedia/user-agreement.aspx. Comments and posts that do not follow these guidelines will be removed.","","United States"
"Ethos Veterinary Health","6460","Ethos Veterinary Health is at the forefront of innovation and world-class medicine. As the premier network of 140+ specialty and emergency hospitals across North America, Ethos brings together a dedicated community of more than 1,500 specialized doctors providing care for nearly 2 million pets annually. The integrated and collaborative network of veterinary professionals utilize state-of-the-art technology and a scientific, evidence-based approach to deliver compassionate, unparalleled care and rewarding careers. Committed to revolutionizing veterinary medicine, Ethos sets the standard in veterinary excellence.

Our Purpose
Enrich the lives of pets and people.

Our Mission
Inspire hope through unparalleled care.

Our Vision
Revolutionize veterinary medicine.","","United States"
"Hope Abilitation Medical Centre","6290","HOPE is a unique interdisciplinary pediatric neurological rehabilitation center in the middle east starting in Dubai, United Arab emirates.

Hope is not just a Rehabilitation Center it is an Abilitation one. Abilitation is the concept of empowering young individuals with disabilities to reach their best possible unexplored potential along the spectrum of their physical, occupational, speech, and cognitive needs.

Hope caters for all the various state of the art rehabilitation techniques invented worldwide under one roof. Also catering for both therapy models of intensive therapy camps and long term continuous therapy serving children in various age groups differently.

Most important core competency will be integrating various techniques with the understanding that individualized programs work best, tailoring a comprehensive and individualized custom made plan that will suit each individual specifically.","","United Arab Emirates"
"NHS Golden Jubilee","6230","Delivering care through collaboration, NHS Golden Jubilee provides high quality specialist and elective care for patients across Scotland.","","United Kingdom"
"Dr. Shilpa's Physio World","6210","I will teach you different therapies that will make you fit","",""
"I am Physiotherapist","6190","""I am Physiotherapist"" is an educational YouTube channel created and hosted by Dr. Kaiynat Shafiq, an Orthopedic manual physiotherapist.

This channel is dedicated to providing high-quality, informative & engaging content related to physiotherapy.

Through my expertise, I offer viewers an opportunity to learn about various aspects of physiotherapy. 
The channel covers a wide range of topics related to physiotherapy, such as rehabilitation after injuries, managing chronic pain & maintaining a healthy lifestyle.

With a focus on providing evidence-based information, ""I am Physiotherapist"" aims to be a reliable source, for anyone interested in learning more about physiotherapy. Whether you are a healthcare professional, student, or simply someone looking to improve your physical health, this channel provides valuable insights & practical advice to help you achieve your goals.

In case of any queries, suggestions or complains, you can contact me here
iamphysiotherapist.official@gmail.com","iamphysiotherapist.official@gmail.com","Pakistan"
"American Association of Hip and Knee Surgeons","6180","Established in 1991, the mission of the American Association of Hip and Knee Surgeons (AAHKS) is to advance hip and knee patient care through education, advocacy and research. AAHKS represents more than 4,000 members from around the world. AAHKS is located in the Orthopaedic Headquarters in Rosemont, Illinois, USA.","","United States"
"American Career College","6130","Official YouTube channel for American Career College.

American Career College is a leading healthcare college in Southern California. Founded over 45 years ago, we have helped over 65,000 students prepare for growing careers in healthcare. 

Our 3 campuses are built with industry-current labs that help students prepare for their first day on the job in a variety of medical settings. From our locations in Los Angeles, Orange County, and Ontario, we provide in-person and online instruction to students in 12 different programs.","","United States"
"MAHSA University","6100","MAHSA University is a premier private Malaysian University that promotes progressive education that benefits the global landscape.","",""
"Dr.Girish Physiotherapist","6060","PARC HOSPITAL Run by Dr s. GIRISH KUMAR senior physiotherapist. Deals with the treatment of all orthopedic, neurologic, and ...","","India"
"Running Physio","6030","Quality, evidence-based videos for health professionals who treat injured runners. PLEASE NOTE: Our videos are not intended to replace medical assessment or advice. Our content is also not intended to replace clinical reasoning and decision making by clinicians during patient care. For more information please see our Terms and Conditions: https://www.running-physio.com/terms-and-conditions/","",""
"Nova Scotia Community College","6010","We offer 140+ programs and welcome 20,000 students each year. Together, we help build Nova Scotia’s economy and quality of life. We offer our students the skills and knowledge they need to succeed. Discover the NSCC experience, our programs and the limitless possibilities they hold.","","Canada"
"Cessna Lifeline Veterinary Hospital","5950","","","India"
"MyMichiganHealth","5920","MyMichigan Health, a non-profit health system headquartered in Midland, Michigan, is a leader in providing award-winning, high-quality care to the 26-county region it serves.","","United States"
"Methodist Healthcare","5920","For HCA Healthcare Internal and External Digital Media Guidelines, please visit https://hcahealthcare.com/about/digital-media-guidelines.dot","",""
"CSU College of Veterinary Medicine and Biomedical Sciences","5780","The College of Veterinary Medicine and Biomedical Sciences (CVMBS) strives to provide high quality education in the biomedical sciences through undergraduate majors in environmental health, microbiology, and biomedical sciences; through the Professional Veterinary Medical program; and through high quality graduate education in anatomy and neurobiology, clinical sciences, environmental health, microbiology, pathology, physiology and radiological health sciences. The College contributes to the prevention and control of human and animal disease through basic and applied research programs encompassing each of these disciplines. 

This YouTube account is officially recognized by Colorado State University; however, the views and opinions expressed on this page are not necessarily those of the University. CSU retains discretion to allow or disallow comments and/or posts on this page. For more information about CSU's Social Media Policy, visit http://www.socialmedia.colostate.edu.","",""
"PARR PT Physical Therapy","5780","Welcome to the Parr PT channel.

We provide specialized physical therapy treatments in Austin & Houston for: EDS (Ehlers-Danlos Syndrome), hypermobility, Dysautonomia, POTS, chronic pain & chronic fatigue (e.g. Fibromyalgia), neurological disorders & brain injuries such as strokes and MS, sports rehab & injury prevention for athletes, scar tissue release, bowel disorders (constipation, IBS, gastroparesis), and Matrix gait training.

Our expert physical therapists have years of experience in helping people with complex conditions to lead healthier and happier lives (https://parrpt.com/patient-testimonials/). At our clinic, you can expect personalized, one-on-one treatments tailored exactly to your needs:

The Parr PT Method = Specific myokinesethics techniques + Hands-on manual therapy + A holistic exercise approach to PT = Optimal Results!

Contact us directly today: https://parrpt.com/contact-and-scheduling/

Jonathan Parr PT, CSCS EP MCMT CBIS","","United States"
"Arfit Dog Rehab and Fitness","5700","Licensed Physical Therapist and Certified Canine Rehabilitation Practitioner and owner of Arfit Dog Rehab and Fitness in Chicago, Tod Miner PT CCRP teaches massage and exercise techniques as well as provides insight into non drug snd non surgical ways to help your older or injured dog.   www.arfit.biz

Canine Exercises, Dog physical therapy, Canine Rehab, massage, physical therapy, dogs, exercise, strengthening","",""
"Foothills Sports Medicine Physical Therapy","5680","As physical therapy providers in Arizona for over 20 years, our reputation hasn't been built on luck. Instead, it's been built on our daily commitment to the needs of our patients and clients. Our growth from 1 clinic to 20+ speaks to the loyalty of our referral sources, our patients, our clients, and the positive outcomes they've experienced through Foothills.

We're dedicated to providing hands-on physical therapy with integrity and accountability to ensure the best possible patient results. Whether you've suffered a sports injury, were injured at work, or were hurt in an auto accident, our physical therapists will help you get your move back. 

We're grateful for the support we've earned over the years and look forward to serving the physical therapy needs of the community for years to come.","","United States"
"Masud Saeedi Physiotherapy","5670","My name is Masud. 

I have made this channel to allow anyone who wants to get into physiotherapy gain an insight into what it takes and the journey that you will be embarking on. 

I hope my videos provide you with some value and as always make sure to message me/comment if you need any help. 

I actually have 2 Youtube Channels. This one is solely dedicated to Physiotherapy and it has a few of my old basketball vids so check em out if you get time!! 

Stick around and if you enjoyed any of my content, please show some love by sharing, liking, commenting or SUBSCRIBING!! :) 

Alright, lets goooo!","","United Kingdom"
"Release Physical Therapy Washington DC","5570","Release is a boutique physical therapy practice in Washington, DC that provides the best in comprehensive, evidence-based treatments and personalized care. Utilizing hands-on techniques, we strive to relieve pain, improve function, and enhance health and wellness. Whether you’re an athlete that plays hard on the field, or a weekend warrior that plays hard in life, committing to a physical therapy program can help to keep you moving forward. Release Physical Therapy – Washington, DC will help you get back to work, back in the game, and back to doing the activities you love. Subscribe for great how-to exercises or visit www.releasept.com!","",""
"Cleveland Shoulder Institute","5560","Visit our channel for surgery rehabilitation videos, patient testimonials and detailed shoulder condition and treatment information from Cleveland Shoulder Institute's Founder, Dr. Reuben Gobezie. In 2026, Dr. Gobezie will also be adding new content around general healthcare education. 

Dr. Gobezie is an internationally recognized Orthopedic Surgeon and leader in the care of shoulder and sports injuries. A graduate of Harvard Medical School, he was named one of the top 25 shoulder specialists in the US as ranked by leaders in the field. Dr. Gobezie is a six-time Patient’s Choice award winner, an honor bestowed on less than one percent of physicians nationally. He has also been recognized on the Top Doctors list nationally by Castle Connolly and locally as one of Cleveland Magazine’s best doctors. Call us at 844-746-8537 (844-SHOULDR) to schedule a consultation.","","United States"
"Sacramento State","5550","As California's capital university, Sacramento State transforms lives by preparing all students to lead, serve, and succeed. We are committed to our designations as a Hispanic Serving Institution, an Asian American Native American Pacific Islander Serving Institution, and a Black Serving Institution, and to intentionally serving students reflective of these designations and all students who have been historically underserved in education.","",""
"Pain Science Physical Therapy","5540","Hi! Thanks for being here. We've moved most of our videos and resources to our private community. If you'd like to continue learning with us and access exclusive content, you can join the community here: https://rpxbcc2o1kbcztlx2yph.app.clientclub.net/communities/groups/pain-science-collective

At Pain Science Physical Therapy, we view mobility from a whole body perspective and treat our patients with the goal of getting to the root of their pain or movement problems. Our therapists develop individualized treatment plans that fit our patients’ bodies and help them live their best lives.

If you are interested in meeting with a physical therapist for help personalized to your needs, visit our website at https://www.painscienept.com/ or call us at (206) 327-9880.","","United States"
"James Armstrong Physio","5540","This channel brings you a range of helpful videos covering everything that an inquisitive and proactive Physiotherapy student might need including tips and advice from my experiences as a physio student. I regularly invite expert clinicians and practice educators to bring you current and relevant advice from those that really know. The channel is for you so if you have a subject you want covered, let me know. 
I graduated in 2020 with a 1st class BSc Hons in Physiotherapy from the University of Plymouth. Throughout my degree and beyond I have remained passionate about our profession! 
At university, I was a CSP rep, Chair of the South West and Wales CSP Student Group and a member of the CSP Student Representative Group. 
I have since become a core member of the CSP South West Regional Network. 
In my spare time, I love running and I'm the Head Coach at Tavistock Athletic Club.
I also run a small private physio clinic in the evenings and weekends. 
Make sure you've subscribed :)","","United Kingdom"
"Beyond Basics Physical Therapy","5490","Since 2003, our highly specialized staff provides comprehensive care to patients with various pelvic pain and orthopedic conditions. Our Licensed Physical Therapists hold doctorate degrees in physical therapy with specialized training in pelvic floor dysfunction, women's health care, and orthopedic injuries.

ℹ️ Not Medical Advice","","United States"
"Loomis Basin Equine Medical Group","5440","We are dedicated to helping educate horse owners and enthusiasts and we hope you find these videos interesting and helpful!
Since the founding of our original practice over 40 years ago, it has been our goal to bring not only high quality veterinary care to our community but also care with a personal connection. Compassion and expertise is what we look for in every doctor, technician, and staff member!
We are continually listening and watching for areas that are in need of equine veterinary care and as a result we currently have offices/coverage in the regions surrounding these areas of California:
Penryn, Sutter Creek, Penn Valley, Wilton, Napa Valley, Fortuna, Arcata, Brentwood, Gilroy, and Lake Forest just outside of Los Angeles! There are ~35 equine veterinarians within the group comprised of generalists & specialists in surgery, internal medicine, sports medicine, & critical care. All of our practices combined provide ambulatory veterinary care to a large portion of California.","",""
"usfhealth","5420","USF Health is dedicated to improving the full spectrum of health - from the environment, to the community, to the individual. This unique partnership is formed by the Colleges of Medicine, Nursing, Public Health and Pharmacy at the University of South Florida in Tampa.","cpdsupport@health.usf.edu","United States"
"Creighton University","5330","Take flight 🐦

For all who want to make a difference, welcome to Creighton.

Bring your passion to Creighton University, and we’ll supply the fuel to propel you forward!","","United States"
"OurVentura.com","5320","Our Ventura TV is broadcast weekly on Ventura cable channel 6 TV and is also published at OurVentura.com.  The theme of the series is people doing good things in Ventura County, California and the surrounding area.","","United States"
"Therapeutic Associates Physical Therapy","5300","We are Therapeutic Associates Inc. (TAI), a physical therapist-owned and operated partnership of clinics. Our structure is unique and has contributed to our significant history and success. Each clinic director is a practicing PT and owner in their facility and is committed to providing you with the highest quality care and customer service available. All clinics share administrative services and many other resources that allow us to learn from each other and grow together. But, each clinic operates autonomously to best serve its staff, its neighborhood, and you.","","United States"
"VetVine Hub","5250","A better life for animals and the humans who care for them.","","United States"
"Baby Milestones With Cherrick","5180","If you are concerned about Baby Tummy Time, creeping, crawling,
Rolling over, sitting balance, and walking, then you are in the right place. Are you asking the following questions? Why is my baby not crawling yet? How To help 6 month old sit up

All the content on this channel is based on my 25 years of experience from working with 1000's of families. Not only will this help you be great parents but it will help your child learn important life skills and give them the best start to life. 

Hi my name is Cherrick Gordon and I am a Pediatric Physical Therapist with over 20 years of experience. My mission is to empower parents and caregivers with the knowledge and skills to lay their hands on their babies and make a positive impact. 

If you are concerned about Infant and Toddler gross motor skills and development, and you want evidence based hands on techniques to help your little one, It's here.  
#cherrickgordon #infantdevelopment #babymilestones #pediatricphysicaltherapy #tummytime","","United States"
"Next Level Physical Therapy","5140","🏋️‍♂️Physical Therapy & Personal Training
💪Treating Pain from the Source
📍5 NJ/PA Locations + 💻 Online Program","","United States"
"Canine Rehab","5020","Welcome to the Canine Rehabilitation and Integrated Veterinary Center, your go-to destination for holistic dog care in Kingston, Washington! Led by Dr. Christine Finn, our center specializes in combining Eastern and Western veterinary medicine to address your dog's mobility issues and pain. With 13 years of expertise, we provide treatments that effectively alleviate discomfort without side effects, ensuring your dog can live their best, pain-free life.
Whether your dog is struggling with arthritis, recovering from surgery, or experiencing general mobility issues, we are here to help. Our comprehensive treatment plans are tailored to meet unique needs of each dog, ensuring optimal results.
Join our community of satisfied pet owners who have seen remarkable improvements in their dogs' quality of life. Contact us today to learn more about our services and to schedule a consultation with Dr. Christine Finn. Give your dog the gift of a pain-free, active life with the Canine Rehabilitation.","office@finndvm.com","United States"
"School of Health & Medical Sciences","4970","We are the School of Health & Medical Sciences (formerly St George’s, University of London and the School of Health & Psychological Sciences) at City St George’s, University of London, the university of business, practice and the professions.","","United Kingdom"
"Joe Tatta, PT, DPT","4960","Dr. Joe Tatta is a leader in integrative pain care. He serves as the CEO of the Integrative Pain Science Institute. He is also an adjunct professor in the Arcadia University DPT program. He has published peer-reviewed articles and 3 books on pain management. His professional accomplishments extend to the creation of scalable practice models grounded in health behavior change and innovative approaches empowering physical therapists to assume the role of primary healthcare providers. He is passionate about implementation science and strategies that facilitate the uptake of evidence-based practice into regular use by practitioners. The culmination of his work is PRISM: Pain Recovery and Integrative Systems Model – a cognitive behavioral approach for physical therapy. Learn more at: integrativepainscienceinstitute.com.","","United States"
"The Ralph Veterinary Referral Centre","4940","We are an independent, compassionate and ethical-practice focused veterinary referral centre for dogs and cats located in Marlow, Buckinghamshire, UK.

We offer a range of twelve specialist-led clinical services including Cardiology, Dentistry, Internal Medicine, Neurology + Neurosurgery, Oncology, Ophthalmology, Orthopaedics, Soft Tissue Surgery, Physiotherapy and Rehabilitation. Our Emergency and Critical Care departments operate 24-7-365. 

Team Ralph are the heart and soul of our hospital. They are what makes our ‘Centre of Excellence and Compassion’ just that – excellent and compassionate, and so much more besides. We have over 180 team members, including 17 Board-Certified Diplomates and over 60 nurses. 

The Ralph is very much a passion- and vision-driven hospital founded on a strong organisational culture and authentic core values. To find out more about our core values, check out our website www.theralph.vet","","United Kingdom"
"Leicestershire Partnership NHS Trust","4920","Leicestershire Partnership NHS Trust - We provide integrated mental health, learning disability and community health services to a million people in Leicester, Leicestershire and Rutland. With a passion for quality and excellence our 6,000 staff help to advance health and wellbeing for you and your communities.","","United Kingdom"
"Balance Physical Therapy & Human Performance Centr","4920","Balance Physical Therapy® and Human Performance Center is dedicated to being the most patient-focused, result-oriented rehab facility in Monterey County.
Monterey: 2260 N Fremont St Monterey, CA 93940 https://www.balancept.com/our-locations/monterey/
Salinas: 143 John St Salinas, CA 93901 https://www.balancept.com/our-locations/salinas-ca/","","United States"
"Mangiarelli Rehabilitation","4910","Mangiarelli Rehabilitation is a family-owned physical therapy clinic in Warren, OH serving Trumbull and Mahoning Counties. With this channel, we hope to empower our patients with knowledge, a deeper understanding of physical therapy, and how physical therapy can serve your needs.

Join the Mangiarelli Rehabilitation family today at http://bit.ly/mangiarelli-rehabilitation!","","United States"
"Clarkson University","4830","Clarkson University is a national research hub for leading STEM innovation. We foster an entrepreneurial mindset by connecting hands-on learning, breakthrough research, and a powerful industry and alumni network.

As a top-tier STEM university, we’re dedicated to creating graduates who are ready to work, as reflected in our 98% placement rate. Our alumni network of over 48,000 ranks in the top 2% nationally for salaries, with one in five already leading as a CEO, senior executive, or business owner.

Located in Potsdam, N.Y., our campus is surrounded by the great outdoors. We offer over 90 rigorous programs in engineering, business, sciences, and health professions.

Ready to see where a Clarkson education can take you? 
Visit www.clarkson.edu to learn more.","","United States"
"Singapore Institute of Technology (SIT)","4830","Official YouTube channel for the 
Singapore Institute of Technology","",""
"Mary Free Bed Rehabilitation Hospital","4820","Mary Free Bed, based in Grand Rapids, Michigan, is the largest non-profit rehabilitation system in the country. Since 1891, Mary Free Bed experts have restored hope and freedom through rehabilitation for children and adults with brain injuries, strokes, spinal cord injuries, multiple traumas, amputations, cancer and other diagnoses, including COVID-19. The combination of more than 100 specialized medical and sports rehabilitation programs and an exclusive focus on rehabilitation enables our specialty physicians and staff to help patients achieve extraordinary clinical results. Established in 2011, the Mary Free Bed Rehabilitation Network extends rehabilitation expertise to more than three-dozen acute-care hospitals in Michigan and Indiana. #AskForMary","","United States"
"WellSpan Health","4800","About WellSpan
________________________________

WellSpan Health is south central Pennsylvania’s most comprehensive health system—serving the region with an extensive network of providers, leading hospitals, health centers, home care and walk-in care centers conveniently located in our local communities. Our mission is to partner with communities and residents to improve health by providing exceptional care that helps our neighbors not only get better but also stay healthy. Our physicians and caregivers work together to help you achieve optimal health. And with MyWellSpan, it’s easier than ever to manage your health online – anytime, anywhere.
At WellSpan, our goal is to help you reach your health goals in life.","","United States"
"Evolution Physical Therapy & Fitness","4790","Welcome to Evolution Physical Therapy & Fitness's Youtube Channel! 
We are dedicated to bringing you the best content, education and fitness programming in order to help you #evolve your lifestyle. Please like, comment, and subscribe to stay up to date on all of our latest videos. We can also be found on Instagram and Twitter at @evolutionptfit. 

Furthermore, if you are interested in booking a physical therapy appointment either virtually through Telehealth or In-Person, know that we are currently accepting all patients at this time. Due to COVID-19, we are also taking all the appropriate measures to ensure a clean and safe environment for every single person who walks into our facility, at Evolution Physical Therapy & Fitness your health and safety is our highest priority. 

Disclosure: 
All of our staff are currently wearing masks and will continue to do so until further notice. 
We also accept all PPO insurance.

To book an appointment: https://www.evolutionphysicaltherapy.com","",""
"Days of Dan","4790","Hey, I’m Dan 👋 A Brit who swapped life in the UK for Australia’s sunny Gold Coast. On this channel, I share my experiences of moving abroad, the culture shocks, the things I love, the challenges, and everything in between.

This is an honest look at what life’s really like when you take the leap and start over in a new country.

If you’re curious about Australia, thinking of moving here, or just love travel and lifestyle stories, you’ll feel right at home.","","Australia"
"Fear Free Pets","4780","Founded by “America’s Veterinarian,” Dr. Marty Becker, and developed by hundreds of experts in behavior, medicine, and handling,  Fear Free provides online education to veterinary professionals, pet professionals, animal welfare communities, and pet owners. Our courses are developed and written by the most respected veterinary and pet experts in the world, including boarded veterinary behaviorists, boarded veterinary anesthesiologists, pain experts, boarded veterinary internists, veterinary technicians (behavior), experts in shelter medicine, animal training, grooming, boarding, and more.

By closely listening to the needs of the profession and those of pet owners, Fear Free has become one of the single most transformative initiatives in the history of companion animal practice, providing unparalleled education on emotional wellbeing, enrichment, and the reduction of fear, anxiety, and stress in pets.","","United States"
"Arizona Orthopedic Physical Therapy & Kids Place","4720","At AzOPT and Kids Place, our mission is to create long lasting results through one-on-one personalized care, detailed explanations, and education. 

Our highly-educated, licensed physical therapists at AzOPT help patients reduce pain, improve mobility and restore function. Whether you need to return to sports, work, or simply performing daily activities pain free, our physical therapy programs are tailored to the individual needs of each patient.

Since 2008, the highly trained and licensed pediatric therapists at Kids Place have worked exclusively with the pediatric population to provide pediatric physical, occupational, speech, and feeding therapy.

Welcome to our channel!","",""
"Orthopedic Edge Physical Therapy","4710","Orthopedic Edge Physical Therapy is a privately owned PT practice in Shelby Twp, Sterling Heights and Troy, MI.  The intent of this channel is to give our patients easy access to their HEPs.","","United States"
"Moment of Truth Physical Therapy","4690","We are all things pelvic health. We help men and women live free from pain and trauma so they can have healthy, active lives without limitations. Specializing in fascial and visceral work to address whole body tension and offer healing. We are wellness, lifestyle transformers who are passionate about educating so you have better health, better SE%, better digestion and feel confident in your body and get free from trauma!
You can also find our current podcast, Change the Conversations, and our previous podcast Bellies, Babies and Birth here!","","United States"
"World Physiotherapy","4680","World Physiotherapy is the sole international organisation for physiotherapy, representing 660,000 physiotherapists worldwide through 129 member organisations. It is dedicated to promoting the profession and improving global health.","",""
"Union Lake Veterinary Hospital","4650","Exceptional Veterinary Care - Experience the difference at Union Lake Veterinary Hospital. Our YouTube channel educates you about the care of your fur family and introduces you to our services and our staff. If you have a suggestion for a video topic, let us know. 

Union Lake Veterinary Hospital provides the Waterford, West Bloomfield and surrounding areas with loving, high-quality veterinary medical care. We're open 7 days a week for your convenience, offering the best traditional veterinary medicine as well as alternative therapies like chiropractic, acupuncture and herbal therapies. 

Union Lake Pet Services next door offers pet grooming, pet boarding, doggy daycare, dog training, and our Animal Rehabilitation Center offers canine physical therapy. We're Michigan's most complete pet care complex.","rehab@unionlakepets.com; ulvh@msn.com","United States"
"Butheau Physiotherapy","4630","Channel for Butheau Physiotherapy, a physiotherapy clinic in Seattle, WA, specializing in the treatment of acute facial paralysis, temporomandibular disorder, neck and back pain

http://www.butheauphysio.com

Videos addressing common conditions using specific movements and exercises for self care. All contents for informational purposes only.  Please seek assessment by a licensed physical therapist for correct diagnosis and to know if you will benefit from a particular movement exercise. The author declines all responsibilities in potential injuries that could occur","","United States"
"WorkingNation","4620","WorkingNation is the leading non-profit solution-oriented media organization creating and distributing powerful stories solely focused on the nation’s current and future state of work.We are an eclectic mix of award-winning journalists and content producers, established workforce and labor experts, executives, and philanthropists. Our team members have a passion for human storytelling and an idealistic commitment to building a resilient workforce.We are mission-oriented, with the ability to innovate, adapt, and cover the ever-changing landscape of workforce development; we report on the solutions and the skills needed today and in the coming years.Media and journalism is our business. Workforce development is our passion","","United States"
"The University of Texas at El Paso","4570","The University of Texas at El Paso is America’s leading Hispanic-serving university. Located at the westernmost tip of Texas, where three states and two countries converge along the Rio Grande, 94% of our nearly 25,000 students are minorities, and half are the first in their families to go to college. UTEP offers 168 bachelor’s, master’s and doctoral degree programs at the only open-access, top tier research university in America.

See our community policy for social media engagement on official UTEP channels: https://utepn.ws/communitypolicy","","United States"
"Strength & Sport","4460","Sports Physical Therapist // Host of the Rhody Strength Podcast
Rhode Island

Follow on Instagram @strengthandsport @RhodyStrengthPodcast
Follow on Facebook: ""Strength and Sport Physical Therapy"" 
Website: www.strengthandsportpt.com","","United States"
"MCPHStv","4430","Massachusetts College of Pharmacy and Health Sciences (MCPHS) has been a global leader in healthcare education for over 200 years. We offer 100+ health sciences degree programs all designed to elevate the next generation of healthcare professionals.","","United States"
"ISUNewsService","4380","News from Iowa State University","",""
"South University","4370","South University is proud to offer focused and balanced curricula at the associate’s baccalaureate, master’s, and doctoral levels. We strive to provide a comprehensive education that instills within its students a philosophy that values not only learning and professionalism, but also contribution and commitment to the advancement of community! With campuses across the country, as well as flexible online courses, we are 100% committed to our students’ development and providing an environment where they can thrive. 

Our areas of study include arts and sciences, business, health professions, nursing and public health, theology, and pharmacy!

Are you ready to take your education to the next level? Learn more about South University here: www.southuniversity.edu","","United States"
"Canine Arthritis Management","4370","Our videos aim to share with you some of the ways in which CAM helps dogs with arthritis.

Our channel is a tool for showcasing our top tips and advice, ensuring pet owners can stay up-to-date with the latest developments and treatment recommendations for canine arthritis.

For all enquiries please contact info@caninearthritis.co.uk 

You can also follow us on:
- Twitter: @CAMarthritis
- Facebook: www.facebook.com/CAMarthritis
- Instagram: www.instagram.com/CAMarthritis","info@caninearthritis.co.uk","United Kingdom"
"Susan Findlay","4350","Subscribe to my FREE Massage Mondays videos here:  https://bit.ly/3oYBMFP  

Susan Findlay is the Director and Senior Lecturer at NLSSM, The North London School of Sports Massage.

After discovering a love of teaching from running multiple health programs for the NHS, Susan gained her qualification in Sports and Remedial Massage and formed her own school, NLSSM, in 2004.

As well as teaching, Susan still runs her own practice from North London, believing that 'keeping up with the real world helps to keep me inspired, and that helps to make me a better teacher'.

This channel aims to help you become the best therapist you can be. It brings expert videos detailing unique tips, techniques and advice, all from Susan herself. For videos straight to your inbox, you can ign up to Susan's #massagemondays here: https://bit.ly/3oYBMFP 

Feel free to get in touch at info@susanfindlay.co.uk with any questions or even just for a chat!","info@susanfindlay.co.uk","United Kingdom"
"BESS - British Elbow & Shoulder Society","4330","BESS's aim is to promote education, research and best practice in upper limb orthopaedics - more specifically the disciplines of shoulder and elbow surgery.

This channel is to support GP’s (general practitioners) and their patients and provides information and exercise videos for the most common cause of shoulder pain. The videos support a downloadable leaflet (http://www.bess.org.uk/application/files/7215/2723/2910/PublicationA5version-nonbooklet.pdf) 

These booklets and videos have been prepared by BESS surgeons and BESS physiotherapists with the support of the NHS Getting it Right First Time Programme (GIRFT).

Written and produced in 2018 by Jonathan Rees, Ro Kulkarni, Jo Gibson, Clare Connor. Supported by Matthew Barker and Rachel Yates.","","United Kingdom"
"Gurjot Spinal rehab & Physiotherapy","4300","Best Spinal Rehab Center in North india 

Rehabilitation for spinal cord injury
Rehabilitation for stroke 

Rehabilitation for sports injury 
Rehabilitation for Cerebral Palsy

Pain Relief Physiotherapy","","India"
"Bluegrass Pediatric Therapies","4260","Bluegrass Pediatric Therapies proudly leads the Heart of the Bluegrass with individualized Speech, Occupational, and Physical Therapy for children ages 0-21!  We see the whole child & partner with families to build confidence, independence, and lasting progress! 🦖🦕

📍Located in Richmond, KY and Winchester, KY!","",""
"Pet Care Partners","4170","Welcome to PET CARE PARTNERS where we pride ourselves on delivering exceptional care tailored to your pet’s needs. From regular wellness exams and vaccinations to advanced diagnostics and emergency care, our passionate team is here to provide compassionate and personalized treatment for your cherished companions, ensuring their health and happiness throughout their lives.

Disclaimer: The information provided on this channel is for educational and informational purposes only. It is not intended to replace professional veterinary advice, diagnosis, or treatment. Medical decisions should always be made in consultation with a licensed veterinarian who can evaluate your pet’s specific needs.

Pet Care Partners, its hosts, and contributors are not liable for any actions taken or not taken based on the content shared in our videos, posts, or comments. If your pet is experiencing a medical emergency or you have concerns, contact your veterinarian. All videos developed using AI.","","United States"
"Canadore College","4080","Canadore College is ideally situated in North Bay, Ontario - equal distance from Toronto and Ottawa. The College's focus is on student success, program and service excellence, connection to community, sustainability, and innovation. 

www.canadorecollege.ca
mycanadore.ca
Instagram.com/CanadoreCollege
Facebook.com/CanadoreCollege

1-855-495-7915","","Canada"
"Vet in Europe","4050","Helping students study & build careers in Europe! 

Hi, I am Dr Anannya Misra, a Veterinarian from India. I am currently pursuing my PhD in Belgium after completing my Master’s in Italy. Through this channel, I aspire to help students planning for higher studies and building a career in Europe. From Master’s courses, PhD opportunities to scholarships, internships, visa applications, and international student life, this channel will help you navigate your journey abroad with clarity.

Having studied across multiple European countries with full scholarships, I will also share practical advice, academic experiences, career pathways, and the realities of life as an international student and researcher in Europe. 

But that's not all! In this channel you’ll also find travel experiences, cultural explorations, and glimpses of my everyday life.

If you’re passionate about studying abroad, research,  or building an international career, subscribe and join the journey at Vet in Europe!","",""
"Hulst Jepsen Physical Therapy","4000","Hulst Jepsen Physical Therapy is your trusted physical therapy practice. Patients love our experienced, compassionate physical therapists who identify each individual's needs, craft unique treatment plans, and use evidence-based, hands-on approach to maximize our patient's health and wellness. We are well-known and a leader in the physical therapy industry we are here to provide tips on pain relief, stretches, and exercises. 

Connect with us!
Facebook: https://www.facebook.com/hulstjepsenpt 
Instagram: https://www.instagram.com/hulstjepsenpt
TikTok: https://www.tiktok.com/@hulstjepsenpt","","United States"
"Scleroderma Foundation Tri-State","3920","SF Tri-State happenings can be relived here. As we strive to achieve our mission of support, education and research, events are often at the heart of our work. This channel is a great place for us to remember and allow our friends to recollect and share thier experiences. Enjoy!","",""
"Steward Health Care System","3830","Steward Health Care System is a community-based accountable care organization that offers a full range of health care services to patients in Massachusetts. Steward includes 3,000 physicians, 10 hospital campuses, 30 affiliated urgent care providers, 6 ambulatory surgery centers, home care, hospice and other services. The system earns nearly $2.4 billion in net patient service revenues and serves more than one million patients annually in more than 150 communities.

Hospitals in the system include Carney Hospital in Dorchester, Good Samaritan Medical Center in Brockton, Holy Family Hospital in Methuen, Holy Family Hospital at Merrimack Valley, Morton Hospital in Taunton, Nashoba Valley Medical Center in Ayer, New England Sinai Hospital in Stoughton, Norwood Hospital, Saint Anne's Hospital in Fall River and St. Elizabeth's Medical Center in Brighton.  

Our videos demonstrate how we provide world class health care, close to home, where you need it most.","","United States"
"Andrew physiotherapist","3810","I'm a Senior Physiotherapist with 20 years experience in hospital, clinical and fitness centres.  

Currently Treating: 
 Sport Injury, Stroke Patients, Geriatric Patients, Disc Prolapse & Sciatic Patients, Also help patients with Obesity management. 

Types of Treatments: 
 Dry Needling, Acuputure, Kinesiology Taping ,Manual Therapy - Chiropractic Adjustment, Deep Tissue Stimulation
 Rehabilitation & Post Natal Program

I treat my patients with professional ethics and avoid giving false hopes or promise. I treat patients with utmost transparency. 

To get in touch with me you can email or call me. 
Email: andrewphysiofit@gmail.com
Contact:  99414 12435
• undertake a comprehensive examination/assessment of the patient/client /population or needs of a client
group, evaluate the findings from the examination/assessment to make clinical judgments regarding
patients/clients ,formulate a diagnosis, prognosis and plan ,provide consultation within their expertise and determine when patients.","andrewphysiofit@gmail.com","India"
"Progressive Physical Therapy and Rehabilitation","3790","","","United States"
"SportsCare Physical Therapy","3760","SportsCare Physical Therapy has been providing high-quality PT & sports medicine services since 1997. Our therapists are licensed/certified & professional athletic trainers, & each of our 70+ facilities offer state-of-the-art rehab technology & equipment. We are also the Official Physical Therapy Provider & Proud Partner of the NY Rangers and New York Red Bulls.","",""
"PT MEAL Podcast","3720","This podcast is a feast of inspiring stories and useful information about the physical therapy profession and practice from the experience and expertise of remarkable physical therapists around the world with a Filipino flavor.

Disclaimer:
Greetings everyone, please keep in mind that our podcast is dedicated to providing educational and informative content. We strive to deliver truthful and precise information, but we understand that humans are not infallible. As a result, there may be factual errors or outdated information included in our discussions. We strongly encourage our audience to conduct their own research on the topics we cover and verify their accuracy and validity.","","United States"
"Dr. Randy Aronson - The Pet Vet","3720","Dr. Randy Aronson is a holistic, integrative veterinarian specializing in advanced natural pet health and wellness. As the owner of PAWS Veterinary Center in Tucson, AZ, Dr. Randy shares his 40+ years of experience on how to care for pets using an integrative approach—combining traditional Western medicine with science-based holistic modalities like pet acupuncture, Chinese herbal medicine, and advanced nutrition. The goals—and any treatment & rehabilitation plans—for his patients are built around longevity and healthspan.  

Dr. Randy is certified by the Canine Rehabilitation Institute and utilizes cutting-edge therapies—food therapy, ozone, shock wave, acupuncture, therapeutic laser, and underwater treadmill—to treat chronic pain, arthritis, and mobility issues in dogs and cats. Subscribe to Paws, Reflect, and Heal for expert advice, Q&As, and proactive solutions for your pet's long-term health and wellness.","randy@drrandypetvet.com","United States"
"Colorado Canine Orthopedics & Rehab","3660","At Colorado Canine Orthopedics & Rehab our veterinary surgeons are committed to providing your pet with the best canine orthopedic surgical healthcare available. Whether your dog has an obvious orthopedic injury, or you are concerned that they may be in pain, we have the expertise and state-of-the-art tools to put your dog back on the road to an active, healthy life.","",""
"Duke University School of Medicine","3630","Established in 1930, Duke University School of Medicine is the youngest of the nation’s top medical schools. The School takes pride in being an inclusive community of outstanding learners, investigators, clinicians, and staff where interdisciplinary collaboration is embraced and great ideas accelerate translation of fundamental scientific discoveries to improve human health locally and around the globe.","","United States"
"Revival Performance Physical Therapy","3600","We help active people and athletes reduce pain, prevent injuries, and improve performance so they can revive their health and well-being. Doctors of Physical Therapy show you exercises to improve your strength, flexibility, and function.","","United States"
"The Canadian Physio Student","3540","A platform dedicated to helping both future and current physiotherapy students in Canada.","","Canada"
"UMC Health System","3530","UMC is the leader in comprehensive healthcare delivery in West Texas and Eastern New Mexico. We have over 4,600 team members who have made our organization: 

Top three for the 10th  time in 11 years: The Best Place to Work in Texas Award 

Achieve Patient Experience Award for 6 years (2012-2018) from Healthgrades and achieve the Outstanding Patient Experience Award (2017-2018)

Earn the Women’s Choice Award as 1 of 100 best nationally for patient experience
 
Become a Magnet designated hospital--the 42nd facility in Texas and the first in West Texas 

Honored as the Designated Trauma Facility of the Year (2018) by the Texas Dept of State Health Services 

Recognized for Excellence in Patient and Employee Satisfaction by Press Ganey  

And so much more.

Subscribe to learn about how UMC Health System supersedes any other “county hospital” and delivers the best in care!","","United States"
"Ice Horse","3510","Ice Horse therapy products are created by equestrians for equestrians. We have been an innovator in the equine cold therapy industry for over 15 years. Our products are made in the USA and are trusted by many top professionals across multiple disciplines. Because we're backed by scientific research, we have the endorsement of leading veterinarians too.","","United States"
"Health & Medical Sciences - University of Adelaide","3480","Recognised as a world leader in health education and research, our coursework offerings are informed by relevant, cutting-edge research and are integrated with quality teaching. Our academics include outstanding staff who are national and international leaders in their fields, aiming to provide a high quality, student centred learning experience.","","Australia"
"Dr. Shikha Gupta | Physiotherapist","3410","Dr. Shikha Gupta – Physiotherapy Expert

Physiotherapist (20+ yrs) | Official Sports Physio | Fit India Ambassador | CEO, IRSF | President & International Women Awardee

Welcome to the official channel of Dr. Shikha Gupta,a highly experienced physiotherapist with over 20 yrs in clinical & sports rehabilitation. With experience in both Govt & Private hospitals,she specializes in pain management,injury prevention,performance enhancement,& structured rehabilitation.

She serves as the Official Sports Physiotherapist for the Handball Federation of India,Karate India Organisation,Kettlebell Sport India Association,Field Archery Association of India, & Indian Rope Skipping Federation.

On this channel, you’ll find exercise tutorials for mobility & strength,guidance on Frozen Shoulder,Back Pain & Sciatica, rehab for ligament injuries, manual therapy awareness, & exercise management for diabetes-related joint & nerve issues.

Subscribe and begin your journey toward a healthier, pain-free life.","","India"
"Fit Family Physical Therapy","3380","We are a family of health professionals and active lifestyle enthusiasts. We started Fit Family Physical Therapy to be able to provide high-quality care to our patients, conveniently and efficiently. We treat patients across the entire lifespan -- from newborns to seniors! (Based in Phoenix, AZ)

Welcome to our YouTube Channel, where we'll be sharing exercise clips, educational content for all patient populations, social updates, and more!

Check us out at: www.fitfamilypt.com","","United States"
"Flex Physiotherapy","3300","Flex Physiotherapy is Perth's only hand and upper limb clinic staffed by physiotherapists. Conveniently located in Murdoch, Western Australia, we offer the highest quality of physiotherapy care for people with hand and upper limb injury, pain and dysfunction.

Here you'll find a wide range of physiotherapy related video content including exercises, splint care and more.","","Australia"
"Shayaan","3280","Co-Owner & Director of Laser Me Out, one of the UK's fastest-growing laser hair removal brands.

Was working a 9-to-5 as a Physiotherapist. Built a personal brand through health, fitness, and lifestyle content on the side. Got the opportunity to start a business and reinvested everything into building Laser Me Out from the ground up.

Scaled it from a single treatment room to flagship clinics in London and Birmingham. Just getting started.

Mission: Show people that you don't need to be the smartest, richest, or best-connected to start a business. 
You just need to start.

Building in → London.","","United Kingdom"
"Physical Therapy 411","3280","Welcome to Physical Therapy 411! In this YouTube channel, you will find easy access to videos that cover various sport and orthopedic exercises. These videos highlight advice for all activity levels and ages, and range from injury prevention and general wellness to increasing athletic performance.

Learn from Mike Matthews, who has been a Physical Therapist since 2010, on the types of limitations and deficits commonly seen in clinic. Discover information on how to minimize your risk of developing issues and explore ways to further progress your physical capacity.

Subscribe to the channel now to ensure you are notified when new videos are released. Thanks and enjoy!","","United States"
"SPORT-FIT PHYSIO CARE","3260","𝐏𝐇𝐘𝐒𝐈𝐎𝐓𝐇𝐄𝐑𝐀𝐏𝐘 • 𝐌𝐀𝐍𝐔𝐀𝐋 𝐓𝐇𝐄𝐑𝐀𝐏𝐘 • 𝐂𝐇𝐈𝐑𝐎𝐏𝐑𝐀𝐂𝐓𝐈𝐂 • 𝐎𝐒𝐓𝐄𝐎𝐏𝐀𝐓𝐇𝐘 • 𝐕𝐀𝐑𝐌𝐀𝐌

𝐏𝐡𝐲𝐬𝐢𝐨𝐭𝐡𝐞𝐫𝐚𝐩𝐲
Orthopaedic | Neurological | Sports Rehabilitation

𝐈𝐧𝐭𝐞𝐠𝐫𝐚𝐭𝐞𝐝 𝐌𝐚𝐧𝐮𝐚𝐥 𝐓𝐡𝐞𝐫𝐚𝐩𝐲
Chiropractic Adjustments | Osteopathic Manipulation |
Varma Restoration Myofascial Release | Trigger Point
Deactivation | Soft Tissue Mobilization

𝐖𝐨𝐦𝐞𝐧’𝐬 𝐖𝐞𝐥𝐥𝐧𝐞𝐬𝐬
Joint Health | Muscle Weakness | Posture & Balance
Pelvic Floor Health | Prenatal Conditioning |
Post-partum Rehab

𝐆𝐞𝐫𝐢𝐚𝐭𝐫𝐢𝐜 𝐂𝐚𝐫𝐞
Functional Mobility | Balance and Coordination | Pain
Management

For Appointment: 𝟎𝟗𝟗𝟔𝟐𝟒 𝟎𝟎𝟎𝟒𝟒
Follow: @𝐬𝐩𝐨𝐫𝐭𝐟𝐢𝐭𝐩𝐡𝐲𝐬𝐢𝐨𝐜𝐚𝐫𝐞
Website: 𝐡𝐭𝐭𝐩𝐬://𝐬𝐩𝐨𝐫𝐭-𝐟𝐢𝐭𝐩𝐡𝐲𝐬𝐢𝐨𝐜𝐚𝐫𝐞.𝐜𝐨𝐦/
Visit: 𝟏𝟐, 𝐓𝐚𝐧𝐤 𝐁𝐮𝐧𝐝 𝐑𝐝, 𝐏𝐮𝐬𝐡𝐩𝐚 𝐍𝐚𝐠𝐚𝐫,
𝐍𝐮𝐧𝐠𝐚𝐦𝐛𝐚𝐤𝐤𝐚𝐦, 𝐂𝐡𝐞𝐧𝐧𝐚𝐢, 𝐓𝐚𝐦𝐢𝐥 𝐍𝐚𝐝𝐮 - 𝟔𝟎𝟎𝟎𝟑𝟒","sportfitphysiocare@gmail.com","India"
"Lane Community College","3250","We're the community's college. Whether your journey is learning a trade, transferring to a four-year college, or earning your GED, we're here for you! Learn more and apply today at www.lanecc.edu","","United States"
"Advance Rehab Centre","3180","Check out what is happening at Advance Rehab Centre. You will find clips on some of the equipment we have reviewed, treatment and therapy techniques, meet the team and so much more. Thanks for watching!","","Australia"
"Fit-Fat","3150","All about Physiotherapy... Education - Rehabilitation - Exam Tips - Book Recommendation - What's new in the Field and so on... Subscribe the channel for more...","","India"
"Physio With Tarun","3130","Hiii

Doctor's these channel is all about learning and quick fast track all related to your exams
If you are an student,practitioner,health care worker it will help you to knw everything you need","","India"
"Spear Physical Therapy","3120","Spear, the first and only two-time winner of The Nation's Top Physical Therapy Practice, offers 25+ convenient locations in the NYC metro area, specializing in various services to help you along your health journey. Let’s Keep Moving, New York!

Spear is here to relieve that pesky pain that’s keeping you down, to ensure you come back from that surgery better than ever, or to simply keep you healthy and active.

With 140+ of the nation’s top physical therapists, Spear offers you free, online education; remote and virtual assessments from any device; and 24 immaculate, sparkling-clean clinics in the NYC metro area.

Twice awarded the best physical therapy practice in the nation by two separate industry organizations, and being named to the Inc. 5000 list 6 times, you can trust that your body, health, and mind are in safe hands with Spear.","70pine@spearcenter.com; americandream@spearcenter.com; Armonk@spearcenter.com; Astoria@spearcenter.com; barclaysph@spearcenter.com; batterypark@spearcenter.com; Bay@spearcenter.com; BayRidge@spearcenter.com; Bayside@spearcenter.com; Bellmore@spearcenter.com; bleecker@spearcenter.com; BR86@spearcenter.com; brooklynheights@spearcenter.com; broome@spearcenter.com; chambers@spearcenter.com; chelsea@spearcenter.com; CityPoint@spearcenter.com; cityview@spearcenter.com; ClintonHillMyrtle@spearcenter.com; CobbleHill@spearcenter.com; ColumbusCircle@spearcenter.com; CourtSq@spearcenter.com; crownheights@spearcenter.com; Darien@spearcenter.com; Ditmars@spearcenter.com; Ditmas@spearcenter.com; DobbsFerry@spearcenter.com; Dumbo@spearcenter.com; e14@spearcenter.com; e28@spearcenter.com; e53@spearcenter.com; e56@spearcenter.com; e84@spearcenter.com; East89@spearcenter.com; elmhurst@spearcenter.com; Englewood@spearcenter.com; fhqueens@spearcenter.com; FlatIron@spearcenter.com; fortmonmouth@spearcenter.com; Freshmeadows@spearcenter.com; Fulton@spearcenter.com; GardenCity@spearcenter.com; Gowanus@spearcenter.com; grand@spearcenter.com; GrandCentral@spearcenter.com; GreatNeck@spearcenter.com; greenpoint@spearcenter.com; hoboken@spearcenter.com; JH82@spearcenter.com; murrayhill@spearcenter.com; newdorp@spearcenter.com; NOHO@spearcenter.com; paramus@spearcenter.com; Parkslope@spearcenter.com; pennplaza@spearcenter.com; pleasantville@spearcenter.com; Ridgewood@spearcenter.com; Rockville@spearcenter.com; ryebrook@spearcenter.com; Scarsdale@spearcenter.com; Slope5th@spearcenter.com; SoHo@spearcenter.com; spearlive@spearcenter.com; sports@spearcenter.com; Sunnyside@spearcenter.com; Tarrytown@spearcenter.com; third@spearcenter.com; TimesSquare@spearcenter.com; tribeca@spearcenter.com; UnionSquare@spearcenter.com; w103@spearcenter.com; w120@spearcenter.com; W26@spearcenter.com; w44@spearcenter.com; w57@spearcenter.com; w75@spearcenter.com; W82@spearcenter.com; W92@spearcenter.com; wallst@spearcenter.com; WH@spearcenter.com; williamsburg@spearcenter.com; wyckoff@spearcenter.com; York@spearcenter.com","United States"
"Orthopedic One","3100","We focus on what matters most. Our patients. We know we’re only at our best when we’re helping you get better.

That’s why, at Orthopedic ONE, we bring our best every day to earn your trust.  With nearly 70 of the region’s top general and fellowship trained orthopedic experts, nearly 200 physical and occupational therapists, and a team of more than 700 caring associates, Orthopedic ONE is the largest physician owned orthopedic surgery practice.

Ranked #1 in Ohio and #3 in the Nation for Orthopedics, our care & patient-first experience are award-winning. 

Start with the Specialists at Orthopedic ONE. No Referral Required.","","United States"
"PhysioFunction","3090","For 17 years PhysioFunction have been helping people maximise their independence following life changing events such as stroke, acquired brain or spinal cord injury and other neurological conditions. When other healthcare services have reached the limit of their time and resources we can often pick up the baton and help our clients continue their rehabilitation journey to reach their potential. 

Our team of highly trained specialist Physiotherapists, Sports Therapists, Lifestyle and Nutrition Coaches and Occupational Therapists aim to maximise our client's independence with individually tailored treatment sessions in one of our clinics, in the client's home, in nursing/residential homes or via our TeleRehab service.","","United Kingdom"
"ZaaraJas Talks","3070","Hey  guys, 

Welcome to my channel 💕 Here you’ll find health and social care classes,quick and tasty cooking shorts, and fashion favourites with dress love. 
❤️ A mix of knowledge, style, and flavour – all in one place

🫰🏻🫰🏻channel brings together learning, food, and fashion – because life is about caring, creating, and celebrating.
With love 
Jasmin","","United Kingdom"
"React Physical Therapy","3070","","","United States"
"Unbridled Equine","3060","When your horse becomes restricted in their movement due to physical and mental tension, their ability to perform at their highest level, recover from fatigue or soreness, and sustain a supple, soft, and working body becomes compromised.
Unbridled Equine is 100% vet directed, with a focus on both sport conditioning & injury management. With a collaborative approach, our aim is to get your equine teammate back in top-form for their own #TheComeback story.
REHAB.  PEFORMANCE.  MASSAGE.  MAGNAWAVE.  EDUCATION.","",""
"The Jackson Clinics Physical Therapy","3000","The Jackson Clinics (888.889.6363), is a locally owned physical therapy practice with multiple locations throughout Northern Virginia. We specialize in outpatient orthopedics and sports rehabilitation.","",""
"Dolly Parton Children's Hospital","2980","Dolly Parton Children's Hospital is a not-for-profit, private, independent pediatric medical center based in Knoxville, TN. Our YouTube channel will spotlight patient stories, advice from our doctors & medical staff, PSA's, community events and more.","","United States"
"Fisio Care Pet","2980","Os melhores programas de reabilitação veterinária através das técnicas de fisioterapia para as mais variadas patologias e lesões ortopédicas, neurológicas e em programas de emagrecimento canino. São mais de 50 unidades espalhadas pelo Brasil, oferecendo o melhor diagnóstico, planejamento e execução dos programas de reabilitação animal. Investimos pesado na capacitação profissional e na aquisição de equipamentos modernos que ofereçam um ambiente perfeito para uma recuperação saudável e gradual.","","Brazil"
"Duchenne Therapy Network","2980","CureDuchenne and Duchenne Therapy Network present helpful Physical Therapy Tips and Tricks for those with Duchenne Muscular Dystrophy.  Stretching, AFOs, Serial Casting, Swimming, Biking, PE, School adaptations,Wheelchairs, Home equipment, etc.
www.DuchenneTherapyNetwork.com
www.CureDuchenne.org","","United States"
"George Eliot Hospital NHS Trust","2970","The official YouTube Channel for George Eliot Hospital NHS Trust. 

George Eliot Hospital NHS Trust, 
College Street,
Nuneaton,
Warwickshire, 
CV10 7DJ

This channel is managed by the Communications team.","",""
"Academy of Neurologic Physical Therapy (ANPT)","2940","The mission of the Academy of Neurologic Physical Therapy is to empower our members to optimize movement system performance for those impacted by neurologic conditions. The videos on the ANPT channel are support resources for PTs, PTAs and Students. It is not meant for personal medical diagnosis and or treatment. Individuals should always consult an appropriate medical practitioner with questions.","info@neuropt.org; herbkarppt@gmail.com; neuro@apta.org; parmpadgett@gmail.com","United States"
"University of Central Arkansas","2940","UCA offers 160 undergraduate, masters, and doctoral degree programs. The diverse array of academic offerings at UCA gives students the opportunities they need to pursue their interests, and each academic program is grounded in a philosophy that emphasizes habits of mind and ways of relating to the world. At UCA, the faculty and students engage with the campus and community in teaching-learning partnerships that promote intellectual and personal success.","",""
"Elite Physiotherapy & Rehabilitation","2900","Dr Hemal K Sanghavi (PT) has worked in many reputed hospitals like Bombay Hospital, Saifee Hospital, etc. Dr Hemal is HOD &  Director of Midway Home, Residential Physiotherapy & Rehabilitation Centre. Under his leadership initiated Advanced IPD/Residential Rehab at Bombay Hospital. He is the founder of IAHR (Integrated Association of Health & Rehabilitation) He is the founder of Elite Physio & Rehab, Complete Home Health Care Solution. Dr Hemal Sanghavi (PT) strongly believes in giving back to society, & he is heading GGFMC Advanced Physiotherapy & Rehabilitation Clinic, Andheri East (ventured by Lions club of Andheri East)

In Residential Rehabilitation centre available services are like Physiotherapy, Occupational therapy, Speech therapy, Dietitian, Acupuncture, Yoga, 24×7 Nursing & Care takers, Dietician guided Food/Meal, Physician, on call specialist Doctors, cognition therapy, Play Therapy, music therapy, recreational activities, etc.

Can contact@ 8446993833","",""
"Atri Physio Expert","2870","Description

Dr. Nitin Atri (Senior physiotherapist) 13 Years of Experience
BPT, MPT(Sports) DNHE (consultant physiotherapist)  
Sonepat Haryana Pin -131001
Contact - 9728165907, 9034163487

Address Link - https://goo.gl/maps/zuKx7Zm1nZABGRzGA","",""
"Australian Physiotherapy Council","2830","","","Australia"
"Health Sciences University | HSU","2830","Transforming lives through Health Sciences
🎓 Undergraduate, Postgraduate, Apprenticeships, CPD and Short Courses
🏖️ Bournemouth 🏙️ London, UK

Dedicated to creating a healthier society through education, research, and clinical care.","cpd@hsu.ac.uk; cwsi@hsu.ac.uk; Marketing@hsu.ac.uk; Admissions@hsu.ac.uk; community.support@hsu.ac.uk; FCP@hsu.ac.uk; info@hsu.ac.uk; apprenticeships@aecc.ac.uk; apprenticeships@hsu.ac.uk; Registry@hsu.ac.uk; StudentFinance@hsu.ac.uk; StudentServices@hsu.ac.uk","United Kingdom"
"One80 Physical Therapy","2820","The One80 System is a patented thought process, evaluation tool and treatment technique used by elite medical professionals. With the focus on function and MoStreBility (Motion + Strength + Stability) rather than symptoms, our patented system gives patients immediate and lasting results, and professionals clarity and clinical success. Unlike conventional PT, we use critical thinking to target and treat neuromuscular inhibition to restore MoStreBility throughout the kinetic matrix.
Want more info on how and why we do what we do? Watch our videos here and follow us on Instagram (TheOne80System)","","United States"
"Dr. Becca's Rehab","2800","Physical Therapy ~ Healthcare ~ Wellness ~ The Life

Hey there! Thanks for checking out my channel page. You can find more information about me at the website below and if you're interested in receiving online rehabilitation coaching: http://www.bettermovespt.com  

~Dr. Rebecca Schuck, PT, DPT  

PS. I hold a current license to practice physical therapy (PT) in the United States. 

DISCLAIMER: The videos on this channel are not medical advice nor a substitute for medical advice from your physician or medical provider. This channel is meant for generalized education and informational purposes only. Please consult with your medical provider for personalized treatment to your specific healthcare needs. Perform the moves in these videos at your own risk.","","United States"
"Athletico Physical Therapy","2790","Athletico Physical Therapy is a leading provider of orthopedic rehabilitation services, serving patients through Athletico and Pivot Physical Therapy, an Athletico company. Our services include physical therapy, occupational therapy, sports medicine, work rehabilitation, and more. Visit www.athletico.com to learn more and find a clinic near you.","",""
"Zomedica","2780","Zomedica is an animal health company focused on meeting the needs of clinical veterinarians in ways that promote both patient and practice health. Our mission is to advance the effectiveness and financial well-being of veterinary practitioners by delivering professionally beneficial products and services.","",""
"College Of Physiotherapists of Ontario","2770","The College of Physiotherapists of Ontario serves the public interest by regulating physiotherapists to ensure patients have access to competent, safe and ethical and physiotherapy care.","","Canada"
"CRAR Centre de Rehabilitació Animal de Referència","2760","","","Spain"
"mPower Physical Therapy","2760","It shouldn't be this hard to avoid surgery, injections, and medications, but it doesn't have to be this way! 

That's why we have created a step-by-step plan to find what others missed and fix it!

We help when nothing else has worked!

Instead of feeling 80 years old... you will feel 10-20 years younger!

Take control back of your health, so you can live without hesitation!","","United States"
"JAG Physical Therapy","2720","Combining innovative therapeutic modalities with skilled, compassionate care, JAG PT (formerly JAG-ONE PT) is New York, New Jersey, and Pennsylvania’s leading source for physical therapy, occupational therapy, orthopedic rehabilitation, and more.

Our 100+ locations throughout the tri-state area offer a vast array of specialized therapies customized to your specific needs and your lifestyle, from manual therapy and aquatic rehabilitation and from the Schroth method to vestibular system rehabilitation, among many others. JAG PT’s empathetic staff is proud to treat patients from all walks of life - schoolchildren, professional athletes, seniors, and everyone in between.

Visit us at jagpt.com today to learn more about our locations near you and our slate of effective therapeutic services or conveniently schedule your appointment.","","United States"
"Resilient Performance Physical Therapy","2720","We specialize in keeping athletes, armed forces, and performance-minded people on the gym floor and field/court.

Facebook, Instagram, Twitter: @resilientppt
Website: https://www.resilientperformance.com/

This YouTube channel is for educational purposes only and should not replace medical advice. You, as the viewer, hold Resilient Performance Physical Therapy free from responsibility for your actions in implementing any of the techniques or advice disseminated.","","United States"
"PhysioCareTV","2700","A Channel To Help and Describe Physiotherapy and Related Issues to patients and fellow professionals alike. Part of PhysioCare www.physio.ie.","",""
"Animal Health and Rehab Center (Dr Marta)","2620","Dr Marta Sanchez-Emden, Medico  Veterinario y periodista veterinario, discute temas de interes para los amantes de los animales. Ofrece útiles consejos medicos relacionados al cuido de mascotas y ademas informa  los últimos progresos en la  Medicina Veterinaria, incluyendo el campo de la Rehabilitación y Medicina Deportiva.

Dr Marta Sanchez-Emden, Doctor in Veterinary Medicine and veterinary journalist, discusses topics of interest for all animal lovers. She gives useful tips for the care of pets, and offers updates on the latest medical innovations, including in the field of Veterinary Rehabilitation and Sports medicine.","",""
"University of Chichester","2620","🌟Top 30 UK uni (Guardian University Guide 2026)
🏆Gold rated teaching (TEF 2023)
☀️Top 25 happiest places to live in the UK (The Guardian 2025)","","United Kingdom"
"DeSalesUniversity","2600","DeSales is a Catholic, Salesian university that inspires transformative learning through the liberal arts and professional studies by energizing students to be who they are and be that well.","","United States"
"Physio and Sole Clinic","2550","","","Singapore"
"Idaho Spine and Sports Physical Therapy","2540","Physical Therapy Tips, Testimonials, and Fun!  Learn from the best Physical Therapy Clinic in Meridian and Boise, Idaho.  Read blogs and articles here: http://www.spinept.com/blog","","United States"
"Dr. Kam DPT","2540","What I’ve Learned Rehabbing 10,000+ Athletes Back to the Game Pain-Free

⚾ Work With Me To Rebuild Your Arm & Get Back To Dominating:
https://healthyperformancesystem.com/vsl-yt
————————————
💪 Join My Newsletter (Insights from a Board-Certified Sports & Orthopaedic Physical Therapist with Fellowship Training in Sports, Spine, and Manual Therapy): 
https://healthyperformancesystem.com/newsletter
————————————
📱 Instagram: https://instagram.com/drkamdpt
📱 TikTok: https://www.tiktok.com/@drkamdpt
📱 Facebook: https://www.facebook.com/kamphysicaltherapyandperformance
📱 LinkedIn: https://www.linkedin.com/in/drkamdpt","","United States"
"University of North Georgia","2530","The University of North Georgia creates communities where learning thrives, providing students the opportunity to achieve success and become leaders. We ensure that students of wide-ranging backgrounds have access to academic success, mentor-teachers, leadership opportunities and rewarding careers.
One of only six senior military colleges in the nation, UNG is known for strong educational programs that serve our 30-county region, state and country and preparing students to join the global workforce.","","United States"
"Equinety - Helping Horses Worldwide","2520","Equinety - Helping Horses Worldwide

Equinety Horse XL is made of 100% Pure Amino Acids that ultimately stimulate the pituitary gland to release the necessary hormones that help the body heal at a cellular level! There are NO Fillers, NO Sugars, NO Starches and NO Loading Dose!","support@teamequinety.com","United States"
"Taylored Vet Physio","2510","I'm Megan! A veterinary physiotherapist based in Dubai. On my channel I will be sharing cases of animal physio success stories, with physiotherapy helping paralyzed and injured animals to walk again 🐈🐕","",""
"Eisenhower Health","2500","The Eisenhower Health channel brings you helpful healthcare information and insights. Videos in this channel include topics such as: updated information about the advanced technology Eisenhower employs, topical healthcare issues such as tips on managing summer heat, flu and dealing with the allergy season.  Other important topics covered include: cancer treatment, ER vs. urgent care, cardiovascular and chest pain, inpatient rehabilitation, women's health, diabetes, wound care, stroke and orthopedic topics. Of course, we are also proud of our teaching hospital and offer videos to bring you up to speed on how that's improving healthcare in the Coachella Valley area and around the world. We also have videos covering information about our numerous satellite facilities throughout Palm Springs, La Quinta, Palm Desert, Rancho Mirage and Cathedral City.","","United States"
"Select Medical","2500","Improving Quality of Life

Select Medical treats approximately 80,000 patients in a typical day. Ranging from some of the most critically ill individuals in our nation's health care system to some of the most fit athletes, our patients benefit from the combined knowledge and expertise of over 50,000 employees. Our people are dedicated to providing a great patient experience. It is the Select Medical Way.","","United States"
"VetSurg","2490","","",""
"WorkingNation Educates","2480","Welcome to WorkingNation Educates, your source for valuable insights into diverse careers, job prospects, training programs & the ever-evolving employment landscape.

In all stages of life, joining or rejoining, pivoting, or advancing in the workforce can be daunting.  Our stories help you navigate these challenges, providing the knowledge, insights and encouragement needed to make informed decisions about your future.

We are your resource for a wide array of topics related to the world of employment. Whether you're a high school student exploring potential career paths, a recent grad entering the job market, or considering a career change, we have you covered.

Our videos dive deep into various occupations, shedding light on the day-to-day responsibilities, required skills, educational paths, and potential growth opportunities. 

By subscribing to WorkingNation Educates you're joining a community of individuals passionate about understanding the dynamics of work and employment.","","United States"
"APTA Orthopedics","2460","Empowering our members to excel in orthopedic physical therapy. Formerly AOPT.","","United States"
"Pediatric Epilepsy Surgery Alliance","2420","Our mission is to enhance the lives of children who need neurosurgery to treat their seizures. We do this through our impactful programs, services, and research before, during, and after surgery.

Info + Resources: Our website contains information, downloadable guides, videos, and evidence-based knowledge to help you navigate your child's epilepsy surgery journey. 

Parent Support Navigator Program: Our support navigators are trained in evidence-based peer support practices. They speak English, Spanish, French, Portuguese, Farsi, Hindi, and Malay Indonesian.

Surgical Evaluation Travel Scholarship: Up to $1,000 in reimbursed travel costs for families who seek an epilepsy surgery evaluation for their child more than 50 miles from home.

School Training: We help school teams understand your child's strengths and challenges. after epilepsy surgery.

www.epilepsysurgeryalliance.org

Facebook: @PESAlliance
Instagram: @pedsepilepsysurgeryalliance
Twitter: @PESAlliance","","United States"
"GatewayTechCollege","2390","Gateway Technical College
3520 30th Ave
Kenosha WI, 53144
www.gtc.edu

Kenosha, Racine, and Walworth Counties","","United States"
"Arcadia University","2390","At Arcadia University, your journey knows no bounds. Situated on a stunning campus with the iconic Grey Towers Castle, Arcadia is renowned for its innovative programs and global opportunities. Explore top-ranked fields like Physical Therapy and Physician Assistant studies, or take part in Pennsylvania's #1 study abroad programs. Recognized by U.S. News & World Report as one of the ‘Most Innovative Universities’, Arcadia blends academic excellence with hands-on experiences and an inclusive community that empowers you to succeed.

Ready to venture beyond the ordinary? Learn more at https://www.arcadia.edu.

🌎 Stay Connected
Subscribe to our YouTube channel and connect with us on Instagram, TikTok, Facebook, X and LinkedIn to discover more stories, updates, and opportunities to explore your future.","","United States"
"PT Pintcast","2380","PT Pintcast is a physical therapy podcast hosted by Jimmy McKay, a Doctor of Physical Therapy and former rock radio broadcaster. The show features conversations with clinic owners, PT leaders, educators, and healthcare innovators shaping the future of physical therapy.

Welcome to PT Pintcast — the podcast-turned-YouTube hangout for physical therapists who want more than textbook advice and dry webinars.

If you're a PT, clinic owner, or healthcare rebel ready to grow your impact and enjoy the ride, you're in the right place. We bring on the smartest minds in rehab, business, tech, and leadership — and ask the real questions with zero fluff.

💡 Actionable strategies
🎙 Candid conversations
🔥 Bold takes (and a few cold beers)

Topics include:

• Physical therapy careers
• PT clinic ownership and business
• Healthcare technology and AI
• Burnout and retention in rehab
• Leadership for physical therapists","","United States"
"PhysioPlex Academy","2360","Welcome to PPHCC – your ultimate destination for educational insights and clinical expertise in physiotherapy and healthcare!

🎓 What We Offer:

✅High-yield multiple-choice questions (MCQs) for students and professionals.
✅Simplified explanations of complex medical and therapeutic Topics.
✅Practical clinical tips and demonstrations to enhance your skills.
✅Exam preparation strategies to help you excel in physiotherapy and healthcare fields.

💡 Who It's For:
Physiotherapy students (DPT, MPT)
Medical and healthcare professionals
Aspiring clinicians and exam takers
Anyone passionate about learning and applying therapeutic knowledge

📚 Why Subscribe?
Stay ahead in your field with our easy-to-follow content, practical case studies, and educational discussions. Together, let’s bridge the gap between theory and practice!


🔔 Don’t forget to Subscribe and turn on the notification bell to never miss an update!

#Physiotherapy #ClinicalEducation #HealthcareKnowledge #Therapeutics","","Pakistan"
"Flow Physiotherapy & Rehabilitation","2320","📍Bengaluru, Karnataka
 📞 +91 9739389544, +91 8073387417

We share real-life patient stories and their journeys to recovery. Subscribe to stay updated with our latest videos and witness the power of physiotherapy in action.","",""
"Body Works Sports Physiotherapy","2310","Elite level Physiotherapy Treatment for elite individuals like you!  

Working to keep you moving!

Body Works Sports Physiotherapy was started by registered physiotherapist, educator and avid cyclist Dana Ranahan in 2009.

Focusing on sport and active living, she tailored her practice to help people realize their full potential and achieve their personal best, whether it is the high level athlete, weekend warrior or the mature athlete with a desire to maintain an active and healthy lifestyle.

With more than 35 years of collective experience the Body Works team is comprised of a group of highly educated and accomplished physiotherapists whose philosophy is to take the time to assess your whole body to determine the root cause of your problem and customize a treatment plan that works for you.","","Canada"
"Tier 1 Veterinary Medical Center","2300","Welcome to @Tier1Vet – Your Expert Guide to Pet Care!

🐾 Who We Are: Our team of licensed Alaskan veterinarians at @Tier1Vet provides trusted, comprehensive pet care advice. We specialize in helping you care for your cats and dogs, ensuring they live healthy, joyful lives.

🐶🐱 What We Offer: Join Drs. Sean and Sara McPeck for essential care tips, nutritional guidance, and expert answers to your pet health questions. We cover everything from basic pet care to complex health issues, focusing on practical, vet-approved solutions.

👩‍⚕️💡 Why Subscribe? Stay informed with the latest in pet health. Whether you’re a first-time pet owner or a seasoned pet lover, our channel is your go-to resource for all things pet wellness.

🐾 Join Our Community: Follow us for daily updates and become the best pet parent you can be. Learn to spot health issues early and keep your pets in top shape.

Subscribe to @Tier1Vet for expert pet care advice directly from the heart of Alaska!","","United States"
"Lecticon Video","2260","Samples of videos we have created to support our clients educational and promotional needs","",""
"East Kent Hospitals University NHS Foundation Trust","2240","East Kent Hospitals University NHS Foundation Trust is one of the largest hospital trusts in England, with five hospitals serving a local population of around 720,500 people.

Our motto is 'putting patients first' and everything we do is guided by our vision and values. 

We have a national and international reputation for delivering high quality specialist care, particularly in cancer, kidney disease, stroke and vascular
services.

As a teaching Trust we play a vital role in the education and training of doctors, nurses and other healthcare professionals, working closely with local universities and Kings College University in London.

Visit our website: www.ekhuft.nhs.uk","","United Kingdom"
"WCG","2210","Welcome to the WCG (formerly Warwickshire College Group) YouTube channel.","","United Kingdom"
"Bow Bottom Veterinary Hospital","2170","Dr. Schell of Bow Bottom Veterinary hospital in Calgary educates Clients and the public on various Veterinary Medicine topics.  She also performs many demos to help clients with home care.  Enjoy and share!  For more information visit www.bowbottomvet.com or call (403) 278-1984.  Like us on Facebook, to stay up to date with our videos and tips!  www.facebook.com/bowbottomvet This channel is to help educate only.  We do not respond to medical questions, we suggest you refer to your Veterinarian for recommendations for your pet health care needs.","","Canada"
"Blinn College","2110","The official YouTube page of Blinn College.

About Blinn College:

With an enrollment of 19,422 students, Blinn ranks among the nation’s leaders in transferring students to leading four-year universities and has received national recognition for affordable educational excellence. For more information, visit www.blinn.edu.","","United States"
"EQUITANA","2110","Die EQUITANA,
nicht umsonst als Weltmesse des Pferdesports betitelt, ist die größte Messe der Pferdebranche. Hier treffen die Stars aus Show, Sport und Training auf spannende Ausbildungsabende und spektakuläre Schaubilder. . Außerdem ist sie das Zuhause der HOP TOP Show, der spektakulärsten Pferdeshow der Welt.

Weitere Infos finden sie auf unserer Website https://www.equitana.com/ und auf unserem Instagram Kanal https://www.instagram.com/equitana_official/ 
---------------------------------------------------------------------------------------
EQUITANA,
not called the world equestrian trade fair for nothing, is the largest trade fair in the equestrian industry. This is where the stars of show, sport and training meet exciting training evenings and spectacular displays. 

You can find more information on our website https://www.equitana.com/ and on our Instagram channel https://www.instagram.com/equitana_official/","",""
"Riverside College Bacolod","2070","Welcome to the official YouTube Channel of Riverside College, Inc. Here you will find latest happenings within the RCI community through compelling visual presentations. Enjoy! #rciconnects","","Philippines"
"Physiotherapist Daniel","2070","Welcome to my YouTube channel!
Here, I share everything you need to know about physiotherapy, health, and medical education to help you better understand your body and improve your quality of life.

What you’ll find on this channel:
✔ Practical exercises for recovery and maintaining your health
✔ Useful tips for a healthier lifestyle
✔ Insights into my approach and working methods as a physiotherapist
✔ Medical imaging interpretation explained in a simple and clear way

If you’re ready to learn how to take care of your body and discover effective recovery and prevention methods, subscribe and join our community!","","United Kingdom"
"Dr Kevin Agrawal","2040","Health and Fitness.

Now EXERCISE Under the Guidance of a Qualified SPORTS PHYSIOTHERAPIST.

We CUSTOMIZE EXERCISES keeping in mind that every individual is different and also focus on research based evidence.

Being a Doctor of Physical Therapy we design exercises based on individual strength and stamina and also customize exercises for people suffering from any medical condition (arthritis, spondylitis, pre-post surgery rehabilitation, etc).

Preparing Sportsman for individual sports and sports injury rehabilitation is where our interest lies.

For more details please contact us on drkevinagrawal@gmail.com or contact us on 9096212123.","drkevinagrawal@gmail.com","India"
"Northern College","2010","At Northern College, we pride ourselves in delivering hands-on, practical and career-focused education whether you are pursuing a career in business, community services, health sciences, veterinary sciences, engineering technology, or skilled trades. With small class sizes, passionate faculty and supportive staff, we aim to provide a fulfilling college experience that sets you up for success.

With campuses in Kirkland Lake, Haileybury, Timmins, and Moosonee, as well as Access Centres located throughout Northeastern Ontario, Northern College offers career enhancing education wrapped up in a memorable Northern experience with programming also available through distance learning.

No matter your direction, go North.","advisingkl@northern.on.ca; HR@northern.on.ca; klstudentservices@northern.on.ca; admissions@northern.on.ca; advisingserviceshl@northern.on.ca; advisingtc@northern.on.ca; hlstudentservices@northern.on.ca; international@northern.on.ca; pathways@northern.on.ca; recruitment@northern.on.ca; registrar@northern.on.ca; solomonk@northern.on.ca; studentithelp@northern.on.ca; tcstudentservices@northern.on.ca; TimminsAccessibility@northern.on.ca; webmaster@northern.on.ca","Canada"
"Pediatric Physical Therapy Journal","2000","Pediatric Physical Therapy Journal is an indexed international journal that publishes peer reviewed research related to the practice of physical therapy for children with movement disorders. It is the first and only journal devoted exclusively to pediatric physical therapy, and provides a forum for scientific and professional exchange among subspecialties of the discipline, including early intervention, neonatology, pediatric sports and fitness, school physical therapy, acute care for seriously ill children, and the prevention of primary and secondary conditions that lead to disabling conditions. This channel brings interviews with the world's most experienced pediatric physical therapists talking about new developments and their own original research published in Pediatric Physical Therapy Journal.","","United Kingdom"
"Dr Clare Killingback","1980","This is the channel I wish I could have subscribed to when I first thought about becoming a physiotherapist.

I’m Clare, a physiotherapy educator passionate about helping others succeed in the field. 🌟 Whether you’re preparing to apply for a physiotherapy course 🎓, tackling the challenges of training with study and research tips 📚, or exploring ways to build a fulfilling career 💼, I am hoping that my channel can help guide you. I also share practical teaching strategies for educators. 🧑‍🏫 🙌","","United Kingdom"
"Pure Physiotherapy | Expert Physiotherapists","1970","Since 2006, our highly trained and qualified physiotherapists have helped individuals and athletes restore function, maximise movement, reduce pain and get back to doing what they love. 

We have over 60 physiotherapy clinics and growing. Book your appointment today","info@purephysiotherapy.co.uk; feedback@purephysiotherapy.co.uk","United Kingdom"
"Calhoun Community College","1960","Calhoun Community College is Alabama's largest 2-year college with more than 12-thousand students.  Calhoun is located in the center of North Alabama serving Huntsville-Decatur-Athens and surrounding communities.  Calhoun Educational Television (CETV) operates from the institutions main campus in Decatur.  Calhoun is about an hour North of Birmingham, an hour South of Nashville, Atlanta is three hours to the East and Memphis is three hours to the West.  Enjoy all of our videos...and stay tuned many more are on the way!","",""
"BYoung Physical Therapy","1960","Highly Specialized Physical Therapy
- Shoulder, Elbow and Throwing Rehab Experts.
- Non Surgical Solutions to Any Throwing Injury.
- Experts in Pitching Biomechanics.","","United States"
"Animal Physiotherapy","1960","Save Animal Life 💓","","India"
"UT College of Veterinary Medicine","1960","The University of Tennessee Veterinary Educational Television channel was created to share information about veterinary medicine, the UT College of Veterinary Medicine and the UT Veterinary Medical Center. Located on the UT agricultural campus in Knoxville, is one of only 33 accredited veterinary colleges in the country. For more information, visit https://vetmed.tennessee.edu","","United States"
"Pivot Point Performance","1958","Pivot Point Performance is a horse-and-rider wellness company dedicated to helping both ends of the partnership move, feel, and perform at their best.

We specialize in a whole-body, whole-system approach—combining physical therapy, assisted stretching, rider evaluations, and equine bodywork to identify and address the root causes of pain, restriction, or performance limitations.

Whether you’re a competitive athlete, weekend rider, or simply want you and your horse to feel better, our goal is to create better communication, improved movement, and longer-lasting soundness for both horse and rider.

Through hands-on sessions, customized programs, and educational clinics, we don’t just treat symptoms—we give you the tools and understanding to take control of your progress.

Because when both horse and rider move better… everything changes.","",""
"South Shore Health","1930","South Shore Health is a comprehensive health system delivering unparalleled expertise to meet all of your current and future care needs.","","United States"
"learndirect","1890","learndirect is the UK's leading online course provider, inspiring people to realise their potential through distance learning and online courses.

Online certification courses — we are offering a selection of professional development courses and qualifications:

Nursing Courses
Access to Higher Education Diplomas
Veterinary Science and Animal Care Courses 
Functional Skills Courses
TEFL Internships
A Level Courses
GCSE Courses
Health & Fitness Courses
Teaching and Education Courses
Teaching English as a Foreign Language (TEFL/TESOL)
Dental Nursing Courses
Accounting and AAT Courses
Mental Health Courses
English and Maths Courses
Healthcare Courses
IT Courses
Creative Arts
Networking & Cyber Security
Business Courses
Personal Development Courses

Free resources 👉 https://linktr.ee/learndirectltd.
Free career guide 👉 https://share.hsforms.com/10XoYJIr0SOyrYlJFO9wWjg4fvf6","","United Kingdom"
"Good Shepherd Rehabilitation","1880","Where potential becomes reality.

Inpatient Rehabilitation • Outpatient Rehabilitation • Long-Term Acute Care (LTACH) • Long-Term Care • Pediatric to Adult","","United States"
"University of St. Augustine for Health Sciences","1880","USAHS is an accredited graduate-level institution with an innovative approach to health science education. At USAHS, our expert faculty practitioners equip you for career success. Using hands-on and cutting-edge technologies, you‘ll be prepared to excel as a clinician. We have five campuses located in San Marcos, California; St. Augustine and Miami in Florida; Austin and Dallas in Texas.

Our entry-level, first-professional degrees include: Doctor of Physical Therapy Degree (DPT), Doctor of Occupational Therapy (OTD), Master of Occupational Therapy Degree (MOT), and Master of Science in Speech-Language Pathology (MS-SLP).

The University also offers graduate post-professional education including the Master of Science in Nursing (MSN), Doctor of Nursing Practice (DNP), Post-Professional Doctor of Occupational Therapy Degree (PPOTD), Doctor of Education (EdD), Master of Health Administration (MHA), and Continuing Education Seminars and Certifications.","",""
"University of Indianapolis","1870","Indianapolis’s namesake university, where ‘Education for Service’ meets hands-on learning, global perspectives, and lifelong impact. #GoHounds #GreyhoundsForever","","United States"
"Let's Walk","1870","email = letswalk.rehab@gmail.com Facebook.https://www.facebook.com/profile.php?id=100080239119164&mibextid=ZbWKwL.","letswalk.rehab@gmail.com","India"
"Mano Médical","1870","Mano Médical développe et distribue des produits et matériels médicaux pour les vétérinaires.
Radiologie numérique, Échographie, Monitoring - Anesthésie - Réanimation, Pression artérielle, Endoscopie, Thérapie Laser et Chirurgie.

Mano Medical develops and distributes products and medical devices for veterinary use.
Digital X RAY systems, Ultrasound systems, Monitoring systems, Blood pressure measurement Devices, Endoscopy - Fiberscopy, Laser Therapy and Surgery devices.","","France"
"True Sports Physical Therapy","1860","True Sports Physical Therapy serves athletes with 13 locations throughout the mid-Atlantic region of the United States, True Sports Physical Therapy was created by athletes and for athletes. We are here to provide the ideal place to both rehab athletes and rehab as an athlete. Learn more at TrueSportsPT.com. The True Sports PT Podcast is hosted by our CEO and founder, Dr. Yoni Rosenblatt, PT, DPT, OCS, CSCS, USAW, Cert. DN.","","United States"
"Gatehouse Vet Rehab","1850","Veterinary rehabilitation and physiotherapy exercises and advice for small animal patients including dogs, cats and rabbits.","","United Kingdom"
"Balwyn Sports & Physiotherapy Centre","1850","Balwyn Sports and Physiotherapy Centre (BSPC) is a highly regarded sports injury clinic in Balwyn, Melbourne. We make a lot of our knowledge available to the public to help improve the quality of people's lives. From strapping and taping techniques for injured joint, to rehab exercises and our very popular pilates + core strength exercise regimes. You can follow along at home, and we hope you like the content, share it with friends and family.","","Australia"
"Dr. Cassie PT - Helping Children Grow","1830","Hi! I’m Dr. Cassie — a physical therapist, founder of Children’s Therapy Network Inc., wife, and mom. This channel supports families raising children with special needs through fun, educational, and practical videos.

With nearly 30 years of experience and a deep love for this community, I’m here to help make life a little easier and a lot more joyful. From activities to expert insights, you'll find resources to empower families and professionals alike.

For a deeper dive, visit drcassie.org for certification and CEU classes for therapists, plus practical, informative content for parents.

My husband, Tom, a recreation therapist, and I are passionate about making a positive impact. Subscribe to join our community as we learn, grow, and make a difference together!","","United States"
"Pony Fun With Clover & Jasmine","1830","Hi Welcome to our channel Pony Fun with Clover & Jasmine. We have set this channel up to document the journey of 5 year old Jasmine and 8 year old Clover learning to ride. 
Our channel features:
8.2hh Miniature Shetland Pony Blossom who is 18 years old
11hh Rescue Pony Daisy - We will provide updates on her progress along the way
Nannies 14hh Skewbald Cob Spicy
15hh Appaloosa x Cob Angel (3 years)
12.3hh Welsh Section C Mai (4 Years)

We post weekly videos of our adventures and lots of short videos in-between and we love to share what we are getting up to so please subscribe and click the notification bell so you don't miss any pony fun.","","United Kingdom"
"Clocking In","1820","This is Clocking In, where we clock in with local jobs, events and culture in Malaysia to showcase the behind-the-scenes of what they are all about.

This is a production by Vulcan Post Malaysia","","Malaysia"
"The Physio Planet (Physiotherapy /Chiropractor)","1800","Sr.Consultant Physiotherapist Mumbai 

https://instagram.com/the_physio_planet","","India"
"ATI Physical Therapy","1800","As a leader in the physical therapy industry, we aim to be at the forefront of customer service and patient care. Our team focuses on providing high-quality rehabilitation services to get you back to your best. Watch our videos to see inspiring stories, exercise tutorials, ATI Foundation features and much more! 

For more info:
http://www.atipt.com

Schedule a complimentary injury screening:
https://www.atipt.com/complimentary-injury-screenings","mwdocumentation@atipt.com; PatientAdvocate@atipt.com","United States"
"The College of Health Care Professions","1790","The College of Health Care Professions is an accredited, Texas-based career college offering innovative on-campus and  online healthcare programs grounded in real-world training for allied healthcare roles. We offer diverse allied healthcare certifications and healthcare degrees at our 9 campus locations and online.

Our mission is simple: build a stronger community by inspiring our students to choose hope for their future, practice compassion in their service, and strive for purpose in their careers. Explore our selection of on-campus and online healthcare degrees and certificates to find the path that’s right for you.","","United States"
"World Duchenne Organization","1750","Join the World Duchenne Organization in the journey to find a cure and viable treatment for those lives affected by Duchenne Muscular Dystrophy. More info: www.worldduchenne.org

Copyright notice: All videos are owned by the World Duchenne Organization. Reproduction and distribution in any form without the written permission of the World Duchenne Organization is prohibited. All rights reserved.

Medical disclaimer: Nothing posted on the channel is medical advice or a substitute for advice from your physician or healthcare provider. Always contact your physician or other healthcare provider with any questions about a medical condition or your personal health.","","Netherlands"
"American Veterinarian","1730","This is the official channel for American Veterinarian®. View more at www.americanveterinarian.com","","United States"
"Atrium Health Floyd","1720","We are proud to be a part of Advocate Health, headquartered in Charlotte, and the fifth-largest nonprofit health system, serving nearly 6 million patients across six states.  

Atrium Health Floyd provides a full spectrum of health care services from prenatal childbirth classes to grief support groups through Heyman Hospice Care at Floyd. More than 2,000 babies are born at Atrium Health Floyd Medical Center each year and are cared for in one of our three nurseries, including a neonatal intensive care nursery for babies as small as two pounds. 

People are at the center of everything we do. We are committed to our patients, our co-workers and our community, and we are committed to exceeding your expectations.","",""
"College of Central Florida","1700","College of Central Florida, located in the heart of Florida, serves students in Citrus, Levy and Marion Counties, FL.","",""
"Celtic SMR Veterinary","1670","Recordings of our ""Virtual Clinics"" featuring both MLS Class 4 laser and SonoScape Ultrasound equipment","",""
"Upstream Rehabilitation","1670","Welcome to Upstream Rehabilitation’s official YouTube channel — your trusted resource for injury recovery, physical rehabilitation, and career guidance.

We’re here to support patients through every step of their treatment journey—alongside the physical therapists and occupational therapists who help them thrive. As the largest dedicated outpatient physical therapy provider in the U.S., we’re committed to delivering quality, clinical care and empowering our community through evidence-based education and real patient stories.

What you’ll find on our channel:
Clinical tips and rehabilitation techniques from experienced providers
Real patient success stories from across our national care network
Career development guidance for physical therapy professionals
The latest in physical therapy innovation, technology, and integrated care
At Upstream, our mission is to inspire and empower the lives we touch, serve our communities, and lead with purpose-driven passion.

Learn more at urpt.com","","United States"
"ALLSET","1650","Hello from Singapore, the one and only Blue Zone 2.0!

We are a team of healthy ageing specialists offering services like personal training, physiotherapy, retreats, etc.  

Our specialisation: time efficiency

I.e. Getting you healthy in the shortest time. 

Our content focuses on healthtech reviews, including equipment we use, in the video podcast format. 

Subscribe to follow our journey and check out ALLSET if you'll like more information on our services. 

Disclaimer: 
Our videos are not intended to be health/medical advice; please consult a professional before undertaking our recommendations.","","Singapore"
"All learn tv","1640","","",""
"SG ANZICS","1630","SG-ANZICS Intensive Care Forum (“SG-ANZICS” or “#SGANZICS”) is a joint initiative by the Society of Intensive Care Medicine (SICM), Singapore, and the Australian and New Zealand Intensive Care Society (ANZICS) to convene a Critical Care Conference. It serves to provide a platform to showcase critical care excellence and foster collaboration and mutual support of regional critical care societies, while uniting and maintaining cultural diversity.

This channel will periodically share #FOAMed material from #SGANZICS.","","Singapore"
"Nashville Hip Institute at TOA","1620","Through the Nashville Hip Institute at TOA, Dr. Byrd brings more than 30 years of experience in treating complex hip disorders. His pioneering work in hip arthroscopy is the foundation upon which a multidisciplinary team has been assembled to treat hip problems with the latest non-surgical methods and most advanced arthroscopic techniques.","",""
"Moment Physical Therapy & Performance","1600","Moment helps athletes go from debilitating pain back to high performance ⚡

🏋🏻 We're the solution for active individuals who DO NOT want cookie-cutter approaches to physical therapy

➡️ Book a FREE phone consultation with our team: https://www.momentptp.com/contact-us

Two options:
📍 Three NYC locations with state-of-the-art equipment
💻 Virtual rehab coaching at the comfort of your own home

We've helped 1000s of athletes get back to doing what they loved when these basic treatments didn't cut it...

❌ Rest and light stretches
❌ E-stim, and ultrasound
❌ Generic PT exercises
❌ Heat and ice

If you're looking for a completely customized approach to rehab that will actually get you back to doing what you love then we've got you covered: https://go.momentptp.com/video-page","","United States"
"Ohio State University College of Medicine","1590","Follow @OhioStateMed and #OSUCOM for the latest news on research, education, events and more from The Ohio State University College of Medicine.","","United States"
"Paul Gough | Physical Therapy Marketing","1590","Paul Gough has helped 700+ Physical Therapists escape a life of 9-5 stuck inside the treatment room. He is a multi best selling author and when you subscribe to the channel - you can request your 100% free copy The New Patient Accelerator Method marketing book for Physical Therapists. 

As well as a six time best selling author, he is also a former professional soccer physical therapist turned successful clinic owner from the UK (a country where healthcare is free).

He is the founder of the Paul Gough Physio Rooms – a successful cash pay clinic he started from a spare room in his home with no money down and with no business or marketing skills.

He has since scaled his clinic from one to four locations, and zero to $1 million in cash pay revenue, and now helps clinic owners all across America and around the world to get more cash pay patients using his proven systems.","","United States"
"Norman Regional Health System","1590","Norman Regional Health System is a multi-campus system that provides for the health and wellness needs of our regional communities throughout south central Oklahoma. 

Norman Regional also provides outpatient diagnostic centers, medical transport services, physician services, centers of excellence, durable medical equipment supplies, a primary care network, community wellness service and employer health services.","","United States"
"Health Sciences, University of Southampton","1590","Health Sciences at the University of Southampton is training the next generation of professionals in nursing, midwifery, healthcare science, physiotherapy, podiatry and occupational therapy.

Our nursing is ranked 10th in the world and 3rd amongst UK universities (QS World Rankings 2017).","",""
"Dr. James Chung - Sports Physical Therapist","1580","","",""
"Highbar Physical Therapy","1560","Expert physical therapy tips, injury recovery guides, and at-home exercises from Highbar Physical Therapy — a physical therapist–owned practice with 25+ clinics across Rhode Island and Southeastern Massachusetts.

On this channel, our licensed PTs break down what's actually causing your pain and what to do about it:
• Knee pain, back pain, shoulder injuries, ankle sprains
• Post-surgical recovery (ACL, knee replacement, rotator cuff)
• Dry needling, manual therapy & what they actually do
• Return-to-sport for runners, golfers, lifters & weekend warriors
• Home exercise programs that actually work
• Honest answers to the questions patients ask us every day

▶️ NEW VIDEOS WEEKLY — subscribe so you don't miss them.

📍 Book an appointment at any of our 25+ Highbar clinics: https://www.highbarhealth.com

Specialties: Spine | Sports | Orthopedic | Post-Surgical | Dry Needling | Running | Pelvic Health | Pediatrics","","United States"
"Veterinary Surgical Solutions","1560","","",""
"KSUCVM","1560","The College of Veterinary Medicine was established in 1905. (Centennial Celebration) Since then more than 5,000 men and women have been granted the Doctor of Veterinary Medicine degree. Departments within the College of Veterinary Medicine are anatomy and physiology, clinical sciences, diagnostic medicine/pathobiology.

The college's nationally recognized instructional and research programs provide the highest standards of professional education. A rich, varied, and extensive agricultural program in the area surrounding the college, a city with many pets and a zoo, and referrals from surrounding states provide a wealth of clinical material for professional education in veterinary medicine.","",""
"Physio knowledge","1530","🧠 PHYSIOKNOWLEDGE

Learn Physiotherapy. Build Clinical Skills. Become a Better Physio. 💪

Welcome to PhysioKnowledge — a dedicated learning platform for BPT & MPT students, interns and physiotherapists, created to make physiotherapy education simple, practical, clinical and exam-oriented.

📚 What you’ll find here:
🧠 Anatomy & Neuroanatomy
🦴 Orthopaedic Physiotherapy
⚡ Electrotherapy & Exercise Therapy
❤️ Cardiopulmonary Physiotherapy
🏥 Clinical Assessment & Special Tests
📋 BPT/MPT Exam & Viva Preparation
💼 Physiotherapy Career & Government Job Updates

🔥 Our Mission:
To help physiotherapy students understand concepts instead of just memorising them, develop clinical confidence and become better healthcare professionals.

🌍 Join a growing community of 60K+ Physiotherapy learners on Instagram!

📲 Instagram: @physioknowledge1

👨‍⚕️ Founded by Dr. Abhinav Soni, PT

🚀 Subscribe to PhysioKnowledge and become part of the journey.

#PhysioKnowledge #Physiotherapy #BPT #MPT #Physiotherapist","",""
"College of Physiotherapists of Alberta","1500","http://www.cpta.ab.ca/","","Canada"
"Physical Therapy & Sports Medicine Centers","1500","At PTSMC, we are dedicated to improving the quality of people's lives by providing unmatched experiences, clinical excellence and lifelong relationships. Part of that service includes teaching our patients and the general public the importance of taking care of your body. This channel was started with the aim to offer advice, tips and guidance from our expert clinicians to help you prevent and care for aches, pains and injuries so you have the tools and knowledge to take care of yourself every day! 

With 30+ locations around Connecticut and Massachusetts, PTSMC is the state's largest private outpatient physical therapy company. You can learn more about PTSMC and find out about our locations, staff and treatment options at www.ptsmc.com.","","United States"
"Veterinary Teaching Academy","1490","On this channel, we'll be discussing everything about the world of Canine Rehabilitation. 

Canine Rehab on Demand is here to provide you with articles and studies on canine rehabilitation as well as information on diseases, supplements, nutraceuticals, and other products. The goal is to enrich your life with knowledge about ways to improve your pet's life and health.

https://www.veterinaryteachingacademy.com/
http://caninerehabondemand.com/","support@caninerehabondemand.com","United States"
"Physical Therapy & Sports Medicine Center","1490","Physical Therapy & Sports Medicine Center is a Out-patient physical rehabilitation facilities located in Prince George's County, Montgomery County, and Anne Arundel County Maryland. With clinics in Greenbelt, Riverdale, Bowie, Olney, Rockville, and Glen Burnie, Maryland PTSMC offers treatment plans customized for all patients aches and pains ages 5 and up.  In Network with all Major insurance providers, PTSMC also proudly accepts Medicare, Medicaid, BCBS, Atena, Cigna, Priority Partners,Riverside Health, MCO's, Worker Compensation, Motor Vehicle Accidents.  Convenient Hours, Free Parking, Bi-Lingual staff.","info@startptnow.com","United States"
"Simple Fit Physical Therapy","1480","Gentle strength and balance exercises for people over 60 — so you can move with confidence and feel your best.

I'm Cathy, and my mission as a physical therapist with over 25 years of experience is to guide you through safe, effective workouts you can do at home. Whether you're returning to fitness, managing pain, or working on fall prevention, these simple routines are designed to meet you where you are.

You’ll find balance training, core and leg strength, joint-friendly mobility, and exercises to support brain health—all in a supportive, approachable format.

DISCLAIMER: The videos on this channel are for general education and demonstration purposes only. They are not medical advice or a substitute for personalized care. Always consult your healthcare provider before beginning any new exercise program. If anything feels painful or uncomfortable, stop immediately. Perform all exercises at your own risk.","","United States"
"Fairview Health Services","1470","Since 1906, Fairview Health Services has provided prevention of illness and injury to care for the most complex medical conditions.","","United States"
"CuraCore Vet","1450","At CuraCore, we believe in strong, scientific, evidence-based education in the fields of medical acupuncture, medical massage, botanical medicine, photomedicine for both human and veterinary healthcare providers.  We also encourage wellness among our students, partners, and peers.","info@curacore.org.visit","United States"
"The Horse Physio","1440","The Horse Physio on YouTube... For more information, and lots of free stuff, subscribe to my newsletter at www.thehorsephysio.co.uk/newsletter!","",""
"The Equine Practice Company","1440","The Equine Practice Company 🌍 is committed to empowering equine veterinarians globally through enhancing skills, knowledge and confidence in veterinary medicine through exceptional continuing education programs 📚. We aim to transcend geographical, cultural, and economic boundaries, fostering an inclusive and nurturing environment 🤝. Our goal is to help equine veterinarians thrive both professionally and personally 🌟.

Our top-notch continuing education equips veterinarians with the latest knowledge 🧠 and tools 🔧 in equine medicine 🐴, the art and science of lameness in the horse, equine dentistry and general medical, surgical and equine practice topics 💡.

Yet we are more than this.  We empower veterinarians to reach their full potential, fostering a community that values collaboration, growth, and well-being ❤️. Join us in shaping the future of equine medicine and creating a world where veterinarians thrive 🚀.","admin@theequinepc.com; marketing@theequinepc.com; support@theequinepc.com","Australia"
"Stony Brook Southampton Hospital","1430","Since 1909,  Stony Brook Southampton Hospital has provided compassionate and quality care in a safe environment where are all are welcomed and respected. Please browse our site to learn more about our many services and satellite locations throughout Long Island's East End.

This channel contains videos on health-related topics. Please e-mail sbsh_info@stonybrookmedicine.edu f you would like to suggest a topic. For more information about the Hospital, please visit www.southampton.stonybrookmedicine.edu","sbsh_info@stonybrookmedicine.edu","United States"
"Synovetin OA®","1390","Synovetin OA® targets dog arthritis at its source for up to 1 full year of pain relief.","","United States"
"Health and Physical Education","1380","","","India"
"Onlinepethealth","1330","Staying up to date with your Vet Rehab professional development just got easier. Welcome to our vibrant Vetrehabber community with a growing library of resources and support for all skill levels delivered by a broad range of international experts. Sign up for a membership from only $47 a month or try before you buy with our free limited access membership.","",""
"AAROGYASHREE PHYSIOTHERAPY AND REHABILITATION","1330","AAROGYASHREE PHYSIOTHERAPY AND REHABILITATION IS A NEW GENERATION, ADVANCED AND LEADING PHYSIOTHERAPY AND REHABILITATION CENTRE IN BHAWANIPATNA,ODISHA, INDIA.

ONE STOP SOLUTION FOR ALL ORTHOPEDIC, NEUROLOGY, PEDIATRIC, CARDIORESPIRATORY, WOMEN’S HEALTH, SPORTS INJURY AND PALLIATIVE CARE REHABILITATION.

WE AS A TEAM OF EXPERIENCED AND QUALIFIED PROFESSIONALS PROVIDING COMPREHENSIVE MULTIDISCIPLINARY REHABILITATION CARE TOWARDS A SPEEDY AND FUNCTIONAL RECOVERY OF CLIENTS IN A PAINFREE WAY.

DOCTOR DETAILS

DR.MADANMOHAN MOHPATRA (PT)
FOUNDER & CHIEF CONSULTANT PHYSIOTHERAPIST
SPECIALIST IN PAIN & PALLIATIVE CARE
BPT (SVNIRTAR), MPT (ORTHOPEDICS)
COMT, CDNT, CDCT, CIASTM, MIAP
REGD.NO – L49171

DR.SNEHASMITA SAMAL (PT)
CO-FOUNDER & CONSULTANT PHYSIOTHERAPIST
SPECIALIST IN WOMEN’S HEALTH & PAIN MANAGEMENT
BPT (SVNIRTAR), MPT (ORTHOPEDICS), MIAP
FELLOWSHIP IN NEUROLOGICAL REHABILITATION
REGD. NO –L49351



BOOK AN APPOINTMENT WITH US :- 8637276670
MSA CHOWK, BHAWANIPATNA, ODISHA 766001","","India"
"Gleneagles Hospital Singapore","1320","Gleneagles Hospital Singapore is a trusted name in private healthcare, providing a comprehensive range of specialist, diagnostic and imaging services to meet the diverse needs of patients across the region. Backed by over 500 specialists and a dedicated team of healthcare professionals, we deliver exceptional care in areas such as orthopaedic surgery, gastroenterology, and obstetrics and gynaecology.

As part of IHH Healthcare, one of the world's largest integrated healthcare networks, we are committed to supporting you with compassionate care and clinical expertise every step of the way. At Gleneagles, we're On Your Side.

For more health insights and wellness tips, explore our Health Plus: https://www.gleneagles.com.sg/health-plus","","Singapore"
"MetroEHS Pediatric Therapy","1310","MetroEHS Pediatric Therapy offers Speech, OT, Feeding, Physical & ABA Therapy available at Therapy Centers located across Southeastern MI","Info@metroehs.com","United States"
"USC Division of Biokinesiology and Physical Therapy","1310","This is the official YouTube channel for the USC Division of Biokinesiology and Physical Therapy.","johnnyrh@usc.edu; uscpthra@med.usc.edu; johnhobbs@ostrow.usc.edu",""
"CORA Physical Therapy","1290","At the heart of what we do is a simple, powerful mission: Delivering top-tier outpatient physical rehabilitation to everyone in our community. How do we make this happen daily? Let’s dive in!

🔹 Clear Communication - We're all about transparency. It’s the backbone of the positive and productive experiences we create for patients, partners, and our team.

🔹 Integrity and Compassion - Our operations are guided by honesty and ethical practices. We stand firm in our commitment to Serve Everyone.

🔹 Empowering Our Team - By attracting the best in the field and prioritizing career growth, we ensure our employees thrive. When our team is happy, they're at their best—delivering outstanding care that you can rely on.

🔹 Ahead of the Curve - With proactive management and cutting-edge systems, we tackle challenges before they even arise. Our robust financial health and stellar outcomes are testaments to our success.

Subscribe for insights into how we make a difference, one day at a time.","info@corahealth.com; patientbilling@corahealth.com; medicalrecordrequest@corahealth.com","United States"
"College of Medicine - University of Saskatchewan","1290","The College of Medicine at the University of Saskatchewan was established in 1926 and is located in Saskatoon.

We serve the people of Saskatchewan by producing outstanding clinical practitioners, generating new knowledge and facilitating improved patient outcomes, and are a leader in Indigenous health programs, education, and services, with a multitude of opportunities to learn about Indigenous health, culture, and community.","","Canada"
"Virginia-Maryland College of Veterinary Medicine","1290","A leading biomedical teaching and research center established in 1978, Virginia Tech's Virginia-Maryland College of Veterinary Medicine enrolls more than 700 doctor of veterinary medicine, master of public health, and biomedical and veterinary sciences graduate students. The college is a partnership between land-grant universities Virginia Tech and the University of Maryland. Locations include the main campus in Blacksburg, Virginia; the Animal Cancer Care and Research Center in Roanoke, Virginia; the Marion duPont Scott Equine Medical Center in Leesburg, Virginia; and the Gudelsky Veterinary Center in College Park, Maryland.","andrewfjmann@vt.edu; awinemiller@vt.edu; kmyatt@vt.edu; marjorielee@vt.edu; mkbrown19@vt.edu; speart@vt.edu","United States"
"OrthoArizona","1280","OrthoArizona is one of the largest and most accomplished musculoskeletal care groups in Arizona based on the concept of promoting the highest quality of care and service to all patients. OrthoArizona has over 60 physicians, comprised of orthopedic surgeons, podiatric surgeons, and primary care specialists at nearly two dozen locations across the valley! There are specialties to treat any condition, including Sports Medicine, Spine, Shoulder, Elbow, Hand & Wrist, Hip, Knee, Foot & Ankle, Pediatrics, Trauma and Workers’ Compensation! OrthoArizona also offers one of the best physical & hand therapy at many locations, athletic performance programs, and MRI imaging!","",""
"SK physical therapist","1280","physical therapist 
on this channel you will find physiology and anatomy lecture in very short,simple and easy way.","",""
"Buffalo Rehab Group","1240","Buffalo Rehab Group, the leading provider of Physical and Occupational Therapy in Western New York, is here to help you get your life back after injury or surgery. With 13 convenient locations and the option for virtual care, we provide easy access to our services. Our expanded hours and commitment to prompt care mean you'll get the treatment you need when you need it -- with an average wait time of fewer than seven days to get started.","","United States"
"Pro-Form Physiotherapy","1230","","","Australia"
"REHABIT Physiotherapy & sports injury centre","1220","Physical therapy helps people of all ages who have medical conditions, illnesses or injuries that limit their regular ability to move and function.

#A customized physiotherapy program at @rehabit_centre can help individuals return to their prior level of functioning, and encourage activities and lifestyle changes that can help prevent further injury and improve overall health and well being.

=As the awareness is increasing day by day, patients these days are going directly to the physiotherapist at the first sign of a pain or injury, since it is considered a conservative approach to managing problems.
It helps in:
• Reduce or eliminate pain
• Avoid surgery (depending upon grade*)
• Improve mobility
•Recover from a stroke
• Recover from or prevent a sports injury
• Improve your balance and prevent falls
• Manage diabetes and vascular conditions.(through exercises)
• Manage age-related issues
•Manage heart and lung disease.(rehabilitation)
• Manage Women’s Health and other conditions!","",""
"Horse Pro Hub","1210","Can you imagine having access to incredible Equestrian Experts from around the globe?!  We have been recording these professionals from every facet of equestrianism; from vets, physiotherapists, rider fitness specialists, world class coaches in dressage, showjumping, eventing and natural horsemanship, bitting experts, nutritionists and the list goes on!
As a member of Horse Pro Hub you will have access to thousands of videos, incredible education series, weekly webinars, support from our team and the opportunity to further your horse journey. You'll have the ability to drag and drop videos to make your own individualised knowledge bank, available to you anywhere, anytime. Whether you're heading to the stables and want to do some pre-ride stretches or pulled up to the paddock to find your horse with a lower leg injury and need to know how to treat it while you wait for the vet, your personalised Horse Pro Hub videos will be at your fingertips, every time.

 http://www.horseprohub.com/","",""
"Wellknox Medical Rehabilitation","1190","Welcome to the Official Page of Wellknox Medical Rehabilitation Facility located in Banjara Hills and Kukatpally, Hyderabad. Explore our Advanced Medical Rehabilitation services including Long-term ICU, Robotic Therapy, Hydrotherapy, & Specialty Clinics.","",""
"StayFit Physio","1190","Hi ,I'm Dr.Imita,a PHYSIOTHERAPIST and a Master of Physiotherapy (MPT). I love being fit,healthy,strong and active. On this ...","","India"
"NeuroLink Robotic Physio and Rehab Centre","1180","Welcome to the NeuroLink Rehab Center YouTube channel, your trusted source for expert insights, valuable information, and inspiring recovery stories from our centers in Gurgaon, Hyderabad, and Secunderabad. We specialize in advanced Robotic Rehabilitation alongside comprehensive physiotherapy, occupational therapy, speech therapy, and holistic care. Explore our channel for the latest therapy advancements, patient journeys—including cutting-edge robot-assisted treatments—and practical tips on neurological, musculoskeletal, and pediatric recovery. Whether you’re a patient, caregiver, or healthcare enthusiast, our community is here to inform, support, and inspire your journey to better health and independence. Subscribe now to stay connected with our centers and discover how Robotic Rehab is making recovery possible for more people every day!","","India"
"Robbins Rehabilitation Allentown Beth Umac & Bangor","1180","Here to help people of the Lehigh Valley optimize health through mastering the key components of movement: mobility, strength, and balance. We have created FREE guides, how-to videos, and tutorials on how to move and live better on our channel.","","United States"
"University of Hull - Science and Engineering","1180","Welcome to the Faculty of Science and Engineering at the University of Hull – home of inspirational breakthroughs, world-leading research and a vibrant scientific community.

Our students study in state-of-the-art, industry-standard facilities such as the biomedical research facility opened in July 2013 in the new Allam Building.

What’s more, our students are taught by some of the people behind truly jaw-dropping scientific innovations, from the liquid crystal display (LCD) breakthrough that changed the way we view the world, to the bone density scanner that detects early-onset osteoporosis and is now used in hospitals the world over.

For more information about our research or studying with us, please visit http://www.hull.ac.uk/science","",""
"Raechel Sinuk","1170","Lift heavy. Eat bread. Have fun. 

Subscribe to the channel and hit that bell so you never miss a new video!

Thanks for watching!
Follow me on IG and TikTok: @raechelsinuk

https://buymeacoffee.com/raechelsinuk","",""
"Aspect Aman","1170","From PT school to real-life lessons in healthcare, burnout, confidence, and rebuilding a life I actually like.
Email: aspectaman@gmail.com
Instagram: @lessonswelivedfirst","aspectaman@gmail.com","United States"
"Ramsay Health Care UK","1150","Ramsay Health Care UK is one of the leading providers of independent hospital services in England, with a network of 34 hospitals. These provide a wide and comprehensive range of specialised and efficient clinical specialties from orthopaedics and general surgery, to cardiac surgery and Eye Surgery.

To see our privacy policy for social media and other channels, please see the following link: https://www.ramsayhealth.co.uk/system-pages/privacy-policy","",""
"Neil King Physical Therapy","1150","Welcome to Neil King Physical Therapy! Discover expert tips, transformative exercises, and inspiring patient stories to help you live a healthier, pain-free life. Subscribe now and join our community dedicated to achieving optimal wellness and balance!","","United States"
"Dr Ammar Hameed Sports Physical Therapist","1140","Health and Wellness

Move through your pain.

Sports injuries specialist.

#physiotherapy #sports #health","",""
"CPD Solutions","1140","We empower veterinary professionals by helping them develop clinical and decision making skills that can be used immediately in their work.
CPD Solutions have been providing high quality attendance and online training to veterinary professionals for 25 years.","","United Kingdom"
"Valiant Vet Physio","1140","Valiant Veterinary Physiotherapy is a specialist small animal rehabilitation and fitness centre based in Melton Mowbray.

A series of physiotherapy videos showing exercises, workouts and mental enrichment ideas for your dog(s).

Find us at www.vvphysiotherapy.co.uk or follow us Facebook, Instagram and Twitter.","carol-ann@vvphysiotherapy.co.uk","United Kingdom"
"CBD College","1130","CBD College - The Non Profit Healthcare Career College of Los Angeles.

CBD College has been providing quality educational and career training services to the community for over 31 years. Since its foundation in 1982, CBD College has grown to become one of Los Angeles’ best Non Profit resources for healthcare career training and career advising for students of all nationalities, interests and means. Through the understanding of today’s ever changing Medical Industry and career opportunities, CBD College has continued to introduce only the most in demand and opportunistic programs leading it’s students to stable and successful careers.","aoe.edinfo@vermont.gov; cassandra.ryan@vermont.gov; hr@cbd.edu; info@wsac.wa.gov; Kammi.Contreras@highered.texas.gov; ocp@dcc.hawaii.gov; ocp@dcca.hawaii.gov; studentcomplaints@highered.texas.gov; board@edu.idaho.gov; cbdcollege@cbd.edu; Collegiatecomplaint.mhec@maryland.gov; Complaints@che.in.gov; EED.ACPE-IA@alaska.gov; Emily.Bjornberg@ct.gov; Kate.mccartan@state.mn.us; Keith.blanchard@azppse.gov; Michael.santoro@fldoe.org; mjwu@det.nv.gov; Nicholas.W.Marks@doe.nh.gov; RA-HigherEducation@pa.gov; submitcomplaint@che.sc.gov; TitleIX@cbd.edu; tivolis@wsac.wa.gov","US"
"Vet Life Reimagined Podcast","1120","Vet Life Reimagined is a podcast for veterinary professionals and those interested in pursuing a career in veterinary medicine. Hosted by Dr. Megan Sprinkle, the podcast features inspiring veterinary professionals who share their experiences, insights, and advice to help listeners grow their careers. 

Listeners will get valuable insights into the different types of veterinary careers available, and hear from the people who are living them. Our guests share their veterinary life experiences, including the highs and lows of their careers, the challenges they've faced, and the strategies they've used to overcome them. You'll learn from their successes and failures, and gain valuable insights that you can apply to find the right career in vet med for you today. Join us to reimagine what vet life means to you!","","United States"
"Portobello Institute","1110","Portobello Institute established in 1981 offers Level 5-9 courses in Fashion, Sport, Early Years, SNA, Business, and Travel.

Portobello Institute is based in the heart of Dublin City Centre, delivering full-time and blended learning courses to a global student base. The Institute offers ordinary and honours degree programmes with paths of progression to Masters programmes #MakingEducationAccessible","","Ireland"
"SpauldingRehab","1090","","",""
"Renew Physical Therapy","1080","Renew Physical Therapy is an outpatient physical therapy clinic in Bentonville, AR, USA. We specialize in pelvic health physical therapy. Welcome to our YouTube Channel!

***Disclaimer: This channel is intended to provide general information regarding common conditions we see in the clinic. It is not to be used in place of medical advice.  Please consult your healthcare provider for appropriate diagnosis and treatment and do not use these resources as a way to avoid getting treatment.****","chelsea@renewptnwa.com","United States"
"Springpod","1070","Welcome to Springpod. We help you take control of your future by enabling you to gain experience with top employers & universities for free. We provide Virtual Work Experience from leading employers to help you get the skills and experience you need to find a job. Our Online work experiences can help you understand what a career in an industry can include and help you make decisions on a University course through one of our Subject Spotlights.","","United Kingdom"
"MidCheshireHospitals","1070","Mid Cheshire Hospitals NHS Foundation Trust is the organisation which manages Leighton Hospital, Crewe; the Victoria Infirmary, Northwich and Elmhurst Intermediate care Centre, Winsford.","",""
"Research, Innovation & Health Science Ed at U of T","1050","The official YouTube channel of the Office of the Vice Dean, Research, Innovation & Health Science Education at the Temerty Faculty of Medicine, University of Toronto.","",""
"OneStep Digital Physical Therapy","1030","Bite-size, professional, and fun information about everything physical-therapy-related.
Because knowledge about your health should be accessible and personable! 
Every week we would be uploading a video relating to PT, exercises, and general health by doctors of physical therapy. 

◦ About OneStep ◦
OneStep is an app-based physical therapy service that puts a licensed physical therapist by your side and a motion analysis lab in your pocket. We're here to help you move your body with health, with freedom and with confidence.
Here you can find tips from our expert physical therapists, patients' inspiring recovery stories, PT exercise video playlists, and more! 

◦ Follow us ◦
OneStep Facebook page ⇢ https://tinyurl.com/7kzmz9w3
OneStep Twitter ⇢ https://twitter.com/DigitalOnestep
OneStep Instagram ⇢ https://www.instagram.com/onestep_pt/","",""
"London College of Animal Osteopathy","1020","London College of Animal Osteopathy (LCAO) offers world-class online training in animal osteopathy, designed for veterinarians, equine professionals, canine therapists, osteopaths, and animal care practitioners looking to advance their clinical skills and career.

Our International Diploma in Animal Osteopathy provides comprehensive training in both equine osteopathy and canine osteopathy, combining evidence-based theory with practical application for real-world clinical outcomes.

Delivered through a flexible, self-paced online format, our programs allow you to study from anywhere in the world, with optional hands-on clinical training (MasterClass) available in select global locations.

Students learn under the guidance of Prof. Stuart McGregor, Director of Clinical Studies, alongside an expert international faculty.

 Start your journey in animal osteopathy today: www.animalosteopathycollege.com","admissions@aosteocollege.com; info@aosteocollege.com","Canada"
"Bouvé College of Health Sciences","1010","With more than 60 undergraduate and graduate programs, the Bouvé College of Health Sciences offers students extraordinary opportunities in four preeminent schools:  Community Health and Behavioral Sciences, Nursing, Pharmacy and Pharmaceutical Sciences, and Clinical and Rehabilitation Sciences. United across disciplines - preparing the next generation of highly skilled, versatile, and enterprising health care leaders, while advancing high-impact research to address the world’s challenging issues.

Learn more about Bouvé’s inter-professional classroom approaches, Simulation exercises that prepare students for real-life crises, state-of-the-art facilities that foster high-impact research, student and faculty spotlights, and so much more. 

Welcome to Bouvé College. Redefining what's possible in healthcare and health sciences.
Find us on social @NUBouve","","United States"
"Southern Cross Veterinary Clinic Cc","1010","Southern Cross Veterinary Clinic Port Elizabeth is a companion animal vets in Port Elizabeth, South Africa. Southern Cross offers physical rehabilitation, acupuncture, veterinary or animal chiropractic and pain management for pets. We offer specialised postoperative care for your pet during the day, giving you peace of mind while you are away from home and helping your pet to fully recover after surgery. We stock a wide range of veterinary diets and pet products. Southern Cross Vets has an Online Shop, a Puppy School, offers Dog Bathing, Free Senior Health Check Ups and Free New Puppy and New Kitten Check Ups. Southern Cross Veterinary Clinic in Port Elizabeth offers the best veterinary medical and surgical care for your pet.","","South Africa"
"Positive Physiotherapy","1010","A Positive approach towards patient care!

We strongly believe that optimism is essential to healing. You will find loads of rehab exercise, patient education videos and webinars to facilitate your road to recovery from your musculoskeletal injury.

Physio friends can follow to learn novel exercises and learn from experts.
 
When you are Positive, 
Good things happen! ✨

@https://instagram.com/positivephysiotherapy?igshid=11nx4gm1mkyqy","","India"
"WorksSOwell For Pets","1000","","","United States"
"Humber Faculty of Health & Life Sciences","995","Empowering future health & life science professionals","","Canada"
"BFVCTV","967","At Best Friends Veterinary Center we emphasize high quality patient care as well as friendly, helpful customer service. It's part of our mission to help educate about pet health care.  Medical, surgical and dental care are all available at Best Friends. We offer the best and safest protocols for pets, including canine rehabilitation, dental radiographs, laser surgery and specialty services. 

We have been serving the Ozaukee area for over 30 years and are convenient to Cedarburg, Mequon, Port Washington, Saukville and northern Milwaukee County","",""
"Horse Chats Hosted by Glenys Cox","956","Horse Chats is dedicated to improving the lives of horses worldwide by educating their owners, riders, and handlers. Hosted by Glenys Cox for those passionate about the equine industry, it delivers engaging, informative content from experts across various equine niches. Featuring insights from seasoned professionals and inspiring rising stars, Horse Chats aims to support learning, skill development, and career growth within the horse industry.","","Australia"
"ATU Donegal","950","LYIT is now Atlantic Technological University. Atlantic Technological University is a new Technological University for the West and North-West of Ireland and will be one of the largest multi-campus universities on the island of Ireland. The future is here.","","Ireland"
"Dr. Giselle Tadros - Milk Matters","937","Hi! I’m Dr. Gigi, I’m a pediatric physical therapist and oral motor specialist dedicated to: 

👶 Helping children with tongue and lip ties thrive
🤱 Educating parents and medical professionals on tongue ties and why physical therapy can be so helpful
🍼 Offering clinical excellence to patients by incorporating scientifically backed treatments with an emphasis on a whole-body approach. 

I’m blessed with an incredible team of experienced pediatric therapists who love working with babies and are their biggest cheerleaders. 

Together, we’ve created a beautiful community where parents feel seen, heard and safe. 

Most importantly, we’ve helped thousands of babies thrive without tear-jerking therapy providing fun, low-stress and brain-building therapy for infants.

📅 Schedule a consultation: https://www.milkmatterspt.com/","","United States"
"#HorseHour","928","Welcome to #HorseHour on YouTube, Time for You and Your Horse! 

Go to www.horsehour.co.uk for more videos, podcasts and articles on everything equestrian. 

Join everyone on Twitter for #HorseHour, a weekly networking hour on where riders, owners, businesses and charities from across the globe come together to share experiences, advise and advertise. Mondays 8pm UK time/3pm EST. Just search for #HorseHour!","","United Kingdom"
"Signature","920","Privately owned production house specialising in video, CGI and online media. Commissions received directly and via agencies and joint ventures. We benefit from having the latest equipment and skills to deliver content to benefit your business.","",""
"HealthManMetUni","912","Official YouTube account for Health, Psychology and Social Care subjects at Manchester Metropolitan University","",""
"Compleat Kidz","910","Welcome to the official Compleat Kidz YouTube channel, where we share educational videos about pediatric therapy in North Carolina.
Our team provides ABA therapy, physical therapy, occupational therapy, and speech therapy to help children reach their full potential. Through a play-based approach, we support skill development in communication, motor abilities, sensory processing, and everyday routines.
You’ll find videos that give families a closer look at what happens inside our therapy sessions, tips from our licensed therapists, and stories of growth from our amazing Compleat Kidz community.
Whether you’re a parent, educator, or healthcare professional, our channel is your resource for understanding and supporting child development through collaborative, compassionate care.

📍 Serving families across North Carolina
🌐 Learn more at compleatkidz.com

#PediatricTherapy #CompleatKidz #ABATherapy #SpeechTherapy #OccupationalTherapy #PhysicalTherapy  #PediatricRehab #NorthCarolinaTherapy","","United States"
"Saskatoon Industry Education Council","908","The Saskatoon Industry-Education Council (SIEC) is a bridge between Saskatchewan’s career opportunities and Saskatoon area youth. Through a partnership among business, K-12 and post-secondary schools, unique hands-on career exploration events and programs are designed and delivered to students, helping them find a career that connects their passion and natural talents with current and future workforce needs.","","Canada"
"Raintree Veterinary Clinic & Rehabilitation Centre","903","Founded in 2017, Raintree Veterinary Clinic is one of Pune city's foremost veterinary clinics. With a range of services and facilities including multi-species care, specialised surgical facilities, alternative rehabilitative therapies, the latest in veterinary technology, and no small measure of love, Raintree stands for compassion and excellence in veterinary care.

For more information, please visit www.raintreevet.in

⚠️ Please note, we cannot consult for cases via YouTube comments and messages. In the event of an emergency, please call us on 8830207984 (if you are in Pune, India). For electronic consultations and requests for second opinions, our senior doctors can be e-consulted with on raintreevetclinic@gmail.com. For any other queries, find us on Instagram @raintreevet

Thank you for visiting our channel! We appreciate every comment and kind message.","raintreevetclinic@gmail.com.for","India"
"Central Penn College","895","This is the official YouTube channel for Central Penn College, a career-focused college dedicated to helping students turn potential into career success.","",""
"Brighton Physiotherapy","890","Physiotherapy exercises and stretches along with well being information and advice to help you remove pain and inspire you to make the best of your mind and body.","","United Kingdom"
"𝐃𝐫. 𝐀𝐧𝐬𝐡 𝐑𝐚𝐣 | 𝐏𝐡𝐲𝐬𝐢𝐨𝐭𝐡𝐞𝐫𝐚𝐩𝐢𝐬𝐭⚕️","882","Welcome to my ""PHYSIOS CARE""💆‍♂️🧎‍♂️👨‍⚕ Channel! 💪

This channel is dedicated to helping you live a pain-free and healthy life through expert physiotherapy guidance. Here, you will find videos on:

✔️ Neck Pain & Cervical Spondylosis
✔️ Back Pain & Sciatica Relief
✔️ Posture Correction Tips
✔️ Daily Exercise & Stretching Routines
✔️ Injury Recovery & Rehabilitation
✔️ Home Remedies & Lifestyle Tips

•Our goal is to provide simple, effective, and science-based exercises that you can do at home without any equipment.

•👨‍⚕️ Whether you're suffering from pain, recovering from injury, or just want to stay fit—this channel is for you!

•📌 New videos regularly — so make sure to SUBSCRIBE and stay updated!
•👉 Follow us for daily physio tips and start your journey towards a healthier life.
•🔥 Short Version (for quick setup)
Physiotherapy tips, exercises & pain relief videos 🏥
Helping you recover from neck pain, back pain & injuries 💪

Subscribe for daily health tips!","",""
"Columbus Regional Healthcare System","875","Columbus Regional Healthcare System is more than just a hospital. Every day, behind-the-scenes, we are expanding our healthcare resources to deliver the very best medical care available to Columbus County NC and beyond. 

Check us out on www.FACEBOOK.com/CRHealthcare and on www.TWITTER.com/CRHealthcare.","",""
"Europe Region of World Physiotherapy","867","The Europe Region of World Physiotherapy represents the #physiotherapy profession at European Level. 38 MOs & 200.000 physiotherapists in Europe.","",""
"Rehab United","861","Hey there! We’re Rehab United, proudly recognized as one of San Diego’s top-rated physical therapy clinics. Our mission is simple: to empower you with the knowledge and tools to prevent injuries, manage chronic pain, and master effective rehabilitation exercises.

Whether you're recovering from an injury, rehabbing post-surgery, or aiming to improve your overall mobility, our channel is dedicated to helping you reach your fitness and wellness goals. Our approach combines Applied Functional Science® with a hands-on perspective. 

But what truly drives us? It’s the joy of seeing you get back to doing the things you love, pain-free and stronger than ever. Join us on your journey to better health and movement!","bryan@rehabunited.com; sean@rehabunited.com","United States"
"Southport and Ormskirk Hospital NHS Trust","857","This channel is now no longer in use. 

All new videos will be uploaded to the Mersey and West Lancashire Teaching Hospitals NHS Trust channel. Please click the following link: https://www.youtube.com/channel/UC9SxkXcQhxMJFRifC02ZYWQ","","United Kingdom"
"NHS England - East of England","853","","",""
"Spooner PT","843","Brought to you by Spooner Physical Therapy, our channel is dedicated to providing functional movement videos, testimonials, and community event coverage that our staff has taken part in. 

All videos uploaded to this channel are reserved for use by Spooner Physical Therapy. If you have any questions, do not hesitate to contact us through our main website or at the email address below.","","United States"
"LUNEX","835","Official YouTube Channel of LUNEX – Higher education institution specialised in Health, Sports and Management, located in Differdange (Luxembourg). 
Educational and scientific focus on sports, management and health. Real international atmosphere with students, teachers and staff from all over the world. Get an insight. 

Find out more: https://www.lunex.lu","","France"
"Yasmin Stuart Equine Physio","831","Hi I'm Yasmin Stuart. 

I'm an Equine Physiotherapist and Trauma Informed Horse Trainer.","admin@yasminstuartequinephysio.com",""
"Stack Veterinary Hospital","827","Established in 1910 and located in scenic Central New York. We are proud to celebrate over 100 years and three generations of service. Our family-run practice has nine doctors, including a full-time board-certified surgeon, a part-time board-certified radiologist, and a part-time board-certified cardiologist. We also offer canine & feline rehabilitation, laser therapy, grooming, as well as hospice and palliative care. Paw Talk is Stack Veterinary Hospital's weekly radio show. Two of our doctors answer listener questions on pet health every Sunday between 10-11AM on Newsradio 570 WSYR (106.9 FM)

We are proud to have been AAHA-accredited since 1957, and Cat Friendly Certified. Our state-of-the-art facility offers:
•	Digital radiography
•	Ultrasound
•	Cardiology
•	A cat-only waiting area
•	Eight exam rooms
•	A fully-equipped dental suite
•	A spacious surgery suite","","United States"
"Milestones Physical Therapy Services","810","My name is Lori Walker Krause and I am a Pediatric and Women's Health Physiotherapist in Calgary, Alberta, with 21 years of experience helping children and women live their best lives.  I am passionate about infant development, torticollis and plagiocephaly, pelvic floor physiotherapy for both children and women, and restorative core exercise for women at any stage of life.  I believe in the power of play, the power of movement, and the ability of appropriately prescribed and executed exercise to allow you to achieve maximal participation in and enjoyment of all the milestones of your life.","info@milestonesphyio.ca; info@milestonesphysio.ca","Canada"
"Bristol Physio","807","Useful Physiotherapy Exercises for Injury Rehabilitation and prevention. Videos from; Bristol based Shoulder Specialist Tony Gill, Physiotherapist Susie Burness and GB Basketball Physiotherapist Andy Howse. Also starring Soft Tissue Specialist Matt Scarsbrook. Guest Star Equestrian fanatic Emma Klijn from Tri-Physiotherapy.  

Stay tuned by subscribing now!","","United Kingdom"
"Healthcare Education Transformation Podcast","799","This channel is a youtube channel based off the popular Healthcare Education Transformation Podcast. It shares videos for graduate students and professors alike on best practices for teaching and learning in healthcare graduate programs.","","United States"
"Healthcare Career College","795","https://healthcarecareercollege.edu/ Healthcare Career College started in 1990. We provide a fast career pathway to employment in the healthcare industry by providing programs in Vocational Nursing, Medical Assistant, Ultrasound Technician e.t.c. We are accredited by the Council on Occupational Education, Approved by the Department of Education, the California Bureau of Private Post secondary Education, the Veteran’s Affairs Administration, the Workforce Development Board, and we offer a free high school diploma program and financial aid. Call us at 562-804-1239 to find out how to get started! 

Follow us today!
https://www.facebook.com/healthcarecc/
https://www.youtube.com/channel/UCuG8BGj8xEcGMnQ54VS9a7Q
https://www.instagram.com/healthcarecc/","","United States"
"TRUE Horses","786","Welcome to TRUE Horses Channel!

Subscribe►https://www.youtube.com/channel/UCHEdKUuIw-cEYhaSphK6Jfw?sub_confirmation=1

This is the place for those who love horses, dressage and equestrianism as much as we do. 

I am Valeriya - international dressage rider and Founder of TRUE Horses, a company that produces dressage sport horses of excellent quality and readability, ensuring top health and no overpricing. We are currently based between the UK & the Netherlands so if you are looking for a horse or want to get lesson or anything else - feel free to contact us:

info@truehorses.com

Visit our website to see our beautiful horses and read about our breeding programme: 

https://www.truehorses.com/

Follow us on 
Instagram: @true.horses
Don't forget to subscribe: Subscribe►https://www.youtube.com/channel/UCHEdKUuIw-cEYhaSphK6Jfw?sub_confirmation=1

Lots of love,Yours TRUE Horses 💚

#dressagehorse #equestrian #grandprixhorse #horse #truehorses #equestrianlifestyle","info@truehorses.com","United Kingdom"
"Restore Wellness Physiotherapy & Rehab Center","774","Restore Wellness Physiotherapy & Rehab Center offers professional physiotherapy and rehabilitation services tailored to support your recovery, strength, and overall wellness. Whether you're dealing with injury, chronic pain, or post-surgery recovery, our expert therapists provide personalized treatment plans to help you regain mobility and improve your quality of life. 

Visit us at:
FB Area Branch: 639 Azizabad Main Rd, Block 8, Federal B Area, Karachi Sindh Pakistan

For appointments, contact us on:
WhatsApp: 0314-8000440
Phone: 0336-2500862","",""
"Unity Physical Therapy","761","Performance, wellness, and injury recovery information by an orthopedic clinical specialist physical therapist. 

DISCLAIMER: The video content has been made available for informational and educational purposes only. It is general in nature and is not intended to be medical advice, nor does using it create a physical therapist-patient relationship with you.  Before starting, consult your own healthcare provider for a proper diagnosis and to ensure this content and any included products are safe and appropriate for your own medical and physical condition. Never disregard professional medical advice or delay in seeking it because of something you have read or seen on the Site. Unity Physical Therapy, PC and Dr. Shayan Safar make no representations about the accuracy or suitability of this content for you. By voluntarily using this content, you assume all risks for any resulting losses, injuries, or damages.","",""
"Identity Physical Therapy","755","","",""
"pediatric_physical_therapy","744","we are pediatric physical therapy center with experience up to 15 years in pediatric physical therapy. we specialize in pediatric physical therapy. our aim is to give help and support to all children with special needs. our pediatric physical therapy center treat all pediatric cases with cerebral palsy and motor delay, with many good results. you can see before and after treatment videos. 
contact
002-01100666243
002-01002172975

pediatric physiotherapy dubai,Child Therapy Dubai,Physical Therapist in Dubai,Pediatric Center UAE,childrens clinic,pediatric gastroenterologist dubai,pediatric orthopedic clinic,orthopedic clinic dubai,genetic clinic dubai,genetic testing dubai,Osteopathy Clinic,Intensive Psychotherapy,Intensive Treatment,Physiotherapy Clinic,Cuevas Medek Therapy,Cuevas Medek Excercise,Medek Exercise,Speech Therapy,Speech And Language Therapy,Speech Therapy - Kids,Stuttering Treatment,Speaking Therapy,Lego Therapy - Autism","",""
"ACAPT","743","The American Council of Academic Physical Therapy (ACAPT) represents the voice of academic PT.  ACAPT organizational members are physical therapy programs at educational institutions and their clinical affiliates.  Individual members are PT faculty, deans, chairs and clinical educators.","","United States"
"Tails Of The Roans","741","Welcome to the channel of Bellamy -- the 29yo flying veteran.

Bellamy is a 29yo Connemara cross still loving life and living it to the max! 

This channel is all about us and our adventures through life. Bellamy is an all rounder dipping his toes into the worlds of dressage, showing, eventing, show jumping and even fancy dress! 

We have a very varied activity schedule and you will find everything here from finding a show to suit your horse, to plaiting tips to one day event vlogs. 

He adores jumping - me less so! 

But we both hope you enjoy coming along with us on our many and varied travels.

I hope you enjoy.","","United Kingdom"
"FerrellWhited","740","All things Physical Therapy.  Serving Greater Cleveland Ohio, Physical Therapy Clinic.  Medina, Brunswick, Montrose and more...","",""
"Canine Rehabilitation & Conditioning Group LLC","731","Canine and Feline Physical Therapy (Rehabilitation)","",""
"PRO+ Sports Medicine Education","730","PRO+ Sports Medicine Education is a practical learning platform for physical therapists, athletic trainers, students, strength coaches, and sports medicine professionals.

Led by orthopedic and sports clinical specialist, Dr. Russell Linville, DPT, this channel provides high-yield education on:

• Orthopedic special tests
• Anatomy and palpation
• Sports rehabilitation
• Return-to-sport testing
• Exercise prescription
• Manual therapy
• Throwing athlete rehab
• Clinical reasoning

Our goal is simple: help clinicians evaluate better, treat smarter, and build confidence in orthopedic and sports physical therapy.

Subscribe for evidence-based sports medicine education, rehab demonstrations, clinical assessments, and practical tools you can use immediately in the clinic.

Learn more at pro-plus.co","","United States"
"Ogden Regional Medical Center","728","For HCA Healthcare Internal and External Digital Media Guidelines, please visit https://hcahealthcare.com/about/digital-media-guidelines.dot","",""
"The Children's Institute of Pittsburgh","722","The Children's Institute is dedicated to promoting the well-being of young people and their families and providing services that meet their special needs.

Established in 1902, The Children’s Institute of Pittsburgh is an independent and licensed nonprofit organization whose mission is: To Heal. To Teach. To Empower. To Amaze. The passionate team at The Children’s Institute is dedicated to the amazing kids and families they serve, helping children to reach their full potential through educational services, autism services, outpatient physical and behavioral health services, family support services, and early intervention.","",""
"ASPH Physiotherapy","721","The physiotherapy service serves the population in the areas surrounding Ashford and St Peters Foundation NHS trust, for both in patient and out patient care.
The aim of physiotherapy is to assist patients of all ages in identifying and maximising their movement potential and improving their quality of life.

We have a variety of in patient teams including respiratory/medical, surgical, orthopaedic, neurological and paediatric teams, who cover all acute admissions at the St Peters site, and offer quality post-operative and rehabilitation services at the Ashford hospital site.


These videos were developed for patients attending ASPH Physiotherapy.  You can follow the advice provided within these videos at your own risk and seek professional physiotherapy advice to help further if required.","","United Kingdom"
"Dr. Britton Bradberry","703","","",""
"AllAboutAnimalsTV","701","All About Animals is an Australian TV show about all types of pets and animals. Follow Olivia and jake as they visit some amazing creatures from endangered species to native animals and all types of pets.","",""
"Applied Posture Riding Annette Willson Physiotherapist","691","Annette Willson is the Author of Applied Posture Riding a unique training program for horse riders.","","Australia"
"Dope Amine","669","","",""
"Advanced and Preferred Physical Therapy","666","At Advanced and Preferred Physical Therapy, our conservative approach allows for successful rehabilitation of musculoskeletal conditions. Treatment programs are designed to meet the specific rehabilitation needs of the individual. This will enable the patient to return to maximum performance in work, athletics, and everyday activities.

We created this YouTube account in an effort to provide education and information to the community. If you have any questions or topic requests, please let us know!","","United States"
"Margot Physiotherapy","663","I am a chartered Physiotherapist who is passionate about empowering my clients to maximise their bodies potential. Our bodies are truly amazing and its up to you to look after your own.

My main aim of this channel is to provide short informative videos for my clients to access as and when they are required. 
I hope you enjoy watching them as much as me and my son did making them!","","United Kingdom"
"MSSTATE VetMed","656","","",""
"healthclick","655","Healthclick artists have contributed to over 10,000 advertising campaigns across the world with medical illustrations and content. Our videographers, and content developers, have created over 5,000 major advertising campaigns for leading medical facilities, nonprofits, and private practices in the US. North American Seminars delivers Occupational Therapy and Physical Therapy Continuing Education to practitioners and organizations to facilitate better care and improved outcomes for patients.  healthclick is the website of North American Seminars, Inc. 
We provide continuing education for occupational and physical therapists. The content is not intended to be a substitute for professional medical advice, diagnosis, or treatment, and does not constitute medical or other professional advice. Reliance on any information provided herein is solely at your own risk.","","United States"
"Allied Physical Therapy","653","We are your Wellness Connection! Offering helpful tips to keep you doing what you love – without pain and without invasive surgeries or dangerous drugs. We're all about getting you back to what you love! *Disclaimer: The information provided in these videos is intended for your general knowledge only and is not a substitute for professional medical advice or treatment for specific medical conditions. You should not use this information to diagnose or treat a health problem or disease without consulting with a qualified healthcare provider.","","United States"
"Splodge Productions","652","Youtube Channel for Presenter/Producer Laura King","",""
"South African Equestrian Federation","641","Welcome to the official South African Equestrian Federation (SAEF) YouTube channel. 

SAEF is affiliated to SASCOC and represents the Equestrian Sport of South Africa.","","South Africa"
"Helen Morrell","641","Instructional Veterinary Physiotherapy videos by Veterinary Physiotherapist Helen Morrell.

Surrey Vet Physio are a specialist provider of Equine Physiotherapy and Pet Physiotherapy services in Surrey, Hampshire and West Sussex.

© 2013 Veterinary Physiotherapy and Animal Physiotherapy by Surrey Vet Physio","",""
"Annette Willson","635","","","Australia"
"Your Natural Dog","630","Your Natural Dog is your natural resource for holistic pet info. Stop by here regularly to find new videos about common pet health issues and how to best support your pet without harmful ingredients and medicine.","",""
"StartTV","627","Watch video guides about products in the Start family.

Start is a digital careers platform created by careers guidance company U-Explore.","","United Kingdom"
"Cardiff University School of Healthcare Sciences","621","We are dynamic, innovative and forward looking. We are recognised for our excellence in learning, teaching and research.

We are committed to the development of impactful healthcare knowledge that directly improves health outcomes and healthcare for patients and families. Our activities encompass a broad range of healthcare sciences including: Midwifery, Nursing (Adult, Child and Mental Health), Occupational Therapy, Physiotherapy, and Radiography (diagnostic and therapeutic).

We pride ourselves on pursuing research and scholarship of the highest quality, and we are one of the leading healthcare research departments in the UK. Our unique, multidisciplinary nature provides a rounded experience for our students, ensuring they become skilled, knowledgeable and compassionate healthcare professionals committed to an ethos of evidence-based care.

http://www.cardiff.ac.uk/healthcare-sciences","","United Kingdom"
"Physio With Joseley","612","This channel provides clear, evidence-informed education on pain, rehabilitation, movement, and exercise.

Led by Joseley Thomasraj, a licensed physiotherapist with a Bachelor’s and Master’s degree in Physiotherapy, over 20 years of clinical and teaching experience, and published research in the field. He currently practices in Canada.

Videos are designed for both patients and healthcare professionals, translating current research and clinical experience into practical, easy-to-understand guidance.

Topics include:
• Pain science and recovery
• Exercise therapy and movement education
• Strength, mobility, and balance
• Injury prevention and long-term function
• Rehabilitation across the lifespan

Disclaimer: Content is for educational purposes only. It is not a substitute for professional medical advice, diagnosis, or treatment. Always consult a licensed healthcare provider before attempting any exercises or interventions. Use at your own risk.","","Canada"
"KORT Physical Therapy","611","KORT is Kentucky's premier provider of outpatient physical and occupational therapy specializing in orthopedics, sports and industrial medicine. Since 1987, KORT has provided clinical and customer service excellence to patients in our clinics, at employer sites, and with high school, college, and professional sports teams.","",""
"Writtle University College","609","Writtle University College is a leading provider of land-based, animal, environmental, design and sport education in the UK.

We are set on a stunning countryside estate with landscaped gardens, animal units, a working farm, sports facilities, research laboratories and design studios, in addition to many other specialist teaching facilities. Located in rural Essex, we are perfectly situated just two miles from the city of Chelmsford. 

Our lecturers work closely with industry to create courses that are relevant to today’s world and meet the modern demands of a fast-paced and changing environment. Our students are more than just a number to us and we take great pride in providing an academic experience that allows our students to flourish and achieve their career ambitions.","","United Kingdom"
"CommonSpirit - Kentucky","603","Rooted in the unshakeable belief we all hold the power to heal. Saint Joseph Health is becoming CommonSpirit Health.","","United States"
"Judy Wang, PT, DPT","600","Physical Therapist for children, specializing in babies and toddlers. Physical Therapists are movement experts. We address everything that may affect a child's physical development and movement. If you have specific questions related to baby development please let us know! For more info, please visit: http://www.lilpeanutsphysicaltherapy.com","info@mysite.com; judythePT@gmail.com",""
"Campbell College of Pharmacy & Health Sciences","599","","",""
"Dr. Laiba Sohail, PT","588","I made this channel to support, inspire and motivate my juniors. Hope my little effort will help you all.","",""
"Resurge Veterinary Surgery and Rehabilitation","588","Resurge Veterinary Surgical Specialists and Rehabilitation, LLC  provides personalized, intimate care for clients with pets needing treatment for orthopedic, neurologic and soft tissue conditions.","","United States"
"Jean Joaquim","579","Channel of Animal Acupuncture and Rehabilitation with Physical Therapy
- Acupuntura Veterinária - Reabilitação/ Fisioterapia Veterinária","",""
"Dr_Yana_equinevet","577","Rehabilitation of horses and dogs. Veterinarian, dressage rider, owner of 5 horses, two ponies, 5 dogs
Animal bodywork: 
Massage, physiotherapy, P-DTR, manual and instrumental fasciae release, in-hand gymnastics, osteopathy, aroma therapy, biomechanic training, natural hoof trimming, saddle fitting etc","",""
"Anna Srutova","571","Anna Srutova Veterinary Physiotherapy
MSc Vet Physio, FEI permitted equine therapist

Specialist in animal rehabilitation, promoting health of the musculoskeletal system and optimising performance with passion, science-based methods and individual approach.

www.vetphys.info
https://www.instagram.com/vetphys/","vetphys.info@gmail.com",""
"Samaritan Medical Center","562","Samaritan Medical Center (Watertown, New York) is a 294-bed community medical center. Affiliated facilities also include a 272-bed and 288-bed long term care facilities, community healthcare clinics and satellite testing services. Samaritan's mission is to offer a full range of high quality, comprehensive, and compassionate healthcare services to meet the needs of the military and civilian community. The organization's strong commitment to its mission is accomplished through the dedication of over 2,000 employees and 180+ physicians in 40 different medical specialties.","",""
"Medical Marvels Official","559","","",""
"Atlantis Physical Therapy & Balance Center","553","Atlantis Physical Therapy has been your neighbor in the South Bay since 1981. Our experience in rehabilitation has helped thousands of local residents recover from a long list of orthopedic and neurological problems. Returning patients to their life pursuits is a personal goal for us and a source of great satisfaction for our entire staff. 

Specialties Include:
Orthopedic & Sports Injury Rehab
Pre & Post Surgical Rehab
Senior Fitness
Brain Health & Fitness
Neuro Rehabilitation
Balance, Gait & Posture Training
Senior Cognitive Training
Osteoporosis Management
Vestibular/Vertigo/Dizziness
TMJ
Cranio-Sacral Therapy
Hand/Wrist/Upper Extremity Therapy
Work Injury Management
Functional Capacity Evaluation","","United States"
"NESeminars","525","","","United States"
"Catalyst Physical Therapy","523","Welcome to Catalyst Physical Therapy! We specialize in pelvic health and orthopedic physical therapy, helping active adults, especially moms, move confidently and live without pain. Our expert, hands-on approach focuses on finding and treating the root cause of dysfunction—not just the symptoms—so you can achieve lasting results. As part of our commitment to health and wellness, we share exercise instruction videos to empower everyone with the tools they need to feel their best. 

If you need personalized care, call our office today to schedule an in-person or telehealth appointment!","admin@catalyst-physicaltherapy.com; amberbartz@catalyst-physicaltherapy.com","US"
"Global Physio Academy","520","physiotherapy license preparation classes# Canada# USA----1st step towards success.","",""
"Pitt SHRS","513","The University of Pittsburgh School of Health and Rehabilitation Sciences (or Pitt SHRS) is known for its excellence in academic and clinical education, and high-impact, multidisciplinary research. SHRS is home to five nationally ranked graduate programs and world-renowned faculty and clinicians within all areas of the health sciences. Our mission is to advance health and rehabilitation through research, teaching and professional service.","","United States"
"Natur Tyme","509","THE NATUR-TYME DIFFERENCE
• Healthy smoothies, Organic Coffee, Nutritious juices
• Eco-friendly & toxin-free Enhanced Beauty Salon
• Complimentary consultations with Health & Wellness Educators
•Vitamins/supplements/herbs/homeopathics
• Natural personal care and householdcleaning products
• Eco-merchandise (bed & bath/clothing)
• Bulk foods/herbs
• Pet food and supplements
• Gluten-free
• Wheat-free
• Vegan

Contact us:
Phone: 315 488-6300
Fax: 315 488-6336","",""
"Active Animal Physiotherapy Dr Lesley Goff","508","Dr. Lesley Goff is one of the world’s leading Animal Physiotherapists, currently balancing her animal physiotherapy practice with presenting at vet/physio conferences and lecturing/teaching to physiotherapists and equine science students. Lesley’s career as a physiotherapist spans over 20 years in which time, following her initial physiotherapy degree, she has completed master’s level degrees in Manipulative Physiotherapy, Exercise and Sports Science and Animal Physiotherapy. More recently Lesley completed her doctorate at the University of Queensland, paving the way for further research into the equine sacroiliac joint.Dr. Lesley Goff is often consulted by, and provides training for other practitioners in the area of sacroiliac joint injury. She has been involved in teaching on the Animal Physiotherapy masters degree at University of Queensland and has lectured to both veterinarians and physiotherapists, and presented courses in Australia, Scandinavia, USA, South Africa and the UK.","","Australia"
"Progressive Pediatric Therapy","506","Experts in pediatric therapy. Physical Therapy, Occupational Therapy, Speech Therapy, Feeding Therapy, AAC Evaluations, Equipment Clinics, Orthotics Clinics. Providing home programming to families.

Want to stay informed? Subscribe to our channel. Follow us on Facebook and Instagram @ProgressivePedTherapy 

Interested in learning more?  Contact us 561-376-2573 or check out https://www.ppt4kids.com/","","United States"
"Physio Medica Hub","493","""Welcome to the Physio Medica Clinic Team (PMC Team) 🌿 This group is dedicated to physiotherapy professionals, students and enthusiasts who want to learn, share knowledge, and grow together. We will be organizing webinars, seminars, and workshops on physiotherapy and holistic health. Let’s collaborate, inspire, and make a difference!""

YouTube Channel:
https://youtube.com/@physiomedicahub?si=wHD1jkEDy3Du06qh","","Pakistan"
"NS Health | sanakey · physiokey · medkey · equine","490","Welcome to NS Health – your hub for real results with bioadaptive impulse therapy.

Here you’ll find expert how-to videos, treatment protocols, and client success stories using the sanakey, physiokey, and medkey devices — including powerful applications in Key Equine Therapy.

We share:
🌀 Self-treatment tutorials for common pain conditions
📘 Device tips, program walkthroughs & accessory guides
✨ Stories from real people finding lasting relief
🐴 Real-world results from equine therapy 

Whether you’re a health practitioner, therapist, or home user, our channel will help you get the most from your Key Therapy device — for pain relief, recovery, and performance.

👉 Learn more at www.nshealth.com.au | www.keytraining.online

Subscribe and activate the bell for new protocols, case studies, and updates from the world of adaptive pain therapy.","","Australia"
"Red Light Therapy","486","Welcome to Red Light Therapy Kits .  We are an Australian company dedicated to the production of high quality red/infrared light therapy pads products for both humans and animals alike.   We post videos on how to effectively use our products - the many uses and applications.","","Australia"
"San Joaquin Valley Rehabilitation Hospital","482","Medical rehabilitation is a necessity for many patients dealing with serious injury or illness in order to make a maximized recovery. San Joaquin Valley Rehabilitation Hospital offers long-term inpatient and outpatient physical therapy services that traditional medical centers do not have the time or resources to provide their patients. Whether you are staying with us overnight for the foreseeable future or coming in daily for your therapy session, our team will provide you with focused, personalized care that addresses your specific medical needs and goals.","","United States"
"Animal Physiotherapy Ltd","477","Animal Physiotherapy Ltd is a company offering physiotherapy and rehabilitation to dogs, cats rabbits and other amazing things from Elephants to Skunks! 
Watch our business evolve. We have been here 17 years already. So we have all sorts of content. But most recently, our favorite is our interviews! Subscribe and you can join us too! We interview vets live to find out all about the human behind the vet! 
We also have other things like hints and tips for getting the best out of your animals mobility, and interviewing all sorts of people in the animal world.
We will also do some live streaming of some patients being treated too as its so awesome to watch!","","United Kingdom"
"WellSpring School of Allied Health","461","Health and wellness have been the total focus of WellSpring since the school's founding in 1988. While massage therapy was the original focus of the school, today we have a state-of-the-art programs in Medical Assisting, Personal Training & Wellness  that prepares graduates to be certified as a Personal Trainer and to compete for openings at top health clubs and fitness centers across the country.","",""
"TampaBayVets","450","","",""
"PetAbility Podcast","449","This is a must-hear podcast for pet owners wanting access to the latest in pet quality of life and longevity. Whether your pet has fur, feathers, scales or shells, Cathy and Chris believe in treating your pet as a whole, both mind and body. Continuing a collaboration that began in 2003, Cathy and Chris share the gift of gab as well as their network in the pet rehab community. Using their vast expertise as Certified Canine Rehabilitation Practitioners (CCRPs), Cathy Symons CVT, CCRP, and Chris Cranston MPT, CCRP, offer relevant information and provocative interviews on their podcast, PetAbility. With an emphasis on mobility and independence, their show is about improving function, restoring confidence, alleviating fear, providing mental stimulation, and easing pain to help your pets live their best lives.","","United States"
"Covid Physical Therapy","444","The Covid Physical Therapy website and Covid Physical Therapy YouTube Channel were created as resources for those who are no longer critically ill but who are still recovering and may not have access to rehabilitation services or high quality guidance. All the information provided here is evidence-based and as up to date as possible. We hope it helps on your road to recovery.

For additional information, resources and handouts, please see the companion website: https://www.covidphysicaltherapy.org

DISCLAIMER:
The videos and information provided through www.covidphysicaltherapy.org and the Covid Physical Therapy YouTube Channel are not medical advice or a treatment plan. They are intended for general education and demonstration purposes only and should not be used to self-diagnose or self-treat any health, medical or physical condition. Please do not use this or any video to avoid going to your own","","United States"
"VCU College of Health Professions","442","","",""
"Perraton Physio","432","Evidence-based management for musculoskeletal and sports injuries.

On this channel you will find:

🔹 Patient exercise & rehab videos
Exercises commonly used in physiotherapy to manage pain, improve strength, and support recovery.

🔹 Injury education & prevention
Practical explanations to help you understand your condition and make informed decisions about rehabilitation.

🔹 For practitioners & students
Selected episodes from the Physio Foundations podcast, exploring clinical reasoning, evidence, and professional development in physiotherapy.

We are Zuzana and Luke Perraton, a husband-and-wife team each with 20+ years’ experience in physiotherapy clinical practice, research, and university teaching.

▶️ Subscribe for new videos:
https://www.youtube.com/channel/UCz_Dmvd9wVxpoVN5Dpnx76w?sub_confirmation=1

🔗 Connect with us: @PerratonPhysio

⚠️ This channel provides general information only and does not replace individual assessment or advice from a qualified health professional.","luke@perraton.physio","Australia"
"Salt Lake Animal Physical Therapy","429","","",""
"Ephraim McDowell Health","425","","",""
"Bellin College","420","Founded in 1909, Bellin College has a distinguished reputation for providing students with a quality education which prepares them for the demands of the rapidly changing health care environment. The College has continually restructured its nursing program and also added a radiologic sciences program to meet health care changes. This devotion is seen in Bellin College's rich heritage and commitment to nursing and education. 

Bellin College is dedicated to preparing health-care professionals by providing an intellectually stimulating environment focused on leadership, community service, and lifelong learning that promotes excellence in health-care practice and the advancement of the profession.","","United States"
"Heartspring","420","Welcome to the official channel for Heartspring! 

You’ll find videos and information regarding our Pediatric Outpatient Clinic, Therapeutic School, and Community Engagement program efforts that feature our experts on pediatric neurodevelopment.  

We provide comprehensive support for children with neurodevelopmental delays and disorders — including speech, hearing or motor development issues, general developmental delays, intellectual and learning challenges, autism spectrum disorder, ADHD, and more. 

Children who receive therapies at Heartspring can build mobility and strength, develop daily living skills, language and communication , improve behaviors and social interactions, and gain greater independence. 

Our interdisciplinary therapies include audiology, applied behavior analysis (ABA), behavioral health, feeding therapy, occupational therapy, physical therapy, and speech-language therapy.","info@heartspring.org","United States"
"Boundary Bay Veterinary Specialty Hospital","415","Boundary Bay Veterinary Specialty Hospital - headquartered in Surrey, BC and with a sister hospital in Bellingham, WA - offers board-certified veterinary surgery, oncology, cardiology, neurology, internal medicine, diagnostic imaging and 24/7 emergency veterinarian critical care. As a certified VECCS Level 1 facility and a VetCOT Provisional Trauma Center, we are staffed, equipped, and trained to handle the most severe traumas and emergencies for dogs, cats and other small mammals.","humanresources@bbvsh.com; info@bbvsh.com; marketing@bbvsh.com","Canada"
"Tallo","414","Tallo bridges the gap between talent and opportunity, empowering both individuals and organizations to transform uncertainty into confident, purposeful connections. 
 
For talent seekers, we're a modern recruitment platform that connects talent-driven organizations with skilled candidates, moving beyond reactive hiring to proactive talent discovery. 
 
For individuals ages 13-30, we serve as a trusted guide through career exploration, skill development, and meaningful connections that align with their unique abilities and goals. 
 
Our mission is to enable individuals to explore careers, build valuable credentials, and ultimately secure roles that lead to better lives. We envision being the co-pilot that helps navigate from career uncertainty to confident action, providing the tools and connections for lasting success.","","United States"
"AC","410","","",""
"Osteoarthritis Relief Hub","405","Welcome to Osteoarthritis Relief Hub! This channel is dedicated to providing you with essential information about osteoarthritis, including symptoms, joint pain management strategies, causes of osteoarthritis, and treatment options. We also cover topics such as exercise for joint health, osteoarthritis medications, weight management, and specific considerations for knee and hip osteoarthritis, as well as physical therapy techniques. Our goal is to support you in living well with osteoarthritis through accessible and informative content.

DISCLAIMER: The content presented on this channel is independently created and not affiliated with any brands, products, or organizations mentioned. All trademarks belong to their respective owners. This material is intended for informational purposes only; please consult official sources and healthcare professionals for advice tailored to your situation.","","United States"
"Backstage Vet","403","BackStage Vet, hosted by Dr. Kathy, is where veterinary expertise meets engaging storytelling. As a seasoned veterinarian with an advanced degree in canine and feline practice and two decades of experience with all types of pets—Dr. Kathy blends science, curiosity, and communication to deliver insights in her signature 'Edutainment' style.

Renowned by her clients as an unparalleled medical detective, she combines her scientific knowledge and stage presence honed during her previous career as a musician / entertainer. This unique blend makes her content not only informative but also highly engaging and memorable.

While most medical topics are explored in the BackStage Vet studio, others take viewers on adventures around the world. Whether you're a new or experienced pet parent facing a medical challenge or simply curious about general pet topics, BackStage Vet is your go-to channel for expert advice, fascinating insights, and a deeper understanding of pets.
#backstagevet #doctorkathy","","United States"
"Jordon Millward","396","A channel discussing education and personal development to support your progress into the next chapter of your career. I'll be sharing with you a variety of tips and hints I've learned through my career in academia and as a lecturer.","","United Kingdom"
"Houghton Physical Therapy","390","Houghton Physical Therapy offers customized, one-on-one treatment and rehabilitation of orthopedic, neurological, work-related, and motor vehicle injuries. We offer a modern 3200sq. ft. facility, private treatment rooms, state-of-the-art equipment, and a passion for healing.
Many people are unaware that they do not have to live with chronic pain, such as headaches, back, and neck pain, and foot pain. Physical therapy can successfully treat these common daily ailments along with many other types of injuries, like sprains, strains, fractures, pre/post-surgical conditions, and sports injuries. Houghton Physical Therapy works with your body to increase strength, flexibility, and tolerance of everyday activities. This channel is a visual platform designed to educate people on how to take preventative measures to avoid injury through an active lifestyle and develop healthy daily habits to have more energy and longevity in life!","","United States"
"Sports Jobs","389","Welcome to Sports Jobs, your go-to channel for everything related to career opportunities in the sports industry. We cover a variety of topics, including Sports Career Paths, Athletic Trainer Roles, Sports Coaching Jobs, Fitness and Wellness Careers, Sports Management Positions, Sports Marketing Roles, Event Coordination in Sports, Sports Broadcasting Jobs, Strength and Conditioning Careers, and Sports Analytics and Data Roles. 

Our mission is to provide you with the information you need to navigate your career in sports with confidence. Whether you're exploring new opportunities or seeking guidance on specific roles, we've got you covered.

DISCLAIMER: This content is independently created and not affiliated with any brands, products, or organizations mentioned. All trademarks belong to their respective owners. While we strive to share accurate information, please ensure to verify current details through official sources.","","United States"
"ProHealth Care Careers","388","At ProHealth Care, we offer a culture that's warm, welcoming, and vibrant. Additionally, we offer a generous benefits plan and resources to help you further your education. After all, it's the way you should be treated. 

Culture is built every day, and we want you to be a part of this. If you're like us and are passionate about providing exceptional patient care, we'd like to meet you! We hope that you'll click around, get to know us, and will soon #beginyourstory with ProHealth Care.","",""
"Paws in Motion","381","Animal physiotherapy or rehabilitation is an important component of the treatment for many musculoskeletal (muscle, bone, joints, soft tissues) and neurological conditions seen in dogs, cats, rabbits and exotic pets.

Dr Jane McNae, owner of Paws in Motion, Veterinary Physiotherapy, is both an experienced Veterinary Surgeon and also Hong Kong’s first Certified Canine Rehabilitation Therapist. Working in Hong Kong for 20 years, she has examined, diagnosed and treated with medicine and surgery all the common conditions your pet may suffer.

Follow Paws in Motion online:

Web:www.pawsinmotion.hk
Facebook: Paws in Motion Veterinary Physiotherapy https://www.facebook.com/pawsinmotion.hk/
Instagram: Paws in Motion HK https://www.instagram.com/pawsinmotio...","","Hong Kong"
"River Canine Rehabilitation","376","River Canine Rehabilitation, located in Springfield, Missouri is the premiere rehabilitation facility for pets in the Southwest Missouri area.  Kara Amstutz, DVM, CCRT, CVPP is not only a certified rehab therapist, but also a certified pain practitioner for pets.  She and Linda MacDougall, CCRA work together to relieve pain, improve function, and build strength for pets. If your pet has suffered an injury, has had (or needs to have) surgery to repair back or joint injury (such as cruciate ligament injury or IVDD), suffers from osteoarthritis,  or is overweight and needs to get into shape - WE are the place for your pet! We also help working or agility dogs condition to increase endurance and cardiovascular health.  Don't forget cats - we help them too!

www.rivercaninerehab.com
2215-A  West  Republic Road
Springfield, MO 65807
417-883-7297","","United States"
"Atlas Rehabilitation for Canines","375","Inspiring others through the art and science of Animal Physiotherapy.","",""
"Hafeez Health","374","Hafeez Health is a public platform focused on improving the patient's outcomes by empowering the professionals with global educational, clinical, research and innovation resources.","",""
"ReQuest Physical Therapy","374","When your doctor refers you to physical therapy, you have the right to choose where you go. ReQuest Physical Therapy offers thousands of reasons to choose us as your physical therapy provider.

We offer more than a dozen outstanding therapy programs for everything from arthritis and aquatic therapy to weight loss, cancer recovery, sports rehabilitation, and stroke recovery. 


Our compassionate staff will be there to help motivate you every step of the way throughout your rehabilitation and recovery.
We have two convenient locations:

Main Center • 4820 Newberry Road, Gainesville, FL 32607
Call 352-373-2116 • Fax 352-373-1507 

Tioga • 12830 SW First Lane, Suite 100, Newberry, FL 32669
Call 352-692-2131 • Fax 352-331-3221","",""
"Therapy4Horses","372","Maria Ines Gay da Fonseca Allgayer is a Brazilian DVM and Equine Therapist with larger experience as an equine practitioner for more the 20 years. She has worked as a veterinarian in equine clinic and surgery in several equine practices and Stud Books in Brazil from 2000 to 2004. In 2005, Dr. Allgayer opened her own practice “Equivet” and in 2007 she opened her first Equine Rehabilitation Center. 
In 2011, she moved to the U.S. and opened her first Equine Rehabilitation Center, Therapy4Horses, Oklahoma. 
In 2016, Dr. Allgayer was invited to be member of the Veterinary Equine Therapist Team for the Olympic International Committee of the 2016 Olympic Games in Rio de Janeiro, Brazil.
 In 2018, she was a member of the Uruguayan and Argentinian Veterinary Team for the World Equestrian Games held in Mill Spring, North Carolina, U.S. 
Since 2014, she has been offering courses in Equine Rehabilitation in her own facilities.","",""
"Southern Union State Community College","370","Southern Union State Community College, an open admission, public two-year college and member of the Alabama Community College System, provides quality and relevant teaching and learning in academic, technical, and health science programs that are affordable, accessible, equitable, and responsive to the diverse needs of its students, community, business, industry, and government.","","United States"
"Tru Cryo","369","TryCryo is a UK based company whose mission is to use our combined years of design and engineering experience to develop innovative solutions for professionals.
Our cryo stimulation device is a technological solution using targeted, rapid cooling and pressure to cause “Thermal Shock”. 
TruCryo manufacture  revolutionary cryotherapy products in many professions from Physiotherapy, Dermatology, Tharapists, Nurses, Doctors and Vets to name a few. 
With its wide range of nozzle attachments and hose lengths our TruCryo device gives you the versatility for different treatments that are effective, safe and predictable.","","United Kingdom"
"Summit Professional Education","363","The Continuing Education You Want – High quality content available in a variety of formats: live webinars, on-demand video and text, and in-person. https://summit-education.com","",""
"HolisticVets","357","Our mission at Holistic Veterinary Care is to enhance your pet's quality of life by providing a complementary and holistic approach to healing and well being. Holistic Veterinary Care brings balance to the whole body with techniques such as acupuncture, herbal medicine, chiropractic, Pulsed Signal Therapy and nutritional counseling. Animals can experience meaningful improvement and deep healing that reaches the root of the problem - all through natural means with no side effects. And even when disease is not completely eliminated, oftentimes pets can enjoy vastly more comfortable and carefree lives through holistic treatment. Holistic medicine can often help when conventional treatment is unwanted or unsuccessful. Our videos give a glimpse into some of the many treatment modalities we offer here at Holistic Veterinary Care. Thank you for watching!","",""
"Northern Rehab Physical Therapy Specialists","357","Northern Rehab Physical Therapy Specialists is a privately-owned outpatient physical therapy clinic. Established over 45 years ago in 1978, Northern Rehab has earned its reputation as a provider of both primary and specialty orthopedic and sports physical therapy offering cost-effective, hands on care in a fun, friendly clinical atmosphere. With our diverse staff of specialists, Northern Rehab provides a wide range of physical therapy treatment for our clients, and additional programs and educational services for the communities we serve. Voted Best Physical Therapists in DeKalb County annually since 2012.

 See our convenient locations to serve you better:

 3266 Sycamore Road
 DeKalb, IL 60115
 (815) 756-8524

 540 E. Main Street, Suite 5
 Genoa, IL 60135
 (815) 784-6417

 1211 Currency Court, Suite 1
 Rochelle, IL 61068
 (815) 562-3299","","United States"
"The Brisbane Spine Clinic","352","Want to learn more about headaches, migraines, chronic back pain, neck pain, second-opinion to spinal surgery and non-invasive treatment options? You've come to the right channel. 

The Brisbane Spine Clinic exists to offer each of our clients the highest level of education and care through effective, individualised and compassionate treatment techniques for all spinal related conditions. 
We welcome clients throughout Brisbane and regional Queensland.","","Australia"
"Animal Rehabilitation and Health Academy","351","At the Animal Rehabilitation and Health Academy we provide Equine and Canine Rehabilitation courses and continued professional development/continued education for animal therapists, veterinary nurses and veterinary surgeons.","","United Kingdom"
"USC Arnold School of Public Health","350","Advancing the drivers of health for thriving communities, for over 50 years. 
We're the only accredited school of public health in South Carolina, making a vital impact through innovative research, education and outreach program, preparing future scholars and training the nation's public health workforce.","","United States"
"NHS Norfolk and Suffolk ICB - Suffolk","350","We are the NHS Norfolk and Suffolk Integrated Care Board (ICB). We plan and buy healthcare services for a population of over 1.7 million people.","",""
"Munachimso Bravehearth Enwereji","349","","",""
"Perth Equine Vets","349","At Perth Equine Vets, we are passionate about client education, so we can improve the welfare of horses, together.","Info@perthequinevets.com","United Kingdom"
"GSPP Rehabilitation","349","GSPP Rehabilitation, Official Therapy Provider for Penn Medicine, delivers a variety of services across 30 locations in the city and suburbs of Philadelphia and parts of New Jersey. We're a joint venture between Penn Medicine and Good Shepherd Rehabilitation. #WeStandConnected","",""
"Therapy SPOT Bellaire","346","","","United States"
"Dr. Ashley | Peds PT","344","Welcome to The PT Mama! No medical advice!
I’m Ashley: a pediatric physical therapist, mom of two, and your go-to for real talk on baby and toddler development.

On this channel, I break down everything from motor milestones to baby products, and parenting myths.. without the fluff or fear-mongering. Whether you’re trying to figure out if your baby should be standing yet, questioning that viral TikTok “hack,” or navigating baby toy decisions, I’ve got you.

I’m here to help you feel informed, confident, and supported.. while keeping it honest, educational, and sometimes a little savage (in the best way).

🍼 Subscribe and let’s raise kids who move with confidence.. from day one.

https://linktr.ee/theptmama","",""
"kentuckianaworks","342","KentuckianaWorks oversees the region's system of career centers where job seekers can find jobs and education and training opportunities and apply for unemployment insurance. Career centers also help employers meet their workforce needs by linking them with qualified employees. Learn more at kentuckianaworks.org.","","United States"
"Veterinary Rehabilitation Services of Virginia","338","At Veterinary Rehabilitation Services of Virginia we help animals recover from injury, illness or surgery and live comfortably through all stages of life with the use of skilled rehabilitation therapy. 

Through our educational and tutorial videos we aim to bring virtual rehabilitation education to you at home!","","United States"
"Kustom Career with Josh","337","Hey-Josh here! I'm a rehabilitation counselor; my job is to help people explore and select new careers that fit within their own unique set of skills and interests. Thats a fancy way a saying, I'm gonna help you find out about careers that you can succeed in and that pay well. As the founder of Kustom Careers, I will be presenting you with brief and informative videos on many of todays best careers. In addition, I focus on careers that only require a year or two of training and then you'll be on your way working in your new career. It might come as a surprise to some of you but the training for many of these great careers can be found at your local community college at a fraction of the cost of a college or university. Anyway, I'm really glad you found my channel, thanks so much for checking it out. Don't forget to hit that like and subscribe button and let me know in the comments section below the videos you'd like to see in the future.

Thanks,

Josh","","United States"
"PhysioSPEAK","335","PhysioSPEAK is an online collection of interviews of noteworthy physiotherapists that are meant to provide a glimpse of what life is like outside of academia and clinical practice.","","Canada"
"Western Health Sciences","326","The Faculty of Health Sciences (FHS) is located at Western University in London, Ontario. Our faculty is committed to bettering the human condition through outstanding training of health professionals, the education of students in the fundamentals of health, disability, and sport, and through the actions of our graduates who integrate the art and science of their disciplines.

With our seven schools, we are one of the broadest interdisciplinary schools in all of Canada:

Brescia School of Food and Nutritional Sciences
Communication Sciences and Disorders
Health Studies
Health & Rehabilitation Sciences (Graduate Program)
Kinesiology
Nursing
Occupational Therapy
Physical Therapy

Innovation is here.
Experience is here.
Opportunity is here.

We are the Faculty of Health Sciences.
Welcome home.

🔔Connect with FHS: 
Visit the FHS website: https://www.uwo.ca/fhs 
Follow FHS on Facebook:   / fhswestern  
Follow FHS on Instagram:   / westernufhs  
Connect with FHS on Linkedin:   / westernufhs","",""
"The Open College of Equine Studies","323","Distance and blended learning courses.

The Open College of Equine Studies (TOCES) specialises in equine management, equine science and equine veterinary nursing distance and blended learning courses. TOCES learners are based all over the world and their ages range from 16 to 69!

Based in England, TOCES is an independent international distance learning college specialising in equine study programmes. Learners all over the world are able to study and learn via printed and online course materials. Some programmes include study weeks during which course notes are supplemented with lectures from subject experts. Practical skills are taught and assessed.

General Equine Programmes: www.equinestudies.co.uk

Equine Veterinary Nursing Programmes: https://www.equinestudies.co.uk/veterinary-nursing/","info@equinestudies.co.uk","United Kingdom"
"UNC Department of Health Sciences","322","The UNC School of Medicine Department of Health Sciences houses seven divisions across the health care spectrum. Our dynamic programs, centers, and offices provide exemplary teaching, innovative research, and patient-centered clinical care to North Carolinians and beyond. We produce the nation's leading allied health professionals and provide new knowledge that informs both practice and policy. The department, led by Stephen Hooper, PhD, associate dean and chair, celebrated its 50th anniversary in 2022.","","United States"
"Grace Anello","318","","",""
"Universal Chiropractic","297","Since 1998, Dr. Z at Universal Chiropractic has specializing in spinal decompression and chiropractic care. Since that time, his persistent nature has led him to study and develop his own treatment plan to heal injured discs without surgery.  He treats bulging, degenerative and herniated discs as well as all types of skeletal misalignments.","","United States"
"The Physical Therapy Place, LLC","294","The Physical Therapy Place is a locally owned private practice in Anchorage Alaska, founded in 2000. Joy Backstrum and Katie Piraino began the practice with the vision to provide the highest quality physical therapy in a caring, patient-focused environment. Joy and Katie have many years of experience as physical therapists and have both successfully completed an orthopedic residency. The Physical Therapy Place is also the only Postural Restoration Certified™ clinic in the the state of Alaska.
 
We specialize in orthopedics and pelvic health. 

The aim of our practice is to promote healing, restore normal function and improve quality of life. It is our goal to empower each patient to be healthy and perform at their optimum level. This is done through education, exercise and hands-on treatment.","","United States"
"IMPACT Physical Therapy & Sports Recovery","293","You may want to consult with your doctor or physical therapist first before performing and partaking in any of the activities in our videos.","info@impactphysicaltherapy.com; sportsrecovery@impactphysicaltherapy.com; champaign@impactphysicaltherapy.com; hinsdale@impactphysicaltherapy.com; lakeview@impactphysicaltherapy.com; naperville@impactphysicaltherapy.com; norridge@impactphysicaltherapy.com; oaklawn@impactphysicaltherapy.com; orlandpark@impactphysicaltherapy.com; southloop@impactphysicaltherapy.com",""
"Ark Veterinary Rehabilitation","290","Welcome to Ark Vet Rehab!

As a passionate veterinarians, our channel is dedicated to providing valuable insights and expert advice on pet care. We believe that every pet deserves a happy and healthy life, and our mission is to empower pet owners like you with the knowledge and tools to ensure the well-being of your beloved furry friends.

Join our community and explore a wide range of topics, including tips for preventive care, understanding common pet ailments, training techniques, nutrition guidance, and much more. Whether you're a seasoned pet owner or a new enthusiast, we're here to support you on your journey towards becoming the best pet parent you can be.

Don't forget to subscribe and hit the notification bell to stay updated with our latest videos. Let's embark on this incredible adventure together, and give our pets the love and care they deserve. Welcome to Ark Vet Rehab!","","Singapore"
"UoL College of Health and Science","287","The College of Health and Science offers a wide range of exciting research-informed and industry-relevant programmes in subjects including agri-food technology, chemistry, computer science, engineering, food manufacturing, geography, biomedical and life sciences, mathematics, medicine, nursing and other health disciplines, pharmacy, physics, psychology, sport and exercise science, and social work and social care.

Visit our website to learn more about our range of Undergraduate and Postgraduate degrees, professional development courses, research, and events: https://www.lincoln.ac.uk/collegeofhealthandscience/","","United Kingdom"
"Complete Physical Therapy","287","Our mission and goal at Complete Physical Therapy is to provide the best care that addresses your current condition and beyond.  We will educate and empower you to prevent future injury, disease, or physical impairment.  We are dedicated to improving your quality of life today and we are here for you tomorrow. Most importantly, our staff is focused on the premise that treatment of the condition must first start with treatment of the individual as a whole with compassion, understanding, and hard work.","",""
"West Delray Veterinary","286","Advanced, Integrative, Mindful Veterinary Care in Delray Beach, FL","","USA"
"Onondaga Physical Therapy","286","Onondaga Physical Therapy is a privately-owned Physical Therapy Practice with 5 locations in Central New York that has been inspiring our customers, community, and team to live, work and play better since 2003. Sharing our expertise to help our larger community improve their quality of life is only one way that we live our mission. Follow us on other platforms for even more tips and inspiration. 

www.onondagapt.com
www.facebook.com/onondagapt
Twitter: @onondagapt
Instagram: @onondaga.pt","marketing@onondagapt.com",""
"Vani Advanced physiotherapy clinic","285","Vani Advanced physiotherapy and Rehabilitation center
Dr Yashwanth Mochi
Physiotherapist, Chiropractor & Osteopathy 
Contact; 9100411036

VISIT US FOR;

Physiotherapy for all musculoskeletal disorders and related injuries like muscle strains, sprairs, spondylosis, disc prolapse, spondylolisthesis and etc.
• Rehabilitation for Pre and post operative fractures.
• All neurological disorders like Hemiplegia.
• Bell's Palsy, Facial palsy, Parkinsons, Muscular dystorphies etc.,
• Cardio and respiratory Physiotherapy for all related diseases.
• Rehabilitation for Cerebral palsy and other paediatric central nervous system disorders, like meningitis, Hydro cephalus and spinabifida.

SPECIAL FEATURES:

Infrastructure for a better scope of rehabilitations.
Well equippd with all advanced","","India"
"Physio Daily Fix","282","Welcome to Daily Physio Fix 🩺✨

I’m Dr. Maryam Riaz, a Physiotherapist graduated from Baqai Medical University.
On this channel, I share simple and effective physiotherapy exercises to help you relieve pain, improve posture, increase mobility, and live a healthier life.

Here you’ll find:
✅ Knee pain relief exercises
✅ Back & neck pain solutions
✅ Posture correction tips
✅ Daily stretching routines
✅ Home rehab exercises
✅ Easy fitness & mobility tips

My goal is to make physiotherapy simple, practical, and helpful for everyone. Whether you’re dealing with pain, stiffness, or poor posture — Daily Physio Fix is here to help you move better and feel better every day. 💪

📌 Subscribe now and start your journey toward a pain-free healthy lifestyle!","","United Arab Emirates"
"GetDoc","281","GetDoc | 3 Easy Steps to a Doctor’s Appointment! 

With just a few clicks, you get to reduce waiting time, find easy access to the right healthcare treatment and know your clinic opening hours – anytime, anywhere.

A platform where patients can connect with doctors instantly; users can search nearby clinics, select doctors, send enquiries, book appointments online and make cashless payments to clinics.

GetDoc is here simply because we wanted to create a better world where patients can make informed decisions about their healthcare treatments. We know that your healthcare experience probably isn’t perfect yet. That’s why GetDoc is not just an app, but we are a listening tool where we create solutions to solve your pain points. One thing we are passionate about — to continuously find a better way to deliver the great healthcare experience that we all deserve.","","Singapore"
"Physio care Guwahati","269","We will provide you with two physiotherapists with one patient for less than others 😊","","India"
"Chester Intia","269","I create videos about helping people to maximize their quality of life through physical therapy education.","","Philippines"
"Pennard Vets","267","Here at Pennard Vets we understand and appreciate how important and special your pet is.
From companion to family member to playmate to best friend, each has a unique place in your life.
Our commitment is to make your pet's health our priority, from youth to old age, from first steps to last, with care, compassion and dedication. Our mission is to deal with all your needs and to help make your pet owning experience as rewarding as possible.

At Pennard Vets, we believe in preventative medicine, but if your pet becomes ill, we can offer the latest equipment to make a quick diagnosis and provide effective treatment.","","United Kingdom"
"MVMT Physical Therapy","266","Hey, we are David (scientist) and Anastasia (physical therapist). We run our own physical therapy clinic in Durham, NC. This channel is for the business and our hobbies that directly relate to physical therapy - Latin dancing, power lifting, and sometimes other sports such as ice skating. We also enjoy food and traveling to different places for dance events, so you’ll see videos of the great food and classes we’ve explored. 

MVMT Physical Therapy is our private practice specializing in restoring function through a blend of patient-tailored movements and supplemental education using the McKenzie Method. Our core belief follows the thought behind the name of the business – movement is the best healer.

MVMT exists because our passion to not only help people to heal their present injuries, but to teach them how to prevent further injuries and safely reach their goals.","info@mvmtphysicaltherapync.com","United States"
"Clinical Career Path","265","Welcome to Clinical Career Path! Our channel is dedicated to guiding you through the various healthcare career paths available. Whether you’re interested in medical assistant jobs, nursing careers, or becoming a doctor, we provide thorough discussions on the ins and outs of healthcare careers like physical therapy, pharmacy, radiology, and mental health.

Our aim is to equip you with the relevant information you need to make informed choices about your career in healthcare administration and allied health professions. Join our community, where we strive to make your career exploration informative and approachable.

DISCLAIMER: This content is independently created and not affiliated with any brands, products, or organizations mentioned. All trademarks belong to their respective owners. While we strive for accuracy, information may change over time. Viewers should verify current information through official channels and authorized sources.","","United States"
"true animal physio","261","Real moments and also ai 
Only Shorts.","","United States"
"Infant PT","260","Hi, I'm Trevor E. Carlson, a pediatric physical therapist and foster parent. I have over 15 years of experience as a physical therapist and over ten years as a foster parent.

Trying to figure out if your baby is behind? Want an expert's guidance for your baby's movement and development?

On this channel you'll find simple, clear videos about tummy time, rolling, sitting, crawling, pulling to stand, walking, and other baby developmental milestones and gross motor skills.

I'll help you understand what your baby is doing, what to work on next, and when something may need a closer look. All so you can guide your baby's development and become the confident parent you always knew you could.","","United States"
"Familyvet","257","Dr. Chau is an award-winning, nationally recognized veterinarian, and accomplished author on pet health.  Her latest article has been recommended by the national association of veterinarians, as well as the state associations of veterinarians for Texas, Oregon, Delaware, and hundreds of animal hospitals and perhaps up to a quarter-million readers.  Dr. Chau is owner of Family Veterinary Hospital in Chantilly, VA as well as Middleburg Animal Hospital in Middleburg, Virginia.  Read about Dr. Chau's philosophy here: http://loudounwomanmagazine.com/2013/11/letter-to-a-pet-owning-nation/  and enjoy our dozens of videos showing pet-owners the latest in pet treatments, including acupuncture, endoscopy, laser therapy etc.","",""
"Moving Munchkins Pediatric Therapy","252","Moving Munchkins is an educational space for parents to learn about their baby's movement milestones. Dr. Hope Reyes PT, DPT is a pediatric physical therapist with over 10 years working with children of all ages and abilities. 
Learn everything from tummy time to how to get your munchkin walking! Learn how to take an active role in encouraging your baby to master the next milestone with research-based playtime activities.","",""
"Best Care Animal Hospital","242","","","Sri Lanka"
"CoreMedical Group Physical Therapy","239","New Grad Physical Therapy (NGPT) is built upon the foundation of interesting people doing great work.  New graduates and young professionals are the future, and we must cultivate the growth of our generation. Helping each other means improving the care that we provide our patients.

We understand that a career in healthcare is a sacrifice and the people who sacrifice deserve a community of peers who care. We believe that coming together as a community to make each other better is paramounts to both growth as a profession, and as individuals.","",""
"Brain Injury Association of York Region","235","The Brain Injury Association of York Region is committed to helping individuals, and their loved ones, who are dealing with an acquired brain injury. Our focus is to provide awareness, education and advocacy.","","Canada"
"Prohealth Sports And Spinal Physiotherapy Centres","228","Since 2000, Prohealth Sports And Spinal Physiotherapy Centres have been helping our clients recover faster and more importantly preventing their injuries and pain from returning.

Our experienced physiotherapists are committed to delivering high-quality, personalised and patient-centred treatments, to achieve the best outcomes for each and every client.

Follow us on instagram @prohealthphysiohk","recruitment@prohealthasia.com; appt@physiohk.com; onero@posture-plus.com; qbappt@physiohk.com; qbappt@sportsandspinal.hk; reception@posture-plus.com; tstappt@sportsandspinal.hk","Hong Kong"
"Ekico","227","Welcome to the official Ekico YouTube channel.

Ekico develops innovative technologies to help veterinary professionals objectively assess animal locomotion and monitor treatment outcomes.

On this channel, you’ll discover:

* 🐶 Tendiboots™ Canine Gait Analysis demonstrations and tutorials
* 📊 Objective gait analysis in everyday veterinary practice
* 🩺 Clinical cases in orthopedics, neurology, rehabilitation, and sports medicine
* 🎓 Educational videos, webinars, and expert insights
* 🚀 Product updates and new features

Our mission is to make objective gait analysis simple and practical for every veterinary clinic.

Whether you are a veterinarian, rehabilitation therapist, physiotherapist, researcher, or veterinary student, our videos will help you better understand canine locomotion and improve patient follow-up through objective measurements.

Learn more about Tendiboots™:
🌐 https://ekico.fr

Subscribe to stay up to date with the latest innovations in veterinary gait analysis.","contact@ekico.fr","France"
"CANINE REHAB of NEW YORK","226","","",""
"Get Up & Grow! Pediatric PT","222","Welcome to Get Up & Grow! My name is Sara Brummer and I'm a pediatric physical therapist and mom of two!  As an experienced ""theramom""  I'm here to offer fun tips and practical advice for helping your little one to grow, move, and play.    From tummy time to toe walking this channel offers a wealth of knowledge on how to promote development, strength, alignment, and gross motor skills so that your little one can fully participate in their most important job....PLAY!!","","United States"
"Canine Rehabilitation Of Orange County","219","Located in central Orange County, CA, Canine Rehabilitation of Orange County works to restore quality of life to your geriatric, injured, overweight, postoperative, and neurological or otherwise compromised pet through physical therapy. Our caring team of certified rehabilitation experts will help your dog (or cat) to feel stronger, move better and be safer. Our goals at Canine Rehabilitation of Orange County are to relieve pain, restore range of motion/movement, improve function, prevent injuries and expand the physical potential of each patient we treat.

We created this channel to help our clients see their pups hard at work and to provide educational content when possible.","","United States"
"UBC Department of Physical Therapy","212","Providing an outstanding learning environment and leader in innovative research. www.physicaltherapy.med.ubc.ca.","","Canada"
"Animal 911 Veterinary Hospital","211","This channel serves to inform our viewers about animal health related topics. We can show you simple things like how to cut a pet's nails, clean the ears, or how to brush his
 teeth.  We also show how we clean a pet's teeth or some surgeries like the removal of a bladder stone. We will show you the new evolving field of animal physiotherapy and many other topics. We will be adding new videos, so come back and check once in a while!","","Canada"
"Texas Children's People","209","Our #OneAmazingTeam changes lives by doing things differently. See what it's like to work at Texas Children's, a purpose-driven healthcare employer.","",""
"Animal Wellness Holistic Vet - East Brisbane","199","","","Australia"
"Easy Walk Physiotherapy Rehabilitation  Nashik","198","Welcome to Easy Walk Nashik - the city's first Spine & Neuro Rehabilitation Centre! 🌟

At Easy Walk, we are dedicated to providing comprehensive care and advanced rehabilitation services to help you regain mobility and improve your quality of life. Our expert team specializes in a range of treatments, including:

• Paralysis & Stroke Rehabilitation
• Knee Arthritis Treatment
• Cerebral Palsy Management
• Child Development Programs
• Neurological Treatments
• Pediatric & Occupational Physiotherapy Rehab

Our state-of-the-art facility is equipped with the latest technology and staffed by experienced professionals committed to your well-being. Whether you are recovering from an injury, managing a chronic condition, or seeking specialized care for your child, Easy Walk is here to support you every step of the way.🌟","",""
"PMC Physiotherapy","197","Here at PMC Physiotherapy, we pride ourselves on getting results for our patients. A large part of the rehabilitation process is the selection of the correct exercise protocols for recovery but also the correct execution of these exercises. with most exercises there is one way to do it right and about 20 ways to do it wrong, but make it look like you're doing it right. Using this channel I aim to help patients execute correctly some of the commonly used exercises in Sports and Musculoskeletal Rehabilitation. Technique is everything.","","Ireland"
"Starting Point Pediatric","194","Welcome to Starting Point - trusted, practical guidance for your baby or toddler’s motor development.

I’m Cyndi Stedman, PT, DPT, a pediatric physical therapist with more than 17 years of experience helping children and their families. I share simple, realistic strategies to help your child build strength, confidence, and new movement skills through everyday play.

You’ll find expert guidance about:

• Tummy time
• Rolling, sitting, crawling, standing, and walking
• Torticollis and head preference
• Low muscle tone
• Toe walking and flat feet
• Developmental delays
• When to seek additional support

Whether you’re wondering if your baby is on track or looking for activities you can try at home, Starting Point is here to give you clear answers and reassurance.

Subscribe for practical tips from a pediatric physical therapist, and download my free Birth-to-Walking Motor Milestone Guide using the link below.

🌐 https://www.startingpointpediatric.com/socials","info@startingpointpediatric.com",""
"B Diamond Physio","190","Welcome to B Diamond Physio—where Balanced Riders create Balanced Horses.

At B Diamond Physio, we bridge the gap between rider and horse performance, through specialized physiotherapy and equine physio. Based in Alberta, we help equestrians ride better and perform pain-free—in and out of the saddle.

On this channel, you’ll find:
🐴 Rider biomechanics tips & exercises
💪 Equine physio and rehab insights
🏇 Warm-up routines for horse & rider
🎓 Educational clips from Ride Right Clinics
🌿 Real-world case studies and physio success stories

Whether you’re a weekend rider or a competitive athlete, our mission is to help you and your horse move in harmony, prevent injury and achieve long-term performance.

BALANCED RIDERS. BALANCED HORSES. 
Subscribe for new videos on rider strength, balance, mobility and equine wellness: learn how small changes in your body can make a big difference in your horse.

#BDiamondPhysio #EquestrianPhysiotherapy #HorseAndRiderBalance #RiderBiomechanics #RideRight","","Canada"
"Animal Clinic of Morris Plains","186","Animal Clinic of Morris Plains Videos","",""
"VCA AVCC Rehab","185","Video descriptions of different therapeutic exercises that may be prescribed to your pet while at VCA AVCC for rehabilitation. For the safety of your pet, only attempt exercises that have been expressly recommended for that individual. Please let me know if there are any exercises you need clarified!

Emily Talaga, DVM, CCRP
Rehabilitation Veterinarian--VCA Advanced Veterinary Care Center in Fishers, IN
emily.talaga@vca.com","emily.talaga@vca.com",""
"Platinum Physical Therapy","183","Our treatment philosophy focuses on the patient. The patient's goals, preferred activity level, and prior experiences shape the treatment plan and help to achieve the quickest recovery. Close communication with the referring physician also ensures a comprehensive and effective treatment plan. Though onsite treatment and exercise initiate a return to function, patient education and adherence to a home exercise program are necessary to receive the full benefit of the treatment.

These videos are intended to accompany a home exercise program provided by a licensed Physical Therapist at Platinum Physical Therapy. Exercises performed without PT supervision are to be performed at your own risk.","","United States"
"TBC Sports Medicine & Physical Therapy","182","Dr. Jimmy Hang, PT, DPT, CSCS, a sports physical therapist is available to help you return to your functional needs and sports wellness located in the greater  Pasadena and San Gabriel Valley of Los Angeles County.

DISCLAIMER: Testimonials provided by clients and patients has been provided with consent.  Videos can be removed at any time for privacy as agreed per consent.  Always consult with a healthcare professional should exercises provided are relevant to you.  Never perform exercises without proper exercise trainer or physical therapist for your safety as well as others.  By viewing the content on this site, I agreed to hold this youtube site and its creator of its content, videos, images, and person affiliated harmless of all damages including physical, emotional and financial loss.","",""
"GetPT1st","181","GetPT1st is a grassroots movement to educate the public about the many ways physical therapy can help. We promise to bring the best information possible to help you, whatever your journey. And don’t worry, you won’t have to have a medical dictionary handy or know all the latest research to follow along. This is 100% for you.","","United States"
"InkSpot Media Video Production","179","Award winning videography, specialising in Higher Education, Sports and helping small businesses get the most out of their marketing budgets.","",""
"Veterinarski fakultet Sveučilište u Zagrebu","176","This is the official channel of the Faculty of Veterinary Medicine in Zagreb, Croatia. With it's 100 years of tradition and excellence it's a great place for beginning (or continuation) of your veterinary professional career. The videos here will showcase life as seen at the faculty.","","Croatia"
"Physiotherapist Dr Ritika chopra (Physiotherapist)","170","30k subscribers 20M views 1 video.","",""
"Michael Swienton","170","Better access, better health, better you 

Your resource for health information from experts and people, like you!","","United States"
"Apollo Animal Physiotherapy","169","We are a professional and dedicated canine physiotherapy and hydrotherapy centre, providing fitness and rehabilitation for dogs. We use our YouTube channel to demonstrate our exercises and rehab protocols for our clients.","",""
"The PhysioZest","167","We, at The PhysioZest, are on a mission to present India with its first, futuristic and uniquely interactive Physiotherapy E-Magazine. This magazine aims to achieve a 360-degree evolution of our Physiotherapy Community and is designed to propel the professional growth of students and clinicians alike.
 
What you can expect to see: Thought-Provoking Content which is a Visual Treat.
 
This treat includes a rich variety of professional and non-conventional topics such as Literature Reviews, Scholarly Debates, Controversial Topic Reviews, Innovative Patient Management in Physiotherapy, Clinical Webinars, Interviews with the Rule Breakers and Evolvers, Physiotherapy integration with other professions such as Psychology & Nutrition, etc. 
 
And all of the above, with a twist, ""A Zest"".
 
So come join us in celebrating our endeavor, an evolution, one page at a time.","","India"
"Dr Shree kant Tripathi physiotherapist","165","Name : Dr. Shree Kant Tripathi PT. 
Designation: Consultant Physiotherapist ASMC Bahraich 
Specialization : Advance Physiotherapy and rehabilitation center KGMU
Locality: Relief Physiotherapy Digiha tiraha baharaich
Education: KGMU Lucknow
CCS University 
Experience: Dr Shree kant tripathi has more than 6 years of experience in the field of physiotherapy and currently working as an Autonomous State Medical college and District Hospital baharaich and Relief physiotherapy Digiha tiraha baharaich

Contact No : 6393428349 / 9554192776","","India"
"CanineRehabInstitute","164","","",""
"EBVS - European Board of Veterinary Specialisation","157","Committed to ensuring the highest quality of veterinary medicine in Europe by specialization
for better quality of life for animals and people.","",""
"Equi-ed - Educator in Equine and Canine Therapy","155","We are Ireland's Leading Educator in Equine and Canine Specific Therapy and Welfare. Here at Equi-ed, we support our graduates with ongoing continuing professional development courses in associated complementary and alternative therapy modalities, providing a knowledge base unique in the equine training sphere.","",""
"Mary Hillmann","154","Retriever Training with Bill Hillmann.","",""
"Vital Rehab Physical Therapy","153","Physical Therapy and performance enhancement movement center geared to helping people feel better, move better, and perform better","","United States"
"Flying Changes Mindset","153","","",""
"IOPTP","152","","",""
"guitp83","152","The main purpose of my YouTube channel is to showcase my video production work and to let potential clients see examples of my video productions.  www.FeistyTerrier.com

Thanks for checking out my channel! 

Email me at:  Rich@FeistyTerrier.com","Rich@feistyterrier.com","United States"
"EL-ROI PHYSIO CARE","152","","",""
"FACE Foundation","150","","",""
"CSTARs","144","Community-STARs is an outpatient pediatric therapy clinic for children ages 0-21 years old. We believe a child’s work is play and we are passionate about our work!  At C-STARs, we aim high, we aim big, we shoot for the stars, and we get there through small, incremental, doable steps.  We are located in Culpeper, Virginia - also serving Madison, Greene, Orange, Charlottesville, Rappahannock, and Fauquier. Our hope is to use this platform to provide resources for our community and the families that we provide services for.","","United States"
"Royal Equestrian Club","142","Royal Equestrian Academy is located 
88, Adinath Nagar,  Sirsi Road, Near Palwale Hanuman Temple, Jaipur.
For more info Call us,
9983157700Jaipur. +919983157700","",""
"Therapy Specialists","141","We are an independently owned provider of multi-disciplinary, multi-specialty rehabilitation services.  Since 1976, we have been offering therapy services to patients from infants to adults in mutliple care settings from outpatient clinics to skilled nursing facilities to home health.","","United States"
"Moriarty Physical Therapy","132","","",""
"Orson Wajih Physiotherapy","127","I support people with recent injury or long term pain to take control of their health and get back to enjoying life and all the activities that they hope for.

I am also an equine bodyworker- so you may see uploads of horses as well as humans on this page!","",""
"Wolper Jewish Hospital","123","","",""
"The Skilled Physio","122","I'm Dr. Megha Dhingra, Founder & CEO of The Skilled Physio. I'm sharing my experience and knowledge with you all.
But you also have to follow these precautions and exercise as given in these videos.
Follow these Exercises twice a Day.

I hope, you will follow these instructions and get the Best Result you want.
Stay Happy & Healthy!

SUBSCRIBE My Channel For New Useful Videos!","","India"
"Tips & Pediatricks: Dr. Darcy, PT","119","Hi there, I'm Dr. Darcy Fass, founder & creator of Tips and Pediatricks, LLC. I'm a pediatric physical therapist and mother of a sweet & sassy little girl living/working in the Sunshine State! I love posting tips & tricks on how to support your child's motor development, giving you a glimpse into my life as a working mom, AND sharing my honest reviews on some of the best baby, toddler, and kid products on the market!

For collabs/partnership opportunities: Email me at tips.and.pediatricks@gmail.com
Join my community on Instagram: @tips_and_pediatricks

Content by Tips and Pediatricks - Dr. Darcy is for educational purposes only and is never a substitute for professional medical advice. Always consult with your child's healthcare team. Use this information at your own risk. By viewing this content, you agree to this disclaimer.","tips.and.pediatricks@gmail.com","United States"
"DYSGU English","115","","",""
"Accel Physical Therapy","115","Accel Physical Therapy posts videos that demonstrate proper techniques for various rehabilitation exercises that are prescribed to their Clients to help them recover from their injuries.","","Canada"
"XO Physical Therapy McAllen","112","A Leader in Physical Therapy and Recovery
Xcell Orthopaedics Physical Therapy is a leading provider of physical therapy services in McAllen and the Rio Grande Valley.","","United States"
"Not On Mind","109","Introducing everyone about available career options that not on mind.

Help peoples to stand out from the predefine career options like Govt. Job, teaching, engineering and more.

#notonmind #career #careertips 

For free cost solutions you can submit your enquiry on http://notonmind.com/","","India"
"South Paws Veterinary Surgical Specialists","107","South Paws is a veterinary surgical and rehabilitation hospital located in Mandeville, La. Our board-certified veterinary surgeons and wide variety of rehabilitative and regenerative modalities will help get your pet back on all fours.","",""
"Bax Performance and Rehab","106","Bax Performance and Rehab is a sports physical therapy clinic in Pleasanton CA. We help active individuals look, move, and feel better in their bodies. We work with individuals who have hit plateaus and feel frustrated that their current identity does not depict who they strive to become. Whether it’s overcoming adversity post surgery or optimizing performance as an aging athlete, BPR has the qualified physical therapist that cares and goes above and beyond to help you reach your goals.","DrRob@baxperformancerehab.com; romy@baxperformancerehab.com",""
"Paralyzed Pup Go- How I cared for my dog Jasper","104","Paralyzed Pup Go- Remembering Jasper.

This channel shares Jasper’s journey. After becoming paralyzed when he was eight, for nine years he used his wheelchair and our specially designed Changing Station and Tub-Sling to live his best life. Jasper inspired us every day with his determination and joyful spirit.

The Changing Station is a supportive, multi-use devise used daily to change diapers, express the bladder and keep Jasper upright and comfortable—not to mention less stressful on my back!

It serves as a standing support for physical therapy, healthcare and grooming, It can be converted into a Tub-Sling support for bathing.

We hope Jasper’s story inspires others caring for paralyzed pets.

*PATENT PENDING

Disclaimer:
Always consult with a qualified professional to determine what is best for your pet. Professional guidance is recommended to ensure their safety and well-being.

Social media:
Facebook Profile: Jasper Scotto
Facebook Page: Paralyzed Pup Go
Instagram: @ParalyzedPupGo","","United States"
"SOUND Veterinary Rehabilitation Center","101","SOUND Veterinary Rehabilitation Center is a branch of Animal Surgical and Orthopedic Center (ASOC). The SOUND Rehab Center was designed to provide space for a large gym, two under water treadmills, two exam/ treatment rooms and a dedicated reception area in a non-clinical environment.

Together, SOUND and ASOC are your local experts in rehabilitation, sports medicine, regenerative medicine, pain management, and surgery. We offer the complete package of care for animals with musculoskeletal injuries such as elbow and hip dysplasia, cranial cruciate ligament rupture, arthritis, medial shoulder instability/syndrome, other tendinopathies, bone cancer, post-amputation, and non-surgical or post-surgical neurologic disease.

From the initial diagnosis to long term management of mobility in geriatric patients, SOUND and ASOC offer individualized, comprehensive treatment plans.","","United States"
"Northern Colorado Rehabilitation Hospital","96","If you’re looking for a rehabilitation hospital for you or your loved one, we hope you will consider Northern Colorado Rehabilitation Hospital. We provide specialized rehabilitative services to patients in Northern Colorado and surrounding areas who are recovering from disabilities caused by injuries, illnesses, or chronic medical conditions.","","United States"
"Lombard Veterinary Hospital","96","Lombard Veterinary Hospital was established in June of 1959 to provide the animal population of greater DuPage County (Illinois) with a complete health care facility. We pride ourselves of being family owned and operated for 62 years. Today, we are a full-service, American Animal Hospital Association (AAHA) accredited veterinary hospital.

PLEASE NOTE: The content that we provide on this channel is for educational purposes only. We do not intend our content to be a substitute for medical advice, diagnosis, and or treatment. Please contact your pet's veterinarian if you have any questions of concerns about their wellbeing.","","United States"
"PupRehab","93","Canine rehabilitation by Valerie Rhodes, Physical Therapist.","","United States"
"NC State Official VetPAC","92","This is the NC State official Veterinary Professions Advising Center (VetPAC) channel. VetPAC is a unique undergraduate preveterinary advising center at North Carolina State University. The goal of VetPAC is to provide NC State students and alumni with the resources, guidance, and experiences necessary to become competitive veterinary school applicants. Learn more at https://cals.ncsu.edu/vetpac/","","United States"
"Physiotherapy and Rehabilitation","91","Physiotherapy, also known as physical therapy, is a healthcare profession focused on helping people restore, maintain, and improve their physical function, mobility, and overall well-being.","","United States"
"Browns Vet Physio - Mel Brown","88","Hi I am Mel, an animal physiotherapist for horses and dogs, and my passion is the education of dog and horse owners, to provide your animals with the best of rehabilitation care.  For animals young to old, dogs, horses and other animals can all benefit from physiotherapy, whether they have suffered an injury or have undergone surgery, the benefits of physiotherapy are numerous.

Improve range of motion, mobility, reduce pain and the requirement for pain relief medication, improve flexibility, strength and balance, increase muscle strength + more

On my channel you can find plenty of videos and tutorials about equine back health, saddle assessment, core strength, balance, recovery and rehabilitation after surgery + more. 

And of course you will find plenty of other inspirational videos - all around the topic creating a happy pet for life.","","United Kingdom"
"Kids At Play","88","We are here to help your child reach their developmental milestones one step at a time.

Here at Kids At Play, we strive to assist your child with a plethora of different services. We are based in Philadelphia, with a strong focus on the development of your child. Our mission is to provide your child with exceptional care while paying close attention to his or her individual needs.

Every child at Kids At Play receives quality personalized and individualized care with proven developmental benefits. Our services include speech therapy, occupational therapy, physical therapy and more. In order to help your child reach their full potential, we have composed a staff of the top experts in our industry. Our goal is to produce results, and we can’t wait to help your child achieve success.","",""
"ABC of the Horse","88","Atlas & Biomechanics – To better understand the possibilities in holistic animal care of the horses. 

The ABC of the Horse books is designed to be used by veterinarians, students, and physiotherapists and for all those interested in horse welfare. These unique and comprehensive books should be on every horse person’s bookshelf.","",""
"Dr. Archer CCRP","86","For More Information Visit: www.healinghands4paws.com.","",""
"Baylor Scott & White Institute for Rehabilitation","86","","","United States"
"lisavc84","85","","",""
"My Physiotherapy","84","","",""
"St Giles Animal Welfare","83","","",""
"Education in Equine Facilitated Services","82","Our goal is to realise educational activities, share experiences, best practices, and innovative procedures, and introduce new topics and ways of working with equines and clients among EAS providers.","svitani@hipoterapie-kurzy.com","Czechia"
"Treasure Coast Animal Rehab & Fitness","80","Welcome to Treasure Coast Animal Rehab and Fitness, founded by Dr. Amber with a singular mission: helping pets live healthier, happier, and more active lives through rehabilitation, fitness, and healthy aging care.

Our channel provides expert education, exercise tips, recovery guidance, and wellness strategies to help dogs and cats recover from injury, improve mobility, manage pain, stay active, and enjoy a better quality of life throughout every stage of life.

🐾 Pet rehabilitation and recovery exercises
🐾 Fitness and conditioning programs
🐾 Healthy aging and senior pet wellness tips
🐾 Pain management and mobility support
🐾 Success stories and patient highlights
🐾 Veterinary insights from Dr. Amber and the rehabilitation team

Subscribe for pet rehab, fitness, senior pet wellness, and healthy aging insights.
Helping pets recover, move better, and age well. 🐾","","United States"
"Care For Health: Godalming Chiropractic & Physiotherapy Clinic","80","","",""
"PTA+ Podcast | For Physical Therapist Assistants","80","PTA+ Podcast is a show made for Physical Therapist Assistants.

We talk about what PTA life actually looks like—school, first jobs, career growth, burnout, confidence, scope, and where this profession is going next.

No lectures. No fluff. Just real conversations with PTAs, educators, and leaders who understand the role and respect it.

🎧 New episodes weekly
💬 Honest conversations
💪 Built for PTAs at every stage

If you’re a Physical Therapist Assistant—or thinking about becoming one—you’re in the right place.","","United States"
"Southern Counties Veterinary Specialists","78","We are a specialist referral centre based in Ringwood, Hampshire, providing referral services for veterinary practices in the south. We have specialists in the fields of cardiology, dermatology, internal medicine, neurology, orthopaedics, diagnostic imaging, spinal surgery, soft tissue surgery & physiotherapy.

At SCVS, we have the most advanced facilities, which you will not find in ordinary veterinary practices. This enables our specialists to offer the highest standard of veterinary care from admission through to discharge.","","United Kingdom"
"IMC Physical Therapy","78","A team of specialized Physical Therapists dedicated to serve our community as the premier provider of Physical Therapy care, resulting in the highest level of independence for our patients.

Key features:
We deliver superior quality care in all that we do.
We treat others as they would like to be treated.
We are results-oriented and achieve our objectives.
We are team players.
We are resourceful in overcoming obstacles

Our Services
Physical Therapy Consultancy
Physical Therapy Services
Neuro Rehab
Cardiac Rehab
Pelvic Floor therapy and Women Health Care
Chronic Pain Management
Online Consultation
Speech Therapy
Orthotic and Prosthetic Prescription

Conditions 

Back Pain & Sciatica
Neck pain
Gait & Balance disorders
TMJ Disorders
Sports Injuries
Arthritis
Headache
Pre & Post Surgical rehabilitation
Pelvic floor weakness & incontinence
Chronic Pain Management
Shoulder pain
Foot & Ankle Pain
Elbow, Wrist & Hand Pain
Running Injuries
Hip & Knee Pain","info@imcphysicaltherapy.com","Pakistan"
"Northwell Sports","78","Welcome to the Sport Medicine Athletic Trainer YouTube Page! Here you can find information and how-to's on all things Sports Medicine. This channel offers something for Athletic Trainers, Physical Therapists, and any and all who might be on a sideline or in a clinic assisting athletes to meet their goals. For more information on the Sports Medicine Program, please visit www.northwell.edu/sport 

Please subscribe and share this channel!! 

To make an appointment with one of our Sports Specialists call 833-9-SPORTS or email SPORTS@northwell.edu

Check out our Instagram https://www.instagram.com/sportsmed_atc/    

Also, check out our previous YT page ‪ @sports_atc6569","SPORTS@northwell.edu","United States"
"Sharan Physiotherapy Centre | Dr. Sharan (PT)","77","Sharan Physiotherapy Centre is a professional physiotherapy channel by Dr. Sharan, focused on pain relief, physiotherapy treatment, and sports injury rehabilitation.

This channel aims to educate patients, address common myths, and provide clear, reliable information about physiotherapy care. Content includes musculoskeletal conditions, sports injuries, post-operative rehabilitation, pain management, and movement-based recovery, explained in a simple and practical manner.

You will find patient education videos, condition-based explanations, exercise and rehabilitation guidance, sports injury awareness, and clinical insights.

Online consultations and guided rehabilitation programs are available for eligible musculoskeletal conditions. To begin tele-rehabilitation, please fill out the consultation form (link provided).

For regular updates and clinic-related content, follow us on Instagram: sharan.physiotherapy.centre

— Dr. Sharan
Consultant Physiotherapist

Move better. Live better.","","India"
"North Coast Vet Specialists","76","","",""
"FloridaWild Veterinary Hospital","76","FloridaWild is dedicated to providing compassionate and outstanding medical, dental, diagnostic and surgical care for dogs, cats, birds, exotics and wildlife.","",""
"Physio Tips with Nayan","76","🙏 Welcome to Physio Tips with Nayan! I’m Nayan Moni Das, a physiotherapist from Assam. Get simple and effective physiotherapy tips in Assamese for pain relief and staying active. Subscribe for expert advice on exercises for back pain, knee pain, and more!","","India"
"Affiliated Veterinary Specialists","75","","",""
"Lemuria Pet Therapy by Vetfis","74","Fisioterapia y Rehabilitación veterinaria en Ecuador, Fisioterapia en Perros y Gatos, Fisioterapia Canina y Felina,Rehabilitación Física, Terapia física, Hidroterapia, Physiotherapy , Physical Therapy, dog physiotherapy, Ejercicios en animales, paralized dog and cat, paralisis, Masajes, Crioterapia, Termoterapia,  Crioterapia , Ultrasonido, terapia a base de ultrasonido, Fototerapia , Electroestimulación , TENS, EMS , Cinesioterapia Activa y Pasiva, Acupuntura , Electroacupuntura, Infrarrojo, Caminata, Recuperación física , Tetraplejia, tetraparesia, monoplejia, monoparesia, paraplejia, paraparesia, hemiplejia, hemiparesia, Claudicación,  Cojera , Vestibulopatias , Contractura muscular, Fracturas, Fisuras, Fracturas múltiples, Luxaciones , Hernias discales, Discoespondilitis, discoespondilosis , Enfermedades degenerativas, Cauda Equina , Artrosis, artritis , Férulas, Ortesis, Silla de ruedas , Arnés de sujeción, en animales, perros, gatos veterinaria.","",""
"Health In Motion Health In Motion","73","A Wisconsin and Pennsylvania-based private physical therapy practice group that positively impacts the lives of our patients by delivering the best care.","",""
"Pediatric Therapy Lessons","71","Educational content for new parents, parents with exceptional children and students associated with child development genre.","","India"
"Toronto Veterinary Rehabilitation Centre","69","Welcome to the Toronto Veterinary Rehabilitation Centre!  We are an accredited veterinary practice in Toronto's Beaches community with an exclusive focus on physical rehabilitation and chronic pain management.  We treat pets of all ages that are recovering from surgery, have mobility impairments due to neurologic disease, or are suffering from chronic or refractory pain, and help them get back to do doing the things they love.","info@torontovetrehab.com","Canada"
"TheK9PT","69","TheK9PT - Canine Rehabilitation & Wellness","",""
"North Georgia Veterinary Specialists","69","Videos from, of, and about North Georgia Veterinary Specialists.","","United States"
"CARE Veterinary Center","67","http://www.carefrederick.com/

Care Veterinary Center (CARE) is a specialty and emergency veterinary hospital in Frederick, Maryland. Our veterinarians and technicians offer exceptional, compassionate care with superior client service. Our entire staff of doctors, technicians and care specialists are committed to treating each of our patients as if they were their own pet. 

At CARE we have a highly trained and qualified staff of board-certified specialists and veterinarians to treat your animals. Specialists in surgery, orthopedic surgery, internal medicine, rehabilitation, cardiology and pain management are available.  Veterinary specialists are available by appointment weekdays and are always on-call for emergencies. They have all received extensive training and can handle any situation or emergency that comes to our hospital.

Emergency Veterinarians are available for Urgent and Emergency care evenings, overnights, weekends and holidays.","",""
"One On One Physical Therapy","66","One On One Physical Therapy and Sports Rehabilitation strives to provide the absolute best in patient healthcare and service. We pride ourselves in delivering our best each day and in achieving optimal results. Each patient receives a thorough rehabilitation program customized to meet their individual needs and goals. No two people are the same, therefore their treatment program shouldn't be either. At One on One we ask you to expect more from physical therapy. Our professionals specialize in assessing human movement and body mechanics. We don't just treat the symptoms, we find the cause of the problem. We help you Reclaim your Life!","",""
"ELvation USA VET","65","Learn more: www.VeterinaryShockwaveResources.com","","United States"
"Healing Hands Pet Physio","64","Welcome to the space where I care about your pets, their movement, function & well being.

I'm Antoinette, South African Veterinary Nurse & Physio.
Business owner of Healing Hands Pet Physio.

I have extensive experience as a theatre nurse & have assisted with many orthopaedic & spinal surgeries. 

My physio niche lies in recovery programs following surgery & injury, but of course my services are not limited to those patients.
I specialise in a stress-free approach of treatments & come to your home with a mobile service. 
Your pet relaxes in a familiar environment, without the need to get in & out of a car & sit in a waiting room. 

With the one-on-one attention, I can fully assess your pet’s individual needs and prescribe a tailored recovery program.
If you are interested in my services, please pop me an email at hello@healinghandspetphysio.com or a message on Whatsapp 0712269891. 

I hope you find value here, if so, please subscribe.  

~Attention is the most basic form of Love~","hello@healinghandspetphysio.com","South Africa"
"Healing Arts Animal Care","64","Healing Arts Animal Care provides veterinary acupuncture, rehabilitation therapy, physical therapy and athletic conditioning to the dogs and cats of Grants Pass and of Portland, OR. We strive to create a team among you, your pet, your veterinarian and ourselves to create a whole package of care for your pet. Pets come through our door knowing that we’re going to have fun here and this isn’t “another trip to the vet.”  These videos show our tools (laser, underwater treadmill/hydrotherapy, ultrasound, physiotherapy, exercises, manual therapy, acupuncture) and how we use them to help your pet recovery from surgery or neurologic injury or your older dog maintain function and quality of life.  We also do conditioning for athletic dogs -- agility, lure coursing, flyball and more!","","United States"
"PEARL Pediatric Therapy, PLLC","62","👋🏽 I am Carissa Tracy, PT, MSPT, CertIMT, Founder and Owner @PEARL Pediatric Therapy, PLLC.  “Your lifeline for babies and tots!” Proudly serving in person in New Braunfels, Tx — and serving via Telehealth for anyone in the state of Texas.  
This YouTube channel is to help reach even further out for those that need the information.

Here, we chat about baby development and toddler / kiddo strategies and ideas for thriving!

So friends, let’s fly 🤟🏽  
*subscribe + ring the bell*

📚 👀 
You can follow me for full content / resources on Facebook business page of PEARL Pediatric Therapy, PLLC and Prenatal to PreK Physical Therapy Place Facebook community for more tips and tricks!

We are all different, thankfully.  
So, bring your brains and hearts.
We will be here every week.

#resilient #grace #wife #mom #Christian #clinician  #ASD #neurodivergent
#pediatricphysicaltherapist #advocate #PEARLPediatricTherapyPLLC #forNB #joy #parenting #health #faith
#adaptations #accommodate
#healing","",""
"OM Sports","62","Fitness & Rehabilitation Center for horses in Belgium 🇧🇪 - Aquatrainer + Equine Chiropractor + Certificate Equine Physiotherapy & Rehabilitation + Equine Acupuncture ❤️🇵🇪🐴❤️  http://www.omsports.be","info@omsports.be","BE"
"Vet Physio Centre","62","My name is Olivia and I'm a fully qualified Veterinary Physiotherapist, Hydrotherapist & accredited clinical educator working in the heart of Dorset, England. I specialise in both Canine and Equine rehabilitation and am passionate about improving animal's lives and supporting their owners. 

This channel is where I will share with you step by step instructional videos, videos of behind the scenes, clinical practice resources and top tips. 
My ultimate aim is to create a veterinary physiotherapy hub of video content that will inform and inspire you. 
I aim to upload a new video each month, so watch this space!

Please subscribe to my channel and join the Vet Physio Centre community.","",""
"Advanced SPORTS Physical Therapy","60","Advanced S.P.O.R.T.S. is an outpatient orthopedic physical therapy clinic born in 2004. Frank McCoy is the owner and operator, as well as a certified physical therapist that is passionate about injury prevention. We offer the most up to date, evidence based treatment available, and specialize in sports/general orthopedic physical therapy to all age groups. We provide a positive and motivating atmosphere for all!","","United States"
"UW Department of Rehabilitation Medicine","60","The University of Washington Department of Rehabilitation Medicine, based in Seattle, Washington, USA. We provide regional and national leadership in patient care, education, research and vocational services. Our dedicated faculty members represent a broad spectrum of scientific and clinical disciplines.

The Department of Rehabilitation Medicine's mission is to improve the function, level of independence, and quality of life of people who have disabilities brought about by illness, injury, or of congenital origin.

Academics: We offer degree programs in physical therapy, occupational therapy, and prosthetics and orthotics, as well as a PhD graduate program in Rehabilitation Science.  We have residency programs in Psychology Rehabilitation and Physical Medicine & Rehabilitation.  A number of Fellowships including Brain Injury, Amputation, Multiple Sclerosis, Spinal Cord Injury, Sports Medicine, Pediatric Rehabilitation and more are available.","","United States"
"Fit for Life Physiotherapy","59","Welcome! It's great to meet you!  We are Fit For Life Physiotherapy, a multidisciplinary clinic that has been serving the Aldershot, Hamilton and Burlington communities since 2009. We have Physiotherapists, Osteopathic Manual Practitioners, Registered Massage Therapists, Kinesiologist, Yoga Therapist, Certified Pedorthist and Registered Dietitian, all under one roof working towards our goal of helping the community move well, live well and be well!","",""
"animal jobs channel","57","","",""
"dogsinmotion1","57","Dogs In Motion Canine Rehabilitation offers first class rehabilitation services to all small animals including qualified animal physiotherapy, state of the art underwater treadmills and many rehabilitation products and aids.","",""
"Equine Athletes Veterinary Physiotherapy","55","Equine Athletes Veterinary Physiotherapy

​Professional Veterinary Physiotherapy for performance, maintenance, and recovery. Based in Grantham, we provide mobile services across Lincolnshire and Nottinghamshire, specialising in evidence-based care for the equine athlete. 🐎

​🏥 Rehab Yard: We offer dedicated inpatient rehabilitation at our yard near Grantham for intensive recovery, fitness programmes, and post-surgical care.

​📧 Bookings & Enquiries: We are currently managing all bookings via social media. For a faster response, please message us directly on Facebook or Instagram!

​👇 Follow our journey:

Facebook: https://www.facebook.com/share/18AYPNieqm/

Instagram: https://www.instagram.com/equineathletesuk","",""
"UTCanineRehab","55","","",""
"Fick Physical Therapy & Sports Performance","55","Keeping Athletes and Active Adults Healthy for Life!","","United States"
"Elite Sports Medicine & Physical Therapy","54","","",""
"Pedia SPTA","53","","",""
"acppld","53","","",""
"AudioMedica","52","","",""
"Twin Boro Physical Therapy - New Jersey","52","Twin Boro is a growing and thriving manually-based private physical therapy practice with an emphasis on functional rehabilitation. We have been providing New Jersey residents with the highest quality rehabilitation services since 1980 and are the state’s largest private physical therapy practice with 27 locations in the Garden State.

The key to Twin Boro Physical Therapy’s success is a combination of highly skilled rehabilitation experts, state-of-the-art facilities and an outcome driven approach to getting patients back to full function. At Twin Boro, our team of physical therapists are comprised of compassionate, dedicated professionals committed to their patients.","",""
"Dr. Daniel Physical Therapist","51","Dr. Daniel Physical Therapist has his Bachelors Degree in Exercise Science, Doctorate in Physical Therapy and Certification in Manual Therapy. He has treated thousands of patients around the US traveling as a PT doing contracts for physical therapy companies. He is exceptionally grateful to help people heal and get back to their normal lives. 
These videos are to help you with the process of healing, giving the information and tools to regain your life. They come from education and experience treating patients who have had positive results. He hopes that these videos will also give you those same positive results.","","United States"
"Safari Pet Rehabilitation","51","Regenerative Stem Cell Therapy & Pet Rehabilitation at Safari Veterinary Care Centers in League City, TX.

Stem Cells live in all tissues of the body and lay dormant until there is damage in need of repair.

The body’s natural repair process sends healing cells to the area of injury and directs these healing cells as to what needs to be done. In all cases these healing cells are stem cells. However, in many cases, the regenerative process is overwhelmed or exhausted or out of resources and healing is incomplete and that’s where regenerative medicine comes in.

Regenerative medicine strives to use the body’s own healing mechanisms, by adding Platelet Rich Plasma and/or stem cells we can restart the healing process which rejuvenates the damaged tissues and rebuilds damaged or missing tissues.

Stem Cells (don't heal, they) regenerate the original cartilage tissue just as it was when the animal was an infant.

Office: 281-332-5612
Hours: M-F: 6am-8am; Sat & Sun: 9am-6pm","","United States"
"doghealthblog.com","50","This channel is dedicated to keeping dogs healthy. I am a physical therapist and a dog lover. I have combined my two passions to create a channel that will provide research based rehabilitation techniques, services and products that will increase your dog's quality of life. Check out my website doghealthblog.com and go to https://www.theinventoryexpress.com/collections/pet-gear to get free dog gear.","",""
"Majid Rajabian | Physiotherapist","50","Animal and human physiotherapist.","",""
"Canine Rehabilitation Institute","50","","",""
"Josh Prior","49","","",""
"Focus Newtown Hub","48","*Scroll down for English*

Lleolir Hwb Menter Ffocws y Drenewydd yn adeilad hanesyddol Pryce Jones yng nghanol y Drenewydd, lleoliad perffaith i gysylltu a gweithio gyda sefydliadau lleol. Dewch am sgwrs i ddysgu sut gallwn eich helpu i roi hwb cychwynnol i’ch busnes.

Mae ein rhaglen amrywiol o weithdai a digwyddiadau AM DDIM yn cefnogi anghenion eich busnes a byddant yn eich helpu i lansio neu dyfu eich menter newydd.

The Focus Newtown Enterprise Hub is based in the historic Pryce Jones building in the centre of Newtown, the perfect location for linking and working with local establishments.

Our diverse programme of events and workshops supports the needs of your business, and will help you to launch or scale up your new enterprise.

Follow our YouTube channel for the latest videos!","","United Kingdom"
"OptimalPhysio","47","","","United Kingdom"
"wiredONdevelopment","47","","",""
"Center for Veterinary Pain Management and Rehabilitation","47","For many years, Dr. Rick Wall has been enthusiastically involved in the practice of physical medicine, rehabilitation and pain management in both dogs and cats. These years have been the most rewarding of his veterinary career, one which spans over thirty years. Dr. Wall developed a tremendous passion for both pain management and physical rehabilitation. Out of this passion, and his deep compassion for both clients and patients, Dr. Wall created the Center for Veterinary Pain Management and Rehabilitation in 2004. Subscribe to our channel to see the success of our patients as they begin to lead a better quality of life and learn about the great work being done here at #CVPMR. Thanks for visiting our page!","","United States"
"University of Montana School of Physical Therapy","46","","",""
"Daniela Fonseca","45","","",""
"Advanced Orthopaedics & Sports Medicine","45","ADVANCED ORTHOPAEDICS & SPORTS MEDICINE – A FULL-SERVICE ORTHOPEDIC PRACTICE IN HOUSTON, TX, PROVIDING TREATMENT FOR INJURIES OF THE KNEE, HIP, SHOULDER, NECK, SPINE, ELBOW, WRIST, HAND, FOOT, AND ANKLE

Consulting an orthopedic surgeon, pain management specialist, rheumatologist, physical therapist or occupational hand therapist is simple at Advanced Orthopaedics & Sports Medicine of Houston, Texas. Our patients have access to a full team of compassionate, board-certified and double-board-certified medical professionals under one roof, and each individual receives a comprehensive treatment plan that’s tailored to his or her specific needs. We are committed to providing our patients with the treatments they need to get back to their busy lives, as well as the education they need to feel comfortable.

Since 1983, we have provided the latest treatments for conditions affecting the knee, hip, shoulder, spine, foot, ankle, hand, wrist and elbow. We host 40+ providers and 4 locations.","","United States"
"Core Physiotherapy & Exercise Centres","44","Founded in 2002, Core Physiotherapy & Exercise Centres is a physiotherapy-lead allied health company committed to providing clients with comprehensive assessment and treatment programs in a warm and friendly environment. With multiple clinics across Brisbane, Logan and the Gold Coast, our services include musculoskeletal physiotherapy, sports physiotherapy, back and neck rehabilitation, paediatric physiotherapy, exercise physiology, hydrotherapy and group exercise classes incorporating clinical Pilates.","",""
"Avantika","44","Learn physiotherapy made simple! 🩺 From rehab tips & posture hacks to exercise therapy & movement science — I make physiotherapy easy, practical, and fun. Subscribe to move better, heal faster, and stay pain-free!""
Subscribe, Like, Share and Follow for more.","","India"
"UCSF Physical Therapy","43","Check out videos from our UCSF/SFSU DPT program, the PhD in Rehabilitation Science, and our UCSF Physical Therapy Residencies!","",""
"Tufts DPT","43","An innovative Doctor of Physical Therapy (DPT) program uniquely positioned in the Tufts University School of Medicine.","",""
"King Animal Hospital","41","A Multidisciplinary Referral and Emergency Hospital for Small Animals and Equines, in King City, Ontario.","","Canada"
"FisioPet","40","FISIOPET- CENTRO DE REABILITAÇÃO ANIMAL
Rua Doutor Paulo Tonoco Cabral 225
Jd. América, Ribeirão Preto, SP
+55 (16) 4141-1025 ou (16) 3234-5934","",""
"Los Gatos Orthopedic Sports Therapy","40","Los Gatos Orthopedic Sports Therapy is a physical therapist owned rehabilitation center. We are backed by a first class team of highly trained physical therapists and athletic trainers with specializations in sports rehabilitation and strength and conditioning.

People come to physical therapy because they hurt, not because they feel good. You likely came to this site seeking answers about your pain or injury. Our experienced team has the knowledge, skill and motivation to relieve your pain and get you back in action. Come in and experience for yourself the benefits of physical therapy.","","United States"
"Taryn Riel Pediatric Physical Therapy","39","Hi Everyone! My name is Taryn R. I’ve been a pediatric physical therapist for over 15 years. I have been working with children who need assistance in gaining strength, improving their overall balance, working on their body movements and bilateral coordination. I also work on their motor planning, reaction times, body awareness and safety awareness. I’m certifiied as a pediatric massage therapist and a certified kinesiotaping practitioner.  I incorporate different movements of yoga 🧘🏻‍♂️ to increase flexibility, strength and motor planning.  I add agility drills and body coordination movements as well. 
Each child is different. Each one has strength and the gift to reach their best self.","",""
"Equine Cure","38","","",""
"Paws PT","38","Paws PT - Improving quality of life for your pets

Pet Physical Therapy, Rehab & Wellness:
• Underwater Treadmill
• Cold Laser Therapy
• Therapeutic Exercise
• Soft Tissue Therapy
• Hirudotherapy

Paws PT’s mission is to promote healing and wellness through methods that improve the overall quality of life for your pet. Based on your pet’s specific needs, we will select an appropriate mix of non-invasive therapeutic modalities to:
• Alleviate pain
• Improve post-surgical healing
• Increase strength and flexibility
• Facilitate higher levels of activity
• Reduce stress","","United States"
"Mastering.Mthrhd","38","Hi! I'm Victoria—a pediatric physical therapist (DPT), educator, and mom of twins, a toddler, and a big kid.

This channel is your go-to resource for baby & toddler development, milestones, movement, and play through practical, evidence-based education.

You'll find:
• Tutorials on rolling, sitting, crawling, walking, torticollis, plagiocephaly, tummy time, and more
• Product reviews, unboxings, and recommendations
• Easy activities for babies and toddlers
• Answers to common parenting questions and milestone myths
• Behind-the-scenes pediatric PT insights
• Family life, travel, and everyday adventures

Whether you're looking for milestone guidance, development tips, product recommendations, or family inspiration, you're in the right place.

⬇️ Developmental guides:
https://stan.store/masteringmthrhd

Disclaimer: Content is for educational purposes only and is not medical advice. Always consult your pediatrician or pediatric physical therapist. Individual evaluation is recommended.","",""
"K9 Gym","36","K9 Gym and Rehabilitation Center is dedicated to enhance your pet's quality of life & comfort.  Our compassionate staff is comprised of veterinarians, veterinary technicians, a physical therapist, & a massage therapist who are certified in veterinary acupuncture & chiropractic, canine rehabilitation, &/or massage. After your pet is evaluated by our veterinarian & physical therapist, we will create a custom tailored treatment program to restore mobility & minimize your pet's discomfort through the various services we provide.

K9 Gym and Rehab offers veterinary acupuncture & chiropractic (musculoskeletal manipulation) services, therapeutic massage, cold laser therapy, ultrasound therapy, electrical stimulation, therapeutic exercise, and hydrotherapy using underwater treadmills and a 15,000 gallon pool.  

Whether your pet is a performance athlete or a laid-back senior, we at K9 Gym and Rehab are dedicated to improving their comfort & quality of life.","","United States"
"Four Amigos Veterinary Physiotherapy","33","","",""
"Docucrew LLC","33","","",""
"Little Spark, Big Impact","33","Little Spark Big Impact is THE podcast to listen to for pediatric physical therapists and physical therapist assistants! Join co-hosts Mica Mitchell, PT, DPT and Joe Schreiber, PT, PhD, FAPTA, on a journey to empower YOU, the pediatric provider!","",""
"Neetibagh animal Physiotherapy","32","Hi guys this channel is all about Animal Physiotherapy    to help reduce pain, improve mobility and prevent recurrence or injury in animals. Please share and support this channel #9560915757","",""
"Trifecta DPT","32","Boutique, outpatient Physical Therapy practice in Highlands Ranch, Colorado.  Three PT’s decided to leave the traditional corporate physical therapy model that relies on insurance networks, pre-authorizations, and physicians referrals.  That is out the window.  This is one-on-one physical therapy.  No pre-authorization, no referrals, no insurance requirements, no techs, no aids, no waiting rooms.  Whether you need one treatment, 4 treatments, or on-going treatments will be determined by you, not an insurance company.  We rely on word of mouth referrals and results from satisfied patients.  If you’ve tried physical therapy in the past and have been less than 100% satisfied, try Trifecta Physical Therapy and try physical therapy the way it should be.","",""
"Complete Physical Rehabilitation","32","Visit us here: https://www.campsite.bio/cprnj

Complete Physical Rehabilitation provides Physical Therapy, Acupuncture, and Wellness services in Elizabeth and Jersey City.  In addition to general Physical Therapy, we focus on:

Vestibular (Dizziness) Physical Therapy
McKenzie Spine Physical Therapy
Joint Physical Therapy
Runners Training & Physical Therapy

Since 2004, our physical therapists have excelled at offering the most comprehensive PT programs available, centered on our one-on-one Physical Therapy & Acupuncture services.

We are the FIRST clinic to offer LightForce® laser therapy treatment programs and the AlterG® Anti-Gravity Treadmill in Elizabeth & Jersey City.

In addition,  we are one of the top specialists in Jersey City and Elizabeth for vestibular (dizziness/vertigo) rehab. We also are certified specialists in back pain and sciatica using the McKenzie Method®, certified LSVT BIG specialists for Parkinson’s Disease, & specialize in treating runners.","",""
"EquineCareers","31","","",""
"Animal Hospitals Of The Lowcountry","30","Welcome to our FAMILY! 
Since 1953, the Shuler Family has been caring for your fur babies! With 2 active locations in Mount Pleasant, SC, we care for your pets like they are our own. Veterinary Care Reimagined. 
To greater support the community, we are opening up our third location very soon: Safe Harbor Vet Clinic!
We are always accepting new clients, visit our website to make your next appointment!       https://animalhospitalsofthelowcountry.com/","",""
"Animal Physical Rehab [APR Team]","30","","","South Africa"
"Stroke Rehab Dogs","29","Collaborative project with Pets As Therapy offering stroke survivors opportunities to incorporate a companion animal into their rehabilitation programme. www.strokerehabdogs.co.uk","","United Kingdom"
"One Small Step Physical Therapy","29","Hi! Im a pediatric physical therapist specializing in infant development.  Follow for tips on how to support your baby.","",""
"Florida Veterinary Rehabilitation","29","","",""
"PT with Dr. C","29","Dr. C is a pediatric physical therapist with 20 years experience.  

This station is focused on pediatric physical therapy intervention ideas for the purpose of guiding home programming as well as a resource for pediatric teletherapy services by a physical therapist.  Occupational therapist may also find these videos helpful as an adjunct to their programming. 

All pediatric physical therapy services should be overseen by a licensed physical therapist with an active doctor's prescription, depending on your state. These videos are not designed to replace direct therapy or teletherapy services, nor are they meant to substitute professional medical advice, diagnosis or intervention.  Please speak to your pediatrician or therapist before beginning any virtual programming. All activities must be adult supervised and done at your own risk.   

Hopefully these videos will be a great resource for pediatric therapists and the children and families they service.  Please enjoy! :-) Dr. C","","United States"
"Punah Nava | Neuro Physiotherapy & Rehabilitation","29","An educational platform dedicated to neuro physiotherapy, rehabilitation, movement and functional independence.

We share accessible, evidence-informed content to create awareness about neurological conditions, rehabilitation, recovery, movement and everyday function — for patients, caregivers, families, students and healthcare professionals.

Rebuilding movement. Restoring confidence. Renewing independence.

पुनः नवा | Where healing begins and hope returns.

Disclaimer: Content is for general education and awareness only and does not replace individual medical advice, diagnosis or treatment.","","India"
"Bella Physical Therapy","28","Are you in need of a physical therapy in Bergen County, NJ?

Bella Physical Therapy is a physical therapist-owned private practice that has been helping people in need of a physical therapy in Bergen County, NJ since 2006. Our state-of-the-art facility is conveniently located in Fair Lawn, NJ. Our office includes an airy, well-lit gym and multiple private treatment rooms, where we offer focused, knowledgeable care in a safe and welcoming environment for treating people throughout their lifespan – from infancy to adulthood to geriatrics.","",""
"Hetherington Therapy","28","Hetherington Therapy is a company/family that provides Pediatric Occupational, Physical, and speech therapy services in the homecare setting.  This channel is designed to help a therapist with Tips & Tricks within the Pediatric population, whether for the seasoned Pediatric therapist, a college student, or a current therapist transitioning into the pediatric world!  Our other focus for the channel is to provide education to families/parents with children with specific extra needs.   This will give them more knowledge of what to look for in a therapist and what the therapist will be working on with the families.  Lastly it will give a look into the world of a therapist in the pediatric world on a daily basis and what is expected in this lifestyle of therapy in the home, in the school and out in the community!  So please sit back and enjoy and by all means help spread the word!!","","United States"
"Clarkson Sports & Physiotherapy","28","Want to feel better in your body? How you feel tomorrow, starts today!
Physiotherapists, Chiropractors & Massage Therapists: we feel that YOUR success is our success!
Inclusive, safe, welcoming.
Physiotherapists, Chiropractors & RMTs with extensive experience with strains/sprains, complex injuries and prevention to provide you with the best care possible, based on a detailed assessment.
We focus on active, exercise-based rehabilitation with education, manual therapy and taping to help you recover faster. Acupuncture, Shockwave, bracing, compression, Orthotics, ultrasound, IFC, TENS.
Our gym has a treadmill, bikes, weights/bands, balance equipment to try your customized rehab exercises before doing at home.
Private Treatment Rooms
Pelvic Floor Physio - Certified Hand Physio - Acupuncture - TCM
We take post-grad education to learn new techniques to help you. 
You will receive the highest level of care on an individual basis.
Southwest Mississauga's best Physiotherapists & Chiropractors","clarksonphysio@gmail.com","Canada"
"The Training Room | Sports Physical Therapy","27","Welcome to The Training Room PT – where movement meets performance! Our channel is dedicated to helping active individuals move better, get stronger, and stay pain-free. As a fellowship-trained physical therapist, I break down rehab, mobility, and strength strategies to keep you in the gym and performing at your best. Whether you're recovering from an injury or optimizing movement, you'll find expert tips on strength-based rehab, mobility drills, and breathing mechanics. Subscribe for actionable strategies to stay pain-free and improve performance! #PhysicalTherapy #StrengthRehab #Mobility","",""
"Soft Hands Animal Physiotherapy","26","SHAP is a mobile veterinary physiotherapy clinic owned and operated by a BSc qualified veterinary physiotherapist. Specialising in the rehabilitation of horses, dogs, and cats, the clinic offers expert care for animals recovering from surgeries, injuries, or managing chronic conditions. Additionally, SHAP provides conditioning services for animals involved in competitive sports, helping to optimize performance and prevent injuries. With a focus on improving mobility, reducing pain, and enhancing overall quality of life, personalised in-home treatment plans are tailored to meet each animal's unique needs. We bring professional physiotherapy services directly to your doorstep for the convenience and comfort of your animals.","","South Africa"
"Equine-Librium","26","Equine-Librium College is a leading institution specializing in equine, canine and feline rehabilitation, therapy, and performance. We offer world-class education in veterinary physiotherapy, combining science with hands-on experience to shape future professionals in animal health and performance.

Subscribe for insights into our programs, student experiences, and industry advancements!","",""
"JP the PT | Physical Therapy","25","All things improvement.
--
Mission: Improve health & build strength.
Side Mission: Eliminate pain.
--
👋Bye pain, hello stronger, healthier you. With over 10+ years of experience & education, I’ve helped thousands of people achieve lasting relief from neck & back pain, hip pain, shoulder pain, sciatica, and more. Whether you're recovering from an injury or looking to improve motion, posture, mobility, flexibility, strength or stability.. I'll cover all of these topics and more.

🧘JP the PT offers expert healthcare education designed to strengthen your body, restore function, and eliminate pain. We cover topics such as DIY at-home physical therapy exercises customized stretches and strength-building routines and more.

👨‍⚕️Stay connected w/ JP the PT & take control of your health today: Like, subscribe, and check our website for free resources! Drop a comment below to get questions answered—let’s work together to heal and feel stronger!","","United States"
"Accell Animal Therapy","25","Welcome to Accell Animal Therapy where we believe good circulation is important for all creatures great and small. Accell Animal Therapy devices have been developed in Australia from the Niagara Therapy CVT class IIa medical devices that have been used by humans and animals to improve circulation, lymphatic drainage, joint mobility, relax muscles and much more since 1949.

Accell Animal Therapy provides a simple and effective, reliable and repeatable physical therapy solution that is proven to improve circulation, improve lymphatic drainage, aid in wound healing and injury management, assist with joint mobility, relieve muscle and joint pain, relax muscles and increase nerve-muscle communication. Therapy applications are not just limited to performance use; Accell Animal Therapy devices are used by domestic pet owners, animal therapists, greyhound trainers and veterinary practices all around Australia and New Zealand.","","Australia"
"Therapy Fit - Physical Therapy","25","","",""
"CanineIQEducation","24","Educating Physical Therapists to become competent canine clinicians.  www.CanineIQ.net","",""
"Physio Mastery","24","""Welcome to Physio Mastery, where movement meets mastery!
Our mission is to empower you with the knowledge and skills to take control of your physical health. Whether you're a physiotherapy student, practitioner, or someone eager to learn about recovery and wellness, this channel is your ultimate guide.

Here’s what you’ll discover on Physio Mastery:

Expert tutorials and techniques to enhance your physiotherapy skills

Easy-to-follow exercises for pain relief and improved mobility

In-depth anatomy and biomechanics explained simply

Tips to stay active, prevent injuries, and recover like a pro


Join our growing community of health enthusiasts and professionals dedicated to mastering movement and living pain-free. Hit the Subscribe button and start your journey toward better health and knowledge today!""","","India"
"Equi-Ice","24","Equi-Ice Is the simplest and most effective ice pack/ cold therapy product designed specifically for horses that provides direct delivery of ice to targeted areas. Equi-Ice is a durable and re-useable ice pack that delivers immediate benefits of direct icing to the horse’s spine and back muscles. Created by leading Australian equine physiotherapist, Tom Simpson (physiotom.com.au), Equi-Ice can be used routinely by horse owners to promote faster recovery post-exercise or injury.
Further information is available at www.equi-ice.com.au.  From Australia, call 1300  755 516. Email inquiries to info@equi-ice.com.au.","info@equi-ice.com.au",""
"Smart Body Physical Therapy Jax","23","Our one-on-one physical therapy clinic is a full service facility specializing in Pelvic Health • Women’s and Men’s Health • Manual Therapy • Spine Care • Orthopedics • Sports Medicine • Neurological

What makes us different from those BIG Physical Therapy clinics:
- 1:1 Patient to therapist ratio, your Physical Therapist's focus is 100% on you!
- Private Treatment Rooms
- Women's Health Specialists
- Certified Manual Therapists
- Combined 95+ years experience
- Access to personal exercises online
- Participating with most major health insurance plans including full cooperation with Tricare for our Military families!
- Free Community Lectures
- Privately and locally owned

Only Smart Body Physical Therapy has the patients who travel near and far for our breadth of expertise in pelvic health medicine so that they can savor life again...or perhaps for the first time ever!","",""
"PAL Physiotherapy & Sports Rehab","23","PAL Physiotherapy & Sports Rehab is a trusted physiotherapy clinic in Madhapur, Hyderabad, located near Durgam Cheruvu Metro Station, Hitech City, that is very close to Mindspace. We offer expert care for back pain, neck pain, shoulder pain, knee pain, and sports injuries. Our experienced physiotherapists and chiropractors use techniques like dry needling, cupping therapy, manual therapy, and exercise rehabilitation. We are specialized in sports rehab, geriatric physiotherapy, posture correction, strength training, Sciatica, Arthritis, Muscle pain treatment and post-surgical recovery. Book an appointment today for your personal pain relief treatment at physiotherapy in Madhapur on +91 8639398229","","India"
"Alba Physiotherapy Veterinary","22","","",""
"Raymond Mak Animal Physiotherapy","22","","",""
"Oasis Physical Therapy & Sports Rehab","22","Not All Physical Therapy Clinics Are the Same

Industry standards of care for physical therapy meet the minimum acceptable for treatment. Oasis PT is about more than maintaining minimum standards, and that’s why we have developed our own Standards of Care & Performance

Our mission is to provide high-quality one-on-one patient care in an environment that promotes wellness and improves the lives of those we treat.

We specialize in providing hands-on manual therapy for low back and neck injuries, car accidents, work injuries, sports injuries and just about any other pain that is keeping you from enjoying life. 

Our unparalleled commitment is to make sure you are successful in your rehab and that you ""get your life back."" This is why so many doctors are referring their patients to us for their physical therapy needs.","",""
"Bay Area Physical Therapy","22","Bay Area Physical Therapy has served the greater community for over 40 years. We are dedicated to the highest quality physical therapy and rehabilitation services. Our team of physical therapists have advanced education, degrees and extensive experience to provide the best care and services to you. Our Certified Massage Therapists provide exceptional therapeutic massage services to help with muscle.  We also have cutting-edge technology and equipment to further rehabilitation, tissue healing, pain reduction, and diagnostics to help get to the root of the cause of injury or issues.

Bay Area Physical Therapy in Pleasant Hill, CA is a sister location to Lafayette Physical Therapy. Both locations are owned and operated by the same amazing team! The company is local, woman-owned, and dedicated to the health of our community. Our common goal is to provide exceptional physical therapy, therapeutic massage, wellness services, and Diagnostic Testing.","","United States"
"Leesburg Veterinary Hospital","22","Leesburg Veterinary Hospital provides exceptional animal care that meets and exceeds the highest standards of veterinary medicine in the field. We are a full-service veterinary hospital accredited by the American Animal Hospital Association. Our services include preventative medicine and wellness care; internal medicine and ultrasound; surgery and dentistry; canine rehabilitation, and professional grooming. Besides treating dogs and cats, we also see exotic animals such as birds, reptiles, ferrets, rabbits, and other small mammals like hamsters and gerbils. Knowing that our patients are members of your family with unique health needs, we work hard to create individualized patient care and strong client communications. Your pet's comfort and quality of life are our primary concerns. We are proud to be a part of and serve the community and have been voted best Veterinary Practice in Loudoun County for 5 straight years!","",""
"Sarah Read Veterinary Physiotherapy","21","","",""
"APRS Physical Therapy Bozeman","20","APRS Physical Therapy is a physical therapist owned outpatient clinic with two location to serve the Bozeman and Gallatin Valley community.  This channel has been created in order to share information and physical therapist expertise to anyone who is looking for the latest and best practice guidelines in the rehabilitation world.","","United States"
"Winging it - anything goes!","19","As a Certified Practitioner of Equine Physiotherapy and a single mother to an adorable little girl, anything could happen. 🫠","",""
"Selah Therapeutics, LLC","19","","","United States"
"Beth Shaw","19","Beth Shaw is one of South Africa's leading equine therapists, treating over 200 horse patients a month. Her phenomenal success and highly respected work is attributed to the intensive training she has received from Winks Greene a legend and pioneer of equine physiotherapy. Beth employs the Winks Greene methods of pinpointing and treating muscular -- skeletal injuries of the equine athlete.
 
Beth has been encouraged and endorsed by Winks Greene to offer an intensive training course to select students at the BSET Academy, operating out of the Natal Equine Rehabilitation Centre. Our goal at BSET is to produce top class horse therapists who specialize in Equine Faradic Therapy.","info@bethshaw-ett.com; info@bsetacademy.co.za",""
"LITTLE STEPS","18","Welcome to Little Steps Pediatric Rehab! 🌈

 I'm, a Pediatric Physical Therapist. This channel provides evidence-based information on pediatric physical therapy, child development, developmental milestones, early intervention, and pediatric rehabilitation. 
Learn about Cerebral Palsy (CP), Autism (ASD), Down Syndrome, developmental delay, torticollis, toe walking, hypotonia, gross motor skills, balance, coordination, and home exercise programs. 

Whether you're a parent, caregiver, student, or healthcare professional, you'll find educational videos, and expert guidance to support every child's development. 

📩 Online Consultations Available
📱 Instagram: @littlestepsrehab_ 
👥 Facebook: Little Steps Pediatric Rehab

Subscribe, Like & Comment  join us as we support every child's journey—one little step at a time🩷","","Pakistan"
"drvetuae","18","","",""
"Dr Deb VetRehab","18","Welcome to a place for animal lovers who want more than meds when helping pets to recover from injuries or cope with health conditions. 

You’ll be able to follow some of my patients through rehab - the first one is my own dog, Louis, who's recovering from a big abdominal surgery, as well as having arthritis in his elbows. 

I work mainly with dogs and horses, but treat all kinds of animals, including cats, sheep, alpaca, goats and cows. You'll also see clips helping you to identify when your animals are in pain, and showing you ways you can help them. They don't deserve to hurt, and there's no place for pain.

I'm a rehab vet with postgrad training (and more than 18 years of experience) in veterinary rehabilitation, veterinary acupuncture, animal chiropractic, osteopathy, saddle fitting and more. My clients and their animals get great results when we work together to improve their lives with rehab. I'm your creaky joints vet!","","New Zealand"
"APTA Virginia","17","","",""
"C Double Stables","17","C Double Stables is a family owned and operated equestrian facility located in Dawson Creek, BC, CA. We have a diverse skillset among our team which includes multiple certified Equine Canada Coaches, access to ground training, horse starting, as well as equine physiotherapy and rehabilitation. Our barn is also very fortunate to have access to our own equine vet. We pride ourselves in continuous learning and putting our horses health and wellbeing first, while keeping rider awareness and safety at the forefront of our program. We hope with this channel that viewers will gain knowledge in an easy accessible way to consistently improve their ride.","","Canada"
"Equine Performance and Rehab at UTCVM","17","The Equine Performance and Rehabilitation Center at the University of Tennessee College of Veterinary Medicine is a state of the art facility that provides advanced lameness diagnostics, treatments and rehabilitation of the horse. Visit us at https://equinerehab.utk.edu or visit us on Facebook https://www.facebook.com/UTEPRC/","","United States"
"Chris Bealby (North Lodge Equine)","17","Vidoes from North Lodge Equine Center, Racing, Eventing, Physiotherapy , Farming and more....","",""
"University of Utah PT Residency Programs","17","The University of Utah Physical Therapy Residency Programs develop novice clinicians into advanced thinkers with the knowledge and skills for specialist level clinical practice. Resident engage in evidence-guided clinical practice in high impact, collaborative learning environments; one-on-one mentoring; focused didactics; clinical and academic teaching; professional development; and, clinical research.","","United States"
"Dipika's Pediatric Physiotherapy","16","This channel is dedicated to supporting children's  movement, strength, balance, and functional independence through evidence-based pediatric physiotherapy. You will find practical therapy ideas, exercises, activity progressions, parent and caregiver guidance, and professional insights designed to support children with diverse developmental and physical needs. Whether you are a parent ,caregiver, therapist, or educator, this channel aims to make pediatric physiotherapy simple, engaging and meaningful - helping every child move with confidence and joy. 😊



 #ChildDevelopment #PediatricPT #NeuroPhysiotherapy #MotorDevelopment  #PhysiotherapyForChildren #ParentEducation #SpecialNeedsParenting #childcenteredcare #facilitationtechniques","",""
"ecphysio","16","Video resources for Equine, Canine and Human physiotherapy.","",""
"Holistic Vet Care","15","Holistic Vet Care Covers all topics related to vet acupuncture, herbs and diet advice, so you can choose the right treatment for your pet.","",""
"IO Sports Therapy Education","15","","",""
"SPORTS PHYSICAL THERAPIST","15","International massage therapist","",""
"Rocky Mountain Veterinary Rehabilitation","15","","",""
"MORE-Pferdetherapie - Dr. Maren Bohleber","15","","mail@more-pferdetherapie.com",""
"cTreatment","15","Looking for a medical treatment that improves recovery through customized local body cooling? Check cTreatment! As a result of extensive scientific research, cTreatment relies on standardized protocols, allowing precise and specific applications for each patient and every injury.

Medical professionals will find in cTreatment an efficient & reliable way to use temperature control in the recovery process, resulting in both physical and mental relief for their patients.","","Belgium"
"Equine Education With EJS","15","At EJS, we aim to bring physiotherapy and equine behaviour together to create physical and emotional harmony for your horse.

Emma is an Intelligent Horsemanship Trainer with over 10 years of experience with horses. She has worked as a rehabilitation groom for the RSPCA and World Horse Welfare, starting Emma's journey into Veterinary Physiotherapy.

She is now a fully insured and qualified Veterinary Physiotherapist, under the AHPR and NAVP, aiming to provide evidence-backed treatments for maintaining, prevention and recovery, getting the best out of your horse. 

With the knowledge Emma has gained over the years, she has found that there is so much that could be given to owners. The goal for EJS Animal Studies is to provide courses and workshops for everyone and anyone who wants to expand their own knowledge. 

www.ejsvetphysio.co.uk

https://www.facebook.com/EJSVetPhysio

https://www.instagram.com/ejsvetphysio/","",""
"Tennessee Chapter Cystic Fibrosis Foundation","14","","","United States"
"CITCPhysicalTherapy","14","Colorado Injury Treatment Center Physical Therapy & Sports Injury Clinic.","",""
"Lisi Vet Physio","14","Lisi Vet Physio provide a mobile animal physiotherapy service throughout Oxfordshire to the veterinary profession and their clients offering routine check ups and condition specific treatments.  We offer veterinary physiotherapy treatments for many animals including horses, dogs, cats, rabbits, farming livestock and exotic species.","",""
"Lucid Digital Lab","14","Lucid Digital Lab is a young and creative Digital Marketing company that helps brands come alive with a story that connects with their audience.

We offer a specialized set of Digital Marketing services in Singapore such as creative video production, advertising campaigns, and social media content generation.

Check out our website at https://luciddigitallab.com/","","Singapore"
"Ryan Gray Physical Therapy","14","I am creating pediatric physical therapy videos. I work as a school-based physical therapist and my goal is to make these videos practical and easy to use for parents, teachers, and other school staff.","",""
"Georgetown Veterinary Hospital","13","Georgetown Veterinary Hospital is a 5 doctor practice that sees furry and feathered companion animals in beautiful Georgetown, Texas. We have the most amazing clients and are so thankful for their support. Our goal is to love and care for their pets as much as they do and provide them with high-quality preventative and medical care.","",""
"Rebecca Hale","12","Pediatric Physical Therapist & Human Movement Specialist

Rebecca Hale is a Pediatric Physical Therapist and Human Movement Specialist. She currently works in the Chelsea school system with grades 1-12. She works with student’s body control, strength, and balance to decrease barriers of attention and behavior to better access the learning and the school environment.

Rebecca has worked in the industry for 22 years and has experience with clients ranging from three months to one hundred three years of age. Her passion is working with children on the autism spectrum and those disconnected by traumatic experiences. She helps children and parents access their body’s innate wisdom and find comfort in their own anatomy. She also helps people interpret children’s behaviors and how they relate to the physiological needs of each individual.","",""
"Veterinary Emergency Care","12","Veterinary Emergency Care is dedicated to providing quality emergency and rehabilitative care for your furry friends.

Animal Emergency Clinic of Cary was founded in 1998 as a collaborative effort between multiple practice owners in the Cary area to provide after hours emergency veterinary care for their patients. With the support of our referring veterinarians, AECC expanded to 24/7 services and hospitalization in 2016.

Veterinary Rehabilitation & Pain Management Hospital was founded by Dr. Shults after 3 years of full time emergency practice. This full-service veterinary rehabilitation hospital focuses on applying physical rehabilitation techniques and pain management to canine and feline patients who have physical limitations due to injury, neurological disease, surgery, or chronic pain.","","United States"
"Milestone Pediatric Therapy","12","Hi! My name is Dr. Megan McIntyre, PT, DPT. I am a pediatric physical therapist and this channel is dedicated to educating parents on their child's development, exercises to help with certain gross motor delays, and to bring awareness to different pediatric conditions that need physical therapy! I own Milestone Pediatric Therapy. It is an outpatient clinic located in Winchester, VA offering one-on-one client centered care focused on reaching family goals and improving participation in activities of childhood.","","United States"
"therapistsphysical","11","http://www.therapistsphysical.com/
http://www.therapistsphysical.com/acupuncture-acupressure/
http://www.therapistsphysical.com/physical-therapy-clinics/


Video, News video of Physical Rehabilitation, Physical Therapy, Occupational Therapy, Rehabilitation Services Web Directory 

Ipod video, free download video of  Physical therapists, physical therapist, rehabilitation physical therapy, occupational therapist online guide.

Free video, video sharing, watch video of  physical rehabilitation, physical therapy, occupational therapy, rehabilitation services, physical therapists, physical therapist, rehabilitation physical therapy, occupational therapist","",""
"TECHNIK Veterinary","11","","",""
"Penny Rowling","11","","",""
"Nina's Veterinary Physiotherapy (NVPT)","10","Canine physiotherapist and hydrotherapist based in Nottingham (UK). 

ninaclarevp@gmail.com
www.nvpt.co.uk","ninaclarevp@gmail.com",""
"Building Futures Pediatric Therapy","10","Pediatric Therapy Clinic serving North Louisiana.","",""
"Argos Canine","10","For the love of aging dogs! We love our furry friends and watching our playful young dogs grow into older dogs and ultimately senior dogs can be difficult.  We want to help them any way possible and love them as long as we can.  Senior dogs can live happy comfortable lives if they stay healthy and mobile.  We’re obsessed with delivering insanely useful tools, training and products to our community who love their dogs. Our mission is to take the best and latest of what’s been tested and proven in helping dogs at home.  We work with the best of the best in the canine world to enable humans around the world help their loving aging dogs live longer and pain free.  One such amazing resource is Carrie Smith, a certified Canine Rehabilitation therapist with 14 years experience working with dogs on top of her 30+ years working with humans.  People travel great distances for their aging, injured or recovering dogs to see Carrie but we are bringing her into your home.","",""
"Horselink Tech","10","www.horselinktech.com.","",""
"Equine Physiotherapy","10","In WinRecovery we offer physiotherapy services for animals, specially high level sport horses in all disciplines. We mainly use electrotherapy, Tecartherapy (TECAR: Transfer of electricity capacitive resistive), non invasive, painless technique using electrodes on the horse body. It speeds up the process of natural healing, working on a wide variety of injuries in all type of tissues (muscle, tendon, ligaments, joints, bones).","",""
"Equi-Librium Therapy Center","9","","",""
"BARC","9","","",""
"Heather Maxwell","9","Human Physiotherapist specialising in Veterinary Physiotherapy
Based in South East of Melbourne, VIC, Australia

BSc (Hons) Animal Science
BSc (Hons) Physiotherapy
PgDip Veterinary Physiotherapy","","Australia"
"REC Veterinary Physiotherapy","9","REC Veterinary Physiotherapy provides quality physiotherapy and rehabilitation to Ruminants, Equines and Canines, along with other animals, across North Wales, Cheshire, North Shropshire and the Isle of Man. We provide a range of manual therapies, electrotherapies and exercise therapies to help return your pet back to their normal selves following injury or disease. Physiotherapy is also great for maintaining and improving your pets strength, performance and general wellbeing!
Why not get in touch today to inquire as to whether physiotherapy is right for your pet?","",""
"Fundació Teràpia a Cavall","9","","",""
"OUMCEdmond","9","","",""
"Kidstartpediatrictherapy","9","","",""
"Sydney Animal Physiotherapy","9","","",""
"Sky Equine Consultancy Physiotherapy","8","","",""
"WOOF! Wellness Center","8","WOOF! Wellness Center is located in Southern Utah and was founded in 2014, by owners Anita and Ron DeLelles.  Anita is a licensed and certified massage therapist with training for humans, small animals and equine massage. WOOF! Wellness Center was created to serve health-conscious pet-guardians and their pets by providing Hydro Treadmill Therapy, AcuMassage and Cold Laser Treatment, along with other holistic-based services and health supplements.","","United States"
"London Vet rehab","8","The first Veterinary Rehabilitation mobile unit in UK going on line.
We are here to spread the world about the importance of physical rehabilitation and multimodal approach in the small animals.

Pets are members of our families and their wellbeing is THE essential aim of our job and daily care. Our services are created to deliver the best cares for every kind of condition requiring physical therapies and are specifically designed around the patient as every patient is UNIQUE!","",""
"Nora B, PT | Nora Bachman","8","Nora B is a pediatric physical therapist based out of Santa Monica. She primarily comes to the home or another location in the community to provide support to parents and other caregivers to help their babies, toddlers, and children of all ages develop into their most independent and active selves. She provides facilitation techniques, coaching, hands-on support, and all kinds of ideas to make your kiddo engage in therapeutic activities while playing.","","United States"
"Melbourne Animal Physiotherapy","7","Melbourne Animal Physio is a highly regarded practice that is run by qualified physiotherapists with a Masters degree or similar in Animal Physiotherapy. We are a caring and professional practice that will give you the best advice and treatment for your pet’s needs.","info@map.physio; admin@map.physio",""
"KIDZ-N-MOTION","7","Kidz-N-Motion is a mobile all in one physical therapy app developed by Dr. LaFonda Beneby. Dr Beneby is the CEO of Therapy in Motion, PA. Therapy In Motion, PA is a dedicated provider of in-home and school-based physical therapy to children from kindergarten through 12th grade. With a team of skilled physical therapists, they create tailored treatment plans for children facing disabilities or injuries while offering guidance to rising young athletes. From assessment to rehabilitation, Therapy In Motion, PA is committed to helping children achieve their physical milestones and overall wellness, ensuring they reach their full potential.","support@kidznmotion.net","United States"
"Streamline Sports Physical Therapy","7","","",""
"Luna Physical Therapy","7","In-home physical therapy. Care that comes to you.","welcome@getluna.com",""
"Sinag Shaun","7","","",""
"Pawsitive Strides Veterinary Rehabilitation and Therapy","6","At Pawsitive Strides, a Des Moines Veterinary Rehabilitation & Therapy Center, we are animal lovers through and through! Your pet is our highest priority, whether we are providing post-operative therapy or starting a treatment to improve your pet's overall quality of life. We will treat them as if we were their guardian pet parent.","","United States"
"TOPS Veterinary Rehabilitation","6","","",""
"Paws Rehab","6","","",""
"Equine Therapy International","6","Equine Therapy International supply advanced equine physiotherapy equipment to enhance suppleness, fitness and rehabilitation.","info@equinetherapyint.com","US"
"Dr. Legaspi Synergy Physical Therapy","6","Dr. Hazel Legaspi, physical therapist here!  I am a holistic movement expert and I help babies and children play and develop so they can explore without limits. I also help parents keep up with all the activities that matter most all while striving for pain-free movements. 

I serve the Whittier, CA and surrounding areas!  I provide mobile (in-home) services. 

Trained in John Barnes #MFR #myofascialrelease and Gillespie Approach #CFT #craniosacralfascialtherapy

I am here for you and your family’s mobility and holistic healing needs.  I am only a phone call away!  562-600-0208 

IG: holistic_movement_pt
www.synergydpt.com

Buy Me a Coffee
https://buymeacoffee.com/drhazelpt

Tiny Health @tinyhealth Affiliate $20 discount code: SYNERGYDPT 

Own Your Stigma Ambassador 15% discount with code: SYNERGYDPT","",""
"Step By Step Veterinary Physiotherapy","6","For Sport. For Work. For Life.","","United Kingdom"
"Move It NQ","6","Move It NQ is one of the projects of the North Queensland Sports Foundation, aimed at supporting healthier and active lifestyles. Through the successful development of evidence-based strategies and delivery of community physical activity programs across North Queensland, Move It NQ has become a leader in driving health-related outcomes across the region.","",""
"Nose To Toes K9","6","Mind and body wellness via canine fitness and scentwork! A licensed veterinary nurse, professional dog trainer, and certified companion animal rehabilitation therapist providing your one-stop shop for dog training, cat training, cooperative care, all things fitness, and Nosework.","","United States"
"Anaïs Woisard","6","","",""
"3D Physiotherapy Health Group","6","Care that feels personal.

Welcome to 3D Physio, helping you understand your body, move better, and achieve lasting results.
We go beyond treating pain to focus on the root cause of injury, discomfort, and performance limitations. This channel supports our client community with clear, practical, evidence-based education to help you take control of your health.

You’ll find:
Education sessions on key health and performance topics
Advice for managing pain, injury, and movement issues
Strategies to build strength, resilience, and long-term capacity
Insights into how your body works and why symptoms occur

Our integrated team combines physiotherapy, exercise physiology, and occupational therapy to support your recovery and long-term health.

If you want to feel stronger, move better, and prevent future issues, you’re in the right place.","","Australia"
"Nancy Dear Veterinary Physiotherapist","5","All about the world of Veterinary Physiotherapy with content on my cases, common conditions I see, and how I treat them, plus tips and info on anatomy and general animal care. Learn more about me, what I do, and what I can offer for your animals!","",""
"Back on Track Veterinary Hospital & Rehabilitation Center","5","Our full-service veterinary hospital serves the O'Fallon, St. Peters, and St. Charles areas by offering wellness care, surgery, acupuncture, physical rehabilitation and grooming for dogs and cats.","",""
"RSP SPORTS PHYSIOTHERAPY","5","ELITE SPORTS PHYSIOTHERAPY FOR ALL.

REHAB. STRENGTH. PERFORMANCE. is a sports physiotherapy clinic that works exclusively with sports injuries and post-operative rehabilitation.

Our mission is to provide the best care possible for our patients while empowering them to reach their full potential and exceed their previous best. We believe in pushing past limits and achieving goals through innovation, injury education, hard work, and empathy. Our goal is to see your expectations exceeded via treatment and rehabilitation plans tailored specifically towards YOU!","hello@rspphysio.com.au","Australia"
"First Steps Pediatric Therapy","5","Welcome to First Steps Pediatric Therapy!

We are a team of expert therapists who offer pediatric occupational and physical therapy for children from birth through age 18 in our community. Our services are available as clinic-based, in-home, and teletherapy to ensure your child can receive the care they need to thrive.

Give us a call at (700) 900-7432 today to schedule an evaluation and empower your child’s first steps toward a brighter future!","","United States"
"Animal Rehabilitation Therapy","5","Hi! My name is Dr. Susan Bonilla, MS, CVA, CCRP.  I am certified in both veterinary acupuncture and canine rehabilitation therapy.  Here you will find a selection of some of the most amazing dog and cat patients I have had the privilege of helping, improving their quality of life and well being through acupuncture and rehabilitation.","","United States"
"Tanya Sprunks","5","","",""
"The Centre of Animal Physiotherapy AlexisMakaritis","5","Physiotherapy and rehabilitation for animals, dogs, cats and horses. Hydrotherapy treadmill available with heated, clean, filtered water and other latest technology machines available such as electro-muscular stimulation H-Wave, laser, pulsed electromagnetic field therapy and therapeutic exercises. Physiotherapy and rehabilitation for animals suffering from post operation, arthritis, neurological conditions such as disc prolapse, hip dysplasia, elbow dysplasia. Physiotherapy is non invasive. The Centre of Animal Physiotherapy is registered with the International Association of Animal Therapists (IAAT) and is qualified by The College of Animal Physiotherapy, U.K and Oxford Brookes University, U.K. Veterinary support is essential.","",""
"Total Pediatric Therapy","5","","",""
"Kev D","4","","",""
"David Oliva","4","","",""
"Pediatric Physical Therapy","4","Hi, welcome to Pediatric Physical Therapy (Pediatric Home PT), a channel designed by a licensed Physical Therapist, Doctor of Physical Therapy, and Certified Lymphedema Therapist. We try to provide the best pediatric physical therapy videos and show students, children and teens how to stretch, exercise, relieve pain, and perform pressure relief. I give tips on how to build and improve gross motor skills at home, during homeschooling, or in the classroom setting.

Have fun, be safe, stay healthy, and get strong while we #stayhome #homeschool2020","",""
"Charlotte Bunyard Equine Physiotherapy","4","","",""
"The Ralph Mobile Physio & Rehab","4","Videos relating to veterinary physiotherapy for dogs and cats. Featuring Kim Sheader, our lead Chartered Veterinary Physiotherapist, and some furry animal companions. Videos will likely be added every 2-4 weeks. Thanks for watching, subscribing and sharing!","",""
"Sports Club Physical Therapy","4","The Sports Club Physical Therapy is an expert physical therapy & sports performance clinic located in The Sports Club of West Bloomfield, MI.

Our on-site physical therapists, personal trainers, and massage therapists provide unique, individualized treatment unlike anywhere else! Our team is dedicated to helping you not only recover from immediate injury, but also by promoting an active, healthy lifestyle.","",""
"Jessica Smith, Pediatric Physical Therapist","4","Supporting parents and little ones through developmental milestones and gross motor play with expert tips, demonstrations, and encouragement every step of the way.","",""
"VJP Veterinary Rehabilitation","3","","",""
"Physical Therapy Rehabilitation 🏥","3","Awareness about physical therapy rehab","",""
"Ameya Prentice-Grice","3","Qualified Human and Animal Physiotherapist.
BHSc Physiotherapy 2013
PG Dip Veterinary Physiotherapy 2018","",""
"Tulsa Animal Rehab & Wellness","3","","",""
"Kleinpeter Physical Therapy","3","","",""
"Northern Equine Therapy Centre","3","Welcome to Northern Equine Therapy Centre

At Northern Equine Therapy Centre, we’re dedicated to providing specialised care and rehabilitation for horses. Our state-of-the-art facility combines expert knowledge with cutting-edge equipment to support recovery, performance enhancement, and overall well-being for equines.

📌 Services We Offer:
	•	Hydrotherapy in a 12ft deep circular pool
	•	Equine Physiotherapy
	•	Rehabilitation Programmes
	•	Injury Prevention & Recovery
	•	Bespoke Training Plans

🐴 Whether your horse is a competitive athlete or a beloved companion, we tailor our programmes to meet their unique needs, ensuring optimal health and performance.

📍 Located in North Yorkshire, we’re proud to serve equestrians from across the northern region.

💻 Visit our website www.northernanimaltherapycentre.co.uk to learn more.
📞 Contact us at 07745554181 to learn more. 

Don’t forget to subscribe for updates, tips, and insights into equine care and therapy!","",""
"Bridge City Veterinary Rehabilitation","3","Welcome to Bridge City Veterinary Rehabilitation! We help dogs and cats recover from injury, surgery, arthritis, neurological conditions, and mobility challenges through personalized, evidence-based rehabilitation programs. On this channel, you'll find patient success stories, rehabilitation tips, behind-the-scenes videos, and educational content to help pet owners better understand veterinary rehabilitation. Based in Saskatoon, Saskatchewan, we're passionate about helping pets get back to doing what they love.","info@bridgecityvetrehab.ca","CA"
"Trooper Canine Rehabilitation","3","Trooper Canine Rehabilitation is focused on the use of integrative veterinary medicine to provide improved pain management and rehabilitation to dogs and cats. We utilize manual therapy, advanced modalities, and targeted exercises to help pets regain mobility and to improve their quality of life.","",""
"Paul Hodgkinson Vet Physio","3","Veterinary physiotherapist in Greater Manchester and Cheshire area. I provide excellence in physiotherapy for animals through a holistic, multidisciplinary approach.  I aim to provide treatments to competition animals, both equine and canine, as well as much loved leisure and companion animals, with care and respect.","","United Kingdom"
"Oasis Physical Therapy & Sports Rehab","3","Welcome to Oasis Physical Therapy! 💙

We’re here to help you move better, feel stronger, and get back to doing the things you love. Our team provides personalized physical therapy and rehabilitation designed around you, not a one-size-fits-all approach.

On our channel, you’ll get to know us, find helpful PT tips, movement and exercise education, clinician insights, patient success stories, and a behind-the-scenes look at the people who make Oasis special.

📍 Proudly serving Eastern Washington
💙 Part of Upstream Rehabilitation

Subscribe for practical tips, expert advice, and a little more movement in your day!

#OasisPhysicalTherapy #PhysicalTherapy #EasternWashington #MoveBetter #PhysicalTherapyTips","",""
"Cambridge Veterinary Physiotherapy (Animal Therapist Ltd)","3","","",""
"Body Restore Animal Physiotherapy","3","Welcome to Body Restore Animal Physiotherapy, your go-to channel for expert insights on veterinary physiotherapy and animal rehabilitation! Whether you're a pet owner, vet student, or professional in the field, we provide practical tips, and exercises to help animals recover, move better, and live pain-free.

Join us for:
✔️ Physiotherapy techniques for dogs, cats, and horses
✔️ Rehabilitation exercises for injury recovery
✔️ Mobility and strength training for pets
✔️ Expert advice on animal wellness

Subscribe now to keep your furry friends moving at their best! 🐾 #AnimalPhysio #PetRehab #BodyRestore","",""
"Equine.physiotherapy","3","Unlock tension in your horse's body with a blend of physiotherapy, fascial maneouvres and intention. 
Welcome to my channel where I will show you my approach to equine bodywork. These videos are based on my own experience combined with Human Garage inspired fascial maneouvres. Through using these techniques I have been able to release tension, increase range of motion and support the horse's well-being. 

In each video, I'll show the techniques that meld hands-on physiotherapy, fascia-focused movement and intentional awareness -- designed to reconnect flow and balance with ease. 

Subscribe to see more videos, tips and insights into equine holistic care.","",""
"Doctor Regenerative","3","","",""
"CHAPPS_Physio&Pilates","2","Our pilates videos are aimed at giving riders the knowledge needed to effectively stretch and strengthen their bodies. We want to give you the tools required to get yourselves riding fit!
All videos are run by a Chartered Physiotherapist who specialises in equine and rider Physiotherapy.","",""
"Physio Taylor","2","Pediatric physical therapist sharing the journey of building a clinic in Los Angeles.

Behind the scenes, clinic buildout, pediatric PT, and small business life.","",""
"Animal Physiotherapy Services","2","","",""
"Sports & Spinal","2","Sports & Spinal Albury Wodonga & Corowa has Osteopaths, Physiotherapists and Exercise Physiologists that can help! Our team’s primary goal is to help you recover from injuries to your back, neck, shoulder, hips, knees & more as fast as possible.","",""
"Herts Horses Hydrotherapy and Physiotherapy Centre","2","Hi Everyone!

Welcome to Herts Horses Hydro and Physio channel! We will be sharing all our tip, tricks and advise to help your horses and/or dogs from various prospectives, from home physiotherapy demos, exercises, hydro demos, and so much more! 

We hope you enjoy! 

Best Wishes, 

Jess and The Team
Founder and Director Herts Horses Hydro and Physio
Msc Veterinary Physiotherapy 

www.hertshorseshydro.co.uk","",""
"Svítání Academy of Equine Assisted Services","2","","",""
"Peds PT Addi","2","Hi friends! I'm Addi, a pediatric physical therapist and I share tips and tricks to help babies and toddlers meet their developmental milestones!","",""
"Royal Treatment Veterinary Rehabilitation","2","","",""
"Royal Treatment Veterinary Rehabilitation","2","","",""
"Dr. Jessica Leland PT, DPT","2","Dr. Jessica Leland is a pediatric physical therapist.  Her mission is to create a joyful and comfortable space where little steps transform into giant leaps. With a passion for nurturing every child's unique abilities, she specializes in infant and toddler development.  

Follow along:
IG: https://www.instagram.com/wobblybeginnings/
FB: https://www.facebook.com/people/Wobbly-Beginnings-LLC

—
MEDICAL DISCLAIMER: The information provided on this site is intended for your general knowledge only and is not a substitute for professional medical advice or treatment for specific medical conditions. You should not use this information to diagnose or treat a health problem or disease without consulting with a qualified healthcare provider. Please consult your healthcare provider with any questions or concerns you may have regarding your condition.   By watching this video you release Dr. Jessica Leland and all related parties from any and all liability.","","United States"
"Imogen's Canine Theracare LTD","2","Helping dogs move, feel & live better 🐾
Canine Hydrotherapy, Massage Therapy & Laser Therapy
ICH & NARCH Certified","",""
"Beecroft Animal Emergency","2","","",""
"Vier Animal Physiotherapy","2","Animal Physiotherapy therapeutic exercises for maintenance and fitness in dogs.","carlie@vieranimalphysiotherapy.co.uk",""
"Family Friends Veterinary Rehabilitation Center","2","","",""
"Cary Edgar","2","","",""
"Veterinary Rehabilitation & Pain Management","2","Welcome to Veterinary Rehabilitation & Pain Management, located in Cary, NC. We specialize in applying physical rehabilitation techniques and pain management to dogs and cats who have physical limitations due to injury, neurologic disease, surgery, or chronic pain. We work with your regular veterinarian and any specialists to evaluate pain and functional deficits, then develop a treatment and exercise plan tailored specifically for your pet. Whether your goal is to compete in agility or just go for a walk around the block, we can help your pet back to a lifestyle without limitations.","",""
"Performance Veterinary Physiotherapy","2","PVP on YouTube - Regular videos revolving around Veterinary Physiotherapy, and incorporating the BungeeBand Saddlepad.","",""
"The Win Clinic","1","Experts in human, small animal & equine physiotherapy.

​​Based just outside Wellington, Somerset our clients come from all reaches of the South-West. And beyond. A tight-knit team of highly qualified physiotherapists in a state of the art clinic set up to deliver gold standard physiotherapy and rehabilitation to all our clients.

Specialists in Canine Agility

At the Win Clinic, we have many years of experience working with agility dogs of all levels and experience. We have worked with two GB teams and we work with multiple GB partnerships.","",""
"FH Performance Equine","1","","",""
"White Cross Vets - Handsworth","1","This channel is dedicated to providing advice on a variety of topics, including physiotherapy techniques for your pet.","",""
"Akshar Physical Therapy and Rehabilitation PLLC","1","Best Physical Therapy In New Jersey
Our Best Physical Therapy in New Jersey utilizes cutting-edge and time-tested treatment to give back patients their lives, independence, and rejuvenated daily living, improving their quality of life.

At Akshar Physical Therapy, we believe you deserve a life without any hindrances. We offer personalized treatments to manage chronic conditions, reduce risks, and support independent living. With state-of-the-art equipment and certified experienced therapists, we help you increase motion and mobility, eliminate pain, and promote wellness.

Our comprehensive surgery can overcome all the obstacles and help your life get back into action. Whether it’s injury rehabilitation, pain management, ongoing health and wellness, or improving mobility, our Best Physiotherapist in New Jersey ensures optimal recovery.

Book your appointment now! 
☎ +1 (908) 529-1603
📩 info@akshar-healthcare.com
🌐 https://aksharphysicaltherapy.com/","info@akshar-healthcare.com",""
"Judy Karrenbrock - Pediatric Physical Therapist","1","I am the CEO and LPT of a vibrant, innovative approach to pediatric physical therapy. 

Free to Move and Play provides evidence-based therapeutic techniques to help children achieve their highest potential for mobility and development. We believe pediatric services that promote innovative play create life-changing outcomes for both your child and family. We currently serve kids ages 3months - 5 years old!

After thirty years of Physical Therapy experience in different settings with fourteen years in pediatrics, I’m thrilled to finally bring the vision of Free To Move and Play to life. My desire is to create a treatment environment that will capture and maintain a child’s attention by keeping the therapy process as fun as possible. I’m passionate about equipping parents to become daily “therapists” so they feel empowered to help their child achieve their highest potential at home and within the familiar fabric of their communities.","",""
"Jodi Kelly","1","","",""
"Pittsburgh Veterinary Rehabilitation","1","","",""
"CASSIG Social Media Chair","1","","",""
"LBTherapy","1","","",""
"Future You Productions","1","What does it take to work in sports medicine and orthopedics — and what does each career pay?

In this episode of Future You, we break down three real careers built around the human body: Athletic Trainer, Physical Therapist, and Orthopedic Surgeon. See a day in the life for each one, the exact high school steps to take now, and real salary numbers from entry-level to the top.

Made for teens 13+ exploring their future, and parents looking for an honest way to help them do it. No fluff — just what the job is, what it pays, and how to get there.

In this episode:
- Athletic Trainer
- Physical Therapist
- Orthopedic Surgeon
- A free career guide PDF

New episodes weekly — subscribe so you don't miss the next one.

Comment: which career surprised you most or what you would like to see in a future episode.

Free PDF: https://ln5.sync.com/dl/2779af310#iyr5ujrq-efm55mr3-36xdgx7m-69pyqqh3

#TeenCareers #CareerAdvice #FutureCareers #HighSchoolPlanning","",""
"Lumbry Park Veterinary Specialists","1","Lumbry Park is one of the largest and most advanced veterinary specialist referral centres in the UK.

At Lumbry Park we offer a broad range of specialist veterinary referral services. Our vets, nurses and administrative staff are here to work with general veterinary practitioners to provide the highest quality diagnostic and treatment options in the South of England. We only see cases that are referred by primary care veterinary surgeons.","","United Kingdom"
"Connect the Dots Pediatric Therapy","1","Connect the Dots is a therapist-owned, outpatient clinic provided direct occupational, physical and speech therapy to children ages birth to 18.","",""
"Animal Physio NZ","1","Animal physiotherapy is a specialist field treating orthopaedic or neurological conditions as well as overall health and fitness.","",""
"Dennis The Sports Physical Therapist","1","","",""
"Via Equine","","Breeding Irish Sport Horses 
Specialists in Equine Physiotherapy an Rehabilitation","",""
"Liz Brown | Pelvic & Sports Physical Therapist","","About me:
I'm a pelvic floor physiotherapist with 9+ years of experience. I've worked with hundreds of women through pregnancy, birth, postpartum recovery, sport, and menopause. My mission is to make pelvic floor knowledge something every woman has, without the awkwardness, jargon, or shame.","","United Kingdom"
"NorfolkPT","","","",""
"Equilibrium - equine physiotherapy","","","",""
"alexi animal physio","","""Alexi Makaritis is registered with the International Association of Animal Therapists (IAAT) and is qualified by The College of Animal Physiotherapy, U.K and Oxford Brookes University, U.K. Physiotherapy and rehabilitation for animals, dogs, cats and horses. Hydrotherapy treadmill available with heated, clean, filtered water and other latest technology machines available such as electro-muscular stimulation H-Wave, laser, pulsed electromagnetic field therapy and therapeutic exercises. Physiotherapy and rehabilitation for animals suffering from post operation, arthritis, neurological conditions such as disc prolapse, hip dysplasia, elbow dysplasia. Physiotherapy is non invasive.""","",""
"Big Steps PT","","Big Steps Physical Therapy is a pediatric physical therapy clinic who specializes in holistic, fun and personalized care for little ones and their parents. We are excited to offer experience based information, education, video courses and PT sessions. Like and subscribe for updated info!","",""
"Wool Pediatric Physical Therapy","","Dr. Sofya Wool is a board-certified Physical Therapist specializing in pediatrics treating young patients in the Miami-Dade, Coral Gables, and Pinecrest areas under her home-health private practice.","sofya@woolphysicaltherapy.com",""
"Ronel van der Sijde","","","",""
"Veterinary and Rehabilitation Center","","Veterinary and Rehabilitation Center of Cape Elizabeth is a locally owned veterinary hospital located in beautiful Cape Elizabeth, Maine. We are dedicated to offering the safest and most advanced medical care for animals in a loving and supportive environment. In addition to a veterinary clinic, we also offer rehabilitation and behavior care for our patients. 

Rehabilitation Center: 
Pets benefit from rehabilitation much as humans benefit from physical therapy.  Rehabilitation helps pets recover from injury or surgery, regain and maintain mobility and decrease pain. 

Behavior & Training Classes:
Recognizing the relationship between physical and mental health, we augment our medical, surgical and dental services with behavior and training opportunities for both cats and dogs.","","United States"
"Sports & Wellness Physical Therapy","","","","United States"
"Newmarket Equine Physiotherapy","","","",""
"Lincoln Physical Therapy Sports Rehab","","","",""
"Barbora's Animal Heart Therapy","","","",""
"Subjects in Spinal Cord Injury Rehabilitation","","This channel serves to provide education material for patients, their families and friends and non-medical laypeople on Spinal cord injuries (SCI), how they can affect functioning in everyday lives and how the use of therapy techniques with your therapist or at home can be implemented to improve participation in everyday activities.  Subjects will range from ADLs (activities such as activities as feeding, grooming and dressing) transfers from different surfaces and upper extremity management after a SCI; which all can become more difficult after a SCI.
These videos are for educational purposes only, and one should consult their medical doctor and/or rehabilitation specialist (physical or occupational therapist prior to implementing anything seen in theses videos.","",""
