"频道名称","粉丝数","简介","邮箱","国家"
"Dr.Rajneesh Kant","7380000","Dr. Rajneesh Kant is a renowned Chiropractor, Osteopath and Physiotherapist with over 22 years of experience in helping people understand, manage and overcome pain and movement-related problems.

On this channel, Dr. Rajneesh Kant shares practical and easy-to-understand information about:

- Back & Neck Pain
- Sciatica
- Joint Pain
- Knee & Shoulder Problems
- Headaches & Migraine
- Posture & Sitting Problems
- Sports Injuries
- Spinal Health & Mobility
- Physiotherapy & Rehabilitation
- Chiropractic & Osteopathic care
- Everyday habits that can contribute to pain

His mission is simple: “Dard Mukt Bharat” — A Pain-Free India.

Dr. Rajneesh Kant
Chiropractor | Osteopath | Physiotherapist
22+ Years of Experience | Mission: Dard Mukt Bharat

Address:-
150 meters East from Beur more Shivpuri Main Bypass road 
Patna - 800002

(MUMBAI  Clinic Contact Number - +919137352377)

Toll Free Number - 18005718777 
Patna Contact Details - +919308511357, +918409313131","rajnish8989@gmail.com","India"
"Dr. Stratton Poulson","1240000","I'm Dr. Stratton Poulson the Dallas, Texas Chiropractor

I upload videos where I help my patients with their jaw pain, TMJD,  neck pain, headaches and migraines as well as many other issues through skilled Chiropractic Adjustments","Dr.Poulson@apexchiropractic.org","United States"
"Dr. Jon Saunders","709000","Welcome to the official YouTube channel of Dr. Jon Saunders, BKin, DC – your trusted source for natural health information. Based in Newmarket, Ontario, I’m in private practice with over 25 years of experience in chiropractic, kinesiology, fitness, and rehabilitation.

Get expert tips on:
• Neck pain, back pain, and sciatica
• Cervicogenic dizziness, vertigo, and headaches
• Posture correction and spinal decompression
• Neck strengthening and disc bulge relief
• Natural health, nutrition, and biomechanics

My goal is to help you move better, feel better, and live pain-free—without drugs or surgery.

Subscribe for weekly videos and take control of your health today.

👉 Subscribe and join a community committed to living stronger, longer, and pain-free:
https://www.youtube.com/c/ChiropracticonEagleNewmarket?sub_confirmation=1

Want extra perks? Join here: https://www.youtube.com/channel/UCnTpcPc8C6NvX718XsRPBzA/join","team@chirofirst.ca","Canada"
"OMT Training","592000","Elevating Manual Therapy Globally: Where Expertise Meets Excellence in Osteopathic and Chiropractic Techniques

Welcome to OMT Training, the global leader in manual therapy education. Based in the UK, we're dedicated to setting industry standards and delivering outstanding training in Osteopathic and Chiropractic Techniques. 

Our team, composed of published authors and researchers, ensures a wealth of knowledge in our offerings, including Face-to-Face Events and Online Education. Whether you prefer hands-on experiences or the flexibility of online courses, we cater to your unique learning needs. 

Join our community, embark on your journey to excellence, and connect with us at 🌐 www.omttraining.co.uk for in-person events and 🌐  https://online.omttraining.co.uk for online education.

Subscribe now to join our thriving community dedicated to mastering the art of manual therapy! 
#OMTTraining #ManualTherapy #Osteopathy #Chiropractic #Musculoskeletal #SpineHealth #Accupuncture","bookings@omttraining.co.uk","United Kingdom"
"Rachel Fusaro","565000","Here to help you feed & train your dog, better based on what I've learned from experts

My favorite pet finds: https://www.rachelfusaro.com/shop
Dog Food List: https://www.rachelfusaro.com/dogfood

Facebook: www.facebook.com/rachelfusaro
Instagram: www.instagram.com/rachelfusaro

About me: After earning my Bachelor’s degree in Nutrition Science, I spent +10 years training rescue foster dogs and working in the pet food industry where I was surrounded by thought leaders in pet health (ie. Veterinarians, Canine Nutritionists, professional dog trainers, published authors…). I share what I've learned from them.

Disclaimer: none of my content is intended to treat, prescribe, diagnose, advise, cure or recommend. Please consult a professional trainer and veterinarian for any health, medical or behavior needs. I am not a veterinarian or professionally trained dog trainer. Content I share is based on my personal experiences. Some links/content contain affiliate or sponsored content and links.","Rachel@rachelfusaro.com","United States"
"Animal Cracker: Dr. Doug Willen","563000","Hi, I'm Dr. Doug Willen and I'm an animal chiropractor!

You may know me from my other Chiropractic Channel: ""House of Chiro"" where I work on humans in New York City. If you like shows like All Creatures Great and Small, you may like watching Animal Cracker as I work with animals in a different way. I post videos of my work with all types of animals; dogs, horses, pigs, chickens, cats, rabbits, cows, goats, and more.

Please Subscribe: https://www.youtube.com/channel/UCyzGslwGeHYbXiMefePIbPw?sub_confirmation=1
Follow me on Instagram and TikTok: @dr.doug_animalcracker

Sleep Apnea and Snoring Transformation ""Gym"": https://www.skool.com/exhalemethod/about

Free Masterclass: The Hidden Link Between Snoring, Mouth Breathing & Sleep Apnea
If you snore, mouth breathe, wake up tired, or rely on CPAP, this class is for you!

👉 Watch the full masterclass here:
https://drdougwillen.easywebinar.live/ExhaleMethod","drdoug@ellify.com","United States"
"Wildlife Aid","503000","We are the Wildlife Aid Foundation, a charity rescuing and rehabilitating wildlife across the UK for more than 40 years.
For over 16 years we were featured on the TV show Wildlife SOS. We now share even more behind-the-scenes moments on YouTube from one of the UK’s largest wildlife rescue centres.

Have you ever wondered how a fox ends up stuck in a gate, or how rescuers retrieve a swan from a 50-foot tree? This channel gives you a closer look at the work involved in rescuing and caring for British wildlife.

Our founder, Simon Cowell, dedicated his life to wildlife rescue and his legacy continues through our team as they respond to wildlife emergencies every day. 

Subscribe to stay up to date with our latest rescues and wildlife care.

Website: http://www.wildlifeaid.org.uk/
Facebook: https://www.facebook.com/WildlifeAid
Twitter: https://twitter.com/wildlifeaid
Patreon: https://www.patreon.com/wildlifeaid","mail@wildlifeaid.org.uk","United Kingdom"
"Arah Virtucio","233000","✨your online veterinarian ✨","a.may.v02@gmail.com","Philippines"
"Health Q","227000","Connect with us:
info@healthqrehab.com
9606402843
Book Appointment: 
🔥 Introduction to video: 
👀 Watch to discover:
📌 Timestamps:
🚀 Don't miss out on:
📚 Related Resources:
🤝 Connect with us:
👍 Like this video if you found it helpful!
❤️ Share with a friend who needs to see this!
🔔 Turn on notifications to never miss an update!
💬 Let's chat in the comments!
🎥 Watch Next:
📌 About @HealthQrehab:
HealthQrehab is your gateway to innovative phygital physiotherapy services. Seamlessly blending cutting-edge technology with personalized care, we revolutionize rehabilitation from the comfort of your home. Our expert physiotherapists leverage virtual consultations, community building for a comprehensive healing experience. With HealthQrehab, break free from traditional constraints and access professional physiotherapy anytime, anywhere.
Join our Facebook Community for active engagement. Find the Link Below 
https://www.facebook.com/share/g/1FkiwYjUSx/","info@healthqrehab.com","India"
"Advanced Chiropractic Relief","222000","🔔 SUBSCRIBE TO OUR NEW CHANNEL BELOW 👇
📺: www.youtube.com/@AdvancedChiropracticRelief

If you’re looking for more of the best Ring Dingers®, cracks, and adjustments, we’ve created a brand-new channel for all you chiro-content fans to subscribe to!

Want to get treated by awarded chiropractors at our Houston office?
👉 https://advancedhoustonchiropractor.com/request-appointment/

Are you ready to discover the life-changing potential of chiropractic care? Look no further than ACR! Our award winning chiropractor Dr. Tristan Wendt uses a holistic system to safely and naturally treat a variety of musculoskeletal conditions. Say goodbye to habit-forming drugs and invasive surgeries with chiropractic care. Don't just take our word for it. Explore the channel to see real-life examples of the different cases we treat. From professional athletes to weekend warriors, sciatica patients and veterans - chiropractic care truly is for everyone.
📱 (281) 405-2611","info@acrchiropractor.com","United States"
"Jenny McClendon","191000","Created by Jenny McClendon, MS, PT, CGCP, a fitness enthusiast with over 30 years experience in the fitness industry. As a licensed Physical Therapist, it is of highest importance to me that these exercises are safe, easy to follow, and appropriate!  I have a HUGE love for teaching seniors and beginners!  It is for all levels, sizes, and ages.  I am known for being real, personable, encouraging, and energetic - you will feel comfortable doing these videos! I add videos regularly so you can do them in the comfort of your own home, on your own time, and at your own pace. 

Jenny's Fit Bunch: https://www.youtube.com/channel/UCHufaoaq1VqjHvnv8zvg9pQ/join
Website:  www.jennyfitstart.com
Collaborations: collabs@jennyfitstart.com
Questions: connect@jennyfitstart.com
Facebook: https://www.facebook.com/jennyfitstart
Instagram: @jennyfitstart
**For those who have graciously offered to donate in exchange for taking these classes for free:  Venmo (@Jenny-McClendon), Pay Pal (jmcclendon@nc.rr.com)","collabs@jennyfitstart.com; connect@jennyfitstart.com; jmcclendon@nc.rr.com","United States"
"So Cal Chiropractic","180000","Struggling with pain, posture issues, or symptoms that haven’t improved with traditional care?
These real, unedited chiropractic visits show how precise neck adjustments can help restore balance and improve how your body functions. Patients travel from around the world to experience this focused, results-driven approach.

Dr. Ace Thayer is a chiropractor based in Costa Mesa, California with over 30 years of clinical experience.

This channel focuses on helping people understand how targeted chiropractic care—especially precise neck adjustments—can improve mobility, reduce discomfort, and support overall body function.

Through real patient cases, Dr. Thayer demonstrates his top-down approach—often referred to as the Thayer Method—which emphasizes the connection between the brain and body.

📍 Costa Mesa, California
🎥 New videos weekly
👉 Subscribe to follow real cases, chiropractic adjustments, and education on improving movement and function","Channel@acethechiropractor.cheers; SoCalChiropractic@gmail.com","United States"
"Emiology","142000","I'm Emi I share my life with my rodents and other pets, and you can find fun weekly videos about them here on my channel as well as educational videos about their care! I have a BSc Zoology degree and I'm on a personal mission to make sure rodents get the proper recognition and care that they deserve 💓
I also run a small animal rescue called Critter Haven, and you'll occasionally see videos of that too!

🐭 | INFO | 🐭
My Merch: https://emiology.teemill.com/
My online store: https://bogglebuddies.com/
Become a channel member: https://bit.ly/2Tc8Koy​​​​​​
Follow my rats & Mice on instagram: @bogglebuddies
Follow me on instagram: @emiologyofficial
Follow my cats instagram: @adventuresofhubble 
Follow me on twitter: @Emi_ology
For business enquiries only: emiologyofficial@gmail.com

📦 P.O BOX 📦: 
Emiology
Unit 2 
4 Blenheim Court
Peppercorn Close
Peterborough
PE1 2DU

(Please ensure anything sent is addressed to 'Emiology' otherwise it may get returned)","emiologyofficial@gmail.com","United Kingdom"
"Extra Care Physiotherapy (Spine and Neuro Rehab )","123000","Since its inception in 2006, we at Extra Care Physiotherapy Centre have been striving to provide best physiotherapy treatment in comfort of your home. With having a team of experienced & certified physiotherapists, we always follow the best practices in medical care that help us to offer effective, people-centric and result oriented back pain treatment, neck pain treatment and knee joint pain treatment in Lucknow. The main aim of our expert team is to achieve highest standards of care in home physiotherapy by maintaining international protocols and standards.
Being the leading physiotherapy clinic in Lucknow, we always bring transparency in our healthcare service giving complete and detailed reports to the patients about their problems. This practice not just helps us to win the trust of patients but also enhances our brand value. We provide dedicated treatment plans keeping in mind different symptoms of different patients. With in-depth knowledge of this healthcare field, our team not","info@spinephysiotherapy.com; extracareclinic@gmail.com","India"
"Dr. Mary Beth, Chiropractor","121000","“Everyone is born with an innate potential and a unique purpose.  We can help you live out yours.”
Dr. Mary Beth, Chiropractic Physician, and LiveWell7 Chiropractic Wellness Center are here with unique content and educational tips.  Subscribe today for our latest full body adjustments by our 20+ years of experience chiropractor, Dr. Mary Beth!  As a 2x Olympian, Ironman, and Mom, Dr. Mary Beth is in a unique position to help those around her including new born babies, young athletes, pregnant mothers, or even animal family members.","Admin@livewell7.com","United States"
"Rachel Richards Massage","118000","Welcome to my channel! I am excited to help you ease pain, relieve anxiety, and move freely. Here, you will find self-massages, relaxation exercises, and many other tools that will empower you to improve your health and feel your best.

Please subscribe, hit the notifications bell, and join my membership for perks. Leave me a comment letting me know which videos helped you most, and what else you would like to see on my channel.

I am a New York State Licensed and Board Certified massage therapist, with a private practice in Manhattan. I am also the author of Amazon best-sellers, Hungry for Life and Glass Half Broken.

Disclaimer: This content is for educational purposes only and is not medical advice, diagnosis, or treatment. Participation is voluntary and at your own risk. Please consult a qualified healthcare provider before beginning any exercise, stretching, breathing, meditation, or self-massage program. Stop if you experience pain, dizziness, or worsening symptoms.","Massage@rachel-richards.com","United States"
"Alicia Pet Care Center","116000","Alicia Pet Care Center is a full service, family owned veterinary hospital that has been providing medical, surgical, and dental services for dogs and cats for over 50 years.  We have 9 awesome veterinarians, Dr Matthew Wheaton,  Dr. Lara Ashbran, Dr. Melissa Rellinger, Dr. Camille Coffey, Dr. Jennifer Burpo, Dr. Cortney Benson, Dr. Nathan Fynaardt, Dr. Matthew Vogel, and Dr. Callie Wilcox and a fun and friendly health care team to help take care of your babies!","aliciapetcare@gmail.com","US"
"Annie Pilates Physical Therapist","116000","Anabelen Aranton, PT, a physical therapist and everyone calls me Annie for short with more than 20 years of experience and certified in Pilates for at least 17 years, Implementing all my skills and knowledge of helping my patients recover from injuries using a very low impact and highly effective strengthening.
 Website www.anniepilatesphysicaltherapist.com
Back Master Class Creator of Core and Back Immersion Therapy
MAIL ME: 2750 S Preston Rd Ste 116-104 Celina, Texas 75009","info@anniepilatesphysicaltherapist.com; AnniePilatesPhysicalTherapist@gmail.com","United States"
"Stronglife Physiotherapy","106000","Shockwave therapy, hyperbaric oxygen, and drug-free pain relief in Provo, Utah. See what's possible without meds, injections, or surgery.
I'm Dr. AJ Ludlow, Doctor of Physical Therapy and founder of Stronglife Physiotherapy in Provo (Utah County). For over a decade I've helped people get out of pain and back to the life they love. On this channel:

Self-treatment techniques and exercises you can do at home
How shockwave (ESWT) and hyperbaric oxygen (HBOT) therapy actually work
Real answers on plantar fasciitis, neuropathy, tendonitis, and back pain

Stronglife is Utah County's home for advanced regenerative care: shockwave therapy, hyperbaric oxygen, Calmare scrambler for nerve pain, dry needling, and red light therapy. 

In Provo, Orem, or nearby? Come see us.
Address: 3585 N University Ave, Suite 200, Provo, UT 84604
Web: stronglifept.com
Subscribe for new videos, and drop your questions in the comments.","joanna@stronglifept.com","United States"
"Dr Spine - India","100000","Welcome to Dr. Spine – an evidence-based spinal sciences and chiropractic center in Bangalore.

Struggling with back pain, neck pain, slipped disc, sciatica, migraines, posture issues, or scoliosis? Our internationally trained chiropractors and rehabilitation specialists help patients recover naturally through non-surgical spinal care.

We specialize in Spine, Restructuring, stabilizing, Functional and Structural Rehab.

90,000+ patients treated with evidence-based chiropractic care focused on restoring mobility, posture, and quality of life while helping many avoid unnecessary surgery.

Our approach combines chiropractic adjustments, posture correction, rehabilitation, and advanced spinal therapies.

🔔 Subscribe for spinal health tips, recovery stories, posture advice, and home exercises.
🔔 Subscribe to Dr Spine Daily: https://www.youtube.com/@DrSpineDaily

📍 Indiranagar | Whitefield | New BEL Road
📞 +91 75 5070 5070 🌐 Website 📘 Facebook 📸 Instagram 💼 LinkedIn – Prof. Dr. Jayul Doshi","ais@drspine.in","India"
"REACH Rehab + Chiropractic Performance Center","99500","Welcome to REACH Rehab + Chiropractic Performance Center's YouTube Channel!

We upload weekly content to help our current patients with homework references, as well as pain relief and performance strategies for anyone searching for answers on the interwebs. Some of the main searchable topics we cover are mobility exercises, rehabilitation exercises, core exercises, core workout, functional strength training, breathing exercises, chiropractic adjustment, exercise for back pain, stretches for flexibility, and plenty more!

We know you'll love our content, so make sure to subscribe and hit the bell for notifications. Also, learn more about what we offer at your physical location in Plymouth, MI (right outside of Detroit and Ann Arbor) by visiting https://reachchiro.com.","reachus@reachchiro.com","United States"
"Dr. ASIF NAQVI","93200","Blessings chiropractor and sports injury clinic
New Delhi 9810054418","asifhnaqviarhum@gmail.com","India"
"Shadle's Table","91900","Licensed Sports Massage Therapist since 2006. Located in Columbia SC and Boulder, CO. https://www.shadlestable.com/
Instagram https://www.instagram.com/shadlestable/","Josh@fuelary.com","United States"
"Chiropractic Treatment","84700","🌀 CPT PAKISTAN – Chiropractic Care & Pain Treatment Without Surgery

Welcome to CPT PAKISTAN, the official YouTube channel of Dr. Aamir Shahzad (CPT) — Pakistan’s trusted name in Chiropractic Care, Spine Treatment, and Pain Relief Without Surgery.
Our goal is to help you live pain-free, move better, and restore your health naturally through chiropractic adjustments, spine alignment, posture correction, and rehabilitation therapy.

🔍 What You’ll Find on CPT PAKISTAN

🏥 About Dr. Aamir Shahzad (CPT)

Dr. Aamir Shahzad, founder of CPT Clinic (Chiropractic Pain Treatment) in Rawalpindi / Islamabad, is a Certified Chiropractor and one of Pakistan’s leading spinal health specialists.
He has successfully treated thousands of patients suffering from:

Sciatica and Lower Back Pain

Disc Bulge and Herniated Disc (L4-L5 / L5-S1)

Neck Pain, Shoulder Pain, and Headaches

Postural Imbalances and Muscle Tightness

Sports and Work-Related Injuries

🔔 Join Our YouTube 

Subscribe to @CPTPAKISTAN","support@chiropractorcpt.com","Pakistan"
"Furball Farm Cat Sanctuary","83000","We are an amazing sanctuary for feral cats! We are located in Faribault, Minnesota. 

The cats that live here are cats that had to be live trapped as they were completely un-socialized to humans.  

Regular rescues and shelters cannot take in these cats as it can take years for them to be come adoptable.  We have a full time Veterinarian on site for these lucky formerly homeless cats.

Over time, some of these cats gradually learn to trust and love humans and we can adopt them out!  If they don't ever learn to like humans, that is where the word ""sanctuary"" is important.  They can live out their lives with us.  No threat for euthanasia for lack of space or for being with us too long.  

Please watch our videos and you will see how this truly is a heaven on earth for these cats who lived a life of struggles before coming to us.  Thank you! 😻😻","furballfarmcatsanctuary@gmail.com; info@furballcats.com; Board@furballcats.com; furballfarmpetsanctuary@gmail.com","United States"
"Dr. Brett Jones","82700","Dr. Brett Jones - Father, Chiropractor, Artist subscribe and be supported at http://bit.ly/2HLeHC8

Educational videos on chiropractic, movement, and philosophy. Created to empower communities.","drbrettjones1@gmail.com","United States"
"Strength-N-U","78700","WE HELP YOU GET FIT AND LIVE PAIN FREE.
We're Strength-N-U, Your fitness & therapy experts.  The world's FIRST & ONLY fully integrated fitness and therapy facility with 2 locations ( over 20,000 SF in total and growing) based out of Toronto, Canada.  We've been operating since 2011 and have helped thousands of people improve their lives through physical and mental empowerment...WE HAVE THE BEST JOBS IN THE WORLD 😊💪  

Hit that subscribe button and enjoy the frequently updated content! 

www.strength-n-u.com

Our services:
⭐ Group Fitness
⭐ Personal Training
⭐ Nutrition
⭐ Physiotherapy
⭐ Chiropractic 
⭐ Registered Massage Therapy
⭐ Naturopathy 
⭐Shockwave Therapy","info@snu-therapy.com; info@strength-n-u.com; crestlawn@snu-therapy.com; crestlawn@strength-n-u.com","Canada"
"Dog Rescue TV","68000","Dog Rescue TV is your home on YouTube for dog rescues from partners of the World Animal Awareness Society & World Animal Rescue Network from around the world. 

Videos from the World Animal Awareness Society are produced in the field and in our post production facilities using state of the art cameras, technology and more than 20 years of experience releasing content about humans rescuing animals.  #WA2SFilms has directly captured stories with over 2,200 NGO's and government organizations around the world. We use new state of the art a i to script, automate, paint, sing our stories to life. Tools that allow us to support animal rescues around the world. In the past five years the WA2S has donated more than $500,000 to animal rescuers.  We are the World Animal Awareness Society, World Animal Rescue Network and WA2S Films. We are about animals being rescued and the people doing the rescues...

To donate: https://www.paypal.com/cgi-bin/webscr?cmd=_s-xclick&hosted_button_id=ZEXBJW3E8RPW2","info@wa2s.org","United States"
"Best Friends Animal Society","57700","Best Friends Animal Society is a leading animal welfare organization dedicated to saving the lives of dogs and cats in America's shelters and making the entire country no-kill. Founded in 1984, Best Friends runs lifesaving facilities and programs nationwide in partnership with more than 6,000 shelters and rescue organizations. From our headquarters in Kanab, Utah, we also operate the nation's largest no-kill animal sanctuary — a destination that brings our mission to life for thousands of visitors each year. We maintain the most comprehensive animal sheltering data in the country and make it accessible to the public — empowering communities with critical insights into the needs of their local shelters and how they can help. We believe every dog and cat deserves a home. And we believe that, by working together, we can Save Them All®.
Sub goals
57,000 ✅ we appreciate you, tysm! 🧡
75,000 🙏 let's do this! 💪
📣100K 🐐 GOALS","informacion@bestfriends.org","United States"
"Venn Healthcare Ltd","52600","Supplying the UK's medical and aesthetic markets with the latest non-invasive medical and cosmetic treatments from trusted global brands, Storz Medical, Classys, Cluederm, Lutronic & Aquagold Fine Touch. Training and in-house after care provided. 

About Us
Venn Healthcare supply advanced, non-invasive systems for medical, cosmetic and aesthetic markets. Our product portfolio includes carefully selected treatments from trusted global brands Product lines include a wide range of devices with various applications from dermatological applications such as HIFU, Fat Freezing, skin tightening, laser tattoo and hair removal to the treatment of soft tissue injuries and urological pathologies. Technologies vary from the latest fat freezing and laser machines to shockwave therapy devices and micro needling. 

Clients include clinicians and physiotherapists to clinic owners and hospital managers, this give us a deeper understanding of both client and practitioner needs. www.vennhealthcare.com","info@vennhealthcare.com","United Kingdom"
"Dr. Carl Baird","50000","I’m Dr. Carl Baird — chiropractor and strength coach — and I help adults 40+ overcome joint pain and arthritis so they can stay active and enjoy life. For the past 12 years, I’ve guided adults in building strength and improving movement — the most powerful way to reduce pain and maintain your lifestyle as you age.

On this channel, I show you safe, effective ways to strengthen your body while limiting stress on your joints, so you can stay mobile, active, and confident.

My mission is simple: to help you live stronger, healthier, and happier. I’m excited you’re starting your strength journey with me — let’s get moving!

Stay Strong,
Dr. Carl Baird","drbaird@solvingpainwithstrength.com","United States"
"Mike Reinold","47300","Mike Reinold is a physical therapist, strength coach, and performance enhancement specialist.  He is the president and co-founder of Champion PT and Performance in Boston, MA.

I help people feel 😃, move 🏃‍♀️, & perform better 💪 at @championptp. Check out my latest content & FREE presentation on Performance Therapy and Training 👇 👇

http://bit.ly/performance-therapy-and-training-system","at@championptp.check","United States"
"At-Home Exercise 55+ | Be Mobile Physiotherapy","45300","Welcome to Be Mobile Physiotherapy, your trusted source for simple and effective at-home exercise for adults 55+.
We are a team of expert physiotherapists who are dedicated to creating safe, simple, and effective at-home workouts for the 55+ community. Forget the gym – we believe you can build strength and confidence right from your own home.
On this channel, you'll find:
• Easy-to-follow routines you can do in your living room.
• Practical exercises to improve balance, reduce joint pain, and build muscle.
• Expert advice on managing conditions like osteoporosis and arthritis.
• Workouts that use household items, so no special equipment is needed.
Our mission is to give you the tools to remain independent and keep doing the things you love.
Subscribe and hit the bell to get new at-home exercise videos from our team every week!","info@bemobilephysio.com.au","Australia"
"Peak Performance INTL","43700","Peak Performance International | Equine Chiropractic & Performance

This channel explores equine biomechanics, chiropractic care, and performance optimization for horses and riders.

Led by Dr. Arianna Aaron, DC, IVCA, we share educational videos on horse movement, spinal health, rehabilitation strategies, and hands-on treatment techniques used to help performance horses move comfortably and perform at their highest level.

You will learn about:

• Equine chiropractic adjustments
• Horse biomechanics and movement analysis
• Common causes of poor performance in horses
• Rehabilitation and strengthening exercises
• Evidence-based strategies to support soundness and longevity

Whether you are a rider, trainer, veterinarian, or horse owner, this channel helps you understand how the equine body functions and how to keep horses performing comfortably.

Subscribe to learn how better biomechanics leads to better performance, healthier horses, and longer careers.","ariannaaaronDC@gmail.com","United States"
"Deep Chiropractor","43500","Deep Chiropractor Is Most Recommended Physical Therapist In Punjab, India. We Are Serving Humanity Since 2011 By Providing Benefits Of Reflexology And Spine Alignment To Deal With Problems Related To Low Back Pain, Mid Back Pain, Neck Pain, Cervical, Migraine, Vertigo, Pelvic Adjustment, Sciatica Pain, Scoliosis, Knee Pain, Frozen Shoulder, Jaw Lock And Overall Body Adjustment.

Subscribe To Our Channel

Kindly Book Your Appointment At: +91-9988-170101 or +91-8989252529
Calling Time: 10am To 5pm
Sunday Off

Address: Shop No: 57, Ranjit Square, Gill Bypass (McDonald's Market), Malerkotla Road, Ludhiana (Punjab, India)

For More Info, Visit: linktr.ee/Deepchiropractor

Disclaimer: Results Are Not Guaranteed, It May Vary From Person To Person. As Your Eating Habits, Your Posture & Some Internal Infection May Affects You And Cause Pains. If You Are In Pain, Avoid Eating Vata Foods. Please Don't Try To Self Manipulate. This Video Is For General Awareness Only, Not Meant For Self Diagnosis.","deepchiropractor@gmail.com","India"
"Dr. Justin Lee, Doctor of Physical Therapy","42000","Hello!! I'm Dr. Justin Lee, Doctor of Physical Therapy. I am a PT school admission expert & I help students get accepted into PT school. 

Every day is a great day to lift weights, lift others, and lift yourself up.

Stay lifting.","liftforchange@gmail.com","United States"
"Atl Cracks with Dr.O","38700","My name is David Orlando and I am a licensed chiropractor in the Atlanta Georgia metro area. I have been practicing chiropractic for 28 years and I am insanely passionate about helping and serving my patient base. If you would have asked me a few years ago to do videos about what I do, I probably would have never even considered it. However, now is a new time and I am so excited to share with the world the wealth of knowledge and experience I have gained over the years. I am equally excited to showcase my work as I believe it really isn't my work but my ""calling."" I hope you will enjoy my channel and please comment, and let me know what you would like to see. I will do my utmost  to bring valuable, educational content that most will enjoy. ""ATL cracks with Dr. O. Get addicted to the crack."" Transforming peoples lives so they may have the absolute best quality of life possible. Thank you so much for checking out my channel I promise it will just get better and better!","david@innovativehealthandwellness.net","United States"
"Vetnique®","32200","Vetnique’s purpose is to help pets and their families thrive and lead happier, healthier lives with unique, veterinary formulated products. 

We’re passionate about connecting with pet parents worldwide who share a common belief: that pets are a core part of the family. It's what drives us to create trusted, effective products focused on not just the well-being of pets, but also the families that care for them.  

As a veterinarian-founded company, we genuinely understand the health needs of pets better than anyone. It’s what sets us apart! With our veterinary expertise, we offer unique solutions for everyday pet health problems facing pet families. We don’t just help pets live happier, healthier lives––we help them thrive!","support@vetnique.com","United States"
"Holistic Vet","30500","I have been a practicing veterinarian coming up on 30 years and as soon as I knew there was something I could be when I grew up, I knew it was a veterinarian for me.  I attended Cornell University and proceeded to the University of Florida for my veterinary degree and internship at the Animal Medical Center in New York City.  After practicing traditional medicine for ten years I found many cases were not responding to traditional medications and diet options were few.   As veterinarians, we had depended heavily on the large food companies to provide for the nutritional needs of our patients.  I knew more could be done with nutrition and holistic care and I started on a path to learn more. On this channel, I’m going to give you tips to making home cooking for your pets easy!","info@holisticvetblend.com","United States"
"Turpentine Creek Wildlife Refuge","29600","Turpentine Creek Wildlife Refuge is striving to see the end of the big cat and bear trade, within our lifetime. Allowing these magnificent animals to enjoy life without fear, abuse, abandonment, or neglect; letting them be the wild animals they were truly meant to be. Through education, advocacy, and quality care for our current rescues, we are making strides in changing the mindset of a nation. As a 501(c)3 nonprofit organization, our mission is to provide lifetime refuge for abused and neglected “Big Cats” with emphasis on tigers, lions, leopards, and cougars. We have created a place that these animals can finally get the care and piece of freedom that they deserve. With your help, we will be able to expand our public educational outreach, education programming, and continue to rescue animals in need.","marketing@tcwr.org","United States"
"Rehab Hero","29500","Dr. David Song, DC • Chiropractor • Learn How to Maneuver Through Your Journey to Recovery

Hi everyone! I am a Doctor of Chiropractic (DC) who focuses on teaching people how to incorporate rehabilitation into their active lifestyles using movements and exercises that reduce pain, improve recovery, and move better.

This channel supports aims to get you to move pain-free. Subscribe to this channel to learn about how to navigate through the complexities of injuries while still maintaining your fitness & health. This channel has content covering exercise rehabilitation, biomechanics, form correction, and functional training. Take ownership over your injury by getting the education needed to succeed in recovery. 

If you live in Toronto, book an in-person visit at my clinics at www.rehabhero.ca","sheppard@rehabhero.ca; woodbine@rehabhero.ca","Canada"
"Health Guider Chiropractor Pakistan","28600","Col. (R) Javed Mirza, DC
Member of the International Chiropractic Association & Author of 8 books on the subject of Health & Chiropractic.
My mission is to develop the excellent world-recognized standard in the field of health to help to improve quality of life.
We brings latest health tips for you all and give all your answers regarding to health issue and gave you different tips from how you can avoid depression, fear phobia and avoid spine problems, Body pains to live a happy & healthy life

Col (R) Javed Mirza Is A Renowned Chiropractor Worldwide As Well As He Is The Member Of Chiropractor Association Panel USA, Chiropractor Treatment Is The Fastest Way To Increase And Solve Your Blood Flow IN Body. Most Of The Problems, Body Pains And Disabilities Come From Due To Blockage Of Blood Flow IN YOUR Body. Such As Chiropractor Treatment IS Must For Backpain, Sciatica And Other Pains And Disabilities.
We produce these videos just because for health tips for all of you ....","javedmirza94@hotmail.com","Pakistan"
"Rood & Riddle","27700","The Official YouTube Channel for Rood & Riddle Equine Hospital and Veterinary Pharmacy.","info@rrvp.com","United States"
"Physio Tips with Marrow","25800","Physio Tips with Marrow is a YouTube channel that gives helpful tips on physical therapy/physiotherapy related topics.  We share videos that informational about common disorders and give tips on home treatments when applicable.  The channel is hosted by Marrow Burnette, PT, MSPT, OCS, COMT.  Mr. Burnette is a certified orthopedic manual therapist and a board certified orthopedic specialists in physical therapy and has practiced for 23+ years.  He is also a continuing education instructor for Maitland Australian Physiotherapy https://maitlandseminars.site/.  Marrow Burnette is the owner of Australian Physiotherapy Specialists, a physical therapy clinic located in Jacksonville, Florida, USA.  http://australianpt.com/","frontdesk@australianpt.com","United States"
"Revival Animal Health","24600","Where Compassion Meets Expertise
* Expert animal health & product advice
* Educational resources
* Trusted supplies for pet professionals & owners

Breeders, shelters, pet owners, veterinarians, groomers and other pet professionals need a trusted and reliable source for their animal supplies and knowledge. That’s where we come in. Since 1989, Revival Animal Health is your go-to place for all things relating to the health of your dogs, cats and horses. From vaccines and dewormers to supplements, microchips, pet prescriptions and flea and tick preventatives, we have the products that keep your pets healthy and happy. 

On the Revival Animal Health Channel, you'll find helpful tips to keep your dogs, cats and horses healthy. Be sure to Subscribe to our channel to be one of the first to know when we upload a new video.","info@revivalanimal.com; cs@revivalanimal.com","United States"
"Dr. Ralph Napolitano","23000","Bronx Chiropractor - Dr. Ralph Napolitano has come to be known for his entertaining and informative chiropractic adjusting videos on YouTube, Instagram and TikTok.

He currently sees patients as The Bronx Chiropractor in The Bronx, NY. 

People have traveled hours to see him from New Jersey, Connecticut, Massachusetts, Pennsylvania and from states all over the United States.

He specializes in Y-Strap Adjustments in NYC that help reduce the pressure, tension and stress that has built up in your spine and nervous system due to repetitive stress motion in poor posture.

Dr. Ralph says, “How you sit, stand, lift, bend and sleep has a direct affect on your spine and nervous system and slowly breaks it down over time causing you pain, discomfort and poor health.”

His unique adjusting techniques put him in the top 1% of chiropractors in the world and help relieve the tension, stress and pressure on your spine and nervous system so you can move better, feel better and live better.","TheBronxChiro@gmail.com","United States"
"Rose clinic performance physiotherapy","22500","Rose Clinic Performance Physiotherapy, a private practice based in London. We are committed to delivering high-standard, evidence-based treatment for a wide range of musculoskeletal and neurological, including sports injuries and work-related disorders.

Award-winning practice ""Quality Assured Clinic (QAC)""

We provide expert second opinions/ professional advice on:
	•	Low back pain, sciatica, and discopathy
	•	Joint conditions 
	•	Neck pain, postural issues
	•	Gait abnormalities 
. Shockwave: MASTERPLUS SHOCKWAVE THERAPY

. Foot Scan and 3D Orthotic Insoles

All our practitioners are HCPC, Chartered Society of Physiotherapy (CSP), registered and part of Physio First
Our YouTube channel is a trusted resource for patients, students, and clinicians.
Practical Rehabilitation & Exercise Content
Hands-On Technique 

Subscribe for expert guidance, educational content, and practical physiotherapy
Got a question or need a consultation? Contact us directly.
http://www.RoseClinicPhysio.co.uk ‎","info@roseclinicphysio.co.uk","United Kingdom"
"Cone Of Shame","21400","The Cone of Shame is a veterinary medicine-based podcast and YouTube show about pet health and the veterinary community hosted by veterinarian Dr. Andy Roark. It originated as a resource for pet owners, and now speaks primarily to veterinary audiences.","maria@unchartedvet.com; admin@drandyroark.com","United States"
"RESQCT - ANIMAL RESCUES INDIA","19900","RESQ Charitable Trust (RESQ CT), headquartered in Pune, India, has been a pivotal figure in Maharashtra's animal welfare sector since 2007. The organisation provides state-wide emergency wildlife response, advanced veterinary care, and rehabilitation at the Transit Treatment Centre. 
#wildlife #wildliferescue #animalrescue #wildlifeconservation #snake #birds #leopardrescue #pangolinrescue #wildliferehabilitation","info@resqct.org; admin@resqct.org; communications@resqct.org; outreachteam@resqct.org; team@resqct.org","India"
"Springhill Equine Veterinary Clinic","17000","Welcome to the Springhill Equine Veterinary Clinic's Youtube channel! Whether you found us through our podcast (Straight from the Horse Doctor's Mouth), our books (The Adventures of the Horse Doctor's Husband series), our veterinary clinic, or some other way, we're glad you're here! The purpose of our videos is to help horse owners provide better care to their animals through education. Springhill Equine Veterinary Clinic is located in Newberry, Florida, and serves the North Central Florida region with premier healthcare for horses and other large animals. Please visit our website at www.SpringhillEquine.com to learn more about us.","vets@springhillequine.com","United States"
"MarleysMutts","15100","Marley’s Mutts is a non profit animal rescue organization tirelessly devoted to saving lives by exploring and cultivating the human-canine bond. Our approach to success is three fold: 1) Proactive community education and therapy programs which target youth, the incarcerated, the underprivileged, the disadvantaged and the needy, 2) Exhaustive spay and neuter programs for low income, high euthanasia districts and 3) World-wide rescue and rehabilitation programs aimed at saving lives of desperate dogs wherever we can be of service. 
Donations can be made at MarleysMutts.org/donate/  
Dog Rescue - Adoptable Dogs","inquiries@marleysmutts.org","United States"
"Y MCQ by Yshak","14200","India's #1 Physiotherapy Exam Prep. MCQ Channel

Join 50,000+ physiotherapists who achieved dream scores with Y MCQ - Physio Exam Prep. Preparing for DHA, MOH, HAAD, Prometric, AIIMS, TSPSC, MRB, RRB, PSC? We've helped thousands crack exams on first attempt with +40 marks improvement.

25,000+ Expert Medical MCQs | 50+ Previous Year Papers | 2.5k+ Video Lessons | 95% Success Rate

Master all physiotherapy subjects: Anatomy, Physiology, Electrotherapy, Biomechanics, Dermatology, Oncology, Microbiology, Orthopedics, Exercise Therapy, Sports Physiotherapy.

Why Choose Us? Expert-curated content, detailed explanations, authentic previous papers, clinical case studies, interactive community support, updated 2026 standards.

Premium Membership: 10,000+ MCQs, structured study plans, advanced modules, mock exams, lifetime access.

Telegram Main: https://t.me/YmcqByYshak |

Doubt-Solving: https://t.me/ymcq_explain

Contact: ymcqinfo@gmail.com | @YMCQbyYshak

Let's learn together. 💪","ymcqinfo@gmail.com","India"
"Physio.co.uk","13600","Welcome to Physio.co.uk's YouTube page. We are the North West's leading physiotherapy provider. Our focus is providing unrivaled treatment, value for money and efficient customer service in the Manchester and Liverpool area. We put our patients at the heart of everything we do and work together to provide you with the best possible experience and expertise. Whatever type of physiotherapy you require; we guarantee that we have the best physiotherapist for you. Subscribe to our YouTube channel for the latest demonstrations of our favorite physiotherapy techniques, depictions of our services, physiological effects of our massages and much more. 

Book an appointment with one of our highly trained physiotherapists today.
Visit our website to book your appointment.

Don't forget to follow us on Facebook, Instagram, Twitter and Pinterest!","office@physio.co.uk","United Kingdom"
"Bodyworks DW | Massage Therapy & CE","12200","For massage therapists and students who want better techniques, career advice, and smarter treatments.

Explore live, webinar, and on-demand CEU courses:
bodyworksdw.com/continuing-education/

Bodyworks DW is a NYC-based medical massage practice and CE provider founded by David Weintraub, LMT. On this channel, we share massage demos, anatomy breakdowns, clinical reasoning, pain-focused treatment ideas, body mechanics, and honest career guidance for massage therapists who want stronger skills, better results, and more longevity in the field.

Our teaching is shaped by real work with real clients inside a busy New York City practice, along with years of hands-on education for therapists and students.

We also share some content for clients and curious viewers who want to better understand massage therapy, myofascial release, and how thoughtful bodywork can help with pain and tension.

Book a session in NYC:
bodyworksdw.com","hello@bodyworksdw.com","United States"
"Gouves Animal Shelter","11600","Gouves Animal Shelter provides care for injured strays and abandoned pets. We are located in Gouves, Crete and take care of 200 dogs and 200 cats every day.","gouvesshelter@gmail.com","Greece"
"PT Exam Prep","11400","PT Exam Prep is a collaboration of highly skilled tutors with extensive experience in preparing for the Canadian Physiotherapy Competency Exam, and practicing Physiotherapists in the Canadian healthcare industry. Our Teachers have been hand selected from graduates of Canadian Physiotherapy schools with exceptional performance on the PCE written and PCE practical exams themselves. Many of our instructors have been the pivotal point of countless international physiotherapists' careers. Don’t just take our word for it, have a look at our unedited testimonials and see for yourself. Some of our previous students loved PT Exam Prep so much that they have offered to speak with future students regarding the program and its benefits. Visit ptprep.ca for more details.","info@ptexamprep.ca","Canada"
"The Eye Vet Clinic","10700","The Eye Vet is India's first and only specialty veterinary ophthalmology clinic that offers complete eye care for animals including consultations, diagnostic tests, advanced ophthalmic surgeries. The state-of-the art clinics have world class facilities including advanced operating theaters that are equipped beyond international norms.

It is also India’s pioneering Veterinary Ophthalmology Practice and Training Institute, which offers certificate courses and training programs designed specifically for Veterinarians in Primary Practice that will help the Veterinarians in diagnosing and treating ophthalmic conditions.

Veterinary Ophthalmic Consultations & Surgeries | Veterinary Ophthalmology Practice & Training Institute

Mumbai Clinic 9168473300 | Pune Clinic 9607927178/7249673742 
Gurugram Clinic 91 92090 01675 | Hyderabad Clinic 91 91580 02240","bengaluru@theeye.vet; delhi@theeye.vet; Dubai@theeye.vet; hyderabad@theeye.vet; mumbai@theeye.vet; pune@theeye.vet","India"
"Ziggy's Refuge Farm Sanctuary","9830","Welcome to Ziggy’s Refuge, where love knows no limits! We are a 501c3 farm animal sanctuary dedicated to rescuing the most neglected, abused, and disabled farm animals, giving them the second chance they deserve. From heartwarming transformations to everyday moments of joy, our channel takes you inside the lives of these incredible animals as they heal, thrive, and experience unconditional love.

We have 87 permanent residents, 30 of them living with special needs. Here, we believe that just because an animal is disabled or deemed “unwanted” doesn’t mean they don’t deserve to live a happy, fulfilling life. Every day, we prove that with compassion and dedication, even the most vulnerable souls can flourish.

Subscribe to follow our journey, meet our amazing residents, and be part of a movement that values every life. Together, we can change the world—one rescue at a time! ❤️","info@ziggysrefuge.org; kristin.hartness@gmail.com","United States"
"Dr. Adam C. Solis","9670","Hello Patients and welcome to the channel! Dr. Adam here - Owner of the Halton Chiropractic Clinic

250 Wyecroft Road Unit 5, Oakville ON | L6K 3T7

Things you'll find on our channel: Real Patient Stories, Thorough Anatomical Explanations with Graphics, Case Walkthroughs, and an open & honest, no-BS approach to resolving everyday aches & pains. 

Oh, and terrible jokes made strictly for the purposes of my own laughter. Any enjoyment on your end is purely coincidental but definitely celebrated :)

Legal Disclaimer: Any and all advice that could be perceived as ""medical/health"" related on this channel should not be applied without first consulting with your healthcare practitioner and receiving a full history/physical examination.","admin@haltonchiropractic.ca","Canada"
"Jodi Scholes","9600","I teach a Massage & Bodywork Licensing Exam Review Course. #mblex I love to support graduates of massage school in passing this 'challenging' test.

Each week you can watch a shorter version of the recorded classes here, for free. I recommend you SUBSCRIBE. 
If this style of teaching works for you, attend and participate in live class when you join the Patreon community. https://www.patreon.com/jodischoles
Donations gratefully accepted via Venmo, @jodi-scholes

Our curriculum is based on the 7 categories you will be tested on for the MBLEx. We teach 44 lessons per year. 

About me: I am former Adjunct Faculty in the Allied Health/Massage Therapy program at Northern VA Community College. I am a Licensed Massage Therapist in 3 states and graduated in 1994. I have performed over 20,000 clients sessions. I am the author of the book, Body Blueprint - How Your Pain May Be Telling a Story. Available on Amazon. https://www.amazon.com/Body-Blueprint-Your-Telling-Story/dp/B0CS33ZBQV","jodi@jodischoles.com","United States"
"Purdue Veterinary Medicine","9540","Purdue University's College of Veterinary Medicine, located on the West Lafayette, Indiana campus, is one of only 32 North American colleges of veterinary medicine and the only veterinary college in Indiana. Since the  first class of DVMs enrolled in 1959, the college has produced thousands of veterinarians and veterinary technicians who now practice in all 50 states and around the world, filling important roles in private practice, academia, government, industry, and the military.","addl@purdue.edu; CESH@purdue.edu; vetadmissions@purdue.edu; vettech@purdue.edu; vthadministration@purdue.edu; confreg@purdue.edu; craig65@purdue.edu; doerrkr@purdue.edu; linnc@purdue.edu; marsh98@purdue.edu; PVMLifelongLearning@purdue.edu; pvmnews@purdue.edu; townsenw@purdue.edu; VetAlumni@purdue.edu; vetwebteam@purdue.edu","United States"
"Drone Animal Rescue","9250","Founded by Josh and Zach, Drone Animal Rescue uses cutting-edge thermal drone technology to help locate and reunite missing animals with their families when time matters most.

Watch trusted Drone Animal Rescue pilots use advanced thermal imaging drones to locate animals that are nearly impossible to detect from the ground, bringing real-world rescue missions to life.

Through our interactive rescue map, we connect lost pet owners with experienced, vetted thermal Drone Animal Rescue pilots, creating a trusted network that responds quickly during time-critical searches.

Follow along as we share real rescue stories, behind-the-scenes footage, and field updates from active searches in real time.

Real Rescues. Real Technology. Real Heroes.

THIS is Drone Animal Rescue.🐾🚁","support@droneanimalrescue.com; Droneanimalrescue@gmail.com","United States"
"Complete Physio","9180","Complete Physio is London's most trusted physiotherapy company, offering exceptional care across multiple central London locations. Our team of highly experienced physiotherapists specialises in musculoskeletal physiotherapy, sports injury rehabilitation, diagnostic ultrasound, and ultrasound-guided injections. Patients consistently praise our professional, knowledgeable staff and effective, personalised treatments. With modern, fully equipped facilities and convenient access to public transport, we ensure a seamless experience for all clients. Discover the high-quality care that has earned us thousands of positive reviews and a reputation as the best physiotherapists in London.

Our commitment to excellence is reflected by thousands of positive reviews across various platforms. These testimonials highlight our dedication to providing outstanding physiotherapy services, reinforcing our reputation as the best physiotherapists in London.

http://www.complete-physio.co.uk/
020 3199 8575","info@complete-physio.co.uk","United Kingdom"
"The Evidence Based Chiropractor","9120","Jeff Langmaid (The Evidence Based Chiropractor) shares chiropractic marketing tips and research updates to help grow your practice. Subscribe for the latest strategies and insights on marketing and research.

I've helped hundreds of chiropractors grow their practice with smart, modern marketing techniques. As one of the first chiropractors in a multi-disciplinary setting, I know how big-budget medical practices market. You don’t need a huge budget—just smart strategies (so subscribe!). Have questions? Leave a comment and I’ll answer.

Stay Connected
🌐 Explore The Evidence Based Chiropractor: http://www.TheEvidenceBasedChiropractor.com
🚀 Discover Patient Pilot by The Smart Chiropractor: https://thesmartchiropractor.com
🩺 Chiro Office Coverage: http://www.ChiroOfficeCoverage.com
📘 Follow us on Facebook: http://www.facebook.com/TheEvidenceBasedChiropractor","Jeff@theevidencebasedchiropractor.com","United States"
"Elite Healers Sports Massage","9030","Elite Healers Sports Massage is an in-person massage therapy clinic and here on YouTube. We are your recovery specialists focusing on athletic recovery and recovery from injury. Recovery is an important aspect to keeping your muscles healthy and are there for you.
Follow along in our new online series featuring New York State Licensed Massage Therapist, Personal Trainer, and former Professor Adam Cardona as he teaches you self massage therapy techniques, stretching, massage, mobility, gait and sports massage in NYC. We bring you new videos as often as possible.
So whether you are a student, a pro-athlete, a professional office worker, looking to improve your posture, or just need to reduce your stiffness then subscribe, follow along, then check out our website to schedule your first appointment.

Visit our website: elitehealerssportsmassage.com","info@elitehealerssportsmassage.com","United States"
"AIM Wellness Education (Aka AIM Online Education)","7700","AIM Online Education focuses on integrative medicine education.

Welcome to AIM Online Education, your ultimate destination for all things massage! Our channel is dedicated to providing you with high-quality content that helps you relax, de-stress, and rejuvenate your body and mind.

Our team of certified massage therapists brings you the latest massage techniques, tips, and tricks to help you achieve ultimate relaxation and pain relief. From Swedish to deep tissue, hot stone to Thai, we cover it all!

Join our community of massage enthusiasts and subscribe to our channel for weekly uploads that will leave you feeling refreshed and rejuvenated. Don't forget to hit the bell icon to stay updated with our latest content.

Whether you're a massage newbie or a seasoned pro, we've got something for everyone. So sit back, relax, and let us guide you on your massage journey!","info@aimonline.com","Canada"
"Ask A Vet Tech!","7470","Welcome! My name is Jill, and I am a Licensed Veterinary Technician and a Mom of 3 crazy dogs and 2 cats and too many chickens to count :)  I have in-clinic  experience in busy veterinary clinics & hospitals.  My goal with this channel is to be a helpful place of information and comfort for you, the pet parents!  It can be hard to be a pet owner and know what to do or how to react in a situation.  
  
If you haven’t already, please subscribe, like, and share my videos to help other pet parents get the information that they might need!    Remember, I’m here for you. You’re here for your pet!  
        ~Jill
I AM NOT A REPLACEMENT FOR GOOD QUALITY VETERINARY CARE!  PLEASE DO YOUR YEARLY PET WELLNESS EXAMS AND FOLLOW THEIR RECOMMENDATIONS FOR YOUR PET!
If you would like to reach out to me, please email me at furkidsandcoffee@gmail.com","furkidsandcoffee@gmail.com","United States"
"New Age Rehab - Physiotherapy Clinics","7430","New Age Rehabilitation Centre Pvt Ltd is one of the Leading Chain of Physiotherapy Clinics in North India. We have a Team of Physiotherapists Qualified and Experienced in all Specialities of Medicine like Orthopedics, Sports Injuries, Neurology & Neuro-surgery,  Cardiorespiratory etc. We are using Advanced technology Physiotherapy Equipment from World's leading Companies for ensuring Safety of the Patient.

New Age Rehab has a strong presence in Delhi, Faridabad, Rohtak and Raipur through Physiotherapy Clinics, Physiotherapy Department in leading Hospitals, Residential Rehabilitation Centers and Homecare services.

Contact Info: New Age Rehab 
👉C-3246, Greenfield Colony, Faridabad-121010
Call: 9999862434

👉131, Uday Park, New Delhi-110049
Call: 01141605151

Homecare Helpline: 7507070735","info@newagephysio.in","India"
"The Physical Therapy and Wellness Channel","7110","Welcome to The Physical Therapy and Wellness Channel! Are you struggling with back pain? Have you been wondering if Pilates classes could work for you? Do you want to know more about physical therapy? Then you are in the right place! Covering a wide range of topics about your health and wellness, this channel is designed to educate and inspire. Our videos focus on cost breakdowns, industry comparisons, and expert advise from the licensed physical therapists who work in our clinics. 

Founded in 1999, EW Motion Therapy is a physical therapy and wellness company based in the greater Birmingham area of Alabama. With years of experience under our belts, we feel confident guiding you through any issues you may have concerning physical therapy, personal training, pre- and post-operative care, fall prevention, dry needling, Pilates, women’s health, sports injury recovery, and more.

Subscribe and check out the links below to get back on track and start moving like yourself again!","chris@ewmotiontherapy.com; info@ewmotiontherapy.com; maribeth@ewmotiontherapy.com; medicalrecords@ewmotiontherapy.com; billing@ewmotiontherapy.com; homewood@ewmotiontherapy.com; hoover@ewmotiontherapy.com; katherine@ewmotiontherapy.com; libertypark@ewmotiontherapy.com; mandy@ewmotiontherapy.com; meadowbrook@ewmotiontherapy.com; trussville@ewmotiontherapy.com; tuscaloosa@ewmotiontherapy.com","United States"
"The Dog Wellness Centre","6940","Our channel is dedicated to canine wellness and our goal is to educate a global audience of like minded proactive dog owners.

The Dog Wellness Centre is a state-of-the-art physio clinic providing effective physiotherapy to your dog after injury, surgery or in later stages of life. 

Find out more about The Dog Wellness Centre
https://www.thedogwellnesscentre.com.au

Follow us on Instagram - https://www.facebook.com/thedogwellnesscentre/

Join our community on Facebook - https://www.instagram.com/thedogwellnesscentre/

Contact Us - hello@tdwc.com.au","hello@tdwc.com.au","Australia"
"Woodstock Farm Sanctuary","6910","🐮501(c)(3) Nonprofit Animal Sanctuary
📍High Falls, NY
✌️#whywoodstock
💕 donations are tax deductible 
🐷Public Education tours and events at Woodstock sanctuary.org/visit","AnimalHelp@woodstocksanctuary.org; info@woodstocksanctuary.org; interns@woodstocksanctuary.org; visit@woodstocksanctuary.org; volunteer@woodstocksanctuary.org; Donations@woodstocksanctuary.org","United States"
"Virtual Veterinary Specialists","6670","Using the latest technologies, we are helping veterinary professionals to raise the standards of veterinary care.

Our secure and user-friendly digital platform makes it possible to have real-time live interactions with Veterinary Specialists, enabling you to access specialist knowledge and advice for your patients wherever and whenever you need it.

Improve your knowledge and skills through working up your own cases under the real-time live guidance of our Specialists - from interactive case discussions to real-time live consultations and guided case work-ups. 

Our solution is convenient and cost effective for your clients and less stressful for your patients, as they remain in the familiar surroundings of your clinic.

VVS is your multi-disciplinary Virtual Referral Service, shaping the future of Specialist Veterinary Healthcare.","info@vvs.vet","United Kingdom"
"Instructor Brooks","6640","This channel is my platform to do what I love most and that is to teach. Currently, I am focusing on helping students who are working towards a degree and license as a Physical Therapist Assistant, but this information can be useful to anyone. Time will tell how this page will evolve. I hope you join me on my quest to learn.","Brooks.Thompson@instructorbrooks.com","United States"
"Vet Rainbow","6640","Hello there!🌼
I’m Dr. Muskan Moudgill, a passionate veterinarian from India, here to show the world that veterinary medicine is more than just a profession — it's a kaleidoscope of emotions, stories, science, and heart.

Whether you're a pet parent, vet student, or someone who loves animals — join me as I explore all shades of vet life: pet care tips, behind-the-scenes, student struggles, inspiring cases, and heartfelt stories.

🎥 Real, relatable, and rooted in compassion.
Let’s make vet med visible. Let’s make it magical.

🐾 Subscribe & become part of the Vet Rainbow family!","vetstudentmuskan@gmail.com","India"
"Dr. Lianna Morrow","6510","Dr. Lianna Morrow, chiropractor and owner of ChiroFit Gym. Chiropractic, Tacoma mods, and lifestyle videos!","morrowlianna@gmail.com","United States"
"Gulfshore Chiropractic Clinics","5480","Educational & Informative Chiropractic health videos with Dr. Shemansky and our patients at Gulfshore Chiropractic Clinics treating numerous health conditions while practicing a hands-on, drug-free approach.","gulfshorechiropractic@yahoo.com","United States"
"PurebredCatRescue","5270","Specialty Purebred Cat Rescue is a foster-based cat rescue located in the Midwest that specializes in finding homes for abandoned and surrendered purebred cats as well as special needs domestic cats.  We are the only all breed purebred rescue in the Midwest.  On our channel we feature videos on how to care for purebred cats, showcase adoptable kitties and provide sneak peaks of cats which will soon be available for adoption.","adoptions@purebredcatrescue.org; purebredcatrescue@gmail.com","United States"
"The Animal Rescue League of Boston","5220","Pets are family. This belief is at the heart of everything we do at the Animal Rescue League of Boston.

We are the first female-founded animal welfare organization in Massachusetts and are proud to carry on a legacy of kindness and compassion, helping more than 20,000 animals annually since 1899.

Recognized for our innovative, award-winning programs that go beyond sheltering, we address the root causes of the issues facing animals and the people who love them.

By partnering with communities, we help animals heal and thrive, keep pets and people together, and protect animals from harm.

Because there is no government funding for this important work, animals must rely on people like you to get the care they need, when they need it most, 365 days a year.

Sign up for ARL’s e-newsletter for the most current animal stories, advocacy and program updates, events, and more at https://arl.boston/e-news-sign-up","info@arlboston.org; boston-adoption@arlboston.org; brewster-adoption@arlboston.org; bvc@arlboston.org; dedham-adoption@arlboston.org","United States"
"Dr. Sally J. Foote","4960","Dr. Sally J. Foote is a veterinarian, and certified animal behavior consultant from the International Association of Animal Behavior Consultants. Retired after over 30 years practicing small animal general medicine, she now offers personal pet behavior consults in collaboration with your veterinarian, and online courses.","dr.sallyjfoote@gmail.com","United States"
"Union Lake Veterinary Hospital","4650","Exceptional Veterinary Care - Experience the difference at Union Lake Veterinary Hospital. Our YouTube channel educates you about the care of your fur family and introduces you to our services and our staff. If you have a suggestion for a video topic, let us know. 

Union Lake Veterinary Hospital provides the Waterford, West Bloomfield and surrounding areas with loving, high-quality veterinary medical care. We're open 7 days a week for your convenience, offering the best traditional veterinary medicine as well as alternative therapies like chiropractic, acupuncture and herbal therapies. 

Union Lake Pet Services next door offers pet grooming, pet boarding, doggy daycare, dog training, and our Animal Rehabilitation Center offers canine physical therapy. We're Michigan's most complete pet care complex.","rehab@unionlakepets.com; ulvh@msn.com","United States"
"Grand Valley Horse Rescue - GVHR","4630","Welcome to the Grand Valley Horse Rescue YouTube Channel.   Some of our videos will be serious but most will be great fun.  Please enjoy our channel.","info@mysite.com; GVHorseRescue@gmail.com","United States"
"West Coast Vets","4400","The West Coast Veterinary Hospital is a large clinic in Perth, Western Australia. We treat all species of animals - including dogs, cats, horses and farm animals.

We are a family run clinic and feel very humble to be able to offer all our clients personalised and passionate veterinary care. 

The intent of this Channel is to offer interesting, hilarious, and educational videos relating to veterinary care. We hope you enjoy watching.

Garnett & Max","info@westcoastvets.com.au","Australia"
"Chiropractic Specialty Center®","4300","*General health education on posture, spine, joints, and daily movement habits.*

This channel explains how the spine and joints work, what commonly aggravates them, and what the evidence generally says. It is educational. It does not offer diagnosis, treatment recommendations, or consultations.

*WHAT YOU WILL LEARN*
• How the spine, discs, nerves, and joints function
• Factors that contribute to neck, back, and joint problems
• Posture, ergonomics, sleep positions, and daily habits
• How conservative, non-surgical approaches are generally used

*PRESENTED BY*
Yama Zafer, D.C.
Registered chiropractic practitioner, Traditional and Complementary Medicine Division, Ministry of Health Malaysia
Practicing in Kuala Lumpur
https://www.mychiro.com.my/yama-zafer-dc/

*IMPORTANT*
All content is general health education only. It is not a diagnosis, not a treatment recommendation, and not a substitute for assessment by a qualified healthcare professional.","info@mychiro.com.my","Malaysia"
"VET-CT - Vet Radiology | Education","3890","The VetCT mission: To make the veterinary world a better place by delivering trusted radiology and education services for vets worldwide. We have over 150 Board-certified radiologists, helping veterinary teams care for their patients 24/7, 365 days a year. 
Watch our veterinary webinars on this channel. Education is at the core of everything we do. We're proud to be able to share first class information with the veterinary community, from our top veterinary specialists who provide our case advice service to vets.","sales@vet-ct.com","United Kingdom"
"West Chiropractic","3840","At West Chiropractic, we exist to help our clients live their best life. Chiropractic clinic in West Byfleet providing care to the community to alleviate back and neck pain. We focus on getting you back to doing what you love, whether it’s sitting comfortably at your desk, playing football, picking up your kids or working out. We understand and will get you there.

Our vision is to set the standard for ethical, client-centric, life-changing chiropractic care. Our core values and the way we behave to demonstrate them serve as the cornerstone of our decision-making process, especially when it comes to hiring the right people to join our valued team. 

Our number 1 priority is delivering exceptional customer service that wows our clients. From their first interaction to every subsequent visit, we aim to exceed their expectations at every touchpoint. While administrative tasks are important, nothing trumps the experience our clients receive.","info@westchiropractic.co.uk; addlestone@westchiropractic.co.uk","United Kingdom"
"Andrew physiotherapist","3810","I'm a Senior Physiotherapist with 20 years experience in hospital, clinical and fitness centres.  

Currently Treating: 
 Sport Injury, Stroke Patients, Geriatric Patients, Disc Prolapse & Sciatic Patients, Also help patients with Obesity management. 

Types of Treatments: 
 Dry Needling, Acuputure, Kinesiology Taping ,Manual Therapy - Chiropractic Adjustment, Deep Tissue Stimulation
 Rehabilitation & Post Natal Program

I treat my patients with professional ethics and avoid giving false hopes or promise. I treat patients with utmost transparency. 

To get in touch with me you can email or call me. 
Email: andrewphysiofit@gmail.com
Contact:  99414 12435
• undertake a comprehensive examination/assessment of the patient/client /population or needs of a client
group, evaluate the findings from the examination/assessment to make clinical judgments regarding
patients/clients ,formulate a diagnosis, prognosis and plan ,provide consultation within their expertise and determine when patients.","andrewphysiofit@gmail.com","India"
"Palmer College of Chiropractic","3720","Palmer College is the first and largest chiropractic college in the world. One-third of all practicing chiropractors are Palmer graduates who contribute to the health and well-being of people around the globe. At Palmer College you will explore and expand your boundaries in the science of chiropractic and in service to others, preparing for a satisfying career and lifelong learning.","alicia.goldys@palmer.edu; info@mysite.com; obrien_r@palmer.edu; admissions.fl@palmer.edu; admissions.ia@palmer.edu; ashley.fizer@palmer.edu; business.development@palmer.edu; career.services.fl@palmer.edu; career.services.ia@palmer.edu; FinancialAid@palmer.edu; johnna.owen@palmer.edu; karrie.rindler@palmer.edu; mallette_a@palmer.edu; megan.nelson@palmer.edu; megan.robinson@palmer.edu","United States"
"Dr. Randy Aronson - The Pet Vet","3720","Dr. Randy Aronson is a holistic, integrative veterinarian specializing in advanced natural pet health and wellness. As the owner of PAWS Veterinary Center in Tucson, AZ, Dr. Randy shares his 40+ years of experience on how to care for pets using an integrative approach—combining traditional Western medicine with science-based holistic modalities like pet acupuncture, Chinese herbal medicine, and advanced nutrition. The goals—and any treatment & rehabilitation plans—for his patients are built around longevity and healthspan.  

Dr. Randy is certified by the Canine Rehabilitation Institute and utilizes cutting-edge therapies—food therapy, ozone, shock wave, acupuncture, therapeutic laser, and underwater treadmill—to treat chronic pain, arthritis, and mobility issues in dogs and cats. Subscribe to Paws, Reflect, and Heal for expert advice, Q&As, and proactive solutions for your pet's long-term health and wellness.","randy@drrandypetvet.com","United States"
"Costa Rica School of Massage Therapy","3660","Costa Rica School of Massage Therapy (CRSMT) is a leading massage therapy school in Costa Rica and the premier study abroad program for aspiring massage therapists. CRSMT offers immersive massage therapy certification and continuing education opportunities for students and professionals. It is also home to the world’s first COMTA-accredited massage therapy study abroad training programs.

On this channel, viewers can explore what it’s like to study massage therapy abroad, hear student stories, watch our Quest for Excellence series, and get answers to common questions about the program, campus life, and admissions. The channel also highlights CRSMT’s retreat-style CEU opportunities for massage therapists looking to continue their education in Costa Rica.","admissions@crsmt.com","Costa Rica"
"Halesowen Chiropractic Clinic","3610","Halesowen Chiropractic Clinic was established in 2004. The practice has been running for over 22 years in Birmingham UK, led by Chiropractor Dr H Kapur DC (Doctor of Chiropractic).

We are always here to help with any musculoskeletal issues you maybe suffering with.

Enjoy the videos 😊


Address:-

15a Howley Grange Rd
Halesowen 
B62 0HN

0121 423 3101

www.halesowenchiropracticclinic.co.uk","enquiries@halesowenchiropracticclinic.co.uk","United Kingdom"
"Sioux Center Chiropractic Wellness Clinic","3460","Welcome to the official YouTube Channel for Sioux Center Chiropractic Wellness Clinic! 

Sioux Center Chiropractic Wellness Clinic was founded in 2000 by Dr. Larry Armstrong and since that time has grown to deliver the highest quality of chiropractic care possible to Sioux Center, Iowa and the surrounding communities in Northwest Iowa.

Drs. Tyler and Tiffany Armstrong are the owners, a husband and wife team dedicated to continue growing the tradition of chiropractic excellence to families of Northwest Iowa that the late Dr. Larry Armstrong Started in 1985.  We treat newborns all the way up to senior citizens with specialized training in sports chiropractic, Active Release Technique, FAKTR, Certified Medical Examiner for DOT physicals, pediatric chiropractic, prenatal chiropractic (Webster Technique Certified), and functional nutrition.","businessoffice@siouxcenterchiropractic.com; frontdesk@siouxcenterchiropractic.com","United States"
"Spear Physical Therapy","3120","Spear, the first and only two-time winner of The Nation's Top Physical Therapy Practice, offers 25+ convenient locations in the NYC metro area, specializing in various services to help you along your health journey. Let’s Keep Moving, New York!

Spear is here to relieve that pesky pain that’s keeping you down, to ensure you come back from that surgery better than ever, or to simply keep you healthy and active.

With 140+ of the nation’s top physical therapists, Spear offers you free, online education; remote and virtual assessments from any device; and 24 immaculate, sparkling-clean clinics in the NYC metro area.

Twice awarded the best physical therapy practice in the nation by two separate industry organizations, and being named to the Inc. 5000 list 6 times, you can trust that your body, health, and mind are in safe hands with Spear.","70pine@spearcenter.com; americandream@spearcenter.com; Armonk@spearcenter.com; Astoria@spearcenter.com; barclaysph@spearcenter.com; batterypark@spearcenter.com; Bay@spearcenter.com; BayRidge@spearcenter.com; Bayside@spearcenter.com; Bellmore@spearcenter.com; bleecker@spearcenter.com; BR86@spearcenter.com; brooklynheights@spearcenter.com; broome@spearcenter.com; chambers@spearcenter.com; chelsea@spearcenter.com; CityPoint@spearcenter.com; cityview@spearcenter.com; ClintonHillMyrtle@spearcenter.com; CobbleHill@spearcenter.com; ColumbusCircle@spearcenter.com; CourtSq@spearcenter.com; crownheights@spearcenter.com; Darien@spearcenter.com; Ditmars@spearcenter.com; Ditmas@spearcenter.com; DobbsFerry@spearcenter.com; Dumbo@spearcenter.com; e14@spearcenter.com; e28@spearcenter.com; e53@spearcenter.com; e56@spearcenter.com; e84@spearcenter.com; East89@spearcenter.com; elmhurst@spearcenter.com; Englewood@spearcenter.com; fhqueens@spearcenter.com; FlatIron@spearcenter.com; fortmonmouth@spearcenter.com; Freshmeadows@spearcenter.com; Fulton@spearcenter.com; GardenCity@spearcenter.com; Gowanus@spearcenter.com; grand@spearcenter.com; GrandCentral@spearcenter.com; GreatNeck@spearcenter.com; greenpoint@spearcenter.com; hoboken@spearcenter.com; JH82@spearcenter.com; murrayhill@spearcenter.com; newdorp@spearcenter.com; NOHO@spearcenter.com; paramus@spearcenter.com; Parkslope@spearcenter.com; pennplaza@spearcenter.com; pleasantville@spearcenter.com; Ridgewood@spearcenter.com; Rockville@spearcenter.com; ryebrook@spearcenter.com; Scarsdale@spearcenter.com; Slope5th@spearcenter.com; SoHo@spearcenter.com; spearlive@spearcenter.com; sports@spearcenter.com; Sunnyside@spearcenter.com; Tarrytown@spearcenter.com; third@spearcenter.com; TimesSquare@spearcenter.com; tribeca@spearcenter.com; UnionSquare@spearcenter.com; w103@spearcenter.com; w120@spearcenter.com; W26@spearcenter.com; w44@spearcenter.com; w57@spearcenter.com; w75@spearcenter.com; W82@spearcenter.com; W92@spearcenter.com; wallst@spearcenter.com; WH@spearcenter.com; williamsburg@spearcenter.com; wyckoff@spearcenter.com; York@spearcenter.com","United States"
"The Dr. Mo Show","2790","I am Chiropractor Dr. Mo in Manchester, UK. I make videos about symptoms, stretches & exercises for common injuries and conditions. From lower back pain, sciatica, neck pain, headaches, migraine, shoulder pain to posture. I give you advice, home remedies and self massage techniques. If you have questions, please comment them on the videos, I do my best to respond to all comments. 

https://www.facebook.com/Dr.MoDC
https://www.drmo.co.uk/ 
health@drmo.co.uk","health@drmo.co.uk","United Kingdom"
"Cats Only Veterinary Clinic","2710","Established in 1988, we are a full service veterinary clinic located in Columbus, Ohio, dedicated to the care and treatment of cats. Our basic philosophy at Cats Only Veterinary Clinic is to provide an exceptionally high level of feline medical and surgical care.

Visit: http://www.catsonlyvc.com","receptionist@catsonlyvc.com","United States"
"FreeBody Massage","2700","I am Cat Matlock at FreeBody Massage, and I am here for your educational needs.  As a massage therapist with 30+ years of experience, I want to support you being the best massage therapist you can be.  I specialize in trigger point massage and helping people learn the skills to get themselves out of pain.  

I am a practicing massage therapist in Asheville, NC, and teach Continuing Education classes, both online and in-person.  You can find my CE courses HERE ----  https://www.freebodynow.com/ce-courses/

And Get a FREE 1CE Course on Body Mechanics here ----  https://freebodynow.kartra.com/page/ce-body-mechanics

Have Fun!  Keep Learning!  Be Awesome!","info@freebodynow.com","United States"
"V For Veterinary","2490","V for Veterinary is an Authentic Veterinary Educational Portal where you will find Guidelines, Procedures, Tips & Tricks, Surgeries, Case Discussions, Anatomy Videos and a lot more from Registered Veterinary Medical Practitioners.

Subscribe to Stay Tuned for Upcoming Videos. Thanks a lot.
--------------------
Email:
vet.and.veterinary@gmail.com
--------------------
Disclaimer:
Different procedures and methods shown in the videos are all done under direct supervision of Registered Veterinary Medical Practitioners. We strongly discourage attempting any procedure without proper guidance and supervision of a Registered Veterinary Medical Practitioner.

Care has been taken to present the information and facts in the videos to ensure that the information given is accurate and up-to-date. However, we do not assume any responsibility for any loss or injury or damage to animal or person or property arising out of or related to any use of our videos.","vet.and.veterinary@gmail.com","Pakistan"
"Vafa Animal Shelter","2480","Vafa is the first animal shelter in Iran that was founded in 2003 by Fatemeh Motamedi to take care of dogs who were sick or needed care. Before that, there was sadly no such institution in Iran. 
Vafa is a charitable NGO, run by grassroots donations. It runs two animal shelters in Hashtgerd and Qazvin, housing more than 1800 dogs.
As a non-for-profit charity, Vafa has no links to any political or religious organization.
We aim to build a better world where humans and animals co-exist.
Cultural and awareness work, aimed at gathering support for animals, is our main method.","info@vafashelter.com","Canada"
"SASHAFarmAnimalSanctuary","2370","SASHA Farm Animal Sanctuary is located in Manchester, Michigan and we are the Midwest's largest farm animal sanctuary.  At our shelter, not only do we provide food, water, shelter, and veterinary care, we also give the animal residents affection, social interaction with others of their own species, and a sense of security.  The sanctuary currently shelters over 200 animals, each with its own story to tell.  Some were dumped and discarded, some were left to die.  They have come from unhappy circumstances, often mistreated or neglected, but now have a safe, permanent home at SASHA Farm.","office@sashafarm.org; donations@sashafarm.org","United States"
"CotswoldAcademy","2060","Welcome to the Cotswold Academy channel! We offer professional courses and workshops in the Complementary Therapy and Sports Massage industries.","info@cotswoldacademy.co.uk","United Kingdom"
"ATI Physical Therapy","1800","As a leader in the physical therapy industry, we aim to be at the forefront of customer service and patient care. Our team focuses on providing high-quality rehabilitation services to get you back to your best. Watch our videos to see inspiring stories, exercise tutorials, ATI Foundation features and much more! 

For more info:
http://www.atipt.com

Schedule a complimentary injury screening:
https://www.atipt.com/complimentary-injury-screenings","mwdocumentation@atipt.com; PatientAdvocate@atipt.com","United States"
"Sugarland Animal Hospital","1710","Welcome to Sugarland Animal Hospital –Caring for the Pets of Bundaberg.

At Sugarland Animal Hospital we pride ourselves on providing the best in Veterinary care.

We know that when you are looking for vets in the Bundaberg area that you want all the professionalism and expertise that you would expect from a vet but at the same time providing Quality Customer service and care for your loved pets. As vets it’s always tempting to talk about our credentials and years of experience. And while we know that is important to you, let’s be frank – what’s most important to you is NOT our qualifications. What’s important is knowing 3 things that:

    Your pet will be nurtured in our care
    We recognize your needs and expectations
    We’ll do our utmost to ensure your pet is healthy and happy

As pet lovers ourselves, it’s the little things we do for you and your pet that demonstrate we care.
- See more at: http://sugarlandvet.com/","info@sugarlandvet.com","Australia"
"ARL BerksCo","1620","The Animal Rescue League of Berks County is a charitable 501c3 organization caring for nearly 5,000 animals each year to help them find second chances in a new home, or to help reunite them with their grateful owners. For more than 65 years, we’ve worked tirelessly to care for the sick, treat the injured, comfort the unwanted and protect the abused. Whether helping people in need keep their pets through surrender prevention programs, offering low-cost veterinary services and clinics, as well as outreach and education events throughout the county, our work goes far beyond the walls of the shelter.","info@berksarl.org; abudock@berksarl.org; admissions@berksarl.org; adoption@berksarl.org; animalprotection@berksarl.org; foster@berksarl.org; medical@berksarl.org; volunteer@berksarl.org","United States"
"BLVD Vet","1530","🐾 Veterinarian owned and operated family of clinics in Chicago, Illinois. 
📍 Lakeview East, Logan Square, Ravenswood and River North 
💻 Find us at www.blvd.vet
🐈 Check out our cat only clinic, BLVD Cat! www.blvdcat.vet
📲 Follow us at @blvd.vet and @blvd.cat","at@blvd.vet; and@blvd.cat","United States"
"V S Physiotherapy Osteopathy Chiropractic Lucknow","1510","VS Physiotherapy Osteopath and Chiropractic Clinic Lucknow, founded by Dr. Venkatesh Mishra is a Physiotherapist Chiropractor and Osteopath. He did his BPT studies from Agra University and Post graduation in Musculoskeletal Disorder from HNB Gharwal University (Dehradun). Although done the Diplomate in osteopathic manipulative theory & practice from Osteopathic college of Ontario, Canada and Master in Osteopathy From JNU and Master of Chiropractic From Stockholm Sweden He is a Certified Manual Therapist, holds certificates in Taping, Pilates, Core Stability, Mulligan, MFR, Maitland, Osteopathy, PNF.
At V S Physiotherapy Osteopathy & Chiropractic Clinic, we specialize in non-invasive musculoskeletal treatments to provide safe and effective relief. Located in Lucknow, Uttar Pradesh, India, we follow international standards in clinical physiotherapy with advanced assessment, diagnosis, and treatment techniques.
For more details or appointment call 7007932170","vsphysiotherapyclinic@gmail.com","India"
"Physical Therapy & Sports Medicine Center","1490","Physical Therapy & Sports Medicine Center is a Out-patient physical rehabilitation facilities located in Prince George's County, Montgomery County, and Anne Arundel County Maryland. With clinics in Greenbelt, Riverdale, Bowie, Olney, Rockville, and Glen Burnie, Maryland PTSMC offers treatment plans customized for all patients aches and pains ages 5 and up.  In Network with all Major insurance providers, PTSMC also proudly accepts Medicare, Medicaid, BCBS, Atena, Cigna, Priority Partners,Riverside Health, MCO's, Worker Compensation, Motor Vehicle Accidents.  Convenient Hours, Free Parking, Bi-Lingual staff.","info@startptnow.com","United States"
"The Equine Practice Company","1440","The Equine Practice Company 🌍 is committed to empowering equine veterinarians globally through enhancing skills, knowledge and confidence in veterinary medicine through exceptional continuing education programs 📚. We aim to transcend geographical, cultural, and economic boundaries, fostering an inclusive and nurturing environment 🤝. Our goal is to help equine veterinarians thrive both professionally and personally 🌟.

Our top-notch continuing education equips veterinarians with the latest knowledge 🧠 and tools 🔧 in equine medicine 🐴, the art and science of lameness in the horse, equine dentistry and general medical, surgical and equine practice topics 💡.

Yet we are more than this.  We empower veterinarians to reach their full potential, fostering a community that values collaboration, growth, and well-being ❤️. Join us in shaping the future of equine medicine and creating a world where veterinarians thrive 🚀.","admin@theequinepc.com; marketing@theequinepc.com; support@theequinepc.com","Australia"
"Radha Madhav Sewa Kunj - Animal rescue center Una","1400","Welcome to our channel, where every view supports a life saved! 

Our animal rescue center serves as a sanctuary for animals like cow, bull, dog, cats and any other stray in need, providing them with shelter, medical care, and love. In any emergency our helpline number is +91 93175-50543.

Join us on a journey of compassion and hope as we document our team's efforts in rescuing and rehabilitating animals in need. From heartwarming rescue missions to heart wrenching rehabilitation stories, our channel offers a window into the incredible work being done to give animals a second chance at life. Through engaging videos, you'll witness the transformative power of love and dedication, as we strive to make the world a better place for all creatures great and small. Subscribe today and become a part of our community of animal lovers making a difference, one rescue at a time.","radhamadhavsewakunj@gmail.com","India"
"Okie Pet Rescue","1350","Okie Pet Rescue is a 501(c)3 non-profit organization. We are a foster based animal rescue and are located in Oklahoma. We strive to be the difference we wish to see in our community. You can help us on our mission to save neglected, abused, stray, homeless, and unwanted animals by donating and by spaying and neutering your pets.
Listed below are links to make a Venmo donation, make a PayPal donation, our adoption application, and our Amazon Wish List. You can also check out our Facebook page and website to see all of our adoptable pets. Please share this channel so more people can see our adoptable pets. Thank you in advance!
Our email is: okiepetrescue@gmail.com","okiepetrescue@gmail.com","United States"
"Dr. Angie Krause","1350","Welcome! I'm Dr. Angie Krause, a holistic veterinarian and co-host of the Tails of Truth podcast, helping dogs and cats live longer, healthier lives through integrative medicine. I'm here to provide you with honest information, support your decisions, and help you become a confident advocate for the animal you love. 🐱🐶

Here's how I can help you:
🎙️ Tails of Truth Podcast: new episodes every week, where my veterinary nurse, JoJo, and I tell the truth about veterinary medicine.

🛍️ The Shop: vet curated supplements and products I actually trust for my own patients.

💻 Video Consultations: personalized, one on one guidance for your dog or cat, from anywhere.

Find all of it at boulderholisticvet.com

I'm so glad you're here. ❤️","info@boulderholisticvet.com","United States"
"Riverstone Chiropractic","1330","Oakland chiropractor Dr. Sandy Baird, DC shares tips on injury prevention, sports injury conditions, and various injuries an Oakland sports chiropractor can treat.","sandy@riverstonechiropractic.com; info@riverstonechiropractic.com","United States"
"Enrich Your Dog's Life","1310","Hello beautiful dog people! 👋🐾

I'm Stephanie, a dog trainer specialising in rescue dogs, dogs adopted from abroad and bully breeds — and guardian to four rescue dogs of my own.

This channel is about understanding the dog in front of you: their behaviour, individual needs, experiences and the context around what they're doing.

You'll find practical videos about rescue dog life, behaviour and training, decompression, enrichment, confidence, living with dogs and all the messy bits that don't always fit neatly into a training tutorial.

I don't believe every dog needs the same recipe. I want to help you understand your dog, make informed decisions and build a life that works for both of you.

You'll also meet my own rescue dogs along the way — usually demonstrating that real life with dogs doesn't happen in a perfectly controlled training setup. 😅

New videos about rescue dogs, behaviour, training, enrichment and the humans living alongside them.

Welcome — I'm glad you're here. ❤️","dogtrainingforbullies@gmail.com","United Kingdom"
"Virginia-Maryland College of Veterinary Medicine","1290","A leading biomedical teaching and research center established in 1978, Virginia Tech's Virginia-Maryland College of Veterinary Medicine enrolls more than 700 doctor of veterinary medicine, master of public health, and biomedical and veterinary sciences graduate students. The college is a partnership between land-grant universities Virginia Tech and the University of Maryland. Locations include the main campus in Blacksburg, Virginia; the Animal Cancer Care and Research Center in Roanoke, Virginia; the Marion duPont Scott Equine Medical Center in Leesburg, Virginia; and the Gudelsky Veterinary Center in College Park, Maryland.","andrewfjmann@vt.edu; awinemiller@vt.edu; kmyatt@vt.edu; marjorielee@vt.edu; mkbrown19@vt.edu; speart@vt.edu","United States"
"Jessica Limpkin Equine Massage Therapy","1280","Hi, I am Jess and provide Equine Massage Therapy in Worcestershire, UK and the surrounding areas. I have put this channel together to provide lots of useful information, tip and tricks to get the most form your horse using Equine Massage.

To discover more take a look at my blog here: : www.jessica-limpkin-equine-massage-blog","info@jessicalimpkin.co.uk","United Kingdom"
"Lockwood Animal Rescue Center","1220","The Lockwood Animal Rescue Center (LARC) is a unique animal welfare and veterans’ rehabilitation center. We rescue and provide sanctuary for wolves, wolfdogs and other animals who have been bred to live in a domestic environment and protect wolves in the wild. We also offer a therapeutic environment for combat veterans suffering from trauma through employment, job skill development, sobriety maintenance, and coordination of care. Most of LARC’s facility caregivers are former military personnel.

LARC’s main program is Wolves and Warriors. In this program, veterans suffering from post-traumatic stress disorder (PTSD) and other traumas care for the wolves and wolfdogs at LARC. Our Wolves and Warriors veterans participate in rescue missions across the country, saving wolves and wolfdogs from pelting operations, roadside zoos, and cases of abuse and neglect.","rescue@wolfsanctuary.net; bird@parrotcare.org; doclindner@lockwoodarc.org","United States"
"The Cancer Vet Clinic","1210","Our vision at The Cancer Vet is to pioneer the forefront of veterinary oncology, setting a benchmark for cancer care in pets across India and beyond. We strive to instill hope in every pet owner, extend compassion to every patient, and deliver unparalleled expertise in every treatment. We foresee a future where every pet, regardless of their cancer diagnosis, has access to the most innovative, effective, and compassionate oncological care, improving their quality of life and deepening the connection they share with their families.

For Appointments Contact:
Mumbai Clinic: +91 87999 49294 | Pune Clinic: +91 87999 49295","mumbai@thecancer.vet; pune@thecancer.vet","India"
"Valiant Vet Physio","1140","Valiant Veterinary Physiotherapy is a specialist small animal rehabilitation and fitness centre based in Melton Mowbray.

A series of physiotherapy videos showing exercises, workouts and mental enrichment ideas for your dog(s).

Find us at www.vvphysiotherapy.co.uk or follow us Facebook, Instagram and Twitter.","carol-ann@vvphysiotherapy.co.uk","United Kingdom"
"Human Mechanic Clinic","1110","At HUMAN MECHANIC CLINIC, we are committed to providing you and your loved ones with exceptional care in a compassionate and friendly atmosphere. Human Mechanic Clinic is known to be the best Physiotherapy and Chiropractic Clinic located in Hadapsar & Koregaon Park, Pune.

For the best treatment, We used BRAWN CONCEPT Assessment and clinically proven advanced treatment approaches like CHIROPRACTIC, OSTEOPATHY, DNS, MYOBALANCE, And ADVANCED MANUAL THERAPY.

Koregaon Park Clinic Address - Flat no.210, Gera Garden Building no.1, near Blue Diamond Hotel, Koregaon Park, Pune, Maharashtra 411001
Koregaon Park Clinic Contact Number - +918956699060

Hadapsar Clinic Address - Office No, 401 Gandharv Capital, Bhosale Nagar, Hadapsar, Pune, Maharashtra 411028
Hadapsar Clinic Contact Number - +917387411009

#backpain #neckpain #kneepain #lowerbackpain #wristpain #elbowpain #hippain #physiotherapy #physiotherapist #chiropractor #chiropracticadjustment #chiropracticcare","humanmechanic9@gmail.com","India"
"Waller Family Gonstead Chiropractic","1100","Doctor David Waller is a Gonstead chiropractor at Waller Family Gonstead Chiropractic in Rockwall, TX. If you are struggling with neck or back pain, headaches or migraines, carpal tunnel, sciatica, or any other health condition please call us today or visit our website and take advantage of our new patient special. Dr. Waller is dedicated to delivering the highest quality Gonstead Chiropractic care possible. www.wallerchiro.com   or email: gonsteadclinic@gmail.com","gonsteadclinic@gmail.com","United States"
"Renew Physical Therapy","1080","Renew Physical Therapy is an outpatient physical therapy clinic in Bentonville, AR, USA. We specialize in pelvic health physical therapy. Welcome to our YouTube Channel!

***Disclaimer: This channel is intended to provide general information regarding common conditions we see in the clinic. It is not to be used in place of medical advice.  Please consult your healthcare provider for appropriate diagnosis and treatment and do not use these resources as a way to avoid getting treatment.****","chelsea@renewptnwa.com","United States"
"New Hope Animal Rescue NFP","1060","We are foster -based, nonprofit animal rescue in Austin Texas.  Our  mission is to save animals who are at risk of being killed, whether they have been abandoned on a roadside with trucks zooming by or are facing euthanasia at a kill shelter. We are also passionate about reducing the over pet population by working to educate the public on the importance of spay/neuter, tagging and microchipping, and not supporting breeders [adopt don't shop!]


If you are interested in supporting our mission, here are some ways  you can help:   

Donations accepted via PayPal: 
http://nhanimalrescue.org/donation/
Want to foster with us? 
http://nhanimalrescue.org/foster-information/
Ready to adopt? 
http://nhanimalrescue.org/foster-information/
Want to inquire about other volunteer opportunities? 
Email NHgivelife@gmail.com","NHgivelife@gmail.com","United States"
"Soriano Performance","1010","🤠Bilingual Western Horsemanship & Training
🐴 Certified Equine Massage Therapist
📩 Collabs: Sorianoperformance@gmail.com 
👇 Training tips & updates below!","Sorianoperformance@gmail.com","United States"
"Raintree Veterinary Clinic & Rehabilitation Centre","903","Founded in 2017, Raintree Veterinary Clinic is one of Pune city's foremost veterinary clinics. With a range of services and facilities including multi-species care, specialised surgical facilities, alternative rehabilitative therapies, the latest in veterinary technology, and no small measure of love, Raintree stands for compassion and excellence in veterinary care.

For more information, please visit www.raintreevet.in

⚠️ Please note, we cannot consult for cases via YouTube comments and messages. In the event of an emergency, please call us on 8830207984 (if you are in Pune, India). For electronic consultations and requests for second opinions, our senior doctors can be e-consulted with on raintreevetclinic@gmail.com. For any other queries, find us on Instagram @raintreevet

Thank you for visiting our channel! We appreciate every comment and kind message.","raintreevetclinic@gmail.com.for","India"
"Rehab United","861","Hey there! We’re Rehab United, proudly recognized as one of San Diego’s top-rated physical therapy clinics. Our mission is simple: to empower you with the knowledge and tools to prevent injuries, manage chronic pain, and master effective rehabilitation exercises.

Whether you're recovering from an injury, rehabbing post-surgery, or aiming to improve your overall mobility, our channel is dedicated to helping you reach your fitness and wellness goals. Our approach combines Applied Functional Science® with a hands-on perspective. 

But what truly drives us? It’s the joy of seeing you get back to doing the things you love, pain-free and stronger than ever. Join us on your journey to better health and movement!","bryan@rehabunited.com; sean@rehabunited.com","United States"
"Desert Haven Animal Rescue","856","We are a no-kill 501(c)(3) animal rescue in Sierra County NM specializing in compassion, care plans & adoption for our rescues plus spay/neuter aid for our community.❤️🧡🩵

“Meows” and “Woofs” from an animal rescue in the Chihuahuan Desert in southern New Mexico looking for their forever homes.🏜 

Come visit us! Adopt us! Share our videos! Thank you in advance!🐾

Location: Desert Haven Animal Rescue is in Williamsburg, NM (right outside of Truth or Consequences, NM)

*This channel is maintained and kept up to date*","info@deserthavenanimalrescue.org; dhanimalrescue@gmail.com","United States"
"Barb's Dog Rescue","829","Barb's Dog Rescue of Puerto Peñasco, Mexico
👉🏻Donations can be made at: www.barbsdogrescue.org

Barb's Dog Rescue is a 501C3 nonprofit organization (your donations are tax-deductible in the USA).

For these dogs in Puerto Penasco, Mexico, also known as Rocky Point, Barb's Dog Rescue is their only hope.​
Thousands of homeless dogs roam the streets in this community.  Many are injured or caring for young litters of puppies.  
We open our doors to dogs in need and provide them with food, shelter, veterinary care, and a place to call home, for however long they need. 
 
We give them hope. Please join us.","barbsdogrescue@gmail.com","MX"
"Maplelatte Animal Shelter Society","811","Discover ""MAPLELATTE ANIMAL SHELTER SOCIETY"" in Alberta, 🍁

Our mission is to provide compassionate care, protection, and second chances to animals in need. We are a non-profit, volunteer-based organization dedicated to rescuing homeless, abandoned, and neglected animals, offering them safety, medical care, and the love they deserve while they wait to find their forever homes.

Our shelter operates as a community of caring individuals — people who come together out of a shared love for animals and a commitment to making a difference. Every volunteer, foster, and donor plays a vital role in giving these animals a new beginning and a brighter future.
---
To support our rescue efforts, we offer services such as dog boarding, dog daycare, and cat boarding. These services help fund the food and supplies needed to care for our fosters.

Contact Us & E-Transfer
Non-Profit Organization:
📧 maplelatte@mass-care.org","maplelatte@mass-care.org","Canada"
"Milestones Physical Therapy Services","810","My name is Lori Walker Krause and I am a Pediatric and Women's Health Physiotherapist in Calgary, Alberta, with 21 years of experience helping children and women live their best lives.  I am passionate about infant development, torticollis and plagiocephaly, pelvic floor physiotherapy for both children and women, and restorative core exercise for women at any stage of life.  I believe in the power of play, the power of movement, and the ability of appropriately prescribed and executed exercise to allow you to achieve maximal participation in and enjoyment of all the milestones of your life.","info@milestonesphyio.ca; info@milestonesphysio.ca","Canada"
"Nick Cole Sports Massage Therapist","795","Subscribe to my channel today for content on Sports therapy.

Please help my small business grow, like and subscribe. 

I am a level 4 Sports massage therapist. I have been in the British Army since 2003 and since 2020 I have been helping sports teams such as rugby, hockey, football,boxing, netball and cross fit within the British Army to stay fit, prevent injuries, rehab and recover and perform at their best.
I offer sports massage, cupping, taping and education.
 I am also a level 2 boxing coach and trained numerous amateur boxers preparing them for contest or general fitness.

Please subscribe to my channel for more free videos.","Nick-cole151522@hotmail.com","United Kingdom"
"Kindness Ranch Animal Sanctuary Official","793","All of the animals at Kindness Ranch Animal Sanctuary have previously been used in laboratory research. We have a small but hardworking staff, all of who live on site to provide the animals with the best possible hands-on care.

Some of our experienced staff members live with the dogs and work daily on socialization, crate-training, housebreaking, leash-walking, and basic commands. The cats receive an abundance of play time, trees for climbing, an outdoor space for exploring, and socialization with other cats and visitors.

Our horses and other farm animals also receive daily care and socialization. The horses and cows are free to roam most of our 1,000 acres, and the sheep and pigs have access to open grazing land, as well. These animals are visitor favorites and will likely live out their lives at Kindness Ranch.","info@kindnessranch.org; john@kindnessranch.org.all; lorye@kindnessranch.org","United States"
"Evergreen Rehab & Wellness","759","Evergreen Rehab and Wellness Clinic is the leading provider of Chiropractic, Physiotherapy, Registered Massage Therapy, Active Rehabilitation, Acupuncture and various other health services at Coquitlam, Burquitlam, Burnaby, Surrey, and Langley. We are dedicated to provide wide range of services to promote wellness of our patients.

에버그린 재활 전문 병원은 캐나다 광역 밴쿠버 소재의 대표 한인 재활 전문 병원입니다. 2015년 Surrey에서 개원한 이래, 한인들이 가장 편리하게 치료받을 수 있는 공간을 목표로 최선을 다 하고 있습니다.

2023년 현재 Coquitlam (Burquitlam 역 도보 5분)과 Surrey (Guildford town center에서 한 블럭 뒤), 그리고 Langley Willoughby (Cavolth 버스 정류장에서 한블럭 옆) 세 곳의 지점에서 진료를 하고 있습니다.

​그리고 내원하기 어려운 환자 분들을 위해 온라인 화상 진료 서비스 (Telehealth)도 제공하고 있습니다. 

에버그린은 광역 밴쿠버에서 유일하게 한국어로 카이로프랙틱, 피지오테라피, 마사지 테라피, 침/한방 치료, 재활 운동치료, 필라테스, 오스티오패시, 그리고 심리상담 치료까지 한 곳에서 제공하는 전문 의료 기관입니다. 최고의 의료진과 최고의 시설과 장비로 환자 분들의 성공적인 재활을 책임지겠습니다.","info@evergreenclinic.ca","Canada"
"VET ON CALL CLINICs","750","Our Mission: Keeping Pets Owners Smiling🐾❤️
     Our Services
💊Veterinary Care |💉Clinic Services
🐾Pet Grooming |🏠Boarding | ✈️Relocation
📌Karen Village, Ngong Rd
📲0721470028
We do House call services in Nairobi, Kiambu, and their surroundings.","vetoncal@gmail.com","Kenya"
"Liverpool Chiropractic Clinic","728","Liverpool Chiropractic Clinic | Back, Neck & Sports-Injury Chiropractors in Liverpool 

📍 Unit 2, Grain Industrial Estate, Harlow St, Liverpool L8 4UG   ☎️ 0151 792 2149   🌐 https://liverpoolchiropracticclinic.co.uk/special-offer/

Relieve lower back pain, neck pain, sciatica, headaches and sports injuries with evidence-based
chiropractic, shock-wave therapy and bespoke rehab — delivered by Liverpool’s highest-rated chiropractic team.

WHY CHOOSE US?
• Award winning Chiropractors, ranked as Liverpool's top chiropractors
• comprehensive neurological and structural analyses help uncover the true cause of your issues 
• Convenient for Aigburth, Brunswick, Mossley Hill, Allerton, Garston, City Centre, Crosby & Wirral

Subscribe and turn on 🔔 so you never miss practical, Liverpool-focused
advice that keeps you active and pain-free.

Directions & parking ➜ g.page/liverpool-chiropractic-clinic  

#Liverpool #Chiropractor #BackPain #NeckPain #SportsInjury","reception@liverpoolchiropracticclinic.co.uk","United Kingdom"
"Unity Farm Sanctuary","727","Unity Farm Sanctuary is a 501(c)(3) non-profit animal rescue organization founded in December 2016. Stop by to see video updates on our animals and activities! Find us on facebook, twitter, and instagram as well!","info@unityfarmsanctuary.org; kindness@unityfarmsanctuary.org","US"
"Bhatt Integrative Vet Specialty – Dr. Priya Bhatt","698","Specialist integrative and specialty veterinary care for dogs and cats in Glenview, IL and across the U.S. Dr. Bhatt combines the best of modern medicine with proven traditions like Chinese Veterinary Medicine (TCVM), Ayurvedic practices, and more.

With our 360° care philosophy, we deliver complete, concierge-level veterinary care by:
    - Integrating Eastern and Western medical knowledge
    - Empowering you as a key partner in your pet’s care
    - Maintaining exceptional communication for every case

About Dr. Priya Bhatt
Dr. Priya Bhatt, DVM, MS, CVA, CVFT, CVMMPa, is an integrative veterinarian with a Doctorate of Veterinary Medicine from the University of Illinois College of Veterinary Medicine. She is certified in Veterinary Acupuncture, Food Therapy, and Veterinary Medical Manipulation, trained in Level II Reiki, and serves on the Board of Directors for the Illinois State Veterinary Medical Association.

Subscribe to engage in expert integrative veterinary care and knowledge!","aryaacupuncturemarketing@gmail.com; bhattvetmarketing@gmail.com; info@bhattvetspecialty.com; info@enjoyyourdogtraining.com; beautyinalchemy8@gmail.com","United States"
"ELITE SPINE CENTRES","676","Elite Spine Centres was founded by Dr. Michael Bryant (Chiropractic, USA), who entered the world of chiropractic with a different perspective and background than most other chiropractors in practice today

At Elite Spine Centres, one of our goals is to educate the public about issues which they are generally unaware, as there are so many people out there suffering from a range of problems which could be impacted by poor spine and nervous system function.

Over 80% of Singaporeans will experience Neck Pain or Back Pain in their lifetime. Delaying proper treatment can result in scar tissue, loss of mobility and permanent damage in some cases. Contact us to discover and correct the root causes of your problems and avoid long-term injury.

https://www.elitespinecentres.com/","info@elitespinecentres.com","Singapore"
"Southampton Animal Shelter Foundation","630","The Southampton Animal Shelter Foundation (SASF) is a 501(c)3 non-profit, open-admission, no-kill- shelter that relies on the generosity of our donors and volunteers to care for the homeless animals in our community and place them in loving forever homes.

Our mission is to nurture the bond between humans and companion animals through education, advocacy, and adoption. We enrich the lives of the animals in our care through training, affection, and veterinary services, ultimately placing them in a loving forever home!","donations@sasf.org; grants@sasf.org; info@sasf.org; adoptions@sasf.org; clinic@sasf.org; education@sasf.org; marketing@sasf.org; training@sasf.org; volunteer@sasf.org","United States"
"The Chiropractic Biomechanic","628","Hey you AWESOME, AMAZING, WONDERFUL people!!! 🤪

Welcome to The Chiropractic Biomechanic – Your Go-To Resource for Chiropractic Care, Mobility, & Injury Prevention!

💯 This channel is for chiropractic students, chiropractors, athletes, & anyone optimizing movement & recovery through chiropractic care, mobility training, & functional exercises.

What You’ll Find Here:
⚠️ Chiropractic insights for spinal health & posture correction
⚠️ Injury prevention with muscle activation & rehab drills
⚠️ Mobility & soft tissue techniques for pain relief & athletic performance
⚠️ Strength & stability training for better movement & longevity

💥 Hit that subscribe button for more strategies to improve movement, strength & recovery!

P.s. You're killin' this life!! 

📍Daytona Beach, FL
💌 Jesse.hodges@atthecorelifestyle.com

-Jesse Hodges, D.C., M.S., M.A., C.S.C.S. 
🏝️ Associate Professor (@PalmerFlorida) 
😈 Sports Chiropractor (@AtTheCoreLifestyle)","Jesse.hodges@atthecorelifestyle.com","United States"
"Dr. Christina Kraft","626","Dr. Christina L. Kraft DC
Human Chiropractor 
IVCA Certified Animal Chiropractor 

T, W, Th= Humans, dogs + cats are seen in Moorhead office
Mondays= Mobile Equine Chiropractic offered Fertile to Fergus Falls, MN

Kraft Chiropractic PLLC
1506 Main Ave. Suite 101
Moorhead, MN 56560

Call or text Dr. Kraft 218-789-1811
Schedule & learn so much more at drchristinakraft.com","drchristina@drchristinakraft.com","United States"
"The Professional Massage Academy","614","The Professional Massage Academy Online is a revolutionary massage therapy program that combines an online massage therapy school with in-person training. This allows students the flexibility to learn at their own pace. The program is western based in theory and application; however, the program does give introductory theory and applications of eastern modalities and skills.

Massage Therapy courses include theory as well as demonstration and practical application techniques that are necessary to perform professional massage services with confidence. Learn more on our website: https://theprofessionalmassageacademy.com/","pmainfo@stcloudacademy.com","United States"
"Lanta Animal Welfare","596","Lanta Animal Welfare is a nonprofit Animal rescue charity based on Koh Lanta on the Southern Coast of Thailand. LAW's objective is to relieve the suffering and pain of the animals on the island through sterilisation and care. To date, we have sterilised and treated over 10,000 animals.","info@lantaanimalwelfare.com; volunteer@lantaanimalwelfare.com; adoption@lantaanimalwelfare.com; dm@lantaanimalwelfare.com; gm@lantaanimalwelfare.com; johnsmith@example.com; junie@lantaanimalwelfare.com","Thailand"
"Dr. Jeff Rosenberg","593","Dr. Jeff Rosenberg is a New York City chiropractor based in Midtown Manhattan, specializing in the treatment of sciatica, disc herniation, neck pain, back pain, spine-related and nerve conditions.
On this channel, Dr. Rosenberg shares real-world chiropractic insights, patient education, and treatment explanations designed to help people understand the root causes of pain and how to resolve them without unnecessary guesswork.
Dr. Rosenberg is the founder of Rosenberg Wellness Center, a Midtown Manhattan chiropractic practice serving professionals, athletes, and active individuals throughout New York City.
If you are searching for information on sciatica, spinal disc injuries, neck pain, or chiropractic care in New York City—especially Midtown Manhattan—this channel is designed to provide clarity, education, and practical guidance.","jeff@drjeff.nyc","United States"
"Paws2Freedom Dog Rescue Charity","554","We are a Dog Rescue Charity based in Cornwall, in Great Britain. Our channel shows videos about some of the dogs that we have rescued from home and abroad, including those that we look after as Forever Fosters. Even more importantly, here you will find videos of our latest gorgeous dogs, just waiting for their forever homes.","info@paws2freedom.org; woof@paws2freedom.org","United Kingdom"
"Animals In Need Rescue Network","545","Animals In Need Rescue Network is  a 501c3  nonprofit  animal rescue dedicated to rescuing and saving animals and helping the people who want to help animals.  We focus on cats since there are so many millions  of kitties on the street and in shelters that need help and  are so misunderstood.  We also  rescue dogs and horses and any other animals we come across that need our help!  Please support our work  so we can save more  lives and make a tax deductible donation!
www.animalsinneedrescuenetwork.org Please Subscribe!","animalsinneedrescuenetwork@gmail.com; christine@animalsinneedrescuenetwork.org","United States"
"MAI Animal Health","535","MAI Animal Health is a veterinarian’s source for solutions in the animal healthcare industry. As a diverse family of trusted brands under one common ownership, veterinarians can streamline their buying experience for veterinary instruments and supplies.

With more than 40 years of veterinary experience and manufacturing expertise, MAI Animal Health is committed to improving both the quality and efficiency of animal healthcare solutions.

Explore our family of brands and learn more about our products and services with product overviews, veterinary wet labs and educational videos. Subscribe to our channel for exciting announcements of new, innovative and practical solutions to enhance the lives of animals and their caregivers.","sales@maianimalhealth.com","United States"
"Vente Pain Relief Clinic","533","Vente Pain Relief Clinic is Toronto's premier deep tissue Massage Therapy and Acupuncture clinic. These are some helpful videos to potentially help in alleviating and preventing pain. Please realize that proper treatment of ailments/conditions/symptoms require an appointment for assessment and treatment. These videos are meant for educational purposes ONLY and not meant as a form of treatment, assessment and diagnosis. Always consult with your health care practitioner for advice in regards to proper treatment. WE ARE NOT RESPONSIBLE FOR ANY POTENTIAL INJURIES THAT MAY RESULT FROM FOLLOWING THE VIDEOS. 
To book an appointment,  we can be reached at 416-644-8894. You can also email us at admin@ventepainrelief.com
https://www.youtube.com/channel/UC4BbS_EcPHQ3zsdknsPWi8w?sub_confirmation=1
Our clinic website is www.ventepainrelief.com. We also have a Pain Relief Fitness site vprc.ca.
Our location:
100 King Street West, suite 5600 (at the north west corner of King and Bay)
Toronto, Ontario","admin@ventepainrelief.com","Canada"
"Cat Repairwoman","523","Dr. Kara Caldwell, aka the Cat Repairwoman, has been a feline-only veterinarian since graduating veterinary school in 2011.  The aim of this channel is to give informative advice for fellow cat owners, but also with tips and tricks that Dr. Caldwell has learned over the years both as a cat owner and as a veterinarian.  She will be joined by her ""catsistants"" Obie, Scoots, and Tuna as they see fit (in true cat fashion).  In memory of Maggie, Columbus, and Mercy who helped shape who she is today as both a better, more experienced cat owner and a veterinarian.","jamie@example.com","United States"
"Dr. Molo","514","Dr. Molo | Veterinarian—Animal Health & Pet Educator

I'm new to YouTube but not new to veterinary medicine! Join Rouge and me as we grow this channel together, bringing you insights from years in clinical practice, vet pharma, and pet nutrition.

Texas-licensed veterinarian with specialized background in animal nutrition, veterinary pharmaceuticals, and the feed industry. DVM with experience across small animal, equine, and mixed practice—from the clinic to the manufacturing floor, giving you the vet perspective you won't find elsewhere. 

Weekly tips on pet health and nutrition, breed breakdowns, and honest takes on food, treats, and tech. Plus commentary on fun and relevant animal news topics!

I'll reveal where the name ""Dr. Molo"" comes from when we hit 1,000 subscribers! 🎉

📧 drmolo4pets@gmail.com
🔔 Subscribe for honest, science-based pet care advice.","drmolo4pets@gmail.com","United States"
"Skelian Chiropractic Clinic","509","Skelian Chiropractic Clinic is a multi-award wining chiropractic clinic based in Cheltenham, UK. The chiropractors at the clinic have been helping the local community with musculoskeletal problems for over 20 years. Over these years we have provided the highest standards of care to our patients. 

Chiropractic is a healthcare profession that specialises in the diagnosis and treatment of conditions involving the muscles, bones, joints and nerves of the body. Although chiropractors are best known for treating back and neck pain, they also treat a wide range of other musculoskeletal conditions, for which the evidence base is fairly broad across a range of musculoskeletal complaints, for example:

+ Acute and Chronic Back Pain
+ Sciatica
+ Mechanical Neck Pain
+ Cervicogenic Headache
+ Prevention of Migraine
+ Minor Sports Injuries
+ Joint Pain
+ Shoulder Complaints
+ Elbow Pain
+ Ankle Sprains","stpauls@skelian.co.uk","United Kingdom"
"Shropshire Cat Rescue","505","Welcome to Shropshire Cat Rescue.

For 35 years, we've been rescuing and rehoming cats across Shropshire. We're a volunteer-run shelter caring for cats and kittens who need somewhere safe to recover, receive care and, where possible, find a suitable forever home.

Here you'll find the cats behind the rescue: their stories, personalities, progress and journeys to new homes, alongside behind-the-scenes content from life at the shelter.

We'll also share practical cat advice, educational content, fundraising appeals and a look at the people and work that keep the rescue running.

Follow the cats, meet the people behind their care and discover more about the work that happens every day at Shropshire Cat Rescue.

Subscribe, Sponsor and donate to support our work ↓","sponsorship@shropshirecatrescue.org.uk; info@shropshirecatrescue.org.uk; donation@shropshirecatrescue.org.uk; Emaildonation@shropshirecatrescue.org.uk","United Kingdom"
"RSPCA Radcliffe","462","Our mission is to take in unwanted, abandoned, stray and mistreated animals and find them loving, permanent homes. We always make sure that all the animals in our shelter are given all the love and care they need before they are rehomed. We support the RSPCA Inspectors with their case and abandoned animals. We never compromise on animal welfare.

Each year the RSPCA Radcliffe Animal Shelter cares for many hundreds of animals as they are brought in by RSPCA Inspectors or members of the public having been found abandoned, injured or as victims of cruelty and abuse. It costs the shelter over £500,000 a year to help local animals. All of our funds are raised locally from members of the public, companies and other organisations.","education@rspca-radcliffe.org.uk; info@rspca-radcliffe.org.uk","United Kingdom"
"Vet and Tech","449","Welcome to Vet and Tech Official YouTube Channel, an open source for veterinary education. We are dedicated to providing multiple educational resources, such as CE courses, educational programs, webinars, and news for veterinarians, veterinary technicians, students and nurses.

At Vet and Tech, we understand the importance of staying up-to-date with the latest developments in the veterinary field. We bring you the most relevant and accurate information on various topics, from animal health and nutrition to diagnostic techniques and treatment options.

In addition to our informative articles and news updates, we also offer a variety of helpful resources for veterinary professionals, including continuing education courses, job listings, and networking opportunities. We strive to be a one-stop shop for veterinarians to stay informed and connected within the industry.

Thank you for visiting our channel.
To learn more about us visit: www.vetandtech.com","info@pago.vet; Info@vetandtech.com","United States"
"Perraton Physio","432","Evidence-based management for musculoskeletal and sports injuries.

On this channel you will find:

🔹 Patient exercise & rehab videos
Exercises commonly used in physiotherapy to manage pain, improve strength, and support recovery.

🔹 Injury education & prevention
Practical explanations to help you understand your condition and make informed decisions about rehabilitation.

🔹 For practitioners & students
Selected episodes from the Physio Foundations podcast, exploring clinical reasoning, evidence, and professional development in physiotherapy.

We are Zuzana and Luke Perraton, a husband-and-wife team each with 20+ years’ experience in physiotherapy clinical practice, research, and university teaching.

▶️ Subscribe for new videos:
https://www.youtube.com/channel/UCz_Dmvd9wVxpoVN5Dpnx76w?sub_confirmation=1

🔗 Connect with us: @PerratonPhysio

⚠️ This channel provides general information only and does not replace individual assessment or advice from a qualified health professional.","luke@perraton.physio","Australia"
"ARF Hamptons - Animal Rescue Fund of the Hamptons","423","Established in 1974, the Animal Rescue Fund of the Hamptons, also known as ARF Hamptons, is a nonprofit organization that has rescued more than 33,500 cats and dogs. Entirely funded by donations, ARF provides food, shelter, love, medical care, and behavioral training for its rescue animals for as long as it takes to find loving homes. To learn more about ARF Hamptons and ways you can support ARF's rescue efforts, visit arfhamptons.org and follow @arfhamptons","info@arfhamptons.org","United States"
"Boundary Bay Veterinary Specialty Hospital","415","Boundary Bay Veterinary Specialty Hospital - headquartered in Surrey, BC and with a sister hospital in Bellingham, WA - offers board-certified veterinary surgery, oncology, cardiology, neurology, internal medicine, diagnostic imaging and 24/7 emergency veterinarian critical care. As a certified VECCS Level 1 facility and a VetCOT Provisional Trauma Center, we are staffed, equipped, and trained to handle the most severe traumas and emergencies for dogs, cats and other small mammals.","humanresources@bbvsh.com; info@bbvsh.com; marketing@bbvsh.com","Canada"
"The Massage Mentor Institute","386","The Massage Mentor LIVE is a channel where massage therapists and bodyworkers can watch interviews with leaders in the community and short videos full of inspiration. 

Now, there is more at The Massage Mentor Institute where you can sign up, log in, and take CE classes! There are over 120 classes waiting for you! https://www.themassagementorinstitute.com

 Diane Matkowski, aka The Massage Mentor and the creator of The Massage Mentor Institute, has been doing massage for 25 years. Her business is a nine t-time award-winning establishment and home to 13 successful massage therapists. She is the author of the book The Massage Therapist's Guidebook. She is a continuing education provider approved by NCBTMB. She has worked with famous gold medal athletes, TV personalities, and her business has seen over 12,000 clients. 
If you are a massage therapist and want some positive support, please join us:

https://www.facebook.com/groups/themassagementorclosedgroup/","massagementorclasses@gmail.com","United States"
"Soul Dog Rescue Channel","385","Soul Dog is a 501 (c)(3) nonprofit animal rescue organization founded with the mission to spay/neuter and protect animals. Soul Dog is proactive in animal welfare, advancing the need for spaying and neutering our pets to reduce overpopulation. We travel to rural communities on Native American reservations, where spaying and neutering will only happen if it is nearly free or very convenient. Soul Dog works with volunteer veterinarians to provide the spaying and neutering service at no cost to the public. Donations are used to defray the costs associated with medications, supplies, and the operating cost for clinics.

Our Mission:
Soul Dog Rescue performs collaborative, targeted work, primarily through spay/neuter, in underserved regions in order to create sustainable change and promote cultural shifts regarding the treatment of companion animals.

www.souldog.org
LOCATION & HOURS
1245 Factory Circle, Fort Lupton, CO, 80621
Clinic Hours
Mon - Sat9:00 am - 5:00 pm
Sunday Closed","admin@souldog.org","United States"
"Pro Chiro","379","Pro Chiro is a Sports Chiropractic clinic located in Surrey, UK. Pain and injuries are a source of frustration for many people. We provide personal treatment to enable them to succeed in life and excel in sport. This youtube account is for the benefit of anyone looking for health tips and tricks, corrective exercise advice or anyone that just wants to find out a bit more about Chiropractic care.","josh@pro-chiro.co.uk","United Kingdom"
"Spirit Keeper Animal Sanctuary","363","Spirit Keeper Animal Sanctuary is a 501(c)(3) nonprofit animal welfare organization dedicated to providing lifelong sanctuary for animals with special medical, behavioral, and welfare needs. We care for horses, snakes, dogs, cats, and other companion animals who have been neglected, abused, relinquished, or require specialized long-term care that makes placement difficult. Our mission extends beyond rescue. Through science-based behavioral husbandry, positive welfare practices, education, and community outreach, we strive to help every animal experience a life well lived while inspiring compassionate, evidence-based care for animals everywhere. Our journey began as a safe haven for horses in need of lifetime sanctuary and has grown into an organization able to offer those same services across species, specializing in unique veterinary, behavioral, and nutritional needs.","SpiritKeeper_Equine@aol.com; SpiritKeeperEquineSanctuary@gmail.com","United States"
"Pawprints to Freedom Dog Rescue","352","Pawprints to Freedom is a dog rescue with a difference. We work with rescuers in Romania to help find homes for their dogs in the UK. Compassion has no borders, and we fight daily to save lives.","enquiries@pawprints2freedom.co.uk; kirstyd@pawprints2freedom.co.uk","United Kingdom"
"Infinite Wisdom Chiropractic","301","Welcome to Infinite Wisdom Chiropractic — where structure meets movement, and healing happens from the inside out.

Led by Dr. Justin Jones, our Orlando-based chiropractic practice is dedicated to helping you move better, feel better, and live more aligned. Our mission is simple: to reconnect you with your body’s natural wisdom through intentional chiropractic care, functional movement education, and breathwork practices that support long-term healing — not just short-term relief.

📍 Based in Orlando, Florida, we serve our local community in-person and our global community through YouTube — offering step-by-step guidance on:

Pain relief and posture correction
Breathwork for nervous system regulation
Functional movement for everyday strength and adaptability
Real-time chiropractic care moments that inspire and educate

Subscribe to join a community committed to aligned living, one adjustment and movement at a time.","Healing@infinitewisdomchiroandreiki.com","US"
"DCH Animal Adoptions","298","About DCH

DCH Animal Adoptions, which stands for ""dogs, cats and horses"", is a NSW-based non-profit animal rescue charity (CFN 18284) committed to the rescue and rehoming of unwanted and neglected domestic animals - mainly dogs, cats and horses - but occasionally other animals such as rabbits and guinea pigs.
Our volunteers rescue animals from certain death in Sydney's pounds and shelters, and horses from the knackery and ensure they are provided with veterinary attention and foster care until a permanent and loving home can be found.
The foster care system benefits you and the foster pet. By providing you with valuable information about the animal gained through the carer's experiences in a home environment, we can help match you up with the right pet for your home. The animals also benefit from being in a loving home environment until their permanent homes are found.","enquiries@dchanimaladoptions.com.au; webdesign@hanusi.com","Australia"
"Pet Adoption Fund","298","Pet Adoption Fund is an all breed, 501(c)3, Non-Profit, No-Kill, Dog & Cat rescue and adoption organization since 1983, and it is located in the city of Canoga Park, Los Angeles county, CA. EIN# 95-3842460.

Visiting and Viewing our adoptable pets are by appointment only.  Please visit our website for more info. https://www.petadoptionfund.org

For more info on our ADOPTABLE pets, please call our shelter at (818) 340-1687 or (818) 340-1186. 

FOLLOW US on Facebook:  https://www.facebook.com/petadoptionfund
FOLLOW US on X:                 https://X.com/petadoptionfund
FOLLOW US on Instagram: https://www.instagram.com/petadoptionfundrescue

Kennel and Adoption Center Location:
7507 Deering Avenue - Canoga Park, California 91303
(818) 340-1687 or (818) 340-1186
Email: adopt@petadoptionfund.org or admin@petadoptionfund.org","adopt@petadoptionfund.org; admin@petadoptionfund.org","United States"
"MVMT Physical Therapy","266","Hey, we are David (scientist) and Anastasia (physical therapist). We run our own physical therapy clinic in Durham, NC. This channel is for the business and our hobbies that directly relate to physical therapy - Latin dancing, power lifting, and sometimes other sports such as ice skating. We also enjoy food and traveling to different places for dance events, so you’ll see videos of the great food and classes we’ve explored. 

MVMT Physical Therapy is our private practice specializing in restoring function through a blend of patient-tailored movements and supplemental education using the McKenzie Method. Our core belief follows the thought behind the name of the business – movement is the best healer.

MVMT exists because our passion to not only help people to heal their present injuries, but to teach them how to prevent further injuries and safely reach their goals.","info@mvmtphysicaltherapync.com","United States"
"Ekico","227","Welcome to the official Ekico YouTube channel.

Ekico develops innovative technologies to help veterinary professionals objectively assess animal locomotion and monitor treatment outcomes.

On this channel, you’ll discover:

* 🐶 Tendiboots™ Canine Gait Analysis demonstrations and tutorials
* 📊 Objective gait analysis in everyday veterinary practice
* 🩺 Clinical cases in orthopedics, neurology, rehabilitation, and sports medicine
* 🎓 Educational videos, webinars, and expert insights
* 🚀 Product updates and new features

Our mission is to make objective gait analysis simple and practical for every veterinary clinic.

Whether you are a veterinarian, rehabilitation therapist, physiotherapist, researcher, or veterinary student, our videos will help you better understand canine locomotion and improve patient follow-up through objective measurements.

Learn more about Tendiboots™:
🌐 https://ekico.fr

Subscribe to stay up to date with the latest innovations in veterinary gait analysis.","contact@ekico.fr","France"
"Friends of Lackota Animal Sanctuary","223","Friends of Lackota Animal Sanctuary | Northern Colorado

Named after a rescued horse saved nearly 30 years ago, Friends of Lackota Animal Sanctuary was founded to give animals a second chance at life. The sanctuary began when a young boy refused to let Lackota go to slaughter—working hard to save him and, in the process, finding a lifelong purpose.

Located in Northern Colorado, we specialize in rescuing horses and donkeys from the slaughter pipeline, but no animal is turned away if we can provide proper care. Many arrive from kill pens or auctions, often neglected, afraid, and broken. Here, they receive love, rehabilitation, and safety—whether they find a forever home or remain at the sanctuary.

Our mission is simple: help animals beat the odds and live the life they deserve.","friendsoflackota@gmail.com","United States"
"Mindful Massage Academy","206","Welcome to Mindful Massage Academy – where massage therapists grow with purpose, presence, and practical skill.

I’m Lindsay, a massage educator, mentor, and bodyworker with a passion for helping therapists build strong hands, smart businesses, and sustainable careers. This channel is your home for hands-on massage tutorials, anatomy-based techniques, self-care strategies, and honest conversations about life in the massage world.

Whether you’re a new massage therapist or an experienced bodyworker ready to deepen your craft, you’re in the right place.

Subscribe for weekly videos on:
	•	Massage techniques & body mechanics
	•	Nervous-system-informed client work
	•	Anatomy, assessment, & touch skills
	•	Burnout prevention & business tips
	•	Embodied support for thriving therapists

Let’s make this work feel good — for your clients and for you.","hello@lindsayjuarez.co","United States"
"Stones River Chiropractic","194","Dr. James Dawes is a Chiropractor in Murfreesboro TN serving Rutherford County. This channel is to inform and answer commonly asked questions, but remember, none of the videos are meant to diagnose or treat any specific ailments. For further information about your specific condition, please visit us at 206 N Thompson Lane, Murfreesboro TN 37129 or visit our website at www.stonesriverchiropractic.com","BCrowderLMT@gmail.com; office@drdawes.com","United States"
"Al Hayat Veterinary Clinic","177","𝐎𝐮𝐫 𝐒𝐭𝐨𝐫𝐲
A Family-Oriented Veterinary Clinic. 

Al Hayat was established in the year 2020, out of the growing need of 𝐃𝐮𝐛𝐚𝐢's pet community to access quality care which was both affordable and came from a place of love and adoration for your furry friends. 

Founded by Dr. AbdulMuttaleb Kalaji, an esteemed veterinarian with over 40 years of experience working with the Dubai Municipality, the idea of Al Hayat’s conception came to Dr AbdulMuttaleb from a very personal space.

“I saw how most of the vet clinics and grooming services around the city had become centres of business instead of a safe place for our little furry friends.
I recognized the need to have an institution that prioritized the wellbeing of our pets above everything else.”

‍Our family-owned clinic is dedicated to giving your pets the best care with our extensive facilities, kind experience, regular follow-ups and tips for after-service care.

Reach out to us: +971 58 593 1952","akalaji@outlook.com","United Arab Emirates"
"Dr Bobby Fano DC","151","🔹 Gonstead Extremity Expert | Chiropractic Education | Performance Strategist🔹

Dr. Bobby Fano, DC is redefining modern chiropractic education through the lens of Gonstead extremity mastery. Based in Sarasota, Florida, Dr. Fano bridges over a century of Gonstead precision with today’s biomechanics and clinical innovation. Having delivered over 175,000 specific adjustments, he teaches chiropractors how to analyze, adjust, and correct with certainty and purpose.

This channel is dedicated to doctors who want to elevate their skill set and results through:
⚙️ Gonstead extremity case studies
💪 Adjusting demonstrations
🧠 Biomechanical analysis
🔥 Practice philosophy and growth

Subscribe to become better and experience the evolution of Gonstead Chiropractic Care — with Dr. Bobby Fano.","hello@bobbyfano.com","United States"
"Northeast Spine & Sports Medicine","141","If you are in pain, you’ve come to the right place. We offer sports medicine, physical therapy, acupuncture, chiropractic and pain management care to help our patients live a pain-free life. Our experienced team of pain management physicians, physical therapists, chiropractors, and acupuncturists specialize in orthopedic and neurological conditions.

We have offices in Aberdeen, Barnegat, Jackson, Freehold, Manchester, Point Pleasant, Neptune, Lakewood (Surgical Center), Toms River, and Lincroft.","info@northeastspineandsports.com; billing@northeastmednj.com","United States"
"Algonquin Chiropractic Center","141","Algonquin Chiropractic Center is a chiropractic clinic that specializes in treating sciatica, spinal stenosis, herniated discs and peripheral neuropathy. Our mission is to provide an alternative to drugs and surgery for health and wellness.

We employ many chiropractic techniques to help people overcome all types of musculoskeletal pain. These include the Cox Technic, physical therapy, sports medicine, orthotics and more.

Our founder, Dr. Anthony Galante, has practiced as a chiropractor for over 28 years. He is a licensed chiropractic physician and a certified chiropractic sports physician.

We want to help you overcome your pain! Call us today at 847-854-2000 to set up an appointment at our office in Algonquin, IL.","drtony@algchiro.com","United States"
"Crystal Massages","132","Crystal is an Accredited Massage Therapist having received her massage therapy license from South Bay Massage College in Manhattan Beach, CA, in 2012. After studying massage for 2 years, she graduated with over 1,000 hours of hands-on training and massage experience specializing in Sports Injury, Pre and Post Sports Training, and more.

Crystal has chosen Massage Therapy as her profession because she finds working one-on-one with each client very fulfilling and rewarding. In fact, she says that if you love what you do, you'll never work a day in your life! With a tremendous kindhearted nature she is passionate about helping her clients heal and always be able to perform at their peak level.

Crystal is herself an athlete, competing in martial arts and swimming on an Olympic national level. She has participated in many of Southern California's local 5-10 K races and is training for an upcoming women's fitness competition.","crystal@crystalmassages.com","United States"
"Asim Pets Clinic","132","🐾 Asim Pets Clinic – Official YouTube Channel

Welcome to Asim Pets Clinic,
a trusted space for pet lovers who want real veterinary guidance, not myths.

This channel is led by Dr. Asim Khalid,
a well-known and respected veterinarian in Pakistan, practicing in Lahore,
with years of hands-on experience treating cats, dogs, and small pets on a daily basis.

🎥 What this channel offers:

Daily real clinic treatments
Long-form discussions on pet health pain points
Practical advice for cats & dogs care
Preventive healthcare, vaccination, diet & hygiene guidance
Honest conversations with pet parents
YouTube Shorts for quick tips & awareness

This channel is for:
First-time pet owners
Cat & dog lovers
People confused by online pet myths
Anyone who wants their pet to live a healthier, happier life

No over-promises. No shortcuts.
Just science, experience, and care — straight from the clinic.

Subscribe and join our pet-lover family
Because pets don’t speak… we speak for them

Lahore, Pakistan","contactus@asimpetsclinic.com","Pakistan"
"Animal Rescue Rhode Island","126","ARRI is an animal shelter dedicated to rescuing companion animals in need & to the humane welfare of homeless animals.","info@animalrescueri.org; shelter@animalrescueri.org; events@animalrescueri.org","United States"
"Broome Animal Sanctuary","120","BAS is an animal sanctuary for unwanted farm animals whose lives are threatened. We raise awareness of factory farm atrocities while promoting a happier healthier and more humane way of life between humans, animals and the environment. 501(c)(3)","info@broomeanimalsanctuary.com","United States"
"Tips & Pediatricks: Dr. Darcy, PT","119","Hi there, I'm Dr. Darcy Fass, founder & creator of Tips and Pediatricks, LLC. I'm a pediatric physical therapist and mother of a sweet & sassy little girl living/working in the Sunshine State! I love posting tips & tricks on how to support your child's motor development, giving you a glimpse into my life as a working mom, AND sharing my honest reviews on some of the best baby, toddler, and kid products on the market!

For collabs/partnership opportunities: Email me at tips.and.pediatricks@gmail.com
Join my community on Instagram: @tips_and_pediatricks

Content by Tips and Pediatricks - Dr. Darcy is for educational purposes only and is never a substitute for professional medical advice. Always consult with your child's healthcare team. Use this information at your own risk. By viewing this content, you agree to this disclaimer.","tips.and.pediatricks@gmail.com","United States"
"Manchester Animal Shelter","107","Friends of the Manchester Animal Shelter (FMAS) is a non-profit, NO KILL shelter and pet resource center. We believe that all animals are deserving of life, respect and care. We provide medical care, spay/neuter, vaccinations, and daily care to over 1,500 abused, abandoned and homeless Manchester animals each year, and also aid thousands of pets and their families each year through our free and low-cost spay/neuter programs, community resources, and pet food pantry. 

Over the past 20 years FMAS has provided care and found loving homes for over 20,000 animals. 

Visit us at 490 Dunbarton Rd in Manchester, NH or on the web at www.manchesteranimalshelter.org.","animals@fmasnh.org; felines@fmasnh.org; info@liveoakwealthmanagement.com; info@manchesteranimalshelter.org; miko@fmasnh.org; miko@fmasnh.org.boris; volunteer@fmasnh.org","United States"
"Granite Peak Veterinary Advisors","96","The Veterinary Ledger Podcast is the go-to resource for veterinary practice owners who want to build stronger businesses.

Hosted by Granite Peak Veterinary Advisors, each episode features conversations with veterinarians and industry experts covering practice ownership, tax and accounting strategies, bookkeeping, leadership, acquisitions, marketing, operations, and financial management.

Whether you're starting, growing, buying, or selling a veterinary practice, you'll find practical insights and real-world advice to help you make confident business decisions.

New episodes every week.

🌐 Learn more: https://gpvetadvisors.com/","jpratt@gpvetadvisors.com","United States"
"Eva Vets Pet Clinic","95","Welcome to Eva Vets Pet Clinic 🐾❤️ — your trusted destination for quality veterinary care and pet health information. We currently have 3 centres in Dehradun, Haridwar and Saharanpur, providing caring and professional services for your beloved pets.

On this channel, you’ll find useful videos about dog care, cat care, pet health, vaccination, nutrition, common pet diseases, preventive care, grooming, pet parenting and veterinary advice. Our goal is to help pet parents understand their pets better and provide them with a healthier, happier life.

📍 Our Centres: Dehradun | Haridwar | Saharanpur

Subscribe to Eva Vets Pet Clinic for practical pet-care tips, veterinary guidance and helpful information for every pet parent.

Eva Vets Pet Clinic — Caring for Pets, Supporting Pet Parents. 🐶🐱❤️

#EvaVetsPetClinic #PetClinic #VeterinaryClinic #Dehradun #Haridwar #Saharanpur #PetCare #DogCare #CatCare #PetHealth","evavets@yahoo.com; evavetsdehradun@gmail.com; evavetsharidwar@gmail.com","India"
"Cheyenne Animal Shelter","93","The mission of the Cheyenne Animal Shelter is to enhance the quality of life for people and pets through compassion, education, and respect. You can learn more about the Cheyenne Animal Shelter, our impact, and our services by visiting www.cheyenneanimalshelter.org","hmjohnson@caswyo.org; bjchristensen@caswyo.org","United States"
"Wellesley Animal Hospital","88","Wellesley Animal Hospital in Richmond, Virginia provides care for domestic and exotic pets including: dogs, cats, chickens, reptiles, birds, mammals, lizards, snakes, tortoises, rats, hamsters, sugar glider, chinchillas, rabbits, guinea pigs and more.","reception@wellesleyah.com","United States"
"Chicagoland Animal Rescue","87","Official YouTube channel for the all-volunteer nonprofit cat rescue Chicagoland Animal Rescue!","fundraising@chicagolandanimalrescue.org; fundraising@chicagolandanimalresuce.org; info@chicagolandanimalrescue.org","United States"
"Foal Farm Animal Rescue","86","We are an animal rescue in Kent, with a non-destruct policy. We rescue dogs, cats, rabbits, sheep, pigs, horses and much more! 
We rehome cats, dogs and small animals, finding loving homes for around 500 animals each year.  We are open to the public from 1.30pm to 4.30pm every day except Tuesdays when we are closed. We have shops and a tearoom on site. For more information see our website:
www.foalfarm.org.uk","cats@foalfarm.org.uk; dogs@foalfarm.org.uk; info@foalfarm.org.uk; smallanimals@foalfarm.org.uk","United Kingdom"
"Dr. Serena Pet-Vet","85","Helping pet parents understand the emotions behind the behaviour. I’m Dr. Serena, a Small Animal Veterinarian and Behaviour Resident in BC, Canada. My mission is to improve the Quality of Life for both pets and their caregivers by filtering out myths and focusing on science-backed evidence.

#veterinarybehavior #dogbehavior #CanadianVeterinarian #veterinarypsychiatry #BCVets #QualityOfLife #EvidenceBased","serenavet2016@gmail.com","Canada"
"Julie Kaukinen","84","Expert in Multi Dimensional Bodywork & Energy Work Education helping massage therapists so they can heal smarter not harder using revolutionary techniques to create the greatest results with their clients using the least amount of effort.  

Julie has been a massage therapist for 21 years, equine massage therapist, certified herbal consultant and has studied osteopathy for 20 years alongside one of her best friends.  She has worked on and created dramatic changes in hundreds of bodies.  She enthusiastically teaches her own massage therapy courses live and online as well as energy work classes, Access Bars.","info@mysite.com; juliekaukinen@gmail.com","Canada"
"Aiken Equine Rescue","81","Aiken Equine Rescue is the Largest Equine Rescue in SC
Our mission is to rescue unwanted horses who have suffered from abuse and neglect and to ""repurpose"" off-the-track thoroughbreds. 
The Aiken Equine Rescue has placed over 800 horses, donkeys and mules since our founding in 2006. 
By combining our efforts with community programs, donations and our ever-growing group of volunteers, we are able to provide each horse with food, medical attention and personal care until we find an appropriate and responsible placement.
Hope you enjoy our horse videos!
- See more at: http://aikenequinerescue.org","aikenequinerescue@gmail.com; volunteer.aikenequinerescue@gmail.com","United States"
"Duvall Veterinary Hospital","81","Duvall Veterinary Hospital is a small animal veterinary hospital located in the beautiful Snoqualmie Valley, 25 miles northeast of Seattle, Washington. We have a complete diagnostic suite, provide thorough preventive care for cats and dogs, offer routine and non-routine surgical services, have a therapeutic laser, and offer a wide range of dental services. At Duvall Veterinary Hospital, Your Pets Are Family!","duvallvet@duvallvet.com","United States"
"Anthem Pets Animal Rescue","80","Anthem Pets Animal Rescue is a 100% volunteer, non-profit that rescues abused and abandoned cats and dogs, and reunites lost pets with their owners. We work with volunteers, foster families, veterinarians, and trainers to help hundreds of animals every year, and match them with loving families.","Rescue@anthempets.org; Donate@anthempets.org","United States"
"IMC Physical Therapy","78","A team of specialized Physical Therapists dedicated to serve our community as the premier provider of Physical Therapy care, resulting in the highest level of independence for our patients.

Key features:
We deliver superior quality care in all that we do.
We treat others as they would like to be treated.
We are results-oriented and achieve our objectives.
We are team players.
We are resourceful in overcoming obstacles

Our Services
Physical Therapy Consultancy
Physical Therapy Services
Neuro Rehab
Cardiac Rehab
Pelvic Floor therapy and Women Health Care
Chronic Pain Management
Online Consultation
Speech Therapy
Orthotic and Prosthetic Prescription

Conditions 

Back Pain & Sciatica
Neck pain
Gait & Balance disorders
TMJ Disorders
Sports Injuries
Arthritis
Headache
Pre & Post Surgical rehabilitation
Pelvic floor weakness & incontinence
Chronic Pain Management
Shoulder pain
Foot & Ankle Pain
Elbow, Wrist & Hand Pain
Running Injuries
Hip & Knee Pain","info@imcphysicaltherapy.com","Pakistan"
"Good Life Dog Rescue","74","Good Life Dog Rescue is a small charity who care about the welfare of stray dogs in the UK. We are passionate about helping these animals who often face an uncertain future. The rescue was established by a passionate animal lover who for over 8 years has been dedicated to helping stray and abandoned dogs in Yorkshire. The charity flys a flag high for the Staffies and cross Staffies who are often the last to find a rescue place.
Good Life Dog Rescue is self funded. We receive no immediate funding and survive on few donations and fundraising. We pay no wages and have no staff. The charity exists with volunteers who are mainly walkers. The founder has a full time job to part fund huge kennelling and veterinary bills.
Good Life Dog Rescue does not have its own kennels so all the dogs in our care board at kennels in South Yorkshire. All our dogs are walked and cared for and all veterinary care is paid for by our charity.","goodlifedogrescue@yahoo.com; info@goodlifedogrescue.co.uk","United Kingdom"
"Toronto Veterinary Rehabilitation Centre","69","Welcome to the Toronto Veterinary Rehabilitation Centre!  We are an accredited veterinary practice in Toronto's Beaches community with an exclusive focus on physical rehabilitation and chronic pain management.  We treat pets of all ages that are recovering from surgery, have mobility impairments due to neurologic disease, or are suffering from chronic or refractory pain, and help them get back to do doing the things they love.","info@torontovetrehab.com","Canada"
"Sport Horses Vet","69","Installed in Opglabbeek, Belgium in which we provide our veterinary service specialized in sports horses. We also offer our service in the south of Holland, always with the best assistance and seriousness.","info@sporthorses.vet; dw@estudioformas.com.ar","Belgium"
"Salford Chiropractic Clinic","67","Salford Chiropractic Clinic - sharing regular information videos on topics which Chiropractic Can help with.

Call 0161 736 9855 for an appointment

**FOLLOW ME BELOW**
Website: https://www.salfordchiropracticclinic.co.uk
Facebook: https://www.facebook.com/salfordchiropracticclinic/
Instagram: https://www.instagram.com/salford_chiropractic_clinic/
Twitter: https://twitter.com/salford_chiro","customerservice@salfordchiropracticclinic.co.uk","United Kingdom"
"Australian Chiropractic College","65","At ACC we are proud to provide South Australia's first and only  Bachelor of Chiropractic degree accredited by the Tertiary Education and Quality Standards Agency of Australia (TEQSA).

We offer a boutique educational experience, rich in both scientific theory and practical application, with access to some of the best educators and practitioners in the profession. Our curriculum is also unique in offering entrepreneurial business education so that you will be ready to launch your own business and establish yourself as a qualified chiropractor.

Our links with international organisations such the Rubicon Group and the New Zealand College of Chiropractic provide exciting educational exchange and research opportunities for our students and ensure that ACC is at the forefront of chiropractic education and practice.

Graduate practice-ready, and build lasting professional relationships with committed and visionary chiropractors.","jane.shute@acc.sa.edu.au; jenny.briggs@acc.sa.edu.au; admin@acc.sa.edu.au; alice.cade@acc.sa.edu.au; daisy.rivera@acc.sa.edu.au; daniela.calvario@acc.sa.edu.au; emily.nugent@acc.sa.edu.au; karuna.kaushik@acc.sa.edu.au; keryl.swan@acc.sa.edu.au; patrick.sim@acc.sa.edu.au; simon.ruston@acc.sa.edu.au","Australia"
"Animal Care","62","Animal Care is a small animal rescue chairty in Lancaster, UK. We have been a registered charity helping animals since 1978. We take unwanted and abandoned animals in from all over the North West and look after them until we can find them loving new homes.  We save predominantly dogs, cats, rabbits, guinea pigs, and rodents. We rehome over 800 animals every year.","reception@animalcare-lancaster.co.uk; rehoming@animalcare-lancaster.co.uk","United Kingdom"
"Dallas Animal Chiropractic","62","Dallas Animal Chiropractic provides gentle, individualized chiropractic care for dogs and cats in Carrollton and throughout the Dallas–Fort Worth area.

Dr. Andie Ibarra, D.C., is a certified animal chiropractor focused on supporting mobility, comfort, movement, and overall function through hands-on chiropractic care. Cold laser therapy may also be incorporated when appropriate.
New patients require a veterinarian-signed referral before scheduling.","hello@dallasanimalchiropractic.com","United States"
"OM Sports","62","Fitness & Rehabilitation Center for horses in Belgium 🇧🇪 - Aquatrainer + Equine Chiropractor + Certificate Equine Physiotherapy & Rehabilitation + Equine Acupuncture ❤️🇵🇪🐴❤️  http://www.omsports.be","info@omsports.be","BE"
"Alone No More Dog Rescue","57","Alone No More Dog Rescue is a nonprofit 501(c)(3) volunteer-based animal welfare organization dedicated to rescuing homeless dogs from overcrowded kill shelters.","Info@anmdogrescue.org","United States"
"Maristow Chiropractic Clinic","53","Maristow Chiropractic is based in Westbury, Wiltshire. We have over 22 years experience in the diagnosis, treatment and prevention of muscle, joint, tendon, ligament and nerve problems. Telephone to make an appointment to see one of our qualified and experienced chiropractors 01373 865533 or book via our website.

These videos are intended to demonstrate some of the most regular exercises we recommend to our patients. However we would not advise carrying any of them out without first speaking to a healthcare professional.  

Whether you have back or joint pain following sports, work or hobbies such as gardening, or aches and pains from general wear and tear, we may be able to help alleviate your symptoms with a personal plan and tailored treatment programme. We are committed to delivering the highest quality neuromusculoskeletal care to every patient, specific to their needs.","reception@maristowchiropractic.com","United Kingdom"
"Sammamish Animal Sanctuary","51","Sammamish Animal Sanctuary is a 501(c)3 non-profit farm animal sanctuary that provides forever homes for abused, neglected, unwanted, and/or homeless barnyard animals. We love sharing videos of the wonderful animals at our sanctuary and spreading the word about our rescued residents.  We are open to the public free of charge so that everyone has the opportunity to enjoy the animals and the peaceful surroundings at our sanctuary.  We operate with nearly 150 volunteers making sure our residents are safe and happy. As we do not receive government funding or large corporate donations, we rely on the generosity of amazing donors to help us pursue our mission.  Please visit our website for donation and volunteer opportunities: sammamishanimalsanctuary.org","christi@sammamishanimalsanctuary.org; diane@sammamishanimalsanctuary.com; jen@sammamishanimalsanctuary.com; jen@sammamishanimalsanctuary.org","United States"
"The Radical Massage Therapist- Freedom, No BS","32","FREE Massage Practice Checklist 👇

Hi, I’m Krista — I’m here to help massage therapists recognize their career is a golden goose that gives them freedom, flexibility, financial success, and fun (even if they don’t love massage itself).

As a Registered Massage Therapist, clinic owner, podcast host, and coach, I bridge the gap between real talk confessions about this career and practical coaching that helps therapists build sustainable practices without the BS.

I run an education + coaching hub over at www.theradicalrmt.com for massage therapists who are tired of the industry lies and want to design a practice that actually works for their life — in a way that’s radical, honest, and fun.

I especially love connecting with massage therapists who feel stuck, frustrated, or guilty for not being “passionate enough,” but are ready to reclaim their freedom and build a career that supports the lifestyle they actually want.

Is that you? Let’s connect!

💌 krista@theradicalrmt.com","krista@theradicalrmt.com","Canada"
"Blanca Rodriquez","32","Improving quality of life, no matter the age.  I create videos to help improve quality of life, one soul at a time, no matter age or circumstance. Hablo Espanol

Blanca E. Rodriguez
Licensed Massage Therapist, MA49619
Author: Impact Leadership 
Instructor: 45+ Fitness
Canine Massage","blanca@woundedhealer.us","United States"
"Veterinary Hospitals Association","32","Veterinary Hospitals Association is a co-op organization created by veterinarians for veterinarians. Our sole purpose: to help you save time, save money, and improve your bottom line. Learn more at http://www.veterinaryha.org.","learnmore@pawstime.com; customerservice@veterinaryha.org","United States"
"Clarkson Sports & Physiotherapy","28","Want to feel better in your body? How you feel tomorrow, starts today!
Physiotherapists, Chiropractors & Massage Therapists: we feel that YOUR success is our success!
Inclusive, safe, welcoming.
Physiotherapists, Chiropractors & RMTs with extensive experience with strains/sprains, complex injuries and prevention to provide you with the best care possible, based on a detailed assessment.
We focus on active, exercise-based rehabilitation with education, manual therapy and taping to help you recover faster. Acupuncture, Shockwave, bracing, compression, Orthotics, ultrasound, IFC, TENS.
Our gym has a treadmill, bikes, weights/bands, balance equipment to try your customized rehab exercises before doing at home.
Private Treatment Rooms
Pelvic Floor Physio - Certified Hand Physio - Acupuncture - TCM
We take post-grad education to learn new techniques to help you. 
You will receive the highest level of care on an individual basis.
Southwest Mississauga's best Physiotherapists & Chiropractors","clarksonphysio@gmail.com","Canada"
"Browning Family Chiropractic & Wellness","26","We want to help you live healthier today for a better tomorrow!  Kyle TX chiropractor, Dr. Ryan Browning is experienced at getting patients of all ages OUT of pain and INTO health.  He is certified in personal injury and whiplash treatment, sports injuries, pregnancy and pediatrics and other post-doctorate studies related to chiropractic, health and wellness.  He is an Olympic chiropractor, having served as chiropractor to the Olympian athletes, professional soccer teams and tennis Davis Cup in Colombia.

At Browning Family Chiropractic & Wellness we help many conditions including low back pain, neck pain, headaches, migraines, whiplash, car accident pain, concussion symptoms, scoliosis, pregnancy pain, sciatica, nerve pain, numbness and tingling, degenerative disc disease, bulging disc, sports injuries and many more!  Our mission is to give you the best treatment and great service! https://www.browningfamilychiropractic.com","admin@browningchiro.com","United States"
"Takurua Vets","25","Takurua Vets is a modern companion animal veterinary clinic based in Christchurch, New Zealand.

Our team provides personalised veterinary care for dogs and cats, including routine health services, emergency after-hours care, and our purpose-built boarding cattery.

This channel shares practical, vet-led video guides on animal health, behaviour, anxiety reduction, and what to expect when visiting the clinic - designed to help pet owners feel informed and confident about their pet’s care.","reception@takuruavets.nz","NZ"
"North Plains Veterinary Clinic","22","North Plains Veterinary Clinic has served pet owners in North Plains, Oregon for over 20 years. Our main focus is to educate pet parents and provide the best care for their pets.

Our veterinarian, Dr. Thomas Tsui, is able to offer a wide variety of surgical and medical care for small pets. We know you care about your animal's well-being and we promise that you can trust they're happy and healthy in our hands.

Starting a YouTube Channel was part of our promise to provide top of the line care & education. Check back here for more updated videos on things we feel passionately about -- even if it's just cute pet videos!","clientcare@northplainsvetclinic.com","United States"
"Chiropractic Ortho Neuro Physio","17","**Welcome to Chiropractic Ortho Neuro Physio Clinic, Ghaziabad**

At *Chiropractic Ortho Neuro Physio Clinic*, we specialize in **advanced non-surgical spine care** to help you live a pain-free and active life. Our mission is to provide safe, effective, and evidence-based treatment for spine and joint-related problems without surgery.

 we focus on treating conditions like:
✔️ Slip Disc (Herniated Disc)
✔️ Sciatica Pain
✔️ Chronic Back & Neck Pain
✔️ Cervical & Lumbar Spondylosis
✔️ Shoulder, Knee & Joint Pain
✔️ Posture Disorders

On this channel, you’ll find:
🎥 Real patient recovery stories
🎥 Spine health education & awareness
🎥 Effective exercises & posture tips
🎥 Non-surgical treatment demonstrations
🎥 Expert advice for pain relief

If you’re struggling with pain and want a **natural, non-surgical solution**, this channel is for you.

📍 *Location:* Ghaziabad, India
📞 *Book Appointment:* +91-9643646861
 #chiropracticorthoneurophysio 
 #chiropractor  #orthoneurophysioclinic","orthoneurophysiotherapyclinic@gmail.com","India"
"Port Adelaide Veterinary Clinic & Cattery","14","Port Adelaide Veterinary Clinic is a small animal practice specialising in dogs, cats, birds, rabbits & pocket pets and serving the Western suburbs of Adelaide, South Australia.","info@portadelaidevet.com.au","Australia"
"West Park Animal Hospital","13","Advanced veterinary care by qualified professionals is available at West Park Animal Hospital. Our American Animal Hospital Association-accredited facility in Cleveland, OH, comes fully equipped to deliver comprehensive veterinary services for cats and dogs, as well as other small companion animals. Whether your pet requires intensive care or surgery, or something less serious, such as dental or sight care, you will find our staff ready and willing to perform the necessary procedures to ensure your pet’s fullest recovery and wellbeing. For your convenience, we also offer after-hours emergency services until 1:00 a.m. Discover for yourself a new standard of care for your furriest family members by becoming a client at West Park Animal Hospital. Visit our facility at 4117 Rocky River Drive, Cleveland, OH 44135 or at wpahcle.com .","staff@westparkanimalhospital.com; staff@wpahcle.com","United States"
"Dr. Loc VetLife","13","Welcome to Dr. Loc VetLife! 🩺🌾

I am a professional large animal veterinarian based in Vietnam, specializing in cattle care, livestock health management, and reproductive assistance. 

On this channel, I want to share my real-life daily farm calls and expert veterinary practices. You will see intense field work, satisfying hoof trimming procedures, abscess treatments, and emergency cattle rescues. Every video is a real story of helping farm animals walk pain-free and stay healthy.

If you love animals and enjoy watching real, satisfying veterinary work, you are in the right place!

👉 Subscribe to follow my daily journey!
📩 Contact for work: vanlochoaky@gmail.com

#drlocvetlife #hooftrimming #cowvet #veterinary #cattlecare #farmvet","vanlochoaky@gmail.com","Vietnam"
"Caring Ways Veterinary Clinic","12","Caring Ways Veterinary Clinic is now offering How-To videos, Q&A’s with the team, patient POV, Fear Free content, and more. Here at Caring Ways we have a personalized approach to practicing veterinary medicine and want to share our favorite Fear Free tips and content with our members. We believe in a personalized relationship with each of our members and being able to share our ideas, inspirations, and love of pets and pet families is vital to our mission.","myvet@caringwaysvet.com","United States"
"Blexmi Life","10","Wellness 
Aromatherapy 
Fitness
Therapeutic Massage
•
Blexmi Life 
•
Here, You will see my life and journey as a New York City Mobile licensed Massage Therapist. 

•
This channel is about making time for yourself. Understanding + Learning what it takes & means to learn your body’s Likes & Dislikes on a daily basis. Whether from, friends, family, foods, relationships, careers Etc. Making a Commitment to finding your true self & Loving your true self. In a world full of many opportunities we must build a life we are truly happy, satisfied & grateful for. Some hours are slow and most days, months, years go by fast. We must find what helps us get through the day to achieve living a happy, healthy, positive & fulfilled life. 
•
Founder & CEO: Blexmi Spa
•
IG: @KarlatoKarlie 
IG @Blexmispa
Website: www.Blexmi.com
Email: Info@Blexmi.com","Info@blexmi.com","United States"
"The Right Spot Pet Massage","10","Hi, I'm Katie Mehrtens, and I am the owner of The Right Spot Pet Massage.  I am a nationally certified small animal massage therapist and offer therapeutic massage for all breeds of dogs, cats, and other small animals. 

I created this channel to share some of my knowledge about pet massage with you. My intention is to provide you with some at-home tools you can use with your pet.  

Please know that all animals are different and will react / respond differently to massage. So, what works one time or on one pet may not work the next time or on another pet. Never force the massage – if your pet does not want to be massaged, stop and try again another time.

A few notes:
• These are simply informative videos
• Massage is not a replacement for veterinary care
• See your vet if your pet seems to be in pain
• Never massage deep on your pet. The idea of “it will hurt now, but feel better later” does not apply to animals
 
Thanks so much for tuning in!
Please enjoy these videos!","katie@therightspotpetmassage.com","United States"
"Paw Prints Animal Rescue","7","Paw Prints Animal Rescue (PPAR) is an all-volunteer nonprofit organization dedicated to reducing the population of homeless cats, kittens, dogs and puppies by maintaining two programs -- a Rescue and Adoption Program and a Feral Cat Management Program. Individual donations are our most important source of income as we receive no public funding.","info@pawprintsrescue.org","United States"
"Pure Life Chiropractic Scottsdale","7","We are neurologically focused chiropractors in Scottsdale Arizona, that specialize in specific, scientific chiropractic corrective care.","info@purelifeaz.com","United States"
"Duke Animal Hospital","7","Duke Animal Hospital is a privately owned general practice veterinary clinic in the Lakeview neighborhood of Chicago, IL. With humble beginnings in 2011 as a mobile veterinary clinic, it has since expanded to it's large brick-and-mortar location with a staff of over 50 employees. 

We're here to serve our community Monday - Saturday from 7 am to 7 pm for routine and urgent visits.","info@dukeanimalhospital.com","United States"
"Animal Hospital of Nesbit Ferry Crossing","5","http://www.ahnfc.com/ - Find the perfect caretaker for your pet only At The Animal Hospital of Nesbit Ferry Crossing! Our veterinarian clinic provides kind, attentive, & experienced care which your pet needs to stay healthy & strong. Serving Roswell, Alpharetta, Johns Creek!","AHofNesbitFerryCrossing@gmail.com","US"
"RSP SPORTS PHYSIOTHERAPY","5","ELITE SPORTS PHYSIOTHERAPY FOR ALL.

REHAB. STRENGTH. PERFORMANCE. is a sports physiotherapy clinic that works exclusively with sports injuries and post-operative rehabilitation.

Our mission is to provide the best care possible for our patients while empowering them to reach their full potential and exceed their previous best. We believe in pushing past limits and achieving goals through innovation, injury education, hard work, and empathy. Our goal is to see your expectations exceeded via treatment and rehabilitation plans tailored specifically towards YOU!","hello@rspphysio.com.au","Australia"
"Red Clay Ranch Equine Rescue","5","Red Clay Ranch Equine Rescue and Sanctuary is dedicated to rescuing and rehabilitating horses in need, giving them a second chance at life and finding them loving homes.","info@redclayrescue.org","United States"
"Master of Massage","4","Master of Massage is a professional Massage Therapy company located in Minneapolis, Minnesota. Master of Massage gives insight on Massage Therapy and the benefits of Massage Therapy. Subscribe for self-care tips and all things Massage Therapy!  You can also book an appointment with Master of Massage on our website! 
www.masterofmassagemn.com","info@masterofmassagemn.com","United States"
"Artisan Neuromuscular & Sports Massage Therapy","3","ARTISAN NEUROMUSCULAR & SPORTS MASSAGE THERAPY

Los Angeles
West Hollywood
Beverly Hills
Hollywood Hills

Massage Therapy & Bodywork for Pain & Stress Management

Feel Good. Be Resilient. Move Better. Today!

Artisan bodywoRx is a wellness studio devoted to therapeutic massage techniques and relaxing bodywork for pain and stress management. I  am an experienced and licensed massage therapist who uses various methods to address your needs, including deep tissue massage, sports massage, trigger point therapy, and more. I also offer a variety of other bodywork treatments, such as stretch therapy, cupping therapy massage, and Thai yoga massage.

I aim to help you feel better, be more resilient, and move better. Massage therapy can be a powerful tool for healing and transformation. I invite you to experience the difference that massage can make in your life.

Contact Us Today to Schedule an Appointment
I look forward to helping you feel your best!","cmt.jesse@gmail.com; jesse.nmt@artisanbodyworx.com","United States"
"Hunter Wildlife Rescue","3","Hunter Wildlife Rescue is a 100% volunteer-run charity that rescues, rehabilitates and releases injured, sick or distressed native animals in Newcastle, Lake Macquarie, Maitland, Cessnock and the Hunter  Valley of NSW.

Species we rescue include possums and gliders, koalas, kangaroos and wallabies, wombats, echidnas, turtles, snakes, lizards, all native birds (including owls and raptors).

Established in 1978, Hunter Wildlife Rescue (formerly Native Animal Trust Fund) was the first volunteer run wildlife rescue organisation in NSW.","president@hunterwildlife.org.au; secretary@hunterwildlife.org.au; vicepresident@hunterwildlife.org.au; website@hunterwildlife.org.au","Australia"
"Four Paws Holistic Therapy","2","Welcome to Four Paws Holistic Therapy!
Have you ever wondered what your pet is truly feeling, thinking, or trying to tell you? This channel is dedicated to exploring the world of animal communication and holistic healing, to help you understand your companions and connect with them on a deeper level.
Hosted by Gillian Edwards, CCMT, RMT, CAC a Certified Animal Communicator, Reiki Master/Teacher, and Canine Massage Therapist, who bridges the gap between you and your pets through telepathic animal communication, energy healing, and hands-on bodywork.

On this channel, you'll find:
Insights into how animal communication works 
Tips for deepening the bond between you and your animal companions
Guidance on holistic pet wellness
Practical advice for your animal companion

Want to understand your animal's emotional and physical wellbeing?
🐾 Book a session/learn more at: fourpawsholistictherapy.com
Bringing wellbeing, comfort, and balance to our animal companions, one conversation at a time.","gillian@fourpawsholistictherapy.com","United States"
"AHIMSA HAVEN ANIMAL RESCUE","2","Ahimsa Haven was incorporated in 1999 as a nonprofit animal rescue group. Our mission is to find good homes for abused, abandoned, homeless and unwanted domestic animals. We raise money through donations, grants, and fundraising events in order to provide routine and emergency medical care for animals in need. Every penny we raise goes to the animals - no one gets a salary!","info@ahimsahaven.org","United States"
"Chadwell Animal Hospital","1","https://www.chadwellanimalhospital.com : At Chadwell Animal Hospital, we offer a wide variety of veterinary services to take care of your beloved pets in Abingdon, MD. Count on our friendly staff for high-quality medical services for all animal species. Chadwell Animal Hospital is a highly rated veterinary clinic providing best medical & surgical care for your exotic animals/pets. We also provide same-day emergency appointments. Call us at 443-512-8338 for best veterinary care!","info@chadwellanimalhospital.com","United States"
