"频道名称","粉丝数","简介","邮箱","国家"
"MrBeast","517000000","SUBSCRIBE FOR A COOKIE!
New MrBeast or MrBeast Gaming video every single Saturday at noon eastern time!
Accomplishments:
- Raised $20,000,000 To Plant 20,000,000 Trees
- Removed 30,000,000 pounds of trash from the ocean
- Helped 2,000 people walk again
- Helped 1,000 blind people see
- Helped 1,000 deaf people hear
- Built wells in Africa
- Built and gave away 100 houses
- Adopted every dog in a shelter (twice)
- Given millions to charity
- Started my own snack company Feastables
- Started my own software company Viewstats
- Gave away a private island (twice)
- Gave away 1 million meals
- I counted to 100k
- Ran a marathon in the world's largest shoes
- Survived 50 hours in Antarctica
- Recreated Squid Game in real life
- Created the largest competition show with 1000 people (Beast Games)
- Gave $5,000,000 to one person
- Raised $40,000,000 To Bring Clean Water To Millions Of People
- Granted 100+ Dream Wishes for Kids Fighting Cancer
- Gave Away Another $5,000,000 On Beast Games S2","","United States"
"Toys and Colors","83000000","Hello friends! Welcome to Toys and Colors where KIDS RULE and adults drool…just kidding…we love our Aunties and Uncles!

Click on the SUBSCRIBE button and come join us in our fun and colorful universe where we pretend play, use our imagination, sing, dance, and have a great time with friends, family, and lots of TOYS!

We have millions of fans all over the world who enjoy our fun kids videos about: being a good brother and sister, DIY science experiments, eating healthy, washing your hands, numbers, ABCs, animals, nursery rhyme songs,  fun challenges, camp adventures, and much more!

Are you ready? LET’S PRETEND PLAY!","","United States"
"Genevieve's Playhouse - Learning Videos for Kids","51000000","Welcome to Genevieve’s Playhouse where we create all kinds of educational videos for kids and toddlers using toy based learning. Come along as Genevieve plays with characters from Paw Patrol and Peppa Pig, while learning counting numbers, basic words, and storytelling skills. Our video formats span from vlogs, skits, animations, and experiments. Videos are offered in English, Spanish, Hindi, and Vietnamese.

Genevieve's Playhouse is a safe, and kid-friendly channel that parents can trust to provide educational content for their little ones.","","United States"
"★ Kids Roma Show","45500000","Welcome to Roma and Diana world - where Roma, Diana, little Oliver and their parents play, learn, sing, explore and share their life experiences. Millions of kids and families from all over the world join Diana and Roma every day to explore the world and learn about songs, numbers, nature, colors, shapes, animals, and the importance of eating healthy food, washing hands, being a good friend, and much more.
All rights reserved. This visual production contains original artistic content and ideas and is protected by U.S. and international laws. Reproduction and distribution of this visual presentation without written expressed permission of the copyright holder/ author is prohibited.
E-mail: dianaromabiz@gmail.com","dianaromabiz@gmail.com","United States"
"TEDx Talks","44600000","TEDx is an international community that organizes TED-style events anywhere and everywhere -- celebrating locally-driven ideas and elevating them to a global stage. TEDx events are produced independently of TED conferences, each event curates speakers on their own, but based on TED's format and rules.

For more information on using TED for commercial purposes (e.g. employee learning, in a film or online course), please submit a Media Request here: https://media-requests.ted.com.","","United States"
"BabyBus - Preschool Songs & Learning Cartoons","44000000","At BabyBus, our goal is to make learning a fun and imaginative experience for kids aged 2 - 6 by creating classic nursery rhymes, kid songs, and stories with 2D & 3D animations. 

In the BabyBus world, KiKi, Miumiu, and their friends inspire kids to experience true friendship, care, creativity, and imagination in a fun and smart way. Through our songs and animations, kids around the world can learn about colors, letters, life skills, good habits, safety tips, and more in a fun and educational way.

In the eyes of Kiki and Miumiu, all things are alive: you can talk to animals, you can make friends with vehicles... All the activities can be enjoyed, you can experience different occupations, you can go everywhere... All the unknowns are interesting: what will be in space? Are there aliens on earth?... Join Kiki and Miumiu for the exploration of this world together!

Yes! Neo Official Facebook: https://www.facebook.com/yesneoofficial","","United States"
"jacksepticeye","31200000","I play videogames but I also make other content like Try not to laugh, reacting to tik toks, meme review and IRL content. A lot of people come to my channel for long let's plays, especially for Sony Exclusive games from Playstation.","info@topofthemornincoffee.com","Ireland"
"Sesame Street","30300000","Welcome to Sesame Street! A colorful community of monsters, birds, grouches, and humans. A place where everyone counts. Spend time with all your favorite furry friends and subscribe for new videos every week. 

For more fun games and videos for your preschooler in a safe, child-friendly environment, visit us at http://www.sesamestreet.org. 

With a signature mix of laughter and learning, Sesame Street has been enriching minds and bringing families closer for five decades. Rigorously researched and deeply inclusive, Sesame Street has become the most-watched children’s program in history. For more information, please visit sesameworkshop.org.","","United States"
"Diana and Roma EN","30000000","Diana and Roma english
Welcome to Diana and Roma world - where Diana, Roma, little Oliver and their parents play, learn, sing, explore and share their life experiences. Millions of kids and families from all over the world join Diana and Roma every day to explore the world and learn about songs, numbers, nature, colors, shapes, animals, and the importance of eating healthy food, washing hands, being a good friend, and much more.
All rights reserved. This visual production contains original artistic content and ideas and is protected by U.S. and international laws. Reproduction and distribution of this visual presentation without written expressed permission of the copyright holder/ author is prohibited.

E-mail: dianaromabiz@gmail.com","dianaromabiz@gmail.com","United States"
"TED","27800000","The TED Talks channel features the best talks and performances from the TED Conference, where the world's leading thinkers and doers give the talk of their lives in 18 minutes (or less) — plus originals, podcasts and exclusive content. Look for videos on Technology, Entertainment and Design as well as science, business, global issues, the arts and more.

Visit https://TED.com for our entire library, transcripts, translations and personalized recommendations.

TED videos may be used for non-commercial purposes under a Creative Commons License, Attribution–Non Commercial–No Derivatives (or the CC BY – NC – ND 4.0 International) and in accordance with the TED Talks Usage Policy: https://www.ted.com/about/our-organization/our-policies-terms/ted-talks-usage-policy. For more information on using TED for commercial purposes (e.g. employee learning, in a film or online course), submit a request at https://media-requests.ted.com","","United States"
"Blippi - Educational Videos for Kids","27500000","Come explore the wondrous world with everybody's best friend, Blippi. How does a recycling truck work? What does a baker do? What is the best playground around? There are so many exciting things to explore and learn. Feed your kids’ curiosity while they learn about vehicles, animals, the natural world and so much more. Blippi helps children‘s understanding of the world and encourages vocabulary development. Blippi loves visiting exciting places such as children’s museums and the zoo! He loves singing, dancing, playing and exploring. His contagious curiosity engages young viewers in learning adventures that help them both grow and develop.

Music ► https://blippi.lnk.to/BlippiCompleteCollectionYT
Facebook ► https://www.facebook.com/Blippi 
Instagram ►https://www.instagram.com/Blippi
TikTok ► https://www.tiktok.com/@blippi
Moonbug ► https://www.moonbug.com/about","hello@moonbug.com; partnerships@moonbug.com; press@moonbug.com","United States"
"National Geographic","26400000","Step into wonder and find your inner explorer with National Geographic. 

National Geographic is the world's premium destination for science, exploration, and adventure. Welcome to the National Geographic community, where we bring our stories, images and video to the world in real-time, inviting followers along on our ongoing 138-year journey. Our yellow border is a portal to the world, showcasing all of the wonder and beauty that it has to offer. This page allows our fans to join us while promoting an enriching and supportive climate for our community. Therefore, we do not tolerate words of hate, harassment or disparagement. We reserve the right to remove any posting or other material that we find off-topic, inappropriate or objectionable.","","United States"
"Netflix Jr.","26300000","Welcome to the official Netflix Jr. channel! Where kids can learn, sing and play with their favorite Netflix characters - from StoryBots to Super Monsters and everyone in between.

About Netflix:
Netflix is one of the world’s leading entertainment services offering TV series, films, games and live programming across a wide variety of genres and languages. Members can play, pause and resume watching as much as they want, anytime, anywhere, and can change their plans at any time.","",""
"CookieSwirlC","21400000","⋆◕‿◕⋆ 
Hi I’m Cookie. 
Welcome to CookieSwirlC: I’m a lifelong collector who loves diving into scary games, haunted stories, and creative art junk journaling. I also love testing out new miniatures, craft kits, and collectibles— whether they’re spooky, nostalgic, or just plain weird.  Come join the fun!

🍪 TWITER: @cookieswirlc

CookieSwirlC does NOT have a Roblox star code, Facebook, Snapchat , TikTok, or PO Box address ! Be smart and safe online!

_____________________
Virtual Youtuber Avatar Art by Twitter Artist : @rin7914
Avatar Rigged by Live2D Twitter : @iron_vertex (@sei_soy & @Zenseikun) 
Banner, logo, intro/outro art: UwU Media","","United States"
"Ms Rachel - Toddler Learning Videos","21300000","Toddler Learning Videos and Baby Learning Videos with a real teacher, Ms Rachel! Ms Rachel uses techniques recommended by speech therapists and early childhood experts to help children learn important milestones and preschool skills! You can trust Ms Rachel to provide interactive, high quality screen time!

Ms Rachel also gets kids moving through fun nursery rhymes & kids songs videos! Her videos for toddlers are informed by research and are full of learning standards that will help preschoolers thrive! Ms Rachel loves teaching letters, numbers, colors, animal sounds and more! She also has learn to talk videos and incorporates sign language!

Ms Rachel has a masters in music education from NYU and is almost finished a second masters in early childhood education. Parents and children can watch and learn together. Ms Rachel loves to teach and loves your wonderful family! Let's learn, grow and thrive!","","United States"
"Real Madrid","21300000","⚽️🏆🌍 Welcome to Real Madrid C.F.'s official YouTube channel. Real Madrid is the most successful club in the history of football. Enjoy the best Real Madrid content here - highlights, behind-the-scenes access, training sessions, goals, historic action and much, much more!

⚽️🏆🌍 Bienvenido al canal oficial de YouTube del Real Madrid C.F.. El Real Madrid es el club más exitoso de la historia del fútbol. ¡Disfruta de los mejores goles, highlights, trucos, nuevos jugadores, entrenamientos, contenido social y mucho más!","atencionpublico@corp.realmadrid.com; areainternacional.fundacion@corp.realmadrid.com; areavip@realmadrid.es; comunicacion.fundacion@corp.realmadrid.com; correo.fundacion@corp.realmadrid.com; escuelas.fundacion@corp.realmadrid.com; eventos.fundacion@corp.realmadrid.com; madridistas.junior@corp.realmadrid.com; madridistas.platinum@corp.realmadrid.com; madridistas.premium@corp.realmadrid.com; madridistas@corp.realmadrid.com; oap@corp.realmadrid.com; oas@corp.realmadrid.com; patrimoniohistorico@corp.realmadrid.com; postgrado@uem.es; presidencia@corp.realmadrid.com; pruebasfutbol@corp.realmadrid.com; tour@corp.realmadrid.com; voluntariosfundacionrealmadrid@corp.realmadrid.com","Spain"
"ABC News","19800000","ABC News is your daily source for breaking national and world news, exclusive interviews and 24/7 live streaming coverage that will help you stay up to date on the events shaping our world. https://abcnews.com","","United States"
"CNN","19800000","CNN is the world leader in news and information and seeks to inform, engage and empower the world. Staffed 24 hours, seven days a week by a dedicated team in CNN bureaus around the world, CNN delivers news from almost 4,000 journalists in every corner of the globe.","","United States"
"The Game Theorists","19600000","Hello Internet! Welcome to GAME THEORY! If you’re like us, then you’ve probably wondered about the secrets hidden in your favorite games. We explore the vast lore of Minecraft, piece together the craziest FNAF conspiracies, and cover the whole world of indie gaming on this channel. Join the ORIGINAL Team Theorist and Level up by hitting subscribe!

For even more theories, check out our other channels: Food Theory, Film Theory, and Style Theory!

We have a strict policy on image use for our videos, which includes only using images licensed for reuse. If we use fanart we try to find a proper source to credit the artist, but sometimes things slip through. If you think we have used your art without your permission please let us know on the Game Theorist subreddit.","","United States"
"Come Play With Me","18000000","COME PLAY WITH ME is an educational kid friendly toy doll channel featuring parody videos with various characters: Elsa, Anna, Barbie and many more!
Subscribe, it's free and you will know when we upload a new video:)
Thank you for visiting and watching our videos!","","United States"
"BBC","15600000","The BBC is the world’s leading public service broadcaster.

We’re impartial and independent, and every day we create distinctive, world-class programmes and content which inform, educate and entertain millions of people in the UK and around the world.

SUBSCRIBE to our YouTube channel to get the best of BBC entertainment and comedy programmes, stories from science and nature documentaries, and much more! 👉 https://bit.ly/2IXqEIn

Get ALL your fresh TV, and sofa-hugging box sets on iPlayer 👉 https://bbc.in/2J18jYJ","","United Kingdom"
"Blippi Playtime","15300000","Get ready to play, learn, and explore with Blippi Playtime! The ultimate stop for fun and adventures! Watch and learn as Blippi answers your favorite questions: How does a recycling truck work? Can Blippi drive an excavator? What awesome games can we play at the indoor playground? From roaring dinosaurs and prehistoric fossils to arts and crafts, there are so many exciting things to learn through active play and sensory activities.

Feed your kid’s curiosity with STEM activities, wild animal facts, and super fun Roblox gaming! With high-energy sing-alongs and silly games, Blippi Playtime makes vocabulary development and early childhood education a total blast. Join the fun at the zoo, the children's museum, the trampoline park, or the giant ball pit. Learning colors, shapes, and numbers has never been this fun. 

Let's be curious with Blippi! 🧡💙","","United States"
"是曼玉不是鳗鱼 Littlemanyu","14200000","ABOUT MANYU
LITTLEMANYU is about the happy life of a Shiba Inu named MANYU. She hopes to experience every bit of beauty in the world with her loving dad and her adorable brother BAI (a West Highland White Terrier). We aim to share this beauty with everyone, wishing you all health, happiness, and carefree joy!🐾

This is the official YouTube channel of Littlemanyu. Kindly hit SUBSCRIBE and let's follow the adorable moments of Manyu and Bai together!

Discover More and Shop the Products We Love and Recommend for You and Your Furry Friends! Visit our Official Website🐶: www.manyuland.com 

Business Contact: bizmanyu@gmail.com","bizmanyu@gmail.com","Hong Kong"
"Inside Edition","13800000","Inside Edition is television's longest-running, top-rated, and most-honored syndicated newsmagazine. #1 in News and Politics on YouTube (Tubular Labs).","","United States"
"GameToons","12800000","Welcome to GameToons! We make animated cartoon parodies of your favorite games!","","United States"
"Kat","12300000","just a diva who loves games

🔲 ADD ME ON ROBLOX: @katrinaducks
https://www.roblox.com/users/3214877242/profile

💌 CONTACT ME: kat@katbuno.com

FOLLOW ME ON OTHER SOCIALS!
❤️ instagram: @katrinabuno
👻 snapchat: @katrinabuno
🎶 tiktok: @katbuno
🐦 twitter: @katbuno

Hi and welcome to the official Kat YouTube channel! My name is Katrina Buno, but you can call me Kat! I post a variety of content including gaming videos, shorts, reactions and more!","kat@katbuno.com","United States"
"ItsFunneh","12100000","We're KREW! We play Roblox, Minecraft, and more!
Funny gaming videos, live streams, vlogs, and new videos every week.

If you enjoy our videos, subscribe and join KF!
Your support helps us continue to do what we love! :)","","United States"
"CaylusBlox","11200000","i play roblox here
subscribe and join the CAYLUS KINGDOM","","United States"
"LaurenZside","10400000","Welcome to the Z-Side of YouTube...it's a little weird here!!
Make sure to SUBSCRIBE!! I put out new videos every Thurs-Sun!!

My name is Lauren & I'm a self-proclaimed ""Gaming Comedian"".
I'm here to make you laugh whether with me or at me ;)","","United States"
"Howcast","9400000","Emphasizing high-quality instructional video production, Howcast brings you leading experts and accurate, reliable information on topics ranging from makeup tutorials, cute hairstyles, and nail art designs to soccer tricks, parkour, and skateboarding, plus how to dougie, how to kiss, and much, much more. Howcast empowers people with engaging, useful how-to information wherever, whenever they need to know how.","help@howcast.com","United States"
"Joey Graceffa","9380000","Welcome to the official YouTube channel of Joey Graceffa! On my channel, you’ll find a variety of entertaining content from vlogs, lifestyle tips, animal content, social experiments and content catered not just for the LGBTQ community but for everyone! If you love all things dogs and cats, fascinating vlogs, LGBTQ content and a wide variety of gaming content this is the channel for you! Make sure to subscribe and enable ALL notifications, and for instant updates, check out my social media accounts below.","","United States"
"Avocado Playz","8530000","👕Roblox Merch: https://www.roblox.com/communities/6343978/AvocadoPlayz-Squad#!/store
⭐PLAY ROBLOX USING MY LINK: https://www.roblox.com/join/avocado   #RobloxPartner
⭐USE STAR CODE: AVOCADO 
🎥 My Official TikTok: https://www.tiktok.com/@official_avocado_playz 
📧Business Email: avocadoplayz1@gmail.com
💌Fan Email: avocadoplayzfans@gmail.com
🎨 PNG Models made by: https://vgen.co/KoffeineYT/
🎵 SPOTIFY: https://open.spotify.com/artist/4nlWyvzuFsMUbjOsfHJxZG
🎮Roblox Profile: https://www.roblox.com/users/1375712725/profile
🥑Avocado Playz x","avocadoplayz1@gmail.com; avocadoplayzfans@gmail.com","United Kingdom"
"Peekaboo Kidz","7800000","Dive into a world of curiosity and discovery with Peekaboo Kidz! Our channel offers engaging and educational content designed to spark young minds. Join our beloved character, Dr. Binocs, as he explores fascinating topics in science, nature, and the world around us. From understanding natural resources to the importance of measurements, our videos make complex concepts accessible and entertaining for children.

With vibrant animations and clear explanations, Peekaboo Kidz is a trusted resource for parents and educators seeking quality educational content. Subscribe now and embark on a fun-filled learning journey!

For brand collaborations and inquiries, reach out to us at: mail@rajshri.com","mail@rajshri.com","India"
"CBS News","7090000","CBS News is a trusted source for the latest in politics, U.S. and world news. The network is home to award-winning broadcasts CBS Mornings, CBS Evening News, 60 Minutes, CBS Sunday Morning, 48 Hours and Face the Nation.

CBS News 24/7 is the premier anchored streaming news service from CBS News and Stations that is available free to everyone with access to the internet and is the destination for breaking news, live events, original reporting and storytelling, and programs from CBS News and Stations' top anchors and correspondents working locally, nationally and around the globe. It is available on more than 30 platforms across mobile, desktop and connected TVs for free, as well as CBSNews.com and Paramount+ and live in 91 countries.

Subscribe to our YouTube channel for breaking news, live events and in-depth reporting from CBS News.

For licensing inquiries, contact: licensing@veritone.com","licensing@veritone.com","United States"
"Simon's Cat","6590000","Simon's Cat is an animated series featuring the mischievous and often hilarious antics of a fat white cat and his owner, Simon, stories that any pet owner can relate to!

The channel includes: Simon's Cat Shorts - Funny animations that observe life as a cat owner.

Check out Simon's Cat Extra here - https://www.youtube.com/user/simonscatextra","igg@simonscat.com","United Kingdom"
"Meekah - Educational Videos for Kids","6130000","Explore the wondrous world with Blippi and Meekah. There are so many exciting things to see and learn. Feed your kids’ curiosity while they learn about vehicles, animals, the natural world and so much more. Blippi and Meekah help aid children‘s understanding of the world and encourage vocabulary development. Join the adventures as Blippi and Meekah visit exciting places such as children’s museums and the zoo! They love singing, dancing, playing and exploring. Their contagious curiosity engages young viewers in learning adventures that help them grow and develop.

Blippi Website  ►	https://www.blippi.com/
Music ►https://blippi.lnk.to/BlippiCompleteCollectionYT
Instagram ►	instagram.com/blippi
Facebook ►	facebook.com/Blippi
TikTok ►tiktok.com/@blippi
Moonbug ►	moonbug.com/about","","United States"
"TmarTn2","5670000","Let's hang out and play video games 😁

Business inquiries: tmartn.bizdev@gmail.com","tmartn.bizdev@gmail.com","United States"
"LiveNOW from FOX","5620000","Subscribe to LiveNOW from FOX! https://bit.ly/3HvzKqP
Where to watch LiveNOW from FOX: https://www.livenowfox.com/ 
Follow us @livenowfox on Twitter: https://twitter.com/livenowfox

Raw & unfiltered. Watch a non-stop stream of breaking news, live events and stories across the nation. Limited commentary. No opinion. Experience LiveNOW from FOX.","","United States"
"Super Simple Play with Caitie!","5210000","Preschool songs and activities with Super Simple’s star singer and musician, Ms Caitie! 
Caitie helps her classroom friends around the world achieve milestones and preschool skills through song, dance, and play! 
From the creators of Super Simple Songs, Ms Caitie provides interactive screen time that keeps kids moving, learning, and gaining skills from ABCs, 123s, to social emotional development, to simple speech and motor skills.

 The Ms Caitie Promise: ALL of Ms Caitie’s content is produced with love and care and offers a unique, gentle pace for young learners. Rest assured, children will have the time they need to grow and develop skills that will serve them into their bright future.","","Canada"
"CashBlox","5180000","Cash's Roblox Channel","","United States"
"Simple History","5110000","Welcome to the Official Simple History Channel. Simple History® visualizes the past, bringing history to life through animation. 

Witness how people lived throughout history: their culture, developments in technology, epic battles and events.

Explore what it was like to be in the trenches of the First World War, a plundering pirate in the Caribbean or a factory worker in the Industrial Revolution! 
Created by Daniel Turner (B.A. (Hons) in History, University College London) 

Have a business proposition such as a sponsorship proposal? get in touch by email below!
For business enquiries: sponsorsimplehistory@gmail.com
Fan mail/art: simplehistorycommunity@gmail.com
Discord server: 
https://discord.gg/JZsPQXHeYC

Simple History started in September 2013 with its first book title 'Simple History: WWI'. 

Copyright: DO NOT reupload our content on Youtube or other social media without expressed permission.","sponsorsimplehistory@gmail.com; simplehistorycommunity@gmail.com","United States"
"TODAY","5100000","TODAY is your destination for the latest news and entertainment, exclusive interviews, podcasts, original video series, and expert advice on wellness, parenting, food, and more. Your day starts here.","",""
"SpyCakes","4900000","Hey, how's it going Spy here! Join me as I adventure through games like Wobbly Life, Garry's Mod, Minecraft and much more. 

Stay Sweet!","","Canada"
"Sakshi TV","4760000","Sakshi TV - Around-the-clock Telugu news station, bringing you the first account of all the latest news online from around the world including breaking news, exclusive interviews, live reports, sports update, weather reports, business trends, entertainment news and stock market news.","","India"
"CBC News","4750000","As Canada's national public news and information service, the CBC is committed to a set of values that include accuracy, fairness, balance, impartiality and integrity.
Since the 1930s, CBC News services have kept Canadians at home and abroad informed about their communities, their country and the world. CBC/Radio-Canada is the country’s largest news organization, employing several hundred journalists in Canada and around the globe. Our stories appear on CBC Television, CBC Radio, the CBC News Network, CBCNews.ca and other digital platforms.","abby.hughes@cbc.ca","Canada"
"Associated Press","4660000","Since 1846, The Associated Press has done more than any organization in the world to expand the reach of factual reporting.

For the latest in-depth coverage on today's breaking news including top stories, international, politics, lifestyle, business, entertainment and more visit apnews.com.

For nearly 180 years, the Associated Press has provided trusted, independent journalism to more than half the world's population daily. Support free, unbiased reporting by donating today ► https://bit.ly/4j5Jc6d  

For licensable media please visit our archive at Newsroom.ap.org.","","United States"
"HeavyDSparks","4660000","Do you wanna see the real side and personal lives of Heavy D and Diesel Dave  from Diesel Brothers and experience some of the wildest vehicles, stunts, and pranks the world has ever seen?...if your answer is no, go follow Dr Phil, if your answer is yes....hit that SUBSCRIBE button now!","majestylcranch@gmail.com; info@heavydsparks.com","United States"
"Toddler Fun Learning","4590000","Welcome to the ultimate destination for fun and educational videos for babies, toddlers, and children 🎉📚! Sing along to our delightful kids' songs 🎶, or watch and learn with our engaging learning videos for toddlers. Together, we can learn to count 🔢, master our ABCs 🔤, and so much more.

🚚🎨 Gecko's Garage is a vibrant edutainment series designed for children aged 2 to 5. Subscribe now for a playful and educational playlist that sparks curiosity and fuels the love of learning in your little ones. Let the learning adventures begin! 🌈🔧 #GeckosGarage #EducationalFun #PreschoolLearning

Check out the best Gecko's Garage songs: https://GeckosGarage.lnk.to/CompleteCollectionYT!About","","United Kingdom"
"Dodo Kids","4270000","Introducing Dodo Kids! A NEW channel on YouTube that’s all about positivity from the most loved animal brand in the world.

Dodo Kids is THE place for kids (preschoolers and up) who love animals and who love to see furry, funny, heartwarming, inspiring, exciting and playful animal stories.


On this channel you will:

Hang out with Roman, a kid who’s rescued SO MANY dogs!

Meet Khula the rhino and his best friend - a goat named Imbuzi!

Sing and dance with Butterfly Guy (a guy who REALLY likes butterflies). 

See REAL baby foxes being rescued. 

Meet kittens, puppies, lambs, goats, cows, dolphins, rhinos, turtles, old dogs, young dogs, baby chicks, birds, monkeys, deer and ALL the other animal stars from The Dodo. 

Come back every week for NEW Dodo Kids videos!","","United States"
"Dr. Brenda Mondragon DC","4250000","Dr. Brenda Mondragon, DC | Chiropractic, massage, stretching & self-care education | Videos for educational & entertainment purposes | No patient services or appointments available.","customerservice@mondragonmerch.com","United States"
"Blippi World","3410000","Welcome to Blippi World !

A place where kids can explore the world with everybody's best friends, Blippi. Learn how does a recycling truck work. What a baker does. What the best playground is. There are so many exciting things to explore and learn. Feed your kids’ curiosity while they learn about vehicles, animals, the natural world and so much more. Blippi helps children‘s understanding of the world and encourages vocabulary development. Blippi loves visiting exciting places such as children’s museums and the zoo! He loves singing, dancing, playing and exploring. His contagious curiosity engages young viewers in learning adventures that help them both grow and develop.

Don't Forget to Subscribe for more Blippi Fun!
https://www.youtube.com/channel/UC1VCt1ecU8In4va9F27ElbQ?sub_confirmation=1

Brand New Blippi Episodes Every Saturday!
https://youtube.com/playlist?list=PLzgk_uTg08P-2LCpM-FK-_Mhb7anv2fBY&si=RrivKCxCqJ8COo3N","","United States"
"CBS Mornings","3320000","Each weekday morning, ""CBS Mornings” brings you the latest breaking news, smart conversation and in-depth feature reporting. Watch ""CBS Mornings"" on weekdays at 7 a.m. ET on CBS and stream it at 8 a.m. ET on the CBS News app.

For licensing inquiries, contact: licensing@veritone.com","licensing@veritone.com",""
"Sakshi TV Live","3250000","Sakshi TV Live - A round-the-clock Telugu news station, bringing you the first account of all the latest news online from around the world including breaking news, exclusive interviews, live reports, sports update, weather reports, business trends, entertainment news and stock market news.

For latest news & updates Subscribe to Sakshi TV LIVE

http://www.youtube.com/SakshiTV
Visit us @ http://www.sakshi.com
Like us on https://www.facebook.com/Sakshinews
Follow us on https://twitter.com/sakshinews","","India"
"Little Fox - Kids Stories and Songs","2940000","Welcome to the Little Fox channel of fun animated stories for kids. From traditional fairy tales that have been loved for many generations to classic stories that are recognized worldwide for their literary value, kids will learn natural and authentic English with our stories. Visit our website, www.littlefox.com, for more stories.","","United States"
"GamingWithGarry","2920000","GamingWithGarry is The Home of Funny Animations & Try Not to Laugh Moments! Welcome to the funniest collection of funny animations, try not to laugh compilations, and funny gaming moments on YouTube! Every day we bring you the funniest among us animations, Bluey animations, and Peppa Pig animations plus Minecraft memes, gaming parodies, and the best laugh out loud gaming fails. If you love watching your favorite characters get into ridiculous, unpredictable situations, you've found your new home!

Subscribe so you never miss a new upload we post fresh content all week long. 

What you'll find here:

😂 Try Not to Laugh challenges
🎮 Among Us & gaming animations
🐕 Bluey animation memes
🐷 Peppa Pig animation memes
⛏️ Minecraft memes & parodies
New videos dropping constantly hit subscribe and join the fun! :tada:","","United States"
"Alaska Violet","2810000","⭐️use star code: ALASKA⭐️

For BUSINESS enquires email:
alaskaviolet@fixated.com

Roblox: Alaskaviolett
Tiktok: Alaskaviolett
Instagram: Alaskaviolett
Roblox Group: ALASKIANS","alaskaviolet@fixated.com",""
"Let’s Get Moving - Kids Activities!","2660000","Welcome to Let’s Get Moving - Kids Activities, where kids get moving! 🕺🏊🤸‍♀️

Move and dance along with some of your favorite characters like Blippi, Baby JJ, Mia, and More! Get stronger and healthier with them on sports adventures, dance parties, and other fun exercise activities. 

Subscribe Below: 
https://www.youtube.com/channel/UC42yByOQxxicqUZhWXX0vzA?sub_confirmation=1

Watch our playlists: 

Kids Songs by CoComelon
https://www.youtube.com/watch?v=PC-IJQjIglk&list=PLT1rvk7Trkw6-eCetnOs60kLGdmcHhyj0

Nursery Rhymes by CoComelon
https://www.youtube.com/watch?v=yPOYVpoxg_8&list=PLT1rvk7Trkw55UcI5ijZ_4QmsKqYSSXEq

Blippi Sink Or Float: https://www.youtube.com/watch?v=astwv4c_iP0

Blippi Makes Healthy Fruit Popsicles: https://www.youtube.com/watch?v=CxKN-Aab3U0

And Let's Get Moving! 🚵⛹️🏂","",""
"Jackson Galaxy","2600000","AKA The Cat Daddy AKA the person who knows and loves all cats - including yours!

Once upon a time, I  was a working musician who took a job in a shelter, developed something I call  Cat Mojo, and I’ve spent the past 30 years preaching it everywhere - in houses like yours, in classrooms, on stages around the world, on TV, in the middle of the street - and right here. 
OH - and books! I also write books!  ""Total Cat Mojo,” Cat Daddy,” and the New York Times Bestsellers ""Catification"" and “Catify to Satisfy.”
I also make cat products, because, well, your cats need better stuff! 

#bonding  #cat #adoptdontshop #catbehavior","support@jacksongalaxy.com","United States"
"Penguin Gaming","2530000","hello guys, 
my name is Lin. I am a big fan of video games, and i like strategy games and some tricky games and league of legend.
 
hope you enjoy your stay, sry i am embarrass of speaking English in public cause my accent.. and feel free to ask any questions and subscribe me  : ) .","","United States"
"Crano","2440000","On this channel, you'll find no-commentary gameplay videos, recorded in 4K at 60 fps and presented with the highest possible visual quality. Each recording aims to respect and accurately reflect the experience as intended by the game's creator, without omitting important elements that could affect the narrative or gameplay.

I focus on Roblox games, indie titles, and other immersive experiences, making sure to fully play through each game one or two times before recording in order to deliver a clear, direct, and uninterrupted walkthrough.

In addition, the titles, descriptions, and subtitles of each video are professionally translated into more than 20 languages, allowing players from around the world to enjoy each experience in their own language.

The profile picture and banner for this channel were created by the artist @Nice_Sadness.","","United States"
"CTV News","2400000","CTV News is Canada's most-watched news organization both locally and nationally, and has a network of national, international, and local news operations.","dotcom@bellmedia.ca; news@bellmedia.ca; newschannel@ctv.ca; w5@bellmedia.ca","Canada"
"Allure","2200000","Allure's channel is focused on bringing beauty to life with unparalleled expertise, smart storytelling, and radical inclusivity.


Subscribe to the Allure channel here: http://www.youtube.com/channel/UCb0tMboxhHE8Jx6-nhJmRPw?sub_confirmation=1
Visit the Allure channel for more video: http://www.youtube.com/allure
Visit Allure Videos for more: http://video.allure.com
Visit Allure at http://www.allure.com

CONNECT
Email: video@cnevids.com
Facebook: https://www.facebook.com/Allure
Twitter: https://twitter.com/Allure_magazine
Instagram: http://instagram.com/allure
Pinterest: http://www.pinterest.com/alluremagazine/","video@cnevids.com","United States"
"WFAA","2180000","WFAA (Dallas–Fort Worth) is your source for breaking news, Texas weather, traffic, and live coverage in Dallas, Fort Worth, and across North Texas. 

Get the latest updates from the WFAA team — from major local headlines and investigations to severe weather, community stories, and the moments everyone’s talking about.
Watch live newscasts, stream breaking coverage, and catch up on the top stories shaping Dallas, Fort Worth, Arlington, Plano, and surrounding communities.

Subscribe for:
• Dallas–Fort Worth breaking news + live updates
• Texas weather forecasts, storms, and severe weather alerts
• Investigations and accountability reporting
• Community stories across North Texas
• Major events, sports, and local explainers

WFAA — Dallas–Fort Worth news and weather, live and on demand.

🔗 More: https://www.wfaa.com","","United States"
"Redmon Kids! Songs & Stories","2140000","animation channel of Redmon!!
Upload the fun and fantastic contents
Fun songs! 
Touched stories! 
Safety and good habits

Enjoy all the fun things on Youtube REDMON channel!! 
Thank you~","","United States"
"Quimic","2040000","Mostly funny moments and MEMES related to Roblox.
SUBSCRIBE to the channel for more!

Use STARCODE ⭐QUIMIC⭐ to support me!","","United Arab Emirates"
"Periwinkle","2020000","Welcome to the official channel of Periwinkle.

Being digitally empowered is the new way of life, and at Periwinkle, we wholeheartedly embrace this notion.
We believe that e-learning makes education an interactive, engaging and fun activity, thereby helping in higher and long-term knowledge retention.

Our channel consists of e-learning videos for Kindergarten to Class 5 on Songs, Rhymes, Stories, English, Grammar, Math, Science, Social Studies, Hindi, Environmental Science, General Knowledge, Information Technology, Origami and much more.

With voice and illustrations, the videos infuse a spark of life into the words of textbooks. An enriching and self-paced learning experience, these videos handpick examples from everyday life along with great quality content, to be a comprehensive learning tool for children all around the world.","","India"
"INUbis","1840000","Makes animations! 

Email: inubis686@gmail.com","inubis686@gmail.com","South Korea"
"Med School Insiders","1810000","Med School Insiders helps premed and medical students make smarter decisions about careers in medicine.

We cover the big picture of the medical journey, including admissions strategy, medical school, residency, specialty choice, physician lifestyle, and long-term career fulfillment. Our content is evidence-based, data-driven, and focused on helping students avoid costly mistakes while building sustainable, satisfying careers.

Narrated by Kevin Jubbal, MD.","","United States"
"Diana and Roma EN Collection","1760000","Welcome to Diana and Roma world - where Diana, Roma, little Oliver and their parents play, learn, sing, explore and share their life experiences. Millions of kids and families from all over the world join Diana and Roma every day to explore the world and learn about songs, numbers, nature, colors, shapes, animals, and the importance of eating healthy food, washing hands, being a good friend, and much more.
All rights reserved. This visual production contains original artistic content and ideas and is protected by U.S. and international laws. Reproduction and distribution of this visual presentation without written expressed permission of the copyright holder/ author is prohibited.

E-mail: dianaromabiz@gmail.com","dianaromabiz@gmail.com","United States"
"Universal Jr.","1620000","Join the fun on Universal Jr. where you can find lovable characters, world-class animation, nursery rhymes, and curious monkeys.","","United States"
"VR Planet","1590000","The most popular 360°(VR) animation videos on Youtube.
Made by VR Planet","","United States"
"44 Cats - English","1520000","Welcome to the Official 44 Cats YouTube Channel! 🐱✨

Join the adventures of the most pawsome musical band in town: the Buffycats! Meet Lampo, the brave leader; Milady, the master of cat-fu; Pilou, the sweetest kitten; and Meatball, the funniest and hungriest of the group! 🎸🐾
Living in Granny Pina’s Garage, our four furry friends use their unique superpowers—and the energy from Granny’s legendary noodles—to help friends in need and protect the city from the mischievous Boss, Blister, Scab, and the catcatchers!

On this channel, you will find:
🎬 Full Episodes and the best clips from the series
🎶 Catchy Kids' Songs and nursery rhymes to sing and dance along
🧸 Fun Toy Videos and unboxing adventures
🎨 Creative DIY crafts and activities for the whole family

Subscribe now and ring the bell to stay pawsome with us every day! 🔔🐾","","United States"
"KTLA 5","1500000","KTLA 5 in Los Angeles covers breaking news, weather and traffic for L.A., Orange, Riverside, San Bernardino and Ventura counties. Serving Southern California since 1947. Watch KTLA for free with the KTLA+ app for Roku, Fire TV, Apple TV and Samsung Smart TV's, and on YouTube TV.","","United States"
"The Drew Barrymore Show","1480000","The Drew Barrymore Show is daytime's brightest destination for intelligent optimism and maximum fun, featuring everyone's favorite actor, businessperson, mom and cultural icon, Drew Barrymore! From news to pop culture, food to DIY design, human interest to comedy - you'll discover it all here with Drew's heart and humor about life.","","United States"
"Alexander Studios","1460000","Welcome to Alexander Studios!

My name is Alexander and I make Lego stop-motion animations. I try to make high quality brick films at 15 fps, so it may take a while before I publish a new video, but I’m always working on one ;)

By the way, if you like the custom vehicles appearing in my videos make sure to check out my MOC- (my own creation) videos. There’s a great chance you find a stop-motion tutorial of a vehicle you’re interested in.

And of course, if you don’t want to miss my next video, make sure to subscribe!","","Netherlands"
"Lee the dog","1420000","Monthly Roblox animations!!! Comedy-focused, one person who draws for fun!","","Argentina"
"FOX 11 Los Angeles","1360000","Welcome to the official FOX 11 Los Angeles YouTube page. Find us on FOX 11 and www.foxla.com. We cover local news, traffic, weather, sports and celebs with the entertainment industry. You can now steam FOX 11 Los Angeles with no cable subscription or login required on the FOX LOCAL app, available on your smart TV! Enjoy in-depth reporting about current events in your community. Stream coverage of the biggest stories 24/7 for FREE on issues that matter to you—including breaking news, traffic, weather forecasts, politics, sports, health and more.

With FOX LOCAL, you can watch FOX 11 Los Angeles locally produced programming live on your TV without cable or a TV provider – 100% FREE.","","United States"
"TheMeanKitty","1360000","If you like the Topic of Cats you are in the right place. Funny cat videos are what we make!  If you love cats, silly skits, experiments, cute animals, weird sounds, songs about cats (The Mean Kitty Song) or anything having to do with small furry creatures that do funny things then this channel is for you!

Meet Sparta!  He's best known from his first viral hit ""The Mean Kitty Song"" which now has over 90 million views here on YouTube.  He's a Bengal mix, born in May 2007.  We rescued each other in July of 2007.  Sparta love stalking, wrestling, crunchy toys, playing fetch and being held like a baby.

Buy your kids a copy of Sparta's Awesome Book - https://goo.gl/2QZ2TV

MEET THE REST OF OUR FAMILY:
► We make family vlogs! • https://www.youtube.com/LiveEachDay","","United States"
"DV Plays","1300000","I love grindy Roblox games. Islands, BedWars, 99 Nights, Best New Roblox Games series and more.","","United States"
"Flying The Nest","1260000","Subscribe for family travel vlogs from Flying The Nest... 

Hi, we are Stephen, Jess, Hunter and baby Koa, a full-time travelling family vloggers on YouTube.  We have been documenting our life ever since leaving home and travelling full time around the globe. We want to inspire others to venture out, explore, take risks and go on your own adventure!

We have a passion for travel & videography and create ""travel series"" sharing everything from where to stay, what to see and where to eat when travelling the world. 

We run a travel blog over at www.flyingthenest.tv if you want to see more from Flying The Nest.","management@flyingthenest.tv","Australia"
"Elearning Studio","1160000","Welcome to the official YouTube channel of E-Learning Studio. Subscribe to our channel and browse through our popular, animated video rhymes, stories and educational content for pre schoolers. E-Learning Studio has prepared a series of 2D animated Nursery Rhymes especially for pre schoolers between the ages 1-4 to introduce little ones to the world of ABC, numbers, shapes, colors, and
more! With our baby rhymes , little ones learn to focus and take independent steps while playing and dancing, giving you time to relax and enjoy the moment! E Learning Studio will entertain your child while teaching so much! E Learning Studio is always happy to hear from you! Please share your feedback on our learning Videos in the comments section, or through our social media profiles:","","India"
"KHOU 11","1160000","KHOU 11 (Houston) is your source for breaking news, Texas weather, traffic, and live coverage in Houston and across Southeast Texas. Get the latest updates from the KHOU team — from major local headlines and investigations to severe weather, community stories, and the moments everyone’s talking about.
Watch live newscasts, stream breaking coverage, and catch up on the top stories shaping Houston, Sugar Land, The Woodlands, Galveston, and surrounding communities.

Subscribe for:
• Houston breaking news + live updates
• Texas weather forecasts, storms, and severe weather alerts
• Investigations and accountability reporting
• Community stories across Southeast Texas
• Major events, sports, and local explainers

KHOU — Houston news and weather, live and on demand.

🔗 More: https://www.khou.com","","United States"
"This Esme","1140000","Horses, country living, fashion and beauty 

www.thisesme.com
Instagram @this_esme
TT @this_esme
business: grace@thisesme.co.uk


Thank you so much for supporting my channel it means so much to me. x","grace@thisesme.co.uk","United Kingdom"
"WPLG Local 10","1100000","South Florida News, Weather, Entertainment, Sports and more from WPLG Local 10. Local 10 is the No. 1 news station covering the Miami-Fort Lauderdale market, including Broward County, Miami-Dade County and the Florida Keys.","","United States"
"Tampa Bay 28","1050000","Tampa Bay 28 is here for the news, weather and stories that shape life across Tampa, St. Petersburg, Clearwater, Sarasota, Manatee, Pasco, Polk and beyond. Find breaking news, Tracking the Tropics updates, investigations, community solutions and useful local coverage. Subscribe to stay connected to Tampa Bay every day.","","United States"
"Learn Bright","990000","Thank you for visiting the Learn Bright YouTube page.  Learn Bright is focused on providing educational videos for kids that are fun and engaging but that also teach the topic properly and accurately.  We are passionate about education and helping kids learn!  Our channel is designed to support parents who homeschool their kids as well as teachers who are looking for resources in a traditional classroom. 

In addition to the videos you can see on our channel we also provide a full catalog of comprehensive K-6 Lesson plans on Science, History, Math, Reading, and Language Arts.  We work hard to make sure everything we provide is high quality and quite simply FUN for the kids. You can find our resources at https://learnbright.org/","","United States"
"Rymation","956000","Welcome to Rymation – where imagination comes to life!
Dive into a world of animated fun and adventure as creative stories come to the screen through the magical world of Rymation! From wild ideas to playful lessons, follow Ryan and the rest of the team as they explore, learn, and laugh together.
Perfect for kids and families, Rymation is full of magic, mischief, and meaningful moments—brought to life through unique and colorful storytelling.","","United States"
"Glam, Inc.","946000","Glam is your go-to destination for all things lifestyle. From health and wellness to beauty and fashion to career and family, Glam has all the latest news, tips, and advice.","","United States"
"ehow","934000","Whether you need to fix, build, create or learn, ehow gives you practical solutions to the problems life throws at you. Check out our videos for awesome DIY projects, crafts, recipes, cleaning hacks and more!","","United States"
"Daja Kids Games","872000","Welcome to Daja Kids Games!
This is a channel for all boys and girls looking for education and entertainment.
Thanks for watching!","","Czechia"
"FOX 9 Minneapolis-St. Paul","834000","Minneapolis-St. Paul breaking news, Minnesota weather, traffic and sports from FOX 9, serving the Twin Cities metro, Greater Minnesota and western Wisconsin. Official home of Minnesota Vikings football.","bill.greep@fox.com; fox9news@fox.com; fox9news@foxtv.com; jason.sirek@fox.com; Master.Control9@fox.com; nate.zinnel@fox.com; programming9@fox.com","United States"
"Sona Extra 505","824000","✌🏻 Here we are again.

This is where I turn the ideas in my head into 2D animations about Roblox, Poppy Playtime, and all sorts of other cartoons. The characters are designed by me, the animations are made by me, and the stories are written by me.

If you enjoy it, stick around and watch. And if not… maybe give one more video a chance. ❣️

⚠️ NOT FOR KIDS. NO REUPLOADS WITHOUT PERMISSION","",""
"Brook and Riley","793000","🩵FUNNY ROBLOX CONTENT❤️","","United States"
"Adam J. Story, DC","779000","For over 30 years, I have helped people get healthy utilizing NATURAL methods. I include chiropractic adjustments, lifestyle changes, and nutrition to help people improve their wellness. Welcome to my channel. I hope that you will learn tremendous amounts of information and find the channel entertaining as well.","","United States"
"Fauquier ENT","760000","Be sure to watch all our videos we have created!

Fauquier ENT is a private otolaryngology (Ear Nose Throat) & allergy practice headed by Dr. Christopher Chang. We are located in Northern Virginia, about 1 hour directly west of Washington DC. We have created this YouTube channel as a service to our patients to find and watch qualty video on a variety of ENT topics from one central location.

Of course, we feel that the videos we have created are the best of the bunch.

• Twitter: https://www.twitter.com/fauquierent
• Facebook: https://www.facebook.com/fauquierent
• Blog: https://blog.fauquierent.net
• TikTok: https://tiktok.com/@fauquierent

You can also contribute to help offset the costs of making these videos, especially the medical animations which are expensive and often can cost thousands of dollars to produce.

One-time contribution via PayPal:
https://www.paypal.com/donate?hosted_button_id=TWJE82GXKDXUS","","United States"
"Click On Detroit | Local 4 | WDIV","756000","The latest breaking news, weather, sports, entertainment and other awesome things from Local 4 News and ClickOnDetroit.com from the Downtown Detroit, Michigan studios of WDIV-TV.","","United States"
"FOX 26 Houston","738000","Houston area news, weather, traffic, sports and breaking news from FOX 26 Houston. Watch news and local programming daily from KRIV.","jarrett.hale@fox.com; KRIVWEBDEPT@fox.com; KRIVWEBDEPT@foxtv.com; FOX26HoustonNews@fox.com; fox26houstonnews@foxtv.com; ralph.rendon@fox.com; ralph.rendon@foxtv.com","United States"
"Medical Centric Podcast","722000","Your trusted source for in-depth, evidence-based medical insights through engaging podcast-style conversations with leading doctors, scientists, and researchers.

We bring you long-form interviews and expert discussions where top specialists dive deep into the latest medical topics, from cutting-edge treatments and groundbreaking research to disease prevention, nutrition, chronic condition management, and healthy lifestyle strategies. 

Whether it's a cardiologist unpacking heart health myths, an oncologist sharing the newest advances in cancer care, a neurologist exploring brain health, or researchers breaking down emerging studies - our episodes feature real experts explaining complex topics in an accessible, thoughtful way.

These extended conversations go beyond quick tips, giving you the full context, nuanced perspectives, and up-to-date science you need to make truly informed decisions about your health.

Thank you for being here – we’re excited to learn alongside you.","","Portugal"
"Vetventures","719000","🐾 Cambridge Graduate Vet Surgeon who loves making fun educational videos :)
Business Enquiries: vetventures2.0@gmail.com
Shop Products and Merch through the link below ⬇️
Subscribe to join my Vetventures! Follow on Instagram (@vetventures2.0, @vetventuresspanish) , TikTok (@vetventures2.0, @vetventuresspanish) and Facebook (Vetventures, Vetventures Spanish)!
Disclaimer: The information provided by Vetventures on YouTube and other social media platforms is for entertainment purposes only AND IS NOT A SUBSTITUTE FOR PROFESSIONAL ADVICE.  All information is provided in good faith, however, we make no representation or warranty of any kind, regarding the accuracy, adequacy, validity, reliability, or completeness of any information.  CONSULT WITH THE APPROPRIATE PROFESSIONALS. UNDER NO CIRCUMSTANCE SHALL WE HAVE ANY LIABILITY TO YOU FOR ANY LOSS OR DAMAGE OF ANY KIND INCURRED AS A RESULT OF RELIANCE ON INFORMATION PROVIDED.","vetventures2.0@gmail.com","United States"
"Howdini","710000","Howdini is the go-to source for how-to videos from the experts you trust.  Topics include health, beauty, food, entertaining, pets, travel, sex, green living, and more.

Howdini is a registered trademark of Diginary Holdings.","","United States"
"CBS Miami","701000","Welcome to the official YouTube channel for CBS Miami, South Florida's home for Breaking News, NEXT Weather, and Community Journalism. Let's Talk! We Are Here For You. ➡️ Message Us With News Tips.

Streaming 24/7 at CBSMiami.com
Like us on Facebook: https://www.facebook.com/CBSMiami
Follow us on Twitter:  https://twitter.com/CBSMiami","","United States"
"Roodolf","653000","Hey there, welcome to the Roodolf channel. Here you can watch a variety of roblox videos, along with some shorts here and there! I try to post a long form once a week!
Follow me on other socials linked below, and thanks for reading this.

https://open.spotify.com/show/5O8L7fesUsKNXrlp0HaZnw

https://www.facebook.com/profile.php?id=61577497703412
https://www.instagram.com/roodolfonyoutube/
Facebook: Roodolf Instagram: roodolfonyoutube","","United States"
"CBS Chicago","628000","CBS News Chicago: For the Love of Chicago. Bringing you breaking news, weather, compelling exclusive content and award-winning investigative reports from the CBS News Chicago Investigators. 

Subscribe to CBS News Chicago on YouTube: http://www.youtube.com/user/cbschicago

Livestream CBS News Chicago 24/7: https://www.cbsnews.com/chicago/live/

CBS News Chicago on Pluto TV: https://pluto.tv/en/live-tv/62cdc75b1a1cbd0007ed45dc?gclid=CjwKCAjw0N6hBhAUEiwAXab-TbSSi4Fh_IPmF_dWkGjJt7KM9K2wzqpWTwK3NUIppzjF5uEMvbt1xhoCfYIQAvD_BwE

CBS News Chicago website:  https://www.cbschicago.com

Facebook: https://www.facebook.com/cbschicago

X (Tritter): https://twitter.com/CBSchicago

Get the CBS News App: https://apps.cbslocal.com/chicago/","licensing@veritone.com","United States"
"WUSA9","627000","WUSA9 (Washington, D.C.) is your source for breaking news, D.C. area weather, traffic, and live coverage in the nation’s capital and surrounding communities. Get the latest updates from the WUSA9 team — from major local headlines and investigations to severe weather, community stories, and the moments everyone’s talking about.
Watch live newscasts, stream breaking coverage, and catch up on the top stories shaping Washington, D.C., Northern Virginia, and suburban Maryland.

Subscribe for:
• D.C. area breaking news + live updates
• Weather forecasts and severe weather alerts
• Investigations and accountability reporting
• Community stories across the region
• Major events, sports, and local explainers

WUSA9 — Washington, D.C. news and weather, live and on demand.

🔗 More: https://www.wusa9.com
🔗 Stream on your TV: https://www.tv.wusa9.com","TEGNA@nimia.com","United States"
"Denver7","623000","Denver, Colorado In-depth video news from Denver7 and Denver7.com. 

Subscribe to get the latest Denver and Colorado news from Denver7 on YouTube:
https://bit.ly/3eUxzEf

24/7 streaming Denver7 news. Watch on your computer or phone anytime: 
https://www.denver7.com/live

Denver7 News is home to in-depth and breaking news and weather across Colorado and stories of hope and positivity from Denver7 Gives on Denver7.com. 

Read the headlines anytime: https://www.denver7.com/

Live stream Colorado weather anytime, 24/7 from Denver7:
https://www.denver7.com/liveweather","","United States"
"MLive","589000","MLive.com is the top source for news, sports, business and entertainment across the great state of Michigan. In addition to the latest breaking news and features in the Great Lakes State, check out videos from Michigan and Michigan State athletics, as well as the Detroit Pistons, Detroit Red Wings, Detroit Lions and Detroit Tigers.","","United States"
"ABC15 Arizona","584000","This is the official YouTube channel for ABC15 Arizona, delivering the latest Phoenix local news and weather. We look to uplift Arizona with good news stories, and our investigations help fight for what's right. 

We are Everything Arizona: Breaking News, Weather, Investigations and more.","","United States"
"Rapid Rashmi","584000","Rapid Rashmi – More Than Just a Voice

Rapid Rashmi is a Kannada channel bringing you Celebrity Interviews, Music Videos, Vlogs on Travel, Life, and everything in between.

Known for her express unpredictability and razor-sharp wit, Rashmi won Bengaluru’s heart for 15 years as one of the most loved voices on 92.7 Big FM.

Today, she continues her journey as a performer and creator — with over 3,500 live shows across the globe and playback singing in movies like Deal Raja (and more yet to release).

Don’t miss Mixed Strings — our very own Kannada unplugged music video series, where two soulful songs merge to create pure magic.

Subscribe and follow to be part of this journey!
FB- https://www.facebook.com/RapidRashmiOfficial/

Instagram: https://www.instagram.com/rapidrashmi/","","India"
"WKYC Channel 3","569000","WKYC (Cleveland) is your source for breaking news, Northeast Ohio weather, traffic, and live coverage in Cleveland and across the region. Get the latest updates from the WKYC team — from major local headlines and investigations to severe weather, community stories, and the moments everyone’s talking about.
Watch live newscasts, stream breaking coverage, and catch up on the top stories shaping Cleveland, Akron, Canton, and surrounding communities.

Subscribe for:
• Cleveland breaking news + live updates
• Northeast Ohio weather forecasts and severe weather alerts
• Investigations and accountability reporting
• Community stories across the region
• Major events, sports, and local explainers

WKYC — Cleveland news and weather, live and on demand.

🔗 More: https://www.wkyc.com/","TEGNA@nimia.com","United States"
"CBS 8 San Diego","535000","News 8 and CBS8.com is the local source for San Diego breaking news and top story headlines. Get the latest local San Diego TV news, sports, weather & traffic - KFMB Channel 8, San Diego, California.","TEGNA@nimia.com","United States"
"Takis Shelter","532000","This is the Official Takis Shelter Channel

Takis Shelter is a no-cage, no-kill shelter in Ierapetra, Greece. In its everyday life, Takis Shelter rescues dogs and cats from the streets. These animals are either strays, have been abused, or have been in accidents and are in urgent need of help. The channel documents the rescue efforts, the daily life in the shelter, and the rehabilitation and adoption stories of these dogs and cats.

Legal information:
Legal name of NPO: STEGI PROSTASIAS ADESPOTON ZOON (Takis Shelter)

The channel is operated and managed by Takis Shelter NPO, based in Ierapetra, Greece.

Contact: contact@takisshelter.org

We receive revenue from YouTube advertising (YouTube Partner Program).

We do not receive public funding or advertising revenue from state authorities or third countries.","contact@takisshelter.org","Greece"
"Iron Sharp K9","520000","Welcome to Iron Sharp K9.

This channel is all about real training—from everyday pet dogs to high-level working K9s. Whether it’s building solid obedience, fixing behavior issues, raising a puppy, or developing a protection dog, everything you see here is hands-on, practical, and built on real experience—not theory. You’ll see everything from pet obedience and lifestyle training to advanced protection work, along with honest conversations on The Iron Sharp Podcast.

No matter where you’re at—new dog owner or experienced handler—this channel is here to give you clear, realistic guidance you can actually use.

Subscribe and be part of it.

For information on training with us, contact us at:
https://www.ironsharpk9.com/contact

GET YOUR IRON SHARP K9 MERCH
shop.ironsharpk9.com

Visit our Amazon storefront: https://www.amazon.com/shop/iamstan90

Follow us on Social Media:
https://instagram.com/ironsharpk9/
https://www.facebook.com/Mynameisstan90
www.ironsharpk9.com","iamstan90@gmail.com","United States"
"Home Revise","519000","Begin your learning adventure with Home Revise, the ultimate audio-visual learning platform for CBSE, ICSE and Maharashtra State Board students. 

Home Revise offers curriculum-mapped animated content for classes 1–12, developed by subject experts to make your learning fun, easy and memorable. 

At Home Revise, our commitment lies in making education accessible through simplified learning methods to deliver exceptional learning experiences.

To learn more, visit our website: https://www.homerevise.co.in/ or Call us on +91-8080 972 972

Download Home Revise Learning App for 5 days FREE Trial
App Link: https://homerevise.co.in/studyapp/  

Subscribe: https://www.youtube.com/user/homerevise1
Facebook: https://www.facebook.com/homerevise21
Instagram: https://www.instagram.com/_homerevise_
LinkedIn: https://www.linkedin.com/company/home-revise-education-pvt.ltd","customercare@homerevise.co.in; info@homerevise.co.in; sales@homerevise.co.in; support@homerevise.co.in","India"
"Pearl's Ragdolls","502000","Mom to 1 toddler and 20 fur babies! 

Subscribe to Pearl's channel for an inside look into the cattery life filled with many adorable kittens!

-FOLLOW FOR KITTEN UPDATES-
TikTok: www.tiktok.com/@pearlsragdolls
Ragdolls' Insta: www.instagram.com/pearlsragdolls
Pearl's Insta: www.instagram.com/pearlfraz
Facebook: www.facebook.com/pearlsragdolls

-CONTACT PEARL-
www.pearlsragdolls.com
Email: pearl@pearlsragdolls.com","pearl@pearlsragdolls.com","United States"
"NJ.com","485000","New Jersey’s #1 source for local news and the definitive voice of the Garden State. 

We don’t just report what is happening. We capture the moments, personalities, and quirks that make New Jersey... New Jersey. 

Whether you grew up here, just moved in, or are checking us out from afar, this channel is your digital town square for all things NJ from breaking headlines to fun, weird, and unforgettable stories. 

Here’s what you’ll get when you subscribe: 

📰 Local News & Smart Deep-Dives 
🍕 Food, Culture & Jersey Lifestyle 
🤔 Fun, Weird & Very NJ Stories 
⚖️ True Crime & Inside the Courts 

New Jersey is more than a place on a map. It’s a vibe, a culture, and a conversation. 

Jump in. Comment, share, and take part in telling the story of the Garden State. 

Subscribe and hit the notification bell so you never miss what’s happening in NJ. 

Get the full story anytime at nj.com 
Follow us everywhere @njdotcom","","United States"
"12 News","476000","12News KPNX (Phoenix) is your source for breaking news, weather, traffic and live coverage in Phoenix and across the Valley. Get the latest updates from the 12News team—from major local headlines and investigations to severe weather, community stories, and the moments everyone’s talking about.
Watch live newscasts, stream breaking coverage, and catch up on the top stories shaping Phoenix, Scottsdale, Tempe, Mesa, and surrounding communities.

Subscribe for:
• Phoenix breaking news + live updates
• Arizona weather forecasts and severe weather alerts
• Investigations and accountability reporting
• Community stories across the Valley
• Major events, sports, and local explainers

KPNX—Phoenix news and weather, live and on demand.

🔗 More: https://www.12news.com","TEGNA@nimia.com","United States"
"learning junction","473000","Welcome to the LEARNING JUNCTION on YouTube. This is a channel for everyone who wants to enjoy a wide range of animated videos. Your child however has multiple options to learn short stories, nursery rhymes, science lessons and jokes too....And everything in a fun and easy way.

Please support us by subscribing to our channel and don't forget to share the videos.

For videos go to: https://www.youtube.com/user/learningjunction/videos
Facebook page:  https://www.facebook.com/b4learningjunction?ref=hl

Thank you :)","","India"
"8 News Now — Las Vegas","465000","8NewsNow.com is the website powered by KLAS-TV, Channel 8 in Las Vegas. The site features breaking news, weather, traffic, neighborhood news for those living in southern Nevada.","","United States"
"KARE 11","460000","Welcome to the official YouTube channel of KARE 11 News.  Subscribe to our channel for compelling and dramatic storytelling, award-winning investigations, breaking news and information you can use. 

kare11.com:  http://www.kare11.com/
Facebook:  https://www.facebook.com/KARE11/
Twitter:  https://twitter.com/kare11
Instagram:  https://www.instagram.com/kare11/","","United States"
"Jeffrey Peng MD","439000","Jeffrey Peng MD is a nonoperative orthopedist and sports medicine specialist. He created a YouTube channel to translate cutting edge medical knowledge and clinical research to benefit all those looking to live an active and healthy lifestyle. He focuses on maximizing non-surgical treatments for sports injuries and orthopedic conditions. He specializes in using orthobiologics and ultrasound guided minimally invasive techniques to treat osteoarthritis, tendinopathies, and musculoskeletal disorders.

Dr. Peng is board certified in sports medicine and family medicine. He completed residency with the Stanford family medicine residency program and completed his sports medicine training with the Stanford-O'Connor sports medicine fellowship in San Jose. He is a faculty member for both programs and is excited about training the next generation of physicians. 

Dr. Peng currently practices in the San Francisco bay area.

Twitter: https://twitter.com/JeffreyPengMD
Website: www.JeffreyPengMD.com","","United States"
"Clapsy","434000","I play Roblox 

https://discord.gg/pdCfhFB2zM","",""
"Dateline NBC","434000","The award winning newsmagazine is classic story-telling at its best, covering an array of stories that range from mysteries and breaking news, to hidden-camera investigations and documentaries. Here we bring you our Digital Exclusive content and other videos from the makers of Dateline.","","United States"
"WCCO - CBS Minnesota","420000","Welcome to the official YouTube channel for WCCO News and CBS News Minnesota, your destination for everything local -- including breaking news and the best of Minnesota!  

Stream live worldwide on CBS Minnesota: https://wcco.com/live
Like us on Facebook: https://facebook.com/CBSMinnesota
Follow us on Twitter: https://twitter.com/wcco","","United States"
"Huyana Beauty","408000","Pro beauty therapist creating immersive beauty treatments designed to relax, educate and inspire.","Info@huyanabeauty.com","United Kingdom"
"Miacademy & MiaPrep Learning Channel","400000","The Miacademy & MiaPrep Learning Channel features a broad selection of learning videos for K-12. We hope you are enjoying them!

Our videos are carefully curated by licensed educators and new videos are added regularly. For more in-depth learning, check out our sites, Miacademy.co and MiaPrep.com, online learning platforms with lessons and practice that go along with our videos.  

Miacademy & MiaPrep also offer many hands-on learning activities including a business simulation, writing in the Miacademy Weekly, and creating artwork. Teaching social skills is also one of the key values at Miacademy. On the site, kids can interact safely in a moderated environment and share their artwork, videos, and ideas with each other.

Homeschoolers, Parents, Teachers, or anyone with kids in grades K-8,  check out https://www.parents.miacademy.co/ and use coupon code VIDEOSPECIAL for a discount. For high school, check out our sister website, https://miaprep.com/","","United States"
"WTHR","400000","WTHR 13NEWS is the news leader for Indianapolis and central Indiana. Get the latest news and breaking news.","","United States"
"KCRA 3","388000","KCRA 3 is Where the News Comes First in Northern California. Look to KCRA 3 for the latest breaking news, daily headlines, California weather, political coverage and more.  KCRA 3's viewing area includes the communities of Sacramento, Stockton and Modesto as well as the surrounding communities.","KGong@hearst.com.questions; Ashley.Zavala@hearst.com; fccinfo@fcc.gov; kcracaptioning@hearst.com; KGong@hearst.com","United States"
"KTVU FOX 2 San Francisco","384000","Local and breaking news reports from around the Bay Area, brought to you by KTVU FOX 2, serving San Francisco, Oakland, San Jose and the entire Bay Area.","ernesto.perez@fox.com; ktvustationcomments@fox.com; ktvustationcomments@foxtv.com; ktvunewscomments@fox.com; KTVU_signalproblems@fox.com; ktvuphotos@fox.com; ktvuwebproducers@fox.com; newstips@fox.com; Newstips@foxtv.com","United States"
"Paisley's Corner - Educational Videos for Kids","378000","Come learn through play with Silly Miss Lily in fun, family-friendly educational videos for kids. From baby and toddler learning to ages 1–5 and beyond, Paisley’s Corner offers fun learning adventures that are calm, engaging, and meaningful.

We explore science concepts like gravity, inertia, helicopters, and geodes, plus teach first words, baby sign language, ABCs, colors, shapes, nursery rhymes, and early reading, all in a safe, non-overstimulating space.

Created by a mom of two, homeschool teacher, and University of Washington business graduate, every video is thoughtfully designed to be educational, interactive, and parent-approved.

💡 Gentle but engaging, our videos use repetition, pretend play, and simple activities to help toddlers and preschoolers learn naturally through play.

We believe kids are capable of learning so much, and when learning feels fun and calm, it sticks.

Subscribe for family-friendly learning videos, toddler learning, and fun educational adventures 💛","","United States"
"News 5 Cleveland","366000","WEWS NewsChannel 5 is Cleveland's home for breaking news, weather, and the stories that matter most to Northeast Ohio. From Browns coverage to lakefront developments, we're your trusted source for hyperlocal reporting that connects our diverse communities across Cuyahoga County and beyond.","","United States"
"Atrin and Soren with Nikan","361000","Fun and Educational Videos for Toddlers and Kids | Farm Animals, Wild Animals & Dinosaur Adventures! Welcome to Atrin and Soren with Nikan's Channel, your go-to spot for fun educational videos for toddlers and kids! Dive into exciting adventures featuring farm animals, wild animals, and dinosaurs—designed to make learning fun and engaging for young children. Our videos combine entertainment and education, sparking curiosity and wonder as kids discover fascinating facts about animals and dinosaurs.

Join Atrin, Soren, and Nikan, three adventurous siblings, as they explore the world of animals and prehistoric creatures. Whether at the zoo, a museum, or from home, your kids will learn about animals, develop empathy, and understand the importance of kindness and diversity.

This channel supports developmental milestones, encouraging learning through play and exploration. Subscribe now for a fun-filled, educational adventure with Atrin, Soren, and Nikan!","","United States"
"Dr. Cellini","353000","Hey Everyone!  I am a Board-Certified Diagnostic & Interventional Radiologist living in New Jersey.  I post mostly medical and finance stuff mixed in with a little travel vlogs, and of course, Radiology! 

Join the Cellini Family - https://tinyurl.com/DrCellini

-Michael","TheDrCellini@gmail.com","United States"
"Tutoring Hour","327000","Tutoring Hour a Creative Solution to Your Learning Woes!
Experience the joy of learning Math, English, and Science with videos that deliver the concepts in the form of fun, relatable stories buoyed by addictive, lively animation. Our video lessons are a surefire hit with children from preschool through grade 8. 
We @TutoringHour are here to bust all the myths and misconceptions surrounding math and drive away your math blues with solved examples, simple strategies, and step-by-step how-to-solve procedures. 
Gorge on this feast of lessons dished out with a range of topics in English grammar and English vocabulary that are not only motivating and engaging but also entertaining.
These educational videos bridge the gap between knowledge gain and knowledge retention with their fun animations and real-life examples, making Tutoring Hour an ideal destination for kids, parents, and teachers.
Subscribe and stay tuned for simple tricks and strategies that’ll make learning a breeze.","","India"
"Dino Island Park","317000","Welcome to our channel!

Fun animal adventures, dinosaur videos, wildlife facts, and educational content for kids and toddlers.

🌐 Dino Animal World:
https://www.dinoanimalworld.com

Animal Facts • Coloring Pages • Worksheets • Quizzes

▶ Subscribe:
https://www.youtube.com/@dinoislandpark

Thank you for watching! 😊","","Pakistan"
"Abigail Pinehaven","305000","Hello friends! I am a horse gamer and I make all sorts of equestrian game content from Red Dead, to Rival Stars, to Minecraft! 

All my videos are family friendly.

⛏️Looking for an Equestrian Minecraft Server? Look no further than Pinecraft Equestrian - https://discord.gg/YRVp2XCGuF

🐴Looking for Model Horses? Look no further than Pinehaven Ponies - https://pinehavenponies.co.uk/

💌PO Box:

Abigail Pinehaven
Pinehaven Productions LTD
7 Bell Yard
London
WC2A 2JR
United Kingdom","","United Kingdom"
"WTVR CBS 6","303000","WTVR CBS 6 brings Richmond and Central Virginia local news, weather, investigations and community stories with depth, context and heart. From Henrico and Chesterfield to the Tri-Cities and neighborhoods across Virginia, subscribe for breaking news, Weather Authority forecasts and reporting that gives you a voice.","","United States"
"WLWT","297000","WLWT.com is Leading The Way with Cincinnati breaking news, weather and important local news coverage.  Look to WLWT for political coverage, viral videos and more from Cincinnati's NBC affiliate.","","United States"
"LolliPop Animated Book","294000","we are making animated stories for children. 

If you like our content, please subscribe our channel and share it with your friends. 
 
Your likes will cheer us up to make another series of animation.

Thanks,","","United States"
"Job Jams- Kids Songs About Fun Jobs and Careers","283000","Job Jams! Where kids can dream big and learn about fun and exciting careers.

Come and get a behind the scenes look at countless careers, from Artists to Zookeepers.

Sing along with our fun and educational music as we explore this exciting world together.

Fun for toddlers, pre-k, and young students who want to learn more about this exciting world we live in!

If you have an idea for a Job Jams we should make, send your idea to JobJamsVideo@gmail.com","JobJamsVideo@gmail.com","United States"
"Next Generation Science","282000","Next Generation Science (NGScience.com) is transforming primary science education from kindergarten to grade 6 by bridging the gap between traditional and modern learning methods.

NGScience surpasses other textbook and digital resources by offering complete coverage of all scientific topics and skills at each primary science grade level. This extensive range ensures that it’s adaptable to various science curriculums across the globe, making it an essential and universally relevant tool for primary science education.

NGScience’s digital platform features thousands of narrated textbook-style pages that bring lessons to life, seamlessly linked to an extensive variety of printable worksheets, quizzes, and hundreds of engaging videos. This well-integrated approach provides a comprehensive learning experience that not only enhances understanding and skillsets but also instills confidence and independence in learners.","","Australia"
"Cowboy Jack","236000","Cowboy Jack is an educational and fun channel for kids that takes them on adventures to explore this amazing world we call home.  Every week, Cowboy Jack leads a new virtual field trip to somewhere new and exciting that is fun for the entire family to enjoy.  Experience behind the scenes looks at everything from police cars, fire trucks, and ambulances to things like learning how a bowling alley works or what a dentist does to keep our teeth clean.

Cowboy Jack is a father to Cowboy Kaden and Cowgirl Addison, and genuinely started the show in hopes of providing his own children with quality educational entertainment similar to the great shows he grew up on.  Thank you for trusting Cowboy Jack to entertain your family, and we hope that you find the wholesome content brings everyone together in fun ways!","","United States"
"KOCO 5 News","222000","Oklahoma City breaking news and weather from KOCO 5 and KOCO.com","bhensley@hearst.com; KOCO_Management@hearst.com; dwevans@hearst.com; jdhicks@hearst.com; fccinfo@fcc.gov; jcarlisle@hearst.com; jenniferpayne@hearst.com; kococaptioning@hearst.com; newstips@koco.com; smadams@hearst.com; web@koco.com",""
"25 News KXXV","219000","25 News KXXV serves the Waco - Temple - Killeen community by providing breaking news and the stories you care about.","","United States"
"23ABC News | KERO","214000","23ABC News covers the heart of California's Central Valley, bringing you breaking news, weather, and agricultural updates that impact Kern County and beyond. We're your trusted local source for the stories that matter to our diverse communities from Bakersfield to the surrounding valley towns.","","United States"
"Baba Blast! Animal & Dinosaur Videos for Kids","210000","What do we say when things get tough? That’s right: I can do this! I can do this! And, you can do it!

Baba Blast models resilience for young viewers and inspires them to explore their natural world. Baba Blast helps move screen time to playtime and outdoor time! 

Through educational videos for preschoolers, toddlers, and kids who love dinosaurs, animals, music, and adventure. Explore dinosaur videos for kids, animal videos for kids, scavenger hunts, songs, movement, pretend play, and preschool learning designed for early childhood. Baba Blast and his trusty wand, the Blaster, lead fun, story-driven adventures with King Bobo and his mischievous gobos. Along the way, kids build confidence, empathy, curiosity, problem-solving skills, and perseverance. If your child loves dinos, animals, interactive learning, and family-friendly educational entertainment, Baba Blast is here to help them learn, grow, and bounce back strong.

Created by mental health advocate, Kyle Kittleson.","","United States"
"TutWay","208000","Welcome to Tutway, a unique platform where learning is fun. 
An online learning program for enhancing the quality of learning and teaching where children can learn quickly.

Now there is no distinction between kids fun time and study time... 
Say goodbye to the days of cramming those dull and ponderous books which made learning a tedious task. At Tutway, we believe in a very simple idea, that audio-visual learning is the most effective tool for learning. Many researchers have proven that kids learn a lot by playing the interactive games and watching audio-visual animated lessons as compared to reading from books. To learn the new concepts, Kids show more interest in adopting unique ways of learning. We have brought programme that not only covers the important concepts but also makes learning more stable that stimulates the critical thinking of the young learners.","","Canada"
"CBS Pittsburgh","207000","Welcome to the official YouTube page for KDKA-TV CBS Pittsburgh. Your #1 source for breaking news and the Best of Pittsburgh, PA! 

Subscribe to us on YouTube: http://www.youtube.com/user/CBS Pittsburgh
Like us on Facebook:  https://www.facebook.com/CBSPittsburgh
Follow us on Twitter: https://twitter.com/CBSPittsburgh
Check out our Instagram: https://instagram.com/CBSPittsburgh
Join Us On TikTok: https://www.tiktok.com/@cbspittsburgh","karas@kdka.com; caption@kdka.com; caption@wpcwtv.com; dbraddock@cbs.com; feedback@kdka.com; investigators@kdka.com; newsdesk@kdka.com; programming@kdka.com; PTL@kdka.com; webteam@kdka.com","US"
"eHowPets","204000","With a mix of practical tips, amazing stories and pure entertainment, eHow Pets has something for every pet owner and animal lover.

In Teacher's Pet, Victoria Stilwell demonstrates her Positively Method of dog training, giving you the tools to create a mutual respect between you and your pet. Farm Raised looks at life on P. Allen Smith's Moss Mountain Farm through the eyes of the animals that live there. And these are just the beginning. Check back often or follow eHow Pets to be the first to know about our upcoming original series.","",""
"WJZ","177000","Baltimore’s stories start here.
Breaking News - First Alert Weather - Sports - Community Journalism
Stories that matter.
📺 CBS Baltimore | #WJZ

Official Site ► https://www.cbsnews.com/baltimore/
YouTube ► https://www.youtube.com/c/WJZ13TV
Facebook ►  https://www.facebook.com/CBSBaltimore
Twitter ►  https://twitter.com/WJZ","","United States"
"WLOS News 13","177000","WLOS ABC 13 News serves the Asheville, NC area and the rest of western North Carolina and Upstate South Carolina. We keep our audience informed through local news, weather forecasts, traffic updates, notices of community events, sports and entertainment programming since 1954.

Follow WLOS on social media:

WLOS ABC 13 News on Facebook: https://www.facebook.com/News13/
WLOS ABC 13 News on Twitter: https://twitter.com/WLOS_13
WLOS ABC 13 News on Instagram: https://instagram.com/wlos_13

For all of the day’s top local and national news, visit http://www.wlos.com
Watch our live newscasts and other live video at https://wlos.com/watch

Have a news tip? Send it directly to us: 

Email us: news@wlos.com 
Call the Newsroom: 828.684.1340","news@wlos.com","United States"
"CBS Colorado","172000","Welcome to the official CBS Colorado channel! Watch video coverage from Your Reporters, get the latest breaking news, and see First Alert Weather updates from CBS News Colorado.

Subscribe on YouTube: http://www.youtube.com/@CBSColorado
Follow us on X: https://twitter.com/CBSNewsColorado
Like us on Facebook: https://www.facebook.com/CBSColorado","david.harpe@cbs.com; kcnccaptioning@cbs.com; KCNCNews@cbs.com","United States"
"LOLY KIDS","165000","LOLY KIDS creates engaging children's entertainment with original storytelling, educational adventures, fun songs, and creative characters designed for toddlers and preschoolers.

Our mission is to make learning fun through colorful stories, music, and interactive experiences that inspire curiosity, creativity, and imagination.

On our channel, you'll discover:
🧩 Educational videos
📖 Original stories
🎵 Kids songs & sing-alongs
🎨 Colors, numbers, letters & shapes
🐘 Animals & nature
💛 Positive values like kindness, friendship, and teamwork

We also celebrate special moments throughout the year with seasonal adventures and festive songs, including Christmas, Halloween, birthdays, and other family-friendly celebrations.

✨ New videos every week!

Thank you for being part of the LOLY KIDS family. 💖","","Egypt"
"PennLive.com","158000","Breaking news? Check. Sports? Check. How-tos? Check. The occasional video about cute puppies? Check. 

PennLive is all about keeping you in the loop about all things Pennsylvania. So whether you live in York, Lancaster, Carlisle, Philadelphia or Pittsburgh, there's a little something here for you.","","United States"
"FOX31 Denver","157000","FOX31 KDVR is your source for news, weather, and sports in Denver and throughout Colorado. We're always covering the latest breaking news 24/7. We bring you Problem Solvers investigations; news stories dedicated to military members, veterans and their families through Serving Those Who Serve; and we cover our state's unique and changing forecast with Pinpoint Weather.

» Get the free FOX31+ app on your smart TV: https://kdvr.com/plus

Contact our newsroom: tips@kdvr.com or 303-566-7600

Visit our homepage: https://KDVR.com​
Download the FOX31 App: https://KDVR.com/Apps​
Subscribe to FOX31 newsletters: https://KDVR.com/Newsletters

Like FOX31 on Facebook: https://facebook.com/fox31denver
Follow FOX31 on X (Twitter): https://twitter.com/kdvr
FOX31 on Instagram: https://instagram.com/fox31denver","tips@kdvr.com","United States"
"KCCI","154000","KCCI NewsChannel 8 is the most-watched station in Central Iowa and the leader in local news and weather coverage. Visit KCCI.com for the latest breaking news, weather and more from Iowa's News Leader.","",""
"WKRN News 2","139000","WKRN News 2, the ABC affiliate in Nashville, is your source for news, weather, sports, and entertainment across Middle Tennessee and Southern Kentucky.","","United States"
"WQAD News 8","134000","WQAD (Quad Cities) is your source for breaking news, weather, traffic, and live coverage in the Quad Cities and surrounding communities. Get the latest updates from the WQAD team — from major local headlines and investigations to severe weather, community stories, and the moments everyone’s talking about.
Watch live newscasts, stream breaking coverage, and catch up on the top stories shaping Davenport, Rock Island, Moline, Bettendorf, and nearby areas.

Subscribe for:
• Quad Cities breaking news + live updates
• Weather forecasts and severe weather alerts
• Investigations and accountability reporting
• Community stories across the region
• Major events, sports, and local explainers

WQAD — Quad Cities news and weather, live and on demand.

🔗 More: https://www.wqad.com","TEGNA@nimia.com; orders@universal-info.com","United States"
"Bubbabop","133000","Let's go on an Adventure with Explorer Riley!
🌟 Human-Led Adventures for Kids 🌟

Get ready for some epic explorations and loads of learning! Our channel provides high-quality, human-created content designed to spark imagination and curiosity in a safe environment.

🎒 What to Expect:
✅ Interactive Stories: Quests that encourage movement and play.
✅ Early Learning: Letters, numbers, colours, and vocabulary.
✅ Active Fun: Indoor workouts and ""brain breaks"" for kids.
✅ Safe & Trusted: Perfect for preschoolers and early learners!

👤 Verified Human Creator
We believe in the power of human connection in children’s media. Every video is thoughtfully scripted, performed, and produced by our small team to ensure the highest quality for your family.

✨ For Parents:
Visit our website: https://www.bubbabop.com
📚 Get Explorer Riley activity books and free printable samples!
(All links are for adults. Children should ask a grown-up first!)

✉️ Contact: hello@bubbabop.com

© Bubbabop Videos","hello@bubbabop.com","New Zealand"
"ToonAnimations","131000","VIDEO GAME ANIMATIONS!!

DISCORD: toonanimations","","Mexico"
"ABC4 Utah","126000","ABC4 Utah is your home for all Beehive State news, weather, sports and entertainment. Our mission is to inform, strengthen, unite, and honor all Utah.","","United States"
"Galistic","116000","i play roblox games :))

Sponsorship inquiries : GalGrowsBusiness@gmail.com","GalGrowsBusiness@gmail.com","United States"
"Scripps News Life","114000","Inspiring stories, practical hacks, and wellness tips to enrich your daily life and spark your curiosity.


Like Us on Facebook
https://www.facebook.com/simplemost

Follow Us on Twitter
https://twitter.com/scrippsnewslife

Go Behind the Scenes on Instagram
https://www.instagram.com/scrippsnewslife","","United States"
"Canine Mind","113000","Canine Mind is an educational channel about dog behavior, psychology and welfare, made for dog owners who want to understand what their dog is feeling and how to care for him better. Every video is based on published research in canine cognition and welfare, and every health-related topic encourages viewers to consult their veterinarian. The channel is run by Biel, who researches and writes each script together with a collaborator. Illustrations are generated from each script scene by scene, and the narration is produced with an AI voice tool; both are disclosed on every video. Sources are listed in each description.","","Spain"
"Gypsy Equestrian","109000","Welcome to a COMEDY channel for equestrians. I like to poke fun at equestrians, myself included. 

 For Business inquiries: Gypsyequestrian@thoughtleaders.io.","Gypsyequestrian@thoughtleaders.io","United States"
"Sorta Healthy Trainer Education","108000","Welcome to Sorta Healthy! 

We are dedicated to helping other fitness professionals become more confident, knowledgeable and excited about their careers, and to help you to becoming better overall in your profession. 

Our channel is primarily focused on personal trainer education meaning that we'll spend time teaching you about best practices, business, programming tips, working with clients and everything else related to the personal training field.

We often get asked: What does Sorta Healthy mean? Well, we live out our Sorta Healthy lifestyle daily. Our approach to health and fitness is realistic and approachable. We are not bodybuilders or power lifters, though we do a little bit of both. We are not marathon runners or triathlete's, but we do our cardio. We don't eat only vegetables and certainly like some ice cream once in a while. 

We hope that you find our content helpful wherever you are in fitness professional journey!","","United States"
"Vida the Vet - Official Channel","102000","Welcome to Sweetwood! If you love Vida the Vet, you’ve come to the right place.

Watch Vida Season 2 NOW on Treehouse!
Vida Season 2 Coming to Cbeebies on 11/3!
 
Here, Vida and her pet hamster, Popcorn, care for all their adorable animal friends, no matter what problem they’re facing. 

🎶 ❤️
Vida Theme Song Single - https://promo.theorchard.com/ymTNxNY2LXMxau7rkCfG
Vida the Vet Volume 1 Songs - https://promo.theorchard.com/hYTkIWfy2SPMIkuxXnha
Families Song Single - https://promo.theorchard.com/LeFvquRlR91bda97VaZG
 
You can enjoy endless fun adventures, learn new animal fun facts, and sing along with every song on the official Vida the Vet channel. Subscribe to never miss a moment!

Watch More Vida The Vet;
US – Netflix
UK – BBC – https://www.bbc.co.uk/iplayer/episodes/m001v5dd/vida-the-vet
Ireland – RTE – https://www.rte.ie/player/series/vida-the-vet/10003930-00-0000?epguid=AQ10003931-01-0001
Canada – Treehouse
Germany and Switzerland – Netflix 
Israel – HOP","","United States"
"AnyaRoblox","100000","Hi guys,welcome to AnyaRoblox channel! And on this channel, you'll find thrilling gameplay videos, gaming tutorials, and entertaining commentary. Dive into a world of action, adventure, and strategy as we explore the latest releases and classic favorites. Subscribe now for regular updates and join our gaming community!","","United States"
"Amber Melanie Smith","93500","Tips and strategies to help aspiring changemakers change the world and live a life of impact and purpose! Whether you're trying to make a social impact...

By growing or starting a nonprofit or volunteer organization
Through social entrepreneurship or a socially responsible company
By finding volunteer opportunities to lend your time and talents 
By investing in social change as a philanthropist
By raising your voice as an activist
By being (or raising) an overall awesome, kind person who does good things 

...This channel is for you! Subscribe for a new video each week.

The information contained in these videos is for educational and entertainment purposes only.","","United States"
"FlexWell","79000","Welcome to your online portal to health and wellness!

Wellki is a community for individuals seeking to better themselves through dieting, fitness and shared knowledge.

Originally created as a supplemental resource for our line of products and supplements, Wellki has expanded into a hub for useful content and social engagement. We provide a constant stream of fresh information on health trends, diet programs, workout plans and low-calorie recipes, while also encouraging our network of users to submit their own. With so many people striving toward the same goals in their lives, why not work together?

Through Wellki, the world of wellness is at your fingertips, and it's all free. Dive in and get your health on today.","","United States"
"KSPS PBS Public TV","68800","Welcome to KSPS PBS, your source for captivating on-air, online, and multimedia programs that entertain, engage, and educate. Join us as we explore the fascinating worlds of science, history, and nature, offering diverse perspectives and trusted insights to enrich the communities we serve.

With a reach of two million households across the Inland Northwest and Canada, KSPS PBS invites you to take a front row seat to world-class performances and immerse yourself in thought-provoking content. We proudly serve Spokane, eastern Washington, northern Idaho, western Montana, southeastern British Columbia, and most of Alberta, including Calgary and Edmonton.

Subscribe now to join our vibrant community and embark on a journey of knowledge, inspiration, and entertainment. Let's expand horizons and explore the possibilities of the human experience.","","United States"
"Fidget","66900","Hey, viewer! I love Roblox. And my entire channel is dedicated to this game.","",""
"Holistic Physical Therapy: Orthopedic&Pelvic Floor","65100","Hi!  I'm Hina Sheth, I have been treating complex orthopedics, sports and pelvic floor physical problems for over 25 years with amazing results.  Now I want to bring my knowledge to the global community so I can spread my knowledge to you. Our bodies are complex systems of 600 muscles and organs intertwined in a fascial system that all work together. Imbalances in this system such as trigger points, visceral and myofascial restrictions can lead to joint, pelvic, and organ issues. Factors like nutrition, exercise, sleep, and stress play a crucial role.  Unfortunately, our current health care model does not look at our bodies as a whole and often times compartmentalize musculoskeletal injuries and dysfunctions.  At Rebalance, our goal is to holistically treat this complex system to restore harmony in the body.  By addressing these imbalances, we help clients improve their overall health and well-being.  Our vision is to empower individuals to create a healthier lifestyle for themselves.","","United States"
"Little School","63500","Little School has entertaining educational videos for kids. Currently we focus on Science for Kids and Science Facts.

Soon we'll add content like Coding for Kids, Math for Kids & Grammar for Kids.

We add something new at least once a week, so you’ll want to subscribe to be in, on all the fun.
 If you enjoy our videos, please support us by subscribing and give our videos a “thumbs up.”  

Thank You and Happy Learning!","","Philippines"
"KD Physio","62800","Hi,

I am Dr. Dimpy Gohrani - MPT (Neurology). Life has become very static these days, and I have observed many people are not aware about the basic exercises that people can do to improve their muscle fitness. Through this channel, my objective is to help people in their day to day world, and help live them a healthy lifestyle.","","India"
"WMTW-TV","61500","WMTW.com is your top source for Portland, Maine breaking news, weather and daily local news coverage.  Look to WMTW for political coverage, viral videos and more from Portland's ABC affiliate.","",""
"Official AQHA","59300","Welcome to the official YouTube home of the American Quarter Horse Association. From the arena to the ranch, the trail to the winner’s circle, here, you’ll find the stories, people and horses that power the world's largest equine breed registry and membership organization. Experience exclusive event coverage, behind-the-scenes access, training and educational content, inspiring member stories, championship moments, industry insights and everything that celebrates the versatility and legacy of the American Quarter Horse. Whether you compete, ranch, ride for fun or simply love the Western lifestyle, this channel is your front-row seat to America’s Original Horsepower. Subscribe and become part of the AQHA community, and if you’re ready to take your passion even further, visit aqha.com to join AQHA to access exclusive member benefits, programs, resources and opportunities built for Quarter Horse enthusiasts around the world.","",""
"MOYA - Animal Rescues","56600","MOYA Animal Rescues shares powerful, emotional stories about the rescue of abandoned, injured, or endangered animals in nature. Our content is built on original storytelling, creative visual techniques, and a strong commitment to animal protection and public education.

🎯 Our Mission:
To raise awareness about animal welfare, inspire compassionate action, and encourage responsible behavior when encountering animals in need.

📌 Important Note:
All stories are fictional recreations based on real-world scenarios, produced to deliver positive and educational messages. No real animals were harmed or used in the making of these videos.

Subscribe to support our mission – every view helps spread compassion and care for wildlife.

Fanpage: https://www.facebook.com/moyaanimalresucues/

#MOYAAnimalRescue #AnimalRescue #OceanWildlife #SaveAnimals #WildlifeRescue #RescueMission #RescueStories","","United States"
"Wildz Pawz","56400","Stories created for entertainment, inspiration, and creative storytelling.

All videos on this channel are fictional. The animals, characters, locations, and scenarios shown are not real. No real rescues are shown and no animals are harmed.

Some scenes depict simulated wildlife situations and should not be copied.
If you encounter an animal in distress in real life, contact certified wildlife professionals.

This content is created with the help of AI tools. 🐾🦊","","United States"
"Internyy","56100","High Quality Animal Hospital Roblox Videos

enjoy =)","","United States"
"Roblox Bak","54000","Welcome to the Garden! 🌸

On this channel, you’ll find the best and newest Dandy's World TikTok compilations. I collect the most viral Roblox edits, funniest memes, and creepiest lore videos from the community.

Whether you’re a fan of Dandy, Shrimpo, Poppy, or Goob, there’s something here for everyone. We dive deep into the world of Ichor and Twisted characters!

What you’ll find here:

Dandy's World TikTok Compilations 🍯

High-quality Roblox Edits ✨

Funny & Chaotic Memes 💀

Twisted Character Showcases 👁️

Don't forget to Subscribe so you never miss a drop of Ichor!

Note: I do not own the clips. All credits go to the talented creators on TikTok!","",""
"Explore Planet English","52400","We create fun and educational videos for children learning English from the comfort of their own homes. Go on an adventure and explore Explore Planet English's range of fun, free and hands-on content! Watch fun and memorable lessons, play games, cook, learn how to create, learn about STEM, practise your dance move and sing along to original music on our journey around the wonderful world of learning. 

Start to enjoy learning today: https://www.exploreplanetenglish.com/","","United Kingdom"
"The Tiny Tutors","51400","Welcome to ""The Tiny Tutors"" – your daily destination for fun and educational content designed specifically for young minds! 

🎉 At ""The Tiny Tutors,"" we believe that learning should be an exciting adventure, and our channel is dedicated to making every moment an opportunity to discover, explore, and grow. Join us on a journey filled with colorful animations, captivating storytelling, and interactive lessons crafted to engage and inspire children of all ages.

From ABCs to 123s, rhymes, fun fact videos, our videos cover a wide range of topics to ignite curiosity and foster a love for learning. Whether your little one is just beginning their educational journey or looking to expand their knowledge, our team of enthusiastic tutors is here to make learning both entertaining and enriching.

So, dive into our ever-expanding library of content, where each video is carefully crafted to spark imagination, encourage critical thinking, and empower young learners to reach for the stars.","","India"
"Wagent 00","50400","If Agent doesn't upload it Wagent will.

This is an unofficial fan account and not affiliated with Agent 00

NOT IMPERSONATING Agent 00, just a fan channel uploading extra content from segments Agent 00 does not upload. This channel is exclusively for Agent 00.

For Video Removal and Copyright Issues, please contact me at callmedoublezero@gmail.com
and I will respectfully take the video down.

⚠️DISCLAIMER⚠️:
This channel is not affiliated with, endorsed by, or impersonating any individual, brand, or organization featured in its content. All names, likenesses, and references are used for commentary, entertainment, educational, or parody purposes only, in accordance with YouTube's Terms of Service and community guidelines. Any similarities to real persons, living or dead, are purely coincidental unless explicitly stated.","callmedoublezero@gmail.com",""
"Wildlife Rescue","49600","“True animal rescue stories that restore faith in humanity.”
Join us in spreading this message so more wild lives can be saved.
🤗Thanks for your support! Don't forget to give us a like, subscribe and hit the little bell if you enjoyed this video!

⚠️This video was recreated with the help of artificial intelligence (AI) to tell a powerful story.
But the message we bring to our audience is real and urgent:
Protect nature - Reduce plastic waste - Save wildlife.
At Wildlife Rescue, we value compassion, respect for life, and the unsung heroes who choose not to turn a blind eye.","","United States"
"The Ariel B","48200","Ariel B. | Single Mom of 5 | Jesus Follower 🤍

Welcome to my channel! I'm Ariel B., a faith-led 
single mom of 5 based in Florida documenting real 
life, building financial literacy with my kids, and 
finding joy in the everyday.

What you'll find here:
🏠 Real family vlogs
💰 Financial literacy for kids & families
🌴 Single mom lifestyle

📩 Brand inquiries: Ariel@palettemgmt.com
📱 Instagram & TikTok: @the_arielb

1M+ Instagram • 1.8M TikTok • 285K Facebook","Ariel@palettemgmt.com","United States"
"Animal Hospital Friends","46600","We are The Animal Hospital & Friends! Subscribe for Daily Uploads!

Every Character and Actor in these videos is above the age of 18!","","United States"
"Montgomery College","46500","Montgomery College is a public, multicampus community college in Montgomery County, Maryland. Montgomery College serves nearly 60,000 students a year, through both credit and noncredit programs, in more than 100 areas of study. http://www.montgomerycollege.edu","steve.greenfield@montgomerycollege.edu; transcie.almonte@montgomerycollege.edu; fizie.haleem@montgomerycollege.edu; wdce@montgomerycollege.edu","United States"
"CareerOneStop","43000","CareerOneStop.org is a website of comprehensive career resources. You can find free tools for job searches, career exploration, and education/training information. We are a one-stop destination for self-guided information, also including resources for people with unique barriers to employment (military veterans, justice-involved individuals, experienced workers - 55+, youth/young adults - ages 14-24, and people with disabilities). 

A great place to start is to check out our how-to guides. They will help bring you through our site of resources to aid in your career goals. Visit: https://www.careeronestop.org/HowTo/how-to-guides.aspx to get started.

CareerOneStop is sponsored by the U.S. Department of Labor Employment and Training Administration and is a proud partner of the American Job Center Network.","","United States"
"Isabel Klee","35700","""Welcome to our Dog Channel, the ultimate destination for dog lovers! Join us as we celebrate everything about our furry friends—training tips, fun facts, adorable puppy videos, grooming advice, and heartwarming rescue stories. Whether you're a seasoned dog owner or just considering bringing a pup into your life, our channel is here to provide you with valuable insights and loads of entertainment. Subscribe for weekly content that highlights the joy, challenges, and unconditional love that dogs bring to our lives!""

Feel free to adjust it according to your specific focus or target audience!","","United States"
"Loma Linda University Health","35500","Loma Linda University Health is an academic medical center operating six hospitals, a physician practice corporation, remote clinics in the western United States, and affiliate organizations around the world. These medical services interact with the eight schools that make up our healthcare focused university. This mutual pursuit of excellence leads to outstanding care for our patients and great learning opportunities for our students. 
Loma Linda University is a Seventh-day Adventist organization with more than 4,400 students located in Southern California. Eight schools comprise the University organization. We share our campus with six hospitals where students receive hands-on training. More than 100 programs are offered by the schools of Allied Health Professions, Behavioral Health, Dentistry, Medicine, Nursing, Pharmacy, Public Health and Religion.","birthandbeyond@llu.edu","United States"
"vetstreet.com","31100","Vetstreet.com is dedicated to giving you the most accurate information possible, so you can keep your dogs and cats healthy.

Our articles are written, developed, and reviewed by leading veterinarians, professional journalists, and animal health experts, so you get the most current advice and thinking on everything from finding the right puppy or kitten to dealing with serious medical conditions.

We know that the key to a happy, healthy, long-living pet is a well-informed owner and an expert veterinary care team. At vetstreet.com, we provide the information and tools to make that partnership happen as easily as possible.

We also cover fun events (dock diving, pet parades), track trends (pets in pop culture), review great products (sleek cat toys and cushy dog beds), and explore all the things that make having a pet so amazing.","",""
"Corino","28600","Hello 👋 Hi, I'm from the US. I Love Roblox","","United States"
"WNCT-TV 9 On Your Side","27900","9 is always On Your Side! See breaking news? Send us a news tip at newsdesk@wnct.com or call 252.355.8542","newsdesk@wnct.com",""
"The University of Queensland","27800","For more than a century, The University of Queensland has made significant contributions to Queensland, Australia and the world. Today, UQ is ranked in the top 50 universities globally, with 50,000-plus students and a network of over 200,000 alumni.  

UQ offers outstanding teaching, scholarships, support, and choice in programs, balanced with a campus lifestyle that features a wide array of sporting, cultural and social opportunities.

Subscribe to see highlights from life at UQ.

UQ Community Guidelines: 
https://uq.edu.au/legal/social-media-terms-use/

CRICOS Provider 00025B • TEQSA PRV12080","app-123456@admissions.uq.edu.au; futurestudentsaustralia@uq.edu.au; graduateresearchschool@uq.edu.au; studyabroad@uq.edu.au; with@admissions.uq.edu.au","Australia"
"Gigantic Industry","25600","Welcome to Gigantic Industry - where manufacturing transforms into an art wrapped in pure silence.
Step into a cinematic world of machines, materials, and hypnotic production flows, all brought to life through ultra-realistic AI visuals and calming factory ASMR. No narration. No clutter. Just the quiet reveal of how things come to life behind the scenes.

⚠️ DISCLAIMER
All videos on this channel are created using advanced AI technology for educational and documentary-style purposes.

⚖️ For Informational Use Only:
The content is not an exact replication of real factories or professional procedures.
It is designed solely for learning, inspiration, and entertainment.","","United States"
"Aussie Swag","23600","Aussie swag is about life in Australia as an immigrant, international student, temporary or permanent resident or even as a traveler.  If you are travelling to Australia as an immigrant or as a student then you will find valuable information about Australian lifestyle.
In my videos, I have tried to show the best possible way to help people who are interested in coming to Australia and how a daily life looks like. Moreover, I have my own passion of vlogging and filming, so I just took the camera and started shooting around. 
Australia is a great place to live and work. Sydney, Melbourne, Brisbane, Tasmania and North Queensland are some of the best places to visit and in fact my aim is to travel around Australia and shoot around to share with the world. 
No legal advise is given in any video, you may differ with them as they are my own personal experiences. 
Peace!","","Australia"
"ANIMAL HOSPITAL ADVENTURE","23400","Subscribe for DAILY Videos! 💯

NOTE:  This channel's content is in the form of parody/commentary and is in the form of Fair Use content. 

None of these actions should be replicated in real life, these videos are purely for entertainment.","","United States"
"Harmony Horsemanship and Country Mom Chaos","22300","🌟 Harmony Horsemanship with Lindsey Partridge – Where Horses Meet Real Family Life! 🐴✨
International champion & OTTB/mustang makeover winner Lindsey shares gentle, positive training that transforms horses + everyday farm-mom chaos.
You’ll find:
• Wild-to-champion makeovers
• Step-by-step tutorials & vlogs
• Bridleless shows & adventures
• Country Mom Life → kid baking, animal chaos, budget family trips & healthy-ish recipes
Whether you’re here to master horsemanship or just love watching toddlers feed goats while muffins bake – welcome home!
Start learning → harmonyhorsemanship.com
Visit the farm → partridgehorsehill.com
Questions → info@harmonyhorsemanship.com
Hit subscribe for new horse magic + farm-mom fun every week! 🐴❤️🍪","info@harmonyhorsemanship.com","Canada"
"Julie Gomez","21900","Hi y'all! My name is Julie Gomez, and on this channel you'll find videos about my life as a dog mom, my vet tech life, and overall lifestyle! If you enjoyed your visit, please subscribe to my channel so you don't miss a video! :) 

Email: juliegomezvlogs@gmail.com
Instagram: @julesss0629
Twitter: @julesss0629
Snapchat: @sheplaysbagpipe (Yes, I do play the bagpipes lol)

Julie Gomez
P.O. Box 962086
El Paso, TX 79999","juliegomezvlogs@gmail.com","United States"
"ShaMif Muslim","17200","Welcome to ShaMif Kids — a joyful world of colorful 3D animation, catchy nursery rhymes, and fun preschool learning!

We create cheerful, high-quality musical adventures designed to spark imagination, encourage early speech, and help toddlers and preschoolers explore the world around them.

What your little ones will discover on ShaMif Kids:

Foundational Learning: Colors, counting, ABCs, and shapes

Favorite Nursery Rhymes: Classic sing-alongs with playful new twists

Animal Adventures: Catchy sounds, nature, and fun rescue missions

Healthy Habits: Sharing, kindness, and morning routines

A Safe Screen-Time Space: Our videos provide gentle pacing, positive messaging, and wholesome family entertainment that parents can trust 100%.

Subscribe to @shamifkids and join our musical family today! New videos every week!
#ShaMifKids #NurseryRhymes #ToddlerLearning","","Indonesia"
"Dr. Dan's Plan","17100","InBalance Performance Center and Beat Fitness focus on Empowered Living by achieving the optimal state of health - in body and mind - through instruction on proper body movements and techniques!

Beat Fitness exercise foundations offer solutions that are easily applied to everyday living. Our commitment creates a lifestyle for better everyday living, not just a new gym routine. The choice is yours!

The BEAT FITNESS TEAM engineers classes for all ages and all levels of fitness. Our focus on ergonomically correct postural movements, proper breathing and core stability maximizes each repetition in effectiveness and health benefits. Our passion to live an empowered life drives our commitment to you – ALL DAY – EVERY DAY!","info@turackchiro.com","United States"
"TheFunClub","17000","I make comedy and sometimes vlog my heart out. 

Follow me on Twitter
http://twitter.com/ilanainla

website: 
ilanacohn.com","",""
"ProMedica","16800","SUBSCRIBE TO PROMEDICA TV: https://www.youtube.com/ProMedicaTV

Subscribe to our channel to hear stories from patients, learn about trending topics in our communities, or to pick up wellness tips and recipes that you can use every day. At ProMedica, our Mission is to improve your health and well-being.  

VISIT OUR SITES: 

Website: https://www.promedica.org
Facebook: http://www.facebook.com/promedicahealth
Twitter: http://www.twitter.com/promedicahealth
LinkedIn: http://www.linkedin.com/company/promedica","","United States"
"ThilaSpace","16000","Med school🩺 + Travel vlogs🌏 + music lover🎶🎤🎸 + Poet🙃 + Reviewer🌝 +Astrophile💞  + Food enthusiast😋+ cookery🙋 + Life contents👽 + Randoms😎 
Just a medical student trying to explore the vibe on earth.... Don't know which pathway that I'll end up at least... May be I never end this exploration.. 
  Vlogging is now like one of hobbies to do -  days of medical student life in medical college, hospital and in field visits - med student vlog, university vlog, campus vlog, vacation vlogs, faculty days, cooking vlogs and travel vlogs... I will surely give you my opinion as reviews - hotels, restaurants and food
I'm doing live session on Studying - Study with me - morning , evening and night
I believe anyone can animate and edit videos. So I have done some tutorials on it too. Although my channel is now a vlogging channel, I stated it as a channel for tutorials about video editing😃
Also I love to sing and play guitar / ukulele. ( hope u can listen😁 )
Finally, The game is not over Until I win..😉","","Sri Lanka"
"Bexy Bloxy","15200","Hi I'm editor on alight motion 👋
I make cool roblox videos and animations for you
If you love roblox Subscribe ✨✨✨
.
.
And
.
.
I WILL BECOME KING OF THE PIRATES!!!🍖","","United States"
"NC State","14900","With more than 34,000 students and nearly 8,000 faculty and staff, North Carolina State University is a comprehensive university known for its leadership in education and research, and globally recognized for its science, technology, engineering and mathematics leadership.","","United States"
"City of Arlington, TX","14800","Arlington, Texas, is a thriving community of more than 400,000 residents and the entertainment destination for more than 6.5 million visitors to North Texas each year.","","United States"
"Explore with Amaan & Aariz","14000","Welcome to Explore with Amaan & Aariz! 🌍✈️

Your ultimate destination for travel vlogs, road trips, cultural tours and incredible adventures from around the world! 🌍✨

Join us as we explore the most breathtaking destinations, hidden gems, open highways and stunning locations — capturing every moment, every emotion and every memory along the way! 🎥❤️

From epic road trips and city tours to family travel adventures and cultural experiences — we bring it all to you authentically and passionately from across the globe! 🚗🌍

🕌 Heritage Tours
🚗 Road Trip Vlogs
🌍 Travel & Adventure
👨‍👦 Family Travel Content
🚁 Drone & Aerial Footage
😱 Never Seen Before Series

🔔 Subscribe, hit the bell and join our
travel family — new vlogs every week!

📩 Business enquiries: aa4uvlogs@gmail.com

📲 FOLLOW US:
▶️ YouTube:   @aa4uvlogs
📘 Facebook:  Explore with Amaan & Aariz
📸 Instagram: @aa4uvlogs","aa4uvlogs@gmail.com","India"
"Noisy Roblox","14000","Yo Gang, I'm Noisy. Here you’ll find high-quality and entertaining Roblox funny content. All videos on this channel are fully created by me. I focus on clean edits, strong visuals, and engaging gameplay to deliver content that’s fun and enjoyable to watch.
Thank you for watching and supporting the channel!
contact: fillatron11@gmail.com","fillatron11@gmail.com","United States"
"660 NEWS","11500","Calgary’s source for breaking news, traffic, and weather 24 hours a day.","","Canada"
"Explore With Lily","9780","Let's explore!

Have fun learning about shapes, numbers, colors, and other fun things with Lily!  We are going to explore all of these subjects and topics from Lily's exploration videos.  Babies, Toddlers, Pre-Schoolers, and above will love these fun, educational videos, that will help them along the way with their learning!

Explore with lily is a safe fun place for your kids to learn! 
Ages 1-6","","United States"
"KAMU Public Broadcasting","9780","KAMU is Texas A&M University’s public broadcasting station, providing TV and FM service to the Texas A&M community and the Brazos Valley.

KAMU-TV provides viewers with high-quality and educational PBS content that includes nationally known children’s, cooking and travel shows and locally produced programming that helps promote our world-class university. KAMU-FM provides classical music, jazz, international music, talk radio and award-winning news programs from NPR.","","United States"
"ABC12","9500","🔔 SUBSCRIBE for daily coverage of:

Breaking News: Rapid updates from across Mid-Michigan, including Genesee, Saginaw, Bay, and Midland counties.

Storm Alert WX 12: The region’s most accurate forecasts, specialized in tracking lake-effect snow and severe storms.

Spirit of Mid-Michigan: Uplifting stories featuring the people, places, and community events that make our region strong.

📧 News Tips: Email abc12news@abc12.com or call our newsroom at (810) 257-2800.","abc12news@abc12.com","United States"
"Saving Animal Centers","9370","Saving Animal Centers is a channel about animal rescue, rehabilitation, and the people who give animals a second chance.

On this channel, you will find videos about different animal rehabilitation centers, wildlife hospitals, sanctuaries, rescue shelters, and organizations that help injured, abandoned, or endangered animals.

We share real stories inspired by volunteers, rescuers, animal care workers, and rehabilitation centers from around the world. Some events may be recreated with the help of AI to better show the rescue journey, but the goal is always the same - to raise awareness, support kindness, and show how important animal rescue work really is.

Every animal deserves care, safety, and hope.

Have a rescue video or animal story to share? Contact us: admin@savinganimalcenters.help","admin@savinganimalcenters.help","United States"
"xanny","9370","a current veterinary medicine student in Australia ~ 
study | lifestyle | beauty  ₊˚ʚ ᗢ₊🎧˚✧🫧

💌 email: xanthiawenlee@gmail.com

find me on ig!: 
@xanthialee","xanthiawenlee@gmail.com","Australia"
"Ready Set Explore -Educational Videos for Kids","8900","Welcome to Lt. Learning! Lieutenant Learning is an educational and entertainment YouTube platform, geared toward helping young minds to grow while having fun doing so.   

We put on our big thinking caps while exploring the world around us. We learn about everything from tractors, to farm animals, construction vehicles, numbers, letters in the alphabet, counting, dancing, singing, doing art, painting, and more. We teach toddlers and kids about fun topics that will spark their imaginations. We encourage vocabulary development and engage children with our upbeat and joyous energy. Our content is friendly for boys and girls, something for the whole family to enjoy.  Now let's ""Ready, Set, Explore"" with your new best friend Lieutenant Learning!

Educational Videos for Toddlers & Kids 
Educational Videos for Boys & Girls 
Cooking Videos for Kids
Baking Videos for Kids 
Animal Videos for Toddlers and Kids 
Bulldozers, Children's Museum's, Playgrounds, Zoos, Etc.","","United States"
"MeowToonsOfficial","8570","Welcome to MeowToonsOfficial! 🐾✨
Step into a world of magic, hard work, and heartwarming adventures! At MeowToonsOfficial, we are dedicated to bringing you high-quality 3D animated stories featuring our adorable ginger mother cat and her curious kitten. 🐱❤️
Our stories celebrate the power of dreams and the bond of family. Watch as our cat duo goes on incredible ""Rags to Riches"" journeys—from building space rockets and exploring the deep sea for treasure, to running magical farms and successful businesses! 🚀🍯💎
🌈 Why Subscribe to MeowToonsOfficial?
Inspirational Stories: We believe that with hard work and determination, any dream is possible.
High-Quality 3D Animation: We take pride in creating cinematic visuals that capture the imagination of kids and cat lovers alike.
Family Friendly: Our content is designed to be safe, fun, and heartwarming for viewers of all ages.
Epic Adventures: Whether it's farming magic mushrooms, selling popcorn at a fair, or navigating a submarine—there's","","Bangladesh"
"Colorado news and weather information from KRDO NewsChannel 13","8530","KRDO NewsChannel 13 is your source for breaking news, severe weather coverage, traffic, air travel and safety information in Colorado Springs, Pueblo, Cañon City, Woodland Park, Trinidad, La Junta, Lamar and all of southern Colorado. Visit KRDO.com for up to the minute headlines, videos and live streaming newscasts.","",""
"2WellnessYoga","8480","Loren Reid Johnson-LAc, Senior Universal Healing Tao instructor under Grand Master Mantak Chia 

Yin and yang of wellness is diet and exercise.

The yin, receptive aspect, is the cellular material we take in through food.  The yang, active aspect, is the fitness action we perform.

The pinnacle of fitness sanctioned by thousands of years of human use includes asanas, chi kung, meditation, healing massage bodywork and many other wellness arts from the Indo-Asian yoga tradition.   

Raw and consciously cooked plant based foods can be integrated into any dietary lifestyle to naturally increase energy, lose weight, improve skin appearance, strengthen digestion and replenish our internal reservoir of enzymes which get severely depleted by exclusively eating cooked food. 

2 Wellness media is the synergy of optimal food and fitness practices for the modern lifestyle.","","United States"
"Kellogg Community College","8270","Kellogg Community College is located in Battle Creek, Michigan. The college is an educational institution dedicated to providing accessible, high-quality education to enrich our community and the lives of individual learners.","","United States"
"Journey Daily English","6500","Welcome to Journey Daily English 🌟

Hi! I'm Journey! Here you can practice English every day with slow, simple, and clear lessons through engaging stories and everyday conversations.

My videos are designed for beginners and A2 learners who want to improve their listening and speaking skills naturally.

🎧 What you'll discover on this channel:
- Relatable stories about family, friends, and daily life
- Easy-to-follow English at a comfortable, clear pace
- Practical phrases and vocabulary you can use right away
- Natural conversation practice in familiar situations

From everyday moments to interesting adventures, I'll guide you step by step to help you feel more confident speaking English.

👉 Subscribe and let's make learning English an enjoyable part of your day!","","United States"
"Volhard Dog Nutrition","6010","Volhard Dog Nutrition uses dehydration as a method of food preserving which removes the moisture from raw, whole food ingredients. It inhibits the growth of microorganisms. Bacteria, yeasts and molds need water in the food to grow, and drying effectively prevents them from surviving in the food. Simply re-hydrate our foods with warm water and add your dog’s favorite meat.

Do you have a puppy or an older dog? Is your dog active? Or, does your dog prefer relaxing on a pillow? Volhard Dog Nutrition covers all of life’s stages.

Endorsed by America’s top trainers, Volhard Dog Nutrition, uses only human grade, home grown ingredients without preservatives and are completely and proudly made in the U.S.A.

WHOLESOME, HEALTHY, SAFE DOG FOOD TO SUIT ANY LIFESTYLE

https://linktr.ee/volharddognutrition
1-888-571-2245
www.VolhardDogNutrition.com
Facebook.com/VolhardDogNutrition
Instagram: @VolhardDogNutrition
Twitter.com/VolhardDogFood
Pinterest.com/volharddognutrition","","United States"
"Dr vet vidya👩‍⚕️","5920","Hello ,  I am Dr. vidya  
bvsc from veterinary college jabalpur 
pursuing mvsc from Indian veterinary resarch Institute 
worked as veterinary officer  .👩‍⚕️😇👩‍⚕️🩺 graduated from college of veterinary science jabalpur 👩‍🎓
here to share some information about veterinary counselling , colleges  and 
to save my beautiful veterinary life memories and to share  some shorts of my daily life vlogs and veterinary life ,college life ,studymotivation shorts , travelling shorts , singing and dancing shorts .......
Thanks❤

Milestone (i) -500 subscriber on 18 Aug 2022
(ii)-1000 suscriber on 25 Jan 2023
(iii)-1500 suscriber on 12 June 2023
(¡v)-2k suscriber on 9 Jan 2025
(v).3.78k subscriber on 29 April 2025
(vi) 5 k subscriber on 24 Sept 2025
(Vii) 5.5k subscriber on 27 april 2026
For any query or for contact  email  me on :- vkanoje2001@gmail.com 
Instagram :-
https://www.instagram.com/vidyadr.vet?igsh=MTMydWZ4aDBpYXN0Nw==


INSTA ID-   @vidyadr.vet","vkanoje2001@gmail.com; ID-@vidyadr.vet",""
"CareerSighted","5740","Each CareerSighted video features a real person (not an actor) who really loves his/her career.  Consider this person your ""Career Guide.""  You'll learn what each career is really like and why the Career Guide loves going to work everyday.  It's virtual job shadowing!  From Horse Trainer to Attorney to Celebrity Makeup Artist, we cover a wide variety of careers so that you can discover a career you'll love!

Visit CareerSighted.com to watch the full videos, and ""like"" us on facebook.","",""
"Rabbit Rescue Squad","5460","Welcomes the children to the  Balofun TV Channel - Space of Learning and Entertainment for Children!
Thank you for watching!

The content revolves around superhero characters, and popular cartoon characters such as, Spiderman, Frozen Elsa, Minions, Joker, Hulk, Captain American, Flash, Iron Man, Aladin, Patman Deedpool, Venom, Superman...

Please subscribe and enjoy more: https://goo.gl/IU2Gak
Welcome to website and see more: http://www.tubekids.net/","","United States"
"Jackie Em","4990","Welcome to my cozy, adventurous life ❤️ Documenting my 30s, vlogging my travels, growing in the wellness industry and embracing the soft-girl lifestyle 🤍

For business purposes: jackieem.yt@gmail.com

https://linktr.ee/itsjackie.em

Peace and Love,

Jackie Em","jackieem.yt@gmail.com","United States"
"tails.com UK","4840","Hi, we’re Tails.com 👋 🐾 

We’re a Pack of dog experts, owners and lovers who know every pup is one-of-a-kind. We’re all about feeding your dog’s individuality – 100% tailored food based on their age, breed, zoomie level and tastebuds (seriously, we can handle those picky eaters.)

Subscribe for all the canine content you’re craving:

Free vet & behaviourist advice (cha-ching) 
Training hacks (for the foodies AND the non-foodies) 
Dog-friendly recipes (with flavours for every craving 
Discussion on all things dog (and what makes them special)

It’s great to have you with us.","","United Kingdom"
"Cuyahoga Community College (Tri-C)","4810","The Official Channel of Cuyahoga Community College. At Tri-C, students can choose from more than 1,000 credit or 600 non-credit or professional development courses. #TriCedu","","United States"
"Days of Dan","4790","Hey, I’m Dan 👋 A Brit who swapped life in the UK for Australia’s sunny Gold Coast. On this channel, I share my experiences of moving abroad, the culture shocks, the things I love, the challenges, and everything in between.

This is an honest look at what life’s really like when you take the leap and start over in a new country.

If you’re curious about Australia, thinking of moving here, or just love travel and lifestyle stories, you’ll feel right at home.","","Australia"
"WQOW News 18","4730","Welcome to the official YouTube channel for WQOW 18 News, the Chippewa Valley's source for breaking news, 18 Storm Track Weather, and area sports. From the heart of Eau Claire to Chippewa Falls, Menomonie, and beyond, We've Got You Covered.

🔔 SUBSCRIBE for daily updates on:

Breaking News: Fast and accurate reporting on the stories shaping Eau Claire and the Chippewa Valley.

18 Storm Track Weather: The most trusted weather team in Western Wisconsin, providing your daily AM Forecast and severe storm tracking.

You Ask, We Answer: Our community-driven investigative series where we get the answers to your local questions.

Digging Deeper: In-depth research and reporting on what you want to know about.

STAY CONNECTED 24/7: 🌐 Visit our Website: WQOW.com 📧 News Tips: Email News@WQOW.com or call our newsroom at (507) 895-1919.","News@wqow.com","United States"
"Moment of Truth Physical Therapy","4690","We are all things pelvic health. We help men and women live free from pain and trauma so they can have healthy, active lives without limitations. Specializing in fascial and visceral work to address whole body tension and offer healing. We are wellness, lifestyle transformers who are passionate about educating so you have better health, better SE%, better digestion and feel confident in your body and get free from trauma!
You can also find our current podcast, Change the Conversations, and our previous podcast Bellies, Babies and Birth here!","","United States"
"WorkingNation","4620","WorkingNation is the leading non-profit solution-oriented media organization creating and distributing powerful stories solely focused on the nation’s current and future state of work.We are an eclectic mix of award-winning journalists and content producers, established workforce and labor experts, executives, and philanthropists. Our team members have a passion for human storytelling and an idealistic commitment to building a resilient workforce.We are mission-oriented, with the ability to innovate, adapt, and cover the ever-changing landscape of workforce development; we report on the solutions and the skills needed today and in the coming years.Media and journalism is our business. Workforce development is our passion","","United States"
"Dr Engineer Vlogs","4440","Hi there!! Welcome to our lifestyle channel.
I Abhinav Singh Chaudhary, a digital marketing expert and my wife, Dr. Ankita Singh Chaudhary a veterinary post graduate in Public Health department. We love to share our daily life with you guys to make you smile.

Lots of love ❤️
Dr Engineer Vlogs","","India"
"Institut Takumi Finch","3470","Sandrine Takumi Finch is a master practitioner, fascia-therapist and reflexologist based in France. Sandrine Takumi is specialised in Japanese massage therapies and is the founder of Institut Takumi Finch where you can learn about innovative and ancestral massage techniques. Sandrine Takumi is an active researcher in the Science of Touch. As a fervent ambassador of Japanese massage techniques, you can hear Sandrine Takumi speak at international beauty and scientific congres.

🎓 Head of Institut Takumi Finch
👐 Specialised in therapeutic Kobido
🙋 Founder of Facio-therapy Method 
🇯🇵 Dedicated to Japanese Therapeutic Arts

The Institut Takumi Finch, through its founder Sandrine Takumi Finch, is dedicating its social media to:
 • YouTube channel Sandrine Takumi Finch : learn all about the science of touch
 • Instagram : a day in the life of a master practitioner
 • LinkedIn : Institut Takumi Finch training centre 

https://www.takumifinch.com/","",""
"FawnRescue","3170","Welcome to FawnRescue🐈

We believe every tiny cry deserves to be heard.
Every shivering body deserves warmth.
Every scared animal deserves a second chance.
Every rescue story deserves to be told.

That's why we're here.
That's FawnRescue.

One cry. One rescue. One life changed forever. 🐾

Subscribe for Daily Upload!🔔
—

Our rescue stories are crafted using AI video generation to spread awareness about animal rescue and adoption. No real animals were involved or harmed in any video. Every story is 
fictional but the message behind every single one 
is real — millions of animals need homes right now.
—

If our videos inspire even one person to adopt, 
rescue, or foster — we've done our job.

Adopt don't shop ❤️🐾

For businesses enquiries, please contact:
fawnrescue@gmail.com","fawnrescue@gmail.com",""
"Victoria Rose official","3170","Combining the worlds of an Actress and an Equestrian can make for an interesting and multifaceted lifestyle. Follow along to watch me Advocating for animals in need by showcasing rescue facilities. Also having fun with lifestyle and product reviews. Enjoy!","","United States"
"ZaaraJas Talks","3070","Hey  guys, 

Welcome to my channel 💕 Here you’ll find health and social care classes,quick and tasty cooking shorts, and fashion favourites with dress love. 
❤️ A mix of knowledge, style, and flavour – all in one place

🫰🏻🫰🏻channel brings together learning, food, and fashion – because life is about caring, creating, and celebrating.
With love 
Jasmin","","United Kingdom"
"Magic Kids","3010","**Welcome to Magic Kids 
Your go-to destination for fun, educational, and family-friendly videos for babies, toddlers, and young children! At BABYWORLD068, we create engaging content designed to help little ones learn, laugh, and grow. From catchy nursery rhymes and playful songs to colorful learning videos, we offer a variety of entertaining and educational videos that parents in the **UK** and **USA** trust for their kids' enjoyment.

🍼 **What We Offer:**

* **Baby Learning Videos**: ABCs, 123s, colors, shapes, and more!
* **Fun Nursery Rhymes & Songs**: Sing along with your little one to popular tunes.
* **Animated Baby Videos**: Cute, colorful, and educational animated videos for toddlers.
* **Playful Stories for Kids**: Engaging and imaginative stories to spark creativity.","","United States"
"Open Study College","2480","Having helped over 150,000 people improve their skills with a trusted qualification, Open Study College is one of the UK’s largest distance learning colleges.

Offering over 700 courses ranging from childcare to beauty, accounting to event management, we have something for everybody. Whether you want to improve your skills, progress in your current career, take on a new path or even gain a new hobby we have the course for you!

Go to our website or call our team of advisers on 0330 822 2635.","","United Kingdom"
"Official NYPTV","2470","NYPTV is a campus channel managed by Year 3 Diploma in Media and Communication Management students. We keep it fun and fresh here!

Want the hype on the latest trends, tech, and culture? 

Tune in to our different segments of What's Your Take?; Tech Trailblazers; Lifestyle Happenings; Up Close; Innovation and Enterprise; Invisible Stories; Sustainability and Catch+ today!


Check out our socials and our Catch+ website below ↓","",""
"Inside the Wellspace: Women, Wellbeing, Wisdom","2340","Inside the Wellspace is a podcast redefining women’s wellness—through a female lens. For too long, our health has been studied, diagnosed, and treated from a male perspective. Hosted by wellness advocate Cathy O’Brien, who brings 25+ years in global beauty, a masters in social work focusing on women’s issues, and her own deeply personal health journey, this show features real, honest conversations about the overlooked and critical aspects of women’s short and long term health and well-being.
From hormones and mental resilience to sleep and bone health, Cathy sits down with top doctors and experts to break down the science and share practical, evidence-based tools. The goal? To help you feel informed, empowered, and in control of your health.
Subscribe for a smart, doable approach to wellness that actually speaks to you.","","United States"
"Grady Newsource","2290","Grady Newsource is a digital and on-air news organization covering Northeast Georgia with live broadcasts, documentaries and special shows. Its staff is journalism majors at the University of Georgia's Grady College of Journalism and Mass Communication.","","United States"
"The Animal Intuitive®","2270","I'm Anne Angelo Webb, The Animal Intuitive — 20+ years supporting your animal family's behavioral, emotional & physical wellness through animal communication, acupressure & massage.

Learn with me on YouTube, or visit IntuitiveTouchAnimalCare.com for classes at Animal Intuitive® Academy, consultations & Wellness Plans with acupoints chosen for your pet at home — plus a free Animal Communication Meditation!

I'm a Licensed Clinical Social Worker (LCSW), but this channel is educational/entertainment only—not therapy or clinical care, no therapist-client relationship formed here.

I also offer hypnosis & Brainspotting for communicators & others seeking peak performance.

📖 Children's author: Meesha's Heart Adventure: Emotional Regulation While Learning How Animals Think & Feel, & Meesha's Songs!

 🎤 Media inquiries: Anne@IntuitiveTouchAnimalCare.com

🎧 Also on Apple & Spotify Podcasts—search ""Anne Angelo Webb The Animal Intuitive.""

Subscribe & join our community!

God Bless, Anne","Anne@intuitivetouchanimalcare.com","United States"
"CityOfLewisville","2210","Lewisville offers the convenience of DFW Airport 10 minutes away, comfortable hotels, activities on Lewisville Lake and at LLELA Nature Preserve, cultural arts and entertainment, world-class golf, cozy eateries, shopping galore & quaint Old Town Lewisville.","","United States"
"Hills meet Plains","2150","Hello, everyone, This is Aditya and Christina from Kolkata. Welcome to our channel, me being from Kolkata and Christina being from Darjeeling, our channel will showcase a mix of bengali and nepali culture. Here, we will show you travel vlogs, food reviews, hotel reviews, product reviews and you will be a part of our family.","","India"
"Animal Rescue Center","2140","Animal Rescue Center is currently undergoing a comprehensive content update.

Our channel is now in a transition phase focused on quality over quantity. During this period, we are refining our creative process, reducing repetitive formats, and restructuring our storytelling approach to ensure clearer context, stronger educational value, and full policy compliance.

Going forward, Animal Rescue Station will:
• Clearly disclose AI-assisted or fictional elements where applicable
• Avoid sensational or misleading narratives
• Focus on responsible animal welfare, prevention, and ethical awareness
• Create more original, thoughtfully structured content with clear purpose

This update is part of our commitment to building a more transparent, meaningful, and sustainable channel. We appreciate the patience and understanding of viewers and the YouTube review team as we work to deliver better content moving forward.","","United States"
"SkoolDoggery","2100","Welcome to Skooldoggery, where we cut through the noise and bring a common-sense approach to dogs and puppies
We mainly focus on Dog-U-Tainment and puppy advice, but you never know what we might cover next!

Our channel is dedicated to providing expert puppy training advice to help you raise a well-behaved dog who is a joy to live with. Training tricks is only part of the fun of owning a dog, your new best friend needs to be fun to live with too! You don't have to live with a dog who barks at the front door, barges past you when you open it or be bossed around at meal times. Follow our dog training advice to embrace a calmer home life with your pet. 

If you're thinking of getting a dog, we can help you with that too. We produce videos about our favourite breeds of dog so you can learn more about a breed's individual needs to make sure you find the right dog for your lifestyle. 

Hit the subscribe button and watch through our playlists and don't forget to share your story with us.","",""
"Animal Rescue AI","2080","Welcome to our channel, where we share AI-generated animal rescue stories created for educational and storytelling purposes. Each video presents an original, dramatized narrative focused on animals being saved from difficult or dangerous situations by compassionate individuals.

⚠️ Important: All content on this channel is AI-generated and fictional. No real animals or people are ever harmed, placed in danger, or exploited. We do not stage real rescues, promote cruelty, or encourage unsafe behavior. These stories are created to highlight the importance of animal safety, responsible care, and empathy toward all living beings.

Through narration and creative storytelling, our goal is to raise awareness, inspire kindness, and share uplifting rescue moments with positive outcomes. If you appreciate meaningful, respectful animal rescue stories presented responsibly, you’re in the right place.","",""
"Malama Chiropractic","1980","We are  health experts, dedicated to providing quality care and information to our patients and the public. Our goal is to empower individuals to take active roles in their health, through natural services, products and lifestyle choices. 
We encourage you to visit our website, or come and meet us here in Kona, Hawaii.
www.malamachiropractic.com
808-329-7797","",""
"Jo Cottrell - Dog Trouble","1860","Jo Cottrell- Dog Behaviourist and Owner of Dog Trouble Ltd will be sharing some amazing educational videos each week on Dog Behaviour, Training and Wellness to help you tackle some of the issues you may be having with your dog's behaviour, health and well being!  We might also throw in some of the funny moments we have with all our furry friends on the farm!","","United Kingdom"
"SmartPaw","1780","SmartPaw is Singapore's First Smart Pet Online Shop E-Commerce platform. Over here, we have the widest range of pet technology related products in Singapore. At the same time, we carry popular pet brands for all kinds of pet care needs. Our key focus is to bring in innovative and premium pet technology products in order to help simplify your lifestyle as a pet owner, as well as your pets' well being. We believe in quality services and pet products to build a good relationship with our customers and at the same time, keep your pets socially engaged and mentally happy. Our mission is to simplify pets' and pet owners' lives with the help of pet technology.

Connect with us at our Facebook  : www.facebook.com/sgsmartpaw
                                         Instagram  : www.instagram.com/sgsmartpaw","","Singapore"
"Animal Hospital Toys","1550","Welcome to Animal Hospital Toys! 🏥🧸

Enter the funny, mysterious, and exciting world of Animal Hospital Roblox brought to life with toys, characters, miniatures, DIY creations, and crazy adventures!

Here you'll discover Animal Hospital Toys, Roblox Animal Hospital characters, Anomalies, monsters, DIY toys, funny stories, scary adventures, challenges, and entertaining YouTube Shorts.

👻 Animal Hospital Anomalies & Monsters
🧸 Animal Hospital Toys & Characters
🎮 Roblox Animal Hospital Adventures
🎨 DIY Toys & Miniatures
😂 Funny & Crazy Moments
🔥 Animal Hospital Shorts

Meet amazing Animal Hospital characters and discover mysterious Anomalies, monsters, and unexpected adventures.

If you love Animal Hospital, Roblox, toys, monsters, funny videos, and creative adventures, this channel is for you!

Subscribe to Animal Hospital Toys and join our next adventure! 🔔

Fan-made entertainment content inspired by the Animal Hospital Roblox universe.","","Indonesia"
"Catherine Haggerty","1540","Thank you for taking time to visit my channel. My name is Catherine & I love following my heart, animals, & striving to live a healthier lifestyle....although pizza 🍕 is still my favorite all time food. I’m also in continual pursuit of finding the best tasting mocha latte ☕️

I enjoy trying new recipes, tips, & kitchen tricks, riding horses, & spending time with my epileptic dog,  Frankie. I also started investing in 2017 and wish I would have listened to my Dad when I was in my 20s (don't we all - hahahaha). I lean on God during the hard times and enjoy his guidance and blessings in the good and bad times. 

Anyway, this is my journey and I am so happy you have decided to stop in to ""see"" what I am up to. Take care & God bless!!

** some posts contain affiliate links and I earn a small commission from them. Thank you for your support 😊","","United States"
"WildQ - Animal Rescue","1400","WildQ – Animal Rescue is where every heartbeat in the wild matters. 🐾
We bring you AI-generated emotional, cinematic rescue stories from forests, oceans, and cities — where compassion meets courage. From injured wildlife to helpless pets, every short captures the fight for survival and the power of kindness.

🌍 What you’ll find here:
• AI-generated recreations of real-life animal rescues that inspire hope
• Wildlife recovery stories and second-chance journeys
• Emotional bonds between humans and animals
• Awareness about conservation, safety, and compassion
• Short, impactful films designed to educate and move hearts

💚 Our mission is simple: to inspire kindness, protect life, and celebrate nature’s miracles.

👉 Subscribe now and be part of a community that believes every rescue counts. 

#wildq #wildlifeshorts #natureshorts #animalshorts #wildlifedocumentary #wildliferescue #animalrescue #rescueshorts #emotionalstories #kindness","","United States"
"TheAnissaMonee","1340","Hi lovely I’m Monee and I hope to  inspire women to rebuild confidence, embrace self-care, and romanticize their lives through wellness, solo dating, beauty, lifestyle products, and motivational conversations.

📌 Connect with me here:
👉🏾 https://theanissamonee.bio
📧 Business Inquiries: business.anissamonee@gmail.com","business.anissamonee@gmail.com","United States"
"Hot Massage","1320","massage auxbatons, massage traditional, massage therapeutics, massage for relaxing, massage relaxation, massage reflexology, massage therapist, massage asmr, massage techniques, massage envy, massage prank, massage sloth, massage asmr tapping, massage benefits, massage class, massage calf, massage detox, massage education, massage joints, massage oil asmr, massage pain, massage tips, massage therapy asmr, massage shoulder, massage foot, Body massage, Back massage","","Pakistan"
"Phoenix College","1310","Phoenix College is the Flagship college of the Maricopa Community College District in Phoenix, Arizona. With over 150 degree and certificate programs, including two bachelor degree programs, Phoenix College serves approximately 17,000 students each year. We work hard to prepare you for whatever your next step is — university transfer, career training, and advancement, or lifelong learning.","","United States"
"Moraine Valley Community College","1190","Moraine Valley Community College is dedicated to ensuring our students gain the knowledge and skills to meet the demands of a changing world. Take a look at our programs and distinctions, and you'll see why we are among the nation's premier two-year institutions of higher learning.

Transfer programs—complete the first two years of a bachelor's degree
Career programs—training opportunities in high-tech industries, business, health science, industrial technology, and public service
Developmental Education—GED, Adult Basic Education, English as a Second Language
Continuing education and leisure-learning opportunities—a wide variety of programs for adults and children
Student support services dedicated to successful learning
Career search assistance
Online, evening, weekend, and short-term classes designed for learners with busy lifestyles
Business and industry partnerships and customized training","",""
"Lansing Community College","1130","Lansing Community College is one of the largest community colleges in Michigan, serving more than 13,000 students each year. It offers more than 200 degree and certificate programs with online, in-person, hybrid and hy-flex class formats, in addition to career and workforce development and personal enrichment options for learners of all ages. 

The college was founded in 1957 and has since grown from its flagship campus in downtown Lansing to include locations in Delta Township, East Lansing and Mason. LCC is consistently named one of Michigan's best community colleges, and students enjoy unsurpassed instruction, beautiful facilities, cutting-edge technology and comprehensive support services to help them succeed.","",""
"News Up Now","1080","News UpNOW is a nonprofit organization focused on covering arts and entertainment while fostering community connections in the Bay Area. Through engaging stories and diverse content, we aim to highlight local talent, events, and cultural initiatives that bring people together. Our mission is to create a vibrant platform for artistic expression and community engagement.","","United States"
"Bouvé College of Health Sciences","1010","With more than 60 undergraduate and graduate programs, the Bouvé College of Health Sciences offers students extraordinary opportunities in four preeminent schools:  Community Health and Behavioral Sciences, Nursing, Pharmacy and Pharmaceutical Sciences, and Clinical and Rehabilitation Sciences. United across disciplines - preparing the next generation of highly skilled, versatile, and enterprising health care leaders, while advancing high-impact research to address the world’s challenging issues.

Learn more about Bouvé’s inter-professional classroom approaches, Simulation exercises that prepare students for real-life crises, state-of-the-art facilities that foster high-impact research, student and faculty spotlights, and so much more. 

Welcome to Bouvé College. Redefining what's possible in healthcare and health sciences.
Find us on social @NUBouve","","United States"
"Saskatoon Industry Education Council","908","The Saskatoon Industry-Education Council (SIEC) is a bridge between Saskatchewan’s career opportunities and Saskatoon area youth. Through a partnership among business, K-12 and post-secondary schools, unique hands-on career exploration events and programs are designed and delivered to students, helping them find a career that connects their passion and natural talents with current and future workforce needs.","","Canada"
"lanabaloo","896","Hello! I'm Elana, and I like to make things. I mainly upload cosplay, crafting, and sewing-related videos - or I used to, but I'm currently in vet school, so I'm just posting whatever at the moment!","","Canada"
"𝐃𝐫. 𝐀𝐧𝐬𝐡 𝐑𝐚𝐣 | 𝐏𝐡𝐲𝐬𝐢𝐨𝐭𝐡𝐞𝐫𝐚𝐩𝐢𝐬𝐭⚕️","882","Welcome to my ""PHYSIOS CARE""💆‍♂️🧎‍♂️👨‍⚕ Channel! 💪

This channel is dedicated to helping you live a pain-free and healthy life through expert physiotherapy guidance. Here, you will find videos on:

✔️ Neck Pain & Cervical Spondylosis
✔️ Back Pain & Sciatica Relief
✔️ Posture Correction Tips
✔️ Daily Exercise & Stretching Routines
✔️ Injury Recovery & Rehabilitation
✔️ Home Remedies & Lifestyle Tips

•Our goal is to provide simple, effective, and science-based exercises that you can do at home without any equipment.

•👨‍⚕️ Whether you're suffering from pain, recovering from injury, or just want to stay fit—this channel is for you!

•📌 New videos regularly — so make sure to SUBSCRIBE and stay updated!
•👉 Follow us for daily physio tips and start your journey towards a healthier life.
•🔥 Short Version (for quick setup)
Physiotherapy tips, exercises & pain relief videos 🏥
Helping you recover from neck pain, back pain & injuries 💪

Subscribe for daily health tips!","",""
"RogueCCVideos","739","A comprehensive, two-year public community college, RCC offers two-year degrees, over 80 career and technical training programs; a variety of workforce and short-term training, academic skills and community education classes, in addition to services to the business community. 

Established in 1970, RCC is accredited by the Northwest Commission on Colleges and Universities and serves residents in Jackson and Josephine counties through the Redwood Campus near Grants Pass, the Riverside Campus in downtown Medford, and the Table Rock Campus in White City.","","United States"
"theACMutube","732","Allegany College of Maryland is a high quality, low cost educational community college with its main campus set in the mountains of Maryland's Allegany County and branch locations in Pennsylvania's Bedford and Somerset Counties. We are a college that cares about our students and the communities we serve. ACM is open to all students who can benefit from collegiate instruction. Admission or readmission to certain programs is selective; but for the most part, Allegany College of Maryland maintains an open door admissions policy.

We take pride in our outstanding students and graduates and in their accomplishments and career success. The fact that 100% of employers were found to be ""likely"" or ""very likely"" to hire additional program graduates from our college is a point of pride for us. 

For general information on Allegany College of Maryland, please call us at 301-784-5000 or email infocenter@alleg","","United States"
"The Children's Institute of Pittsburgh","722","The Children's Institute is dedicated to promoting the well-being of young people and their families and providing services that meet their special needs.

Established in 1902, The Children’s Institute of Pittsburgh is an independent and licensed nonprofit organization whose mission is: To Heal. To Teach. To Empower. To Amaze. The passionate team at The Children’s Institute is dedicated to the amazing kids and families they serve, helping children to reach their full potential through educational services, autism services, outpatient physical and behavioral health services, family support services, and early intervention.","",""
"Michigan Creative","707","We are a full-service marketing and creative agency, but we are so much more than that.

Michigan Creative is the only risk-taking creative agency unlocking custom, original solutions for innovative entrepreneurs and industry disruptors in the Midwest, who want an elite vibe to stand out in an era of automated band-aid solutions and run-of-the-mill online noise. National reach. Midwest values. Detroit grit.

We have the experience and capabilities to lead your marketing initiatives from branding, graphic design, and advertising to all facets of video production, animation, web, and social media.

Welcome to Michigan Creative! We can’t wait to create with you.
https://michigancreative.com
https://michigancreative.com/services/video-production","","United States"
"Allied Physical Therapy","653","We are your Wellness Connection! Offering helpful tips to keep you doing what you love – without pain and without invasive surgeries or dangerous drugs. We're all about getting you back to what you love! *Disclaimer: The information provided in these videos is intended for your general knowledge only and is not a substitute for professional medical advice or treatment for specific medical conditions. You should not use this information to diagnose or treat a health problem or disease without consulting with a qualified healthcare provider.","","United States"
"Jefferson State","615","Quality education blended with convenience, value, and personal attention

For more than 50 years, Jefferson State Community College has served Central Alabama by providing a quality education blended with convenience, value and personal attention. JSCC remains firmly rooted in the communities we serve, consistently helping people of all generations acquire the education and workforce training needed to achieve their goals.

Jefferson State serves approximately 15,000 students each year and is one of the largest community colleges in Alabama. We offer more than 120 university transfer programs, 33 career programs and numerous certificate programs at our four campuses in Jefferson, Shelby, St. Clair and Chilton counties. In addition to these campuses, we have an extensive online presence to allow flexible learning from any location.","","United States"
"Pet Life Radio","575","Pet Life Radio is the largest and #1 pet podcast and radio network on the planet, featuring all-original content as weekly pet-related talk shows and podcasts, hosted by the most well-known pet experts, authors and radio and TV personalities in the world of animals and pets. With over seven million monthly listeners Pet Life Radio has hosted celebrity guests like Jennifer Aniston, Owen Wilson, Betty White, Amy Schumer, Rachael Ray, Ryan O'Neal, Paris Hilton and many more. Pet Life Radio just recently won a prestigious Genesis Award, a 2021 Vetty Award, and is the Official Radio Network of the American Humane Association.  Pet Life Radio has millions of pet loving listeners worldwide","","United States"
"Time We Discuss: Career Stories","547","Discover discovery and career exploration at its best! Listen to career discussions and interviews with people doing real jobs and find out what it's really like in the day in the life of various occupations. Through different interviews, learn about the jobs of different professionals.  Find out how to choose a career and whether it makes sense for you to go to college or jump right into a career. This career and job resource is the ultimate guide for anyone exiting high school and trying to find the right job. Are you already established in your career and concerned about how to make money by leveraging skills which you already have? If you are wondering how you can change careers in your 30s, 40s, or 50s, I've spoken with professionals who talk about changing career paths successfully. The career change tips provided by over 125 professionals (and growing) is the perfect career advice that you need.","","United States"
"Natur Tyme","509","THE NATUR-TYME DIFFERENCE
• Healthy smoothies, Organic Coffee, Nutritious juices
• Eco-friendly & toxin-free Enhanced Beauty Salon
• Complimentary consultations with Health & Wellness Educators
•Vitamins/supplements/herbs/homeopathics
• Natural personal care and householdcleaning products
• Eco-merchandise (bed & bath/clothing)
• Bulk foods/herbs
• Pet food and supplements
• Gluten-free
• Wheat-free
• Vegan

Contact us:
Phone: 315 488-6300
Fax: 315 488-6336","",""
"PupSpa Studio","503","🦮Golden boy Bender
Bath&Spa Days🛁·Pup Eats🥗·Golden daily life✨","",""
"K27 WELLNESS HUB","485","Welcome to K27 WELLNESS HUB UNISEX 
This channel is dedicated to wellness, massage therapy, relaxation techniques, beauty care, self-care tips, health awareness, lifestyle improvement, and professional therapy guidance.
Here you'll find: ✔ Massage Therapy Tips
✔ Wellness & Relaxation Techniques
✔ Beauty & Self-Care Advice
✔ Daily Lifestyle Vlogs
✔ Health Awareness Content
✔ Professional Therapist Insights
Subscribe and join our wellness journey.
📧 Email: k27hub@gmail.com

K27HUB UNISEX TANSUKHA में आपका स्वागत है।
इस चैनल पर आपको Wellness, Massage Therapy, Beauty Care, Self Care, Health Tips, Relaxation Techniques और Lifestyle से जुड़ी उपयोगी जानकारी मिलेगी।
✔ Massage Therapy Tips
✔ Stress Relief Techniques
✔ Beauty & Wellness Tips
✔ Daily Vlogs
✔ Health Awareness
✔ Professional Therapy Knowledge
📧 Contact: k27hub@gmail.com","k27hub@gmail.com","India"
"Prins Petfoods","478","Prins Petfoods maakt 100% natuurlijke honden- en kattenvoeding. Geperste en krokante brokvoeding, buiten de koeling houdbare vleesmaaltijden en diepvries vers vleesmaaltijden. Voedingen voor alle behoeften en levensfasen, allemaal op basis van hoogwaardige producten met grondstoffen die een gezonde werking van het lichaam ondersteunen. Prins staat als familiebedrijf al meer dan vijftig jaar voor streng gecontroleerde Nederlandse kwaliteitsproducten,  dierproefvrij en zonder geur-, kleur- en smaakstoffen. Prins staat niet alleen voor lekker en verantwoord eten, maar voor een complete lifestyle. Met leuke, nieuwe ideeën en aandacht voor het dier op elk moment, tijdens iedere levensfase. Kennis en advies staan daarbij hoog in het vaandel. Meer weten? Ga naar www.prinspetfoods.nl","","Netherlands"
"Tallo","414","Tallo bridges the gap between talent and opportunity, empowering both individuals and organizations to transform uncertainty into confident, purposeful connections. 
 
For talent seekers, we're a modern recruitment platform that connects talent-driven organizations with skilled candidates, moving beyond reactive hiring to proactive talent discovery. 
 
For individuals ages 13-30, we serve as a trusted guide through career exploration, skill development, and meaningful connections that align with their unique abilities and goals. 
 
Our mission is to enable individuals to explore careers, build valuable credentials, and ultimately secure roles that lead to better lives. We envision being the co-pilot that helps navigate from career uncertainty to confident action, providing the tools and connections for lasting success.","","United States"
"Voices of Foster Pets Studios","385","Family friendly entertainment for animal lovers of all ages. We are a nonprofit YouTube series dedicated to helping foster dogs and cats find loving homes through the power of storytelling and voice acting. Our talented voiceover artists bring foster pets to life, giving them a voice while showcasing their unique personalities. Through creativity, compassion, and collaboration with rescue organizations, we help raise awareness for animals in need of adoption. Every pet deserves to be heard, and every pet deserves a loving home. 
You can find us on Instagram @voices_of_foster_pets
 

family-friendly entertainment for animal lovers of all ages.
#adoptdontshop  #familyfriendlyentertainment   #animalrescue","","United States"
"Southern Union State Community College","370","Southern Union State Community College, an open admission, public two-year college and member of the Alabama Community College System, provides quality and relevant teaching and learning in academic, technical, and health science programs that are affordable, accessible, equitable, and responsive to the diverse needs of its students, community, business, industry, and government.","","United States"
"Modoma Health","369","You are unique - your health care should be too. Based on the
fact that no two people are alike, Modoma provides a personalized
and integrated approach to your care. This innovative approach
specifically empowers you with the knowledge and support you
need to optimize your health.

By putting you at the center of care, we found that the integrated
model developed around your personalized needs and goals is the
best way to achieve optimized health. 

With this in mind, we developed the Modoma Method™ - an evidence-based comprehensive approach around our Pillars Of Health which includes Activity, Recovery, Nutrition, and Lifestyle. 
We have found that integrating the 4 pillars into our services provides synergistic results that accelerated our patients to achieve their goals.","","United States"
"Kustom Career with Josh","337","Hey-Josh here! I'm a rehabilitation counselor; my job is to help people explore and select new careers that fit within their own unique set of skills and interests. Thats a fancy way a saying, I'm gonna help you find out about careers that you can succeed in and that pay well. As the founder of Kustom Careers, I will be presenting you with brief and informative videos on many of todays best careers. In addition, I focus on careers that only require a year or two of training and then you'll be on your way working in your new career. It might come as a surprise to some of you but the training for many of these great careers can be found at your local community college at a fraction of the cost of a college or university. Anyway, I'm really glad you found my channel, thanks so much for checking it out. Don't forget to hit that like and subscribe button and let me know in the comments section below the videos you'd like to see in the future.

Thanks,

Josh","","United States"
"Veronica Robinson","323","Hey guys! My name is Veronica and I'm a 28-year-old mom and wife. I started vet school in fall of 2022 at UGA and am on track to graduate May of 2026!! There will be videos on lifestyle, veterinary medicine, and sometimes vlogs. Videos will be posted every other week so be sure to like and subscribe!","","United States"
"Massage Expert Wellness Lab","274","Welcome to the Massage Expert Wellness Lab – your ultimate destination for all things wellness, fitness, and self-care! Join us as we dive into the transformative power of massage therapy, explore holistic health practices, and discover the best tools and techniques to help you feel your absolute best. 

Whether you’re a seasoned therapist, a wellness enthusiast, or just starting your journey to a healthier lifestyle, we’ve got something for everyone. From expert tips and product reviews to inspiring discussions and hands-on demonstrations, we’re here to educate, motivate, and empower you to take charge of your well-being.

Subscribe now and become a part of our vibrant community dedicated to living stress-free, staying fit, and unlocking the best version of yourself. Let’s get hands-on and make wellness a way of life!","","United States"
"Wildlife Animal Rescue v3.0","267","Welcome to Wildlife Animal Rescue v3.0 – The Future of Wildlife Storytelling. 🌍🤖

Experience the animal kingdom like never before. We combine passion for wildlife with cutting-edge Artificial Intelligence to bring you breathtaking, hyper-realistic, and imaginative animal rescue scenarios.

What you'll find here:

🐾 AI-Generated Rescue Missions: Heartwarming and heroic stories visualized through AI.

🦁 Futuristic Conservation: Exploring how technology could save endangered species.

🎥 Cinematic Wildlife Art: Stunning 8K visuals of nature’s most majestic creatures.

Join us on this digital journey to raise awareness and celebrate the beauty of nature through the lens of AI technology.

Subscribe to witness the evolution of rescue. #wildlife #animals #rescue 

https://www.youtube.com/@WildlifeAnimalRescuev3.0","","Pakistan"
"Vet Life VLOGS","251","Welcome to our channel where we share our daily life as a veterinary couple. From our job routine to our travels, we give you an inside look at our daily vlogs and special moments. Follow us as we visit farms, share our knowledge and experience in the veterinary field, and give you a glimpse into our personal lives. Whether you're interested in veterinary medicine or just love watching vlogs, we hope you'll enjoy our channel and join us on this journey","",""
"Workplace Learning Connection - Kirkwood","246","Workplace Learning Connection, a department of Kirkwood Community College,  partners with area middle schools and high schools, and local businesses and industry in coordinating high quality career exploration opportunities for students. These opportunities allow students to explore career interests, discover local opportunities, connect classroom learning to careers, gain confidence and plan for their future.

Through job shadows, internships and career events, we're developing our future workforce and talent pipeline by connecting today's students to tomorrow's careers.
http://www.kirkwood.edu/wplc","","United States"
"Whalen Chiropractic and Rehabilitation","245","This is a channel to demonstrate therapeutic activities for patients and others seeking movements, exercises, and lifestyle changes to improve their quality of life.  Consult with your therapist or physician before before starting a therapy routine.  Demonstrations are for educational purposes only.","",""
"Rabbit Rescues","230","Welcome to Rabbit Rescues!  🌟

Hop into a world of touching, AI-generated tales featuring a brave little rabbit and its heartwarming adventures. 🐰✨ Each story is designed to inspire, move, and bring joy to your heart. From emotional rescues to unbreakable friendships, our stories teach kindness, courage, and the beauty of helping others.

💡 What we offer:
✔️ Unique, story-driven rabbit adventures.
✔️ Stunning AI visuals that bring each tale to life.
✔️ Short, meaningful stories filled with warmth and emotion.

🐾 Join the Rabbit’s Journey family for daily adventures full of love, friendship, and inspiration. Subscribe now and let the journey begin!

#animalsrescue  #bunnyadventures   #heartwarmingtales   #aistories  #cuteanimals #rabbitrescue","","Malaysia"
"mee veterinary ammai","198","Welcome to mee veterinary ammaii 🐾

Here you’ll find practical animal care advice, delicious home cooking, and authentic daily vlogs.
What You’ll Find Here:

🐄 Animal Care & Tips: Livestock health precautions, disease prevention, and practical first-aid guides for cows, goats, and farm animals.

🍲 Cooking & Recipes: Quick, simple, and tasty dishes made step-by-step in my free time.

🎥 Daily Life & Vlogs: Behind-the-scenes, personal daily routines, and lifestyle moments.

Join the journey for useful veterinary tips, great food, and fun vlogs!
👉 LIKE, SHARE & SUBSCRIBE to support the channel! 🔔

⚠️ Disclaimer: The information provided in this channel (videos/shorts) is strictly for educational and informational purposes only. It is NOT a substitute for professional veterinary advice, diagnosis, or treatment. Always consult a licensed veterinarian for specific health concerns regarding your pets or animals.


📩 vetguideandvlogs@gmail.com","vetguideandvlogs@gmail.com","India"
"Heather Ledbetter Art","196","I'm an artist who does traditional, hand-drawn animation and other artsy things. :)","","United States"
"Bound by Dogs","180","Bound By Dogs is a dog centered lifestyle brand focused on training, rescue, adventure, structure, and vanlife with Arthur and Kronos. Our mission is to help keep dogs out of shelters through education, real world obedience, and purposeful living.","","United States"
"Vet MR Diaries","152","Welcome to |VET MR DIARIES| YouTube channel 🥰

Email-Veerlodhi6263@gmail.com

Hey there ! This's Veer & i""ll be posting Vet vlogs | field work | MR Lifestyle | Study vlogs | 
Fitness vlogs | struggle story | Motivational shorts & many more things here on my YouTube Channel. 
This journey is really going to be learn new things ...

please do support & lets learn together❤️","Email-Veerlodhi6263@gmail.com","India"
"Amazing Animal Rescue","144","🌟 Amazing Animal Rescue 🌟

🐾 We are the voice for the voiceless!
At Amazing Animal Rescue, our mission is to save, heal, and inspire compassion for abandoned, weak, and injured animals.

💡 Powered by Artificial Intelligence (AI) and creative storytelling, we bring to life moving rescue tales that:
✔️ Share inspiring journeys of hope and recovery
✔️ Provide essential knowledge on animal care
✔️ Spread kindness and awareness for all living beings

⚠️ Note: All scenes on this channel are AI-generated simulations and not real-life rescue events. Our goal is to raise awareness and promote compassion without causing harm to any animal.

❤️ Every video is a story of transformation — from despair to hope, from suffering to a second chance. Join us in building a more humane world, one rescue at a time!

👉 Subscribe, share, and be part of this movement for animals! 🐶🐱🐢🐦

📩 For collaboration or feedback: amazinganimalrescue.com","","United States"
"sama vet-girl (vlog)","119","100 subscriber - 14/12/2025

200 subscriber please 🙏 ❣️.... support me guys 🙏 

hii my YouTube family I am sushi shah , this is my first YouTube channel i do on this vlogs,mini vlog, and dance video and some entertainment for you 
....so keep....
         👇
(please support me guys you are my yt family and I  need your help...🙏 )

please subscribe my channel 🙏❣️ 

https://www.instagram.com/sushi_girl_22?igsh=MXVxZW1vOHZpZmh3dQ==

my Instagram 🆔","","India"
"Titan Animal Rescues","118","Welcome to Titan Animal Rescues ❤️🐾🐄🐍 🩺🚑  — the home of dramatic, emotional, and heart-touching animal rescues. From trapped wildlife to injured street animals, every story is crafted with cinematic detail and deep compassion. and join a  global mission to protect every innocent animal in need. 
Subscribe and be part of the rescue family — because every life deserves a second chance. 🌍

⚠️ TRANSPARENCY NOTICE ⚠️
We create content with honesty and clarity.
🎬 How Our Content Is Made:
Scripts are researched and reviewed using verified sources
Visuals are AI-generated (Veo 3, Meta AI, Grok AI) — not real footage
Footage is for educational illustration only
Final video is edited professionally in CapCut with licensed audio

📌 Important:
All visuals are artificial, created only to explain concepts clearly. 
Purely fictional, and no real animals are harmed or affected.
Real-life procedures should always be handled by trained professionals.","","United States"
"DogtorBlue","109","Welcome to my channel. It has educational videos but also information about our indie project and game modes for DGGFV which will launch in July 2026. DGGFV is a single and multiplayer, veterinary-themed 3D board game that turns studying clinical medicine into an engaging adventure. Featuring a charming voxel-art style packed with adorable dogs and customizable vet characters, the game challenges players' medical knowledge using dynamic, generated clinical cases and questions. Players navigate the board to tackle medical scenarios, track their progress, and unlock new skins, seamlessly blending competitive gaming with real-world veterinary science. Game will continue to update and hopefully have more game modes (aside from the board game), in addition to raffles and other exciting things!","dogtorsgame@gmail.com",""
"October Therapy","106","🧖‍♀️ Massage • Waxing
✨ Mind-Body Balance | Holistic Self-Care
🇦🇺 Qualified Remedial & Beauty Therapist
📍 Brisbane 🔗 Book via 👉🏽 octobertherapy.com
❀ Since 2021
—
❀ Lymphatic Drainage Massage
❀ Cupping Massage
❀ Hot Stone Massage
❀ Fully Body Waxing","","Australia"
"seventy9 Sports Therapy","97","seventy9 Sports Therapy is a private sports injury clinic in Guildford, Surrey, specialising in the treatment and rehabilitation of musculoskeletal injuries across the entire activity spectrum.  We pride ourselves on the delivery of a high performance service, regardless of your physical or sporting abilities.  Our skilled and experienced therapists use best evidence based practice to restore full fitness and function across the spectrum of sport, exercise and occupational related injuries, treating you as an individual and building bespoke exercise programmes to fit your lifestyle and schedule.

We are here to help educate and inform both patients and fellow health and fitness professionals about all manner of topics in the health and fitness industry, specifically in the field of sports injuries. 

Subscribe now and join us at #seventy9sportstherapy!","","United Kingdom"
"Force Family Office","90","Welcome to Force Family Office, a channel built for Family Offices. Our programming focuses on strategies for building generational wealth, philanthropic pursuits, and the best in luxury travel, autos, fashion, and lifestyle. We're just beginning our journey so stay with us as we grow and become a part of our community at forcefamilyoffice.com/tv","","United States"
"Duck And Rabbit Rescue Mission","89","Welcome to [Duck And Rabbit Rescue Mission], where heartwarming stories of unlikely animal friendships and daring rescues come to life! 🦆🐰💖 Follow the adventures of a brave duck and a fearless rabbit as they embark on rescue missions, saving animals in need and forming unbreakable bonds. Each video is a cinematic journey, filled with emotion, compassion, and breathtaking storytelling. From deep forests to snowy farms, our heroes overcome challenges, proving that kindness knows no boundaries. Join us in celebrating the beauty of friendship, courage, and love in the animal world. Subscribe now and be part of this inspiring journey! 🌿✨","",""
"BrainBloom Juniors","80","BrainBloom Juniors is a fun and educational YouTube channel specially created for toddlers, preschoolers, and kindergarten kids.
Here, children can learn through colorful animations, exciting videos, and easy-to-understand lessons.
✨ On this channel, you'll find:
ABC & Phonics
Numbers & Counting
Animals, Birds & Fish
Fruits & Vegetables
Colors & Shapes
Vehicles
English Vocabulary
Fun Quizzes & Learning Games
Easy Drawing for Kids
Nursery Learning Videos
Our goal is to make learning simple, enjoyable, and engaging for every child.
🔔 Subscribe to BrainBloom Juniors and join us for fun learning adventures every week!","","India"
"HTV KIDS","65","🌈 Welcome to HTV Kids! 💖

Join Hithika, Tanishka, and Vachan on fun-filled adventures where learning meets laughter! 🎉

At HTV Kids, we create safe, family-friendly videos that inspire imagination, creativity, kindness, and curiosity for children of all ages.

✨ On our channel you'll find:
🎨 Fun Activities & DIY Crafts
📖 Bedtime Stories & Moral Stories
🎭 Pretend Play & Family Adventures
🎵 Rhymes & Kids Songs
🧩 Learning Through Play
🎂 Celebrations & Special Moments
🌍 Travel & Outdoor Fun
🎮 Games, Challenges & Lots of Smiles

Our mission is to create joyful memories while helping children learn, explore, and grow in a positive environment.

💖 Big Dreams • Little Stars • Endless Smiles

📅 New videos every week!

👍 Don't forget to Like, Subscribe, and turn on the 🔔 Notification Bell so you never miss an adventure with HTV Kids!

Thank you for being part of our growing HTV Kids family! 🌈✨","","United States"
"PEARL Pediatric Therapy, PLLC","62","👋🏽 I am Carissa Tracy, PT, MSPT, CertIMT, Founder and Owner @PEARL Pediatric Therapy, PLLC.  “Your lifeline for babies and tots!” Proudly serving in person in New Braunfels, Tx — and serving via Telehealth for anyone in the state of Texas.  
This YouTube channel is to help reach even further out for those that need the information.

Here, we chat about baby development and toddler / kiddo strategies and ideas for thriving!

So friends, let’s fly 🤟🏽  
*subscribe + ring the bell*

📚 👀 
You can follow me for full content / resources on Facebook business page of PEARL Pediatric Therapy, PLLC and Prenatal to PreK Physical Therapy Place Facebook community for more tips and tricks!

We are all different, thankfully.  
So, bring your brains and hearts.
We will be here every week.

#resilient #grace #wife #mom #Christian #clinician  #ASD #neurodivergent
#pediatricphysicaltherapist #advocate #PEARLPediatricTherapyPLLC #forNB #joy #parenting #health #faith
#adaptations #accommodate
#healing","",""
"QuietGameCorner","59","🌙 Welcome to QuietGameCorner, a quiet space for games worth discovering.

Here you'll find calm gameplay with no commentary and no pressure. 
Just the games themselves: their worlds, sounds and little moments.

I especially enjoy discovering cozy games, hidden gems, demos and playtests, and sharing games that I genuinely enjoy. Sometimes that means exploring a small indie title that deserves a little more attention; other times it's simply a game I enjoy getting lost in.

I play at my own pace and share the moments I find interesting, relaxing or worth discovering.

🎮 No commentary. No microphone. Just gameplay.

Game suggestions are always welcome. 🌱","","Netherlands"
"ABC All 'Bout Canines","34","All ‘Bout Canines (ABC) is an all-embracing lifestyle carnival for dogs, their owners, as well as dog lovers.
Happening on 22 & 23 October at Tan Quee Lan Field (Bugis), enjoy 2 days of fun activities, insightful seminars by veterinarians on modern day pet needs and mingle with a community of like-minded dog lovers. 

Find out more on the three main stages of a dog’s life cycle; puppy, adulthood and mature adulthood through seminars by renowned veterinarians, holistic wellness workshops, and demonstrations of the latest pet technology. 

Check out  http://www.allboutcanines.com now!","",""
"Hetherington Therapy","28","Hetherington Therapy is a company/family that provides Pediatric Occupational, Physical, and speech therapy services in the homecare setting.  This channel is designed to help a therapist with Tips & Tricks within the Pediatric population, whether for the seasoned Pediatric therapist, a college student, or a current therapist transitioning into the pediatric world!  Our other focus for the channel is to provide education to families/parents with children with specific extra needs.   This will give them more knowledge of what to look for in a therapist and what the therapist will be working on with the families.  Lastly it will give a look into the world of a therapist in the pediatric world on a daily basis and what is expected in this lifestyle of therapy in the home, in the school and out in the community!  So please sit back and enjoy and by all means help spread the word!!","","United States"
"santosh vet Family Vlog","26","🌸 Welcome to Shreya family Vlog! 🌸

नमस्ते 🙏

यो च्यानलमा तपाईंले santosh,mina,Shreya को daily life, family moments, travel fun, lifestyle routine र रमाइला vlog हरू हेर्न पाउनुहुनेछ।

हामी साना–साना खुसीका पलहरू, घुमघाम, खाना, परिवारको माया र real life moments तपाईंहरूसँग शेयर गर्छौं 💕
यदि तपाईंलाई daily vlog, family love र positive video मन पर्छ भने हाम्रो channel लाई Subscribe गर्न नबिर्सनुहोस् 🔔

Thank you for your love and support ❤️
#ShreyaLifeVlog #FamilyVlog #DailyVlog #NepaliVlog #LifestyleVlog","",""
"BodyCam Pet Rescue","20","Important Note: This is AI Generated content

Watch pets be rescued! With the help of AI I make these short stories. Enjoy!","","United States"
"Wolrd News","15","🌍 WORLD NEWS
📰 Breaking News | Latest Updates | Pakistan & World
Welcome to World News — your source for the latest news, breaking updates, current affairs, important events and trending stories from Pakistan and around the world.

🔴 Breaking News
🌎 Pakistan & International News
⚡ Latest Updates
🎥 News Videos & Shorts
📢 Important Headlines

Subscribe to World News and stay updated. 🔔

#WorldNews #BreakingNews #PakistanNews #LatestNews #NewsUpdates #WorldNews","",""
"Lily Corner","15","Hi everyone welcome to my channel 👋🏻  

I’m Lily , 19yr old who love’s to vlog my daily life style on the yard with my horses and livery’s . 

here’s a bit about Blue , Blue is a 8yr old Dutch warm blood 16.1hh . 💙 

I will be posting my day to day life with my own horses & my own livery yard . 🫶🏼🐴 

Follow me on instagram to see sorter content -  @lilymcorner","",""
"Divine Deluxe Beauty","15","Welcome to my channel 💕✨

I'm a qualified beauty therapist sharing all things self-care, beauty and wellness. Expect relaxing beauty content, skincare, facials, massage, nails, beauty routines, self-care days and tips to help you make a little more time for yourself. Whether you're doing your skincare, having a self-care night, studying, working or simply need something relaxing in the background, you'll also find calming lo-fi mixes and peaceful ambience to help you switch off.🧖🏽‍♀️💆🏽‍♀️

On this channel you'll find:
✨ Self-care routines & reset days
💆🏽‍♀️ Massage & relaxation
🧖🏽‍♀️ Facials & skincare
💅🏽 Nails & beauty maintenance
🎀 At-home beauty treatments
🌸 Beauty therapist tips
💕 Wellness & feel good content
🌙 Cosy spa and relaxation ambience

If you love beauty, relaxing routines and making self-care part of your lifestyle, you're in the right place.

Subscribe and make yourself at home ✨","",""
"Vet Med Explained","12","Vet Med Explained is a conversational veterinary learning channel created by a final-year vet student who needed revision that didn’t require sitting still with a textbook.

Each episode features two AI-generated hosts, who I like to call Hector and Clara, taking lively deep dives into vet med topics — from conditions and procedures to diagnostics, treatments, pathophysiology and clinical concepts.

Yes, the voices are AI. Yes, they can be a little dramatic sometimes. No, this isn’t copy-and-paste content. 

Episodes are built from carefully prepared veterinary learning notes and designed to make dense topics feel clearer, calmer and easier to revise.

Made for vet students, new grads, nurses and clinicians who want veterinary medicine explained in a way that actually sticks.

Subscribe for clear, conversational vet med deep dives.","","United Kingdom"
"Reality Of Veterinary/Dog Grooming","11","A day in the life of a Dog Groomer/Veterinary Nurse, these things and conversations we deal with every day however some with an added sparkle for pure entertainment.","",""
"Wildlife & Pet Rescue","10","🐾 Animal Rescue Stories & Awareness 🇺🇸

We create and share emotional animal rescue stories using AI-generated visuals inspired by real-life situations. Our goal is to spread awareness, kindness, and compassion for animals in need.

All content is orig","","United States"
"KIDZ-N-MOTION","7","Kidz-N-Motion is a mobile all in one physical therapy app developed by Dr. LaFonda Beneby. Dr Beneby is the CEO of Therapy in Motion, PA. Therapy In Motion, PA is a dedicated provider of in-home and school-based physical therapy to children from kindergarten through 12th grade. With a team of skilled physical therapists, they create tailored treatment plans for children facing disabilities or injuries while offering guidance to rising young athletes. From assessment to rehabilitation, Therapy In Motion, PA is committed to helping children achieve their physical milestones and overall wellness, ensuring they reach their full potential.","support@kidznmotion.net","United States"
"daily lens","7","daily lens your daily destination for groundbreaking news, viral investigative reports, true crime updates, and extraordinary real-life stories. We bring you inside the headlines with fast-paced coverage, exclusive angles, and deep-dive analysis into the stories everyone is talking about.

 Subscribe to stay update on daily breaking news and stories.

 For business inquiries or story submissions: dailylensnyk@gmail.com","dailylensnyk@gmail.com","United States"
"Boulder County Horse Association","6","The Boulder County Horse Association (BCHA) promotes, protects and advocates for the equestrian community of Boulder County through education, recreation and collaboration. We share presentations for educational and entertainment purposes.","","United States"
"Rabbit Rescue","5","Welcome to *Rabbit Rescue*! Our channel features AI-created videos that showcase the rescue and rehabilitation of rabbits and other animals. Through captivating animations and digital storytelling, we aim to raise awareness about animal welfare, highlighting the importance of compassion and care for every creature in need. Join us as we use technology to tell heartwarming rescue stories, spread knowledge, and inspire action for animals everywhere. Every video is designed to entertain, educate, and motivate you to make a positive impact on the lives of rescued animals.","","United States"
"vet zack vlog","1","🐕❤️
""Welcome to Vet Zack Vlog! Here you will find veterinary science, animal care tips, and vlogs related to my daily life. If you love animals and want to learn about their treatment or care, this channel is for you. Subscribe to the channel and be a part of our journey!""🔱📿😺🐕","","India"
"Rabbit Rescue","1","Dive into an exciting world where our AI-created Hero Rabbit embarks on daring missions to rescue animals in need. From saving lost pets to protecting wildlife, this fearless bunny is always on a mission to help! 🏆","",""
